ID,Pension personal,Pension corporativa,Fondo inversión,Fondo inversión (extra),Acciones,Activos renta fija,Criptomonedas,Criptomonedas (extra),Hipoteca_actual,Hipoteca_adquirida_2y,Prestamo_personal_actual,Prestamo_personal_adquirido_2y,Tarjeta_credito_adquirida_2y,Descubierto_autorizado,Tarjeta_credito_para_efectivo,Hipoteca_flexible,Prestamo_contra_fondo_pension,Microcredito,Payday_loan,Empeño_en_casa_de_empeño,Ayuda_familia_comunidad,Prestamo_familia_comunidad
1,0,0,0,0,0,0,0,0,1,0,1,1,0,0,0,0,0,0,0,0,0,0
2,0,0,0,0,0,0,0,0,0,0,1,0,0,0,0,0,0,0,0,0,1,0
3,1,1,1,1,0,0,1,1,0,0,0,0,1,-98,-98,-98,-98,-98,-98,-98,-98,-98
4,1,0,0,0,0,1,0,0,1,0,0,0,0,-98,-98,-98,-98,-98,-98,-98,-98,-98
5,0,0,0,0,0,-98,0,0,0,0,1,1,0,0,0,0,0,1,0,0,0,0
6,0,0,0,0,0,-98,-98,-98,0,0,0,0,0,-98,-98,-98,-98,-98,-98,-98,-98,-98
7,1,1,0,0,0,1,0,0,1,0,1,0,0,-98,-98,-98,-98,-98,-98,-98,-98,-98
8,-98,-98,-98,-98,-98,-98,-98,-98,0,0,0,0,0,-98,-98,-98,-98,-98,-98,-98,-98,-98
9,1,1,-98,-98,0,-98,0,0,0,0,0,0,0,-98,-98,-98,-98,-98,-98,-98,-98,-98
10,0,0,0,0,0,0,0,0,1,0,0,0,0,-98,-98,-98,-98,-98,-98,-98,-98,-98
11,0,-98,0,0,-98,0,-98,-98,0,0,0,0,1,-98,-98,-98,-98,-98,-98,-98,-98,-98
12,0,0,0,0,-98,0,-98,-98,0,0,1,1,0,-98,-98,-98,-98,-98,-98,-98,-98,-98
13,0,0,1,1,0,-98,0,0,1,0,0,0,0,-98,-98,-98,-98,-98,-98,-98,-98,-98
14,0,0,0,0,-98,-98,0,0,0,0,0,0,0,0,0,1,0,0,0,0,0,0
15,0,0,0,0,0,0,-98,-98,0,0,0,0,0,-98,-98,-98,-98,-98,-98,-98,-98,-98
16,0,0,0,0,0,-98,0,0,0,0,1,1,0,-98,-98,-98,-98,-98,-98,-98,-98,-98
17,-98,-98,-98,-98,0,-98,0,0,0,0,-98,-98,0,0,0,0,0,0,0,0,0,0
18,0,0,0,0,-98,0,0,0,0,0,0,0,0,-98,-98,-98,-98,-98,-98,-98,-98,-98
19,0,0,0,0,0,0,0,0,0,0,-98,-98,0,-98,-98,-98,-98,-98,-98,-98,-98,-98
20,0,0,0,0,0,-98,0,0,0,0,1,0,1,0,0,1,0,0,0,0,0,0
21,1,0,0,0,0,1,0,0,0,0,0,0,0,-98,-98,-98,-98,-98,-98,-98,-98,-98
22,0,0,0,0,0,0,0,0,0,0,0,0,0,-98,-98,-98,-98,-98,-98,-98,-98,-98
23,1,0,0,0,-98,1,0,0,0,0,0,0,0,-98,-98,-98,-98,-98,-98,-98,-98,-98
24,1,0,1,1,0,0,0,0,0,0,1,0,0,-98,-98,-98,-98,-98,-98,-98,-98,-98
25,0,0,0,0,-98,1,0,0,0,0,0,0,0,-98,-98,-98,-98,-98,-98,-98,-98,-98
26,1,0,0,0,0,1,0,0,0,0,0,0,1,-98,-98,-98,-98,-98,-98,-98,-98,-98
27,-98,-98,0,0,-98,-98,0,0,0,0,1,1,1,-98,-98,-98,-98,-98,-98,-98,-98,-98
28,0,0,0,0,-98,-98,0,0,0,0,0,0,0,-98,-98,-98,-98,-98,-98,-98,-98,-98
29,0,0,0,0,0,-98,0,0,1,0,1,0,0,-98,-98,-98,-98,-98,-98,-98,-98,-98
30,1,0,1,0,0,1,-98,-98,1,0,0,0,0,-98,-98,-98,-98,-98,-98,-98,-98,-98
31,0,0,0,0,-98,0,0,0,0,0,0,0,0,-98,-98,-98,-98,-98,-98,-98,-98,-98
32,0,0,0,0,0,-98,-98,-98,0,0,-98,-98,0,0,0,0,0,0,0,0,0,0
33,0,0,0,0,0,0,0,0,0,0,0,1,1,-98,-98,-98,-98,-98,-98,-98,-98,-98
34,1,0,0,0,0,-98,0,0,0,0,0,0,1,-98,-98,-98,-98,-98,-98,-98,-98,-98
35,0,1,1,0,-98,-98,0,0,0,0,0,0,0,-98,-98,-98,-98,-98,-98,-98,-98,-98
36,1,0,0,0,0,0,0,0,1,0,1,0,0,-98,-98,-98,-98,-98,-98,-98,-98,-98
37,0,0,1,1,0,0,0,0,1,0,0,0,1,-98,-98,-98,-98,-98,-98,-98,-98,-98
38,0,1,1,0,0,1,0,0,1,0,1,1,0,-98,-98,-98,-98,-98,-98,-98,-98,-98
39,0,0,0,0,-98,-98,0,0,0,0,0,0,0,-98,-98,-98,-98,-98,-98,-98,-98,-98
40,0,1,0,0,0,-98,0,0,0,0,0,0,0,-98,-98,-98,-98,-98,-98,-98,-98,-98
41,0,1,0,0,-98,0,0,0,0,0,-98,-98,1,-98,-98,-98,-98,-98,-98,-98,-98,-98
42,0,0,0,0,0,-98,-98,-98,0,0,0,0,0,-98,-98,-98,-98,-98,-98,-98,-98,-98
43,1,0,0,0,0,1,0,0,1,0,0,0,0,-98,-98,-98,-98,-98,-98,-98,-98,-98
44,1,0,0,0,-98,-98,0,0,1,0,-98,-98,0,-98,-98,-98,-98,-98,-98,-98,-98,-98
45,0,0,0,0,0,0,0,0,0,0,0,0,0,-98,-98,-98,-98,-98,-98,-98,-98,-98
46,0,0,0,0,0,-98,-98,-98,0,0,0,0,0,-98,-98,-98,-98,-98,-98,-98,-98,-98
47,0,-98,0,0,-98,1,0,0,0,0,-98,-98,0,-98,-98,-98,-98,-98,-98,-98,-98,-98
48,0,0,0,0,0,0,0,0,0,0,0,0,1,-98,-98,-98,-98,-98,-98,-98,-98,-98
49,0,0,0,0,0,0,0,0,0,0,0,0,0,-98,-98,-98,-98,-98,-98,-98,-98,-98
50,1,0,0,0,0,1,-98,-98,1,0,1,0,0,0,0,0,0,0,0,0,0,0
51,1,0,0,0,0,0,0,0,0,0,1,1,0,-98,-98,-98,-98,-98,-98,-98,-98,-98
52,1,1,1,0,0,1,0,0,0,0,0,0,1,-98,-98,-98,-98,-98,-98,-98,-98,-98
53,0,0,0,0,-98,-98,0,0,0,0,0,0,0,0,0,0,0,0,0,0,1,0
54,-98,-98,-98,-98,-98,-98,-98,-98,-98,-98,-98,-98,-98,-98,-98,-98,-98,-98,-98,-98,-98,-98
55,0,0,0,0,0,-98,0,0,1,0,1,1,0,0,0,0,1,1,0,1,0,1
56,1,1,1,0,0,0,0,0,0,0,0,0,0,-98,-98,-98,-98,-98,-98,-98,-98,-98
57,0,-98,0,0,-98,0,-98,-98,0,0,-98,-98,-98,-98,-98,-98,-98,-98,-98,-98,-98,-98
58,1,0,0,0,0,0,0,0,1,0,1,0,0,-98,-98,-98,-98,-98,-98,-98,-98,-98
59,0,1,0,0,0,0,0,0,0,0,0,0,0,-98,-98,-98,-98,-98,-98,-98,-98,-98
60,0,0,0,0,-98,0,0,0,0,0,0,0,0,0,0,0,0,0,0,0,0,0
61,1,1,0,0,0,0,0,0,0,0,0,0,0,-98,-98,-98,-98,-98,-98,-98,-98,-98
62,0,0,0,0,0,0,0,0,0,0,0,0,0,-98,-98,-98,-98,-98,-98,-98,-98,-98
63,1,0,0,0,0,1,0,0,1,0,1,1,0,-98,-98,-98,-98,-98,-98,-98,-98,-98
64,1,0,0,0,0,0,0,0,0,0,0,0,0,-98,-98,-98,-98,-98,-98,-98,-98,-98
65,-97,0,0,0,0,-97,0,0,1,0,0,0,0,-98,-98,-98,-98,-98,-98,-98,-98,-98
66,0,0,0,0,-98,-98,0,0,0,0,1,1,0,-98,-98,-98,-98,-98,-98,-98,-98,-98
67,0,0,0,0,0,0,0,0,1,0,1,0,0,-98,-98,-98,-98,-98,-98,-98,-98,-98
68,0,0,0,0,0,0,0,0,0,0,0,0,0,-98,-98,-98,-98,-98,-98,-98,-98,-98
69,-98,0,0,0,-98,0,-98,-98,0,0,0,0,-98,-98,-98,-98,-98,-98,-98,-98,-98,-98
70,-98,-98,0,0,-98,0,0,0,0,0,-98,-98,-98,-98,-98,-98,-98,-98,-98,-98,-98,-98
71,0,0,0,0,0,0,1,1,0,0,0,0,0,-98,-98,-98,-98,-98,-98,-98,-98,-98
72,0,0,0,0,-98,-98,0,0,0,0,0,0,0,-98,-98,-98,-98,-98,-98,-98,-98,-98
73,1,-97,1,0,0,0,0,0,0,0,0,0,0,-98,-98,-98,-98,-98,-98,-98,-98,-98
74,1,0,0,0,0,1,0,0,0,0,1,1,1,0,0,0,0,0,0,0,0,0
75,0,0,0,0,0,0,0,0,1,0,0,0,0,-98,-98,-98,-98,-98,-98,-98,-98,-98
76,0,0,0,0,0,1,0,0,0,0,0,0,0,-98,-98,-98,-98,-98,-98,-98,-98,-98
77,1,1,1,0,0,1,0,0,0,0,0,0,1,-98,-98,-98,-98,-98,-98,-98,-98,-98
78,0,0,0,0,-98,0,0,0,0,0,0,0,0,-98,-98,-98,-98,-98,-98,-98,-98,-98
79,-98,0,0,0,-98,-98,0,0,0,0,-98,-98,0,-98,-98,-98,-98,-98,-98,-98,-98,-98
80,0,0,0,0,0,0,0,0,1,0,1,1,0,-98,-98,-98,-98,-98,-98,-98,-98,-98
81,0,-98,0,0,-98,-98,1,1,0,0,0,0,0,-98,-98,-98,-98,-98,-98,-98,-98,-98
82,1,1,1,0,0,1,0,0,0,0,0,0,1,-98,-98,-98,-98,-98,-98,-98,-98,-98
83,0,0,0,0,-98,-98,0,0,0,0,0,0,0,-98,-98,-98,-98,-98,-98,-98,-98,-98
84,0,0,0,0,0,-98,0,0,1,0,0,0,0,-98,-98,-98,-98,-98,-98,-98,-98,-98
85,0,0,0,0,0,0,-98,-98,0,0,0,0,0,-98,-98,-98,-98,-98,-98,-98,-98,-98
86,-98,0,0,1,-98,-98,1,1,0,0,0,0,1,0,0,0,0,0,0,1,0,0
87,0,0,0,0,0,-98,0,0,0,0,1,1,0,-98,-98,-98,-98,-98,-98,-98,-98,-98
88,0,1,1,0,1,0,0,0,1,0,0,0,0,-98,-98,-98,-98,-98,-98,-98,-98,-98
89,0,0,0,0,-98,1,0,0,0,0,1,1,0,0,0,0,0,0,0,0,0,0
90,1,1,1,0,1,0,1,0,1,0,0,0,0,-98,-98,-98,-98,-98,-98,-98,-98,-98
91,0,1,0,0,0,1,0,0,0,0,0,0,0,-98,-98,-98,-98,-98,-98,-98,-98,-98
92,0,0,0,0,0,0,0,0,0,0,0,0,0,-98,-98,-98,-98,-98,-98,-98,-98,-98
93,0,0,0,0,0,-98,0,0,0,0,0,0,0,-98,-98,-98,-98,-98,-98,-98,-98,-98
94,1,0,0,0,0,0,0,0,0,0,0,0,0,-98,-98,-98,-98,-98,-98,-98,-98,-98
95,0,0,0,0,0,1,0,0,1,1,0,0,0,-98,-98,-98,-98,-98,-98,-98,-98,-98
96,1,0,0,0,0,-98,0,0,1,0,0,0,1,-98,-98,-98,-98,-98,-98,-98,-98,-98
97,0,0,0,0,0,0,0,0,0,0,0,0,0,-98,-98,-98,-98,-98,-98,-98,-98,-98
98,1,1,1,1,0,0,0,0,1,0,0,1,0,-98,-98,-98,-98,-98,-98,-98,-98,-98
99,1,1,1,0,0,1,0,0,-99,-99,-99,-99,1,-98,-98,-98,-98,-98,-98,-98,-98,-98
100,0,0,0,0,0,1,0,0,0,0,0,0,0,-98,-98,-98,-98,-98,-98,-98,-98,-98
101,0,0,0,0,0,0,0,0,0,0,0,0,1,0,0,0,0,1,0,0,0,0
102,0,0,0,0,-98,0,0,0,0,0,0,0,0,-98,-98,-98,-98,-98,-98,-98,-98,-98
103,0,0,0,0,0,0,0,0,0,0,0,0,0,-98,-98,-98,-98,-98,-98,-98,-98,-98
104,0,0,-98,-98,0,-98,0,0,0,0,0,0,0,-98,-98,-98,-98,-98,-98,-98,-98,-98
105,1,0,0,0,0,1,1,1,0,0,1,1,1,0,0,0,1,0,0,0,0,0
106,0,-98,-98,-98,0,-98,-98,-98,0,0,0,0,0,0,0,0,0,0,0,0,0,0
107,-98,-98,-98,-98,0,-98,-98,-98,0,0,0,0,0,-98,-98,-98,-98,-98,-98,-98,-98,-98
108,0,0,0,0,-98,0,0,0,0,0,0,0,0,-98,-98,-98,-98,-98,-98,-98,-98,-98
109,-98,0,0,0,0,0,-98,-98,0,0,0,0,0,-98,-98,-98,-98,-98,-98,-98,-98,-98
110,1,0,1,1,0,0,0,0,1,1,0,0,1,-98,-98,-98,-98,-98,-98,-98,-98,-98
111,0,0,0,0,0,0,0,0,0,0,0,0,0,-98,-98,-98,-98,-98,-98,-98,-98,-98
112,0,0,0,0,0,-98,0,0,0,0,0,0,1,-98,-98,-98,-98,-98,-98,-98,-98,-98
113,1,0,0,0,0,-98,0,1,1,0,0,0,0,-98,-98,-98,-98,-98,-98,-98,-98,-98
114,0,0,0,0,0,-98,-98,-98,0,0,0,0,0,-98,-98,-98,-98,-98,-98,-98,-98,-98
115,0,0,0,0,-98,-98,-98,-98,0,0,0,0,0,-98,-98,-98,-98,-98,-98,-98,-98,-98
116,0,0,0,0,0,0,0,0,1,1,0,0,0,-98,-98,-98,-98,-98,-98,-98,-98,-98
117,0,0,0,0,0,0,0,0,1,0,0,1,0,0,0,1,0,0,0,0,0,0
118,0,0,0,0,0,0,0,0,0,0,0,0,1,-98,-98,-98,-98,-98,-98,-98,-98,-98
119,0,0,0,0,0,-98,0,0,0,0,0,0,0,-98,-98,-98,-98,-98,-98,-98,-98,-98
120,-98,0,0,0,0,-98,0,0,0,0,0,0,0,0,0,0,0,0,0,0,0,0
121,0,0,0,0,0,-98,-98,-98,0,0,0,0,0,-98,-98,-98,-98,-98,-98,-98,-98,-98
122,-98,-98,-98,-98,-98,-98,-98,-98,0,0,0,0,0,-98,-98,-98,-98,-98,-98,-98,-98,-98
123,0,-98,0,0,0,-98,0,0,1,0,0,0,0,-98,-98,-98,-98,-98,-98,-98,-98,-98
124,0,0,0,0,-98,1,0,0,0,0,0,0,0,-98,-98,-98,-98,-98,-98,-98,-98,-98
125,0,0,0,0,0,1,0,0,1,0,0,0,0,-98,-98,-98,-98,-98,-98,-98,-98,-98
126,1,0,0,1,0,0,0,1,0,0,0,0,0,0,0,0,0,0,0,0,1,0
127,1,0,0,0,0,1,0,0,0,0,0,0,0,-98,-98,-98,-98,-98,-98,-98,-98,-98
128,0,-98,-98,-98,-98,-98,-98,-98,1,0,1,1,0,-98,-98,-98,-98,-98,-98,-98,-98,-98
129,0,0,0,0,0,-98,0,0,0,0,0,1,0,-98,-98,-98,-98,-98,-98,-98,-98,-98
130,0,0,0,0,0,0,0,0,0,0,0,0,0,0,0,0,0,0,0,0,0,0
131,0,0,0,0,0,-98,1,1,0,0,0,0,1,-98,-98,-98,-98,-98,-98,-98,-98,-98
132,0,-98,0,0,-98,0,0,0,0,0,0,0,0,0,0,0,0,0,0,0,0,0
133,0,0,0,0,0,0,0,0,0,0,1,0,0,-98,-98,-98,-98,-98,-98,-98,-98,-98
134,0,0,0,0,0,-98,0,0,1,0,0,0,0,-98,-98,-98,-98,-98,-98,-98,-98,-98
135,-98,-98,0,0,-98,-98,-98,-98,-98,-98,-98,-98,1,0,0,0,0,0,0,0,0,0
136,0,0,0,0,0,-98,0,0,0,0,0,0,0,-98,-98,-98,-98,-98,-98,-98,-98,-98
137,1,0,0,0,0,0,0,0,0,0,1,0,1,0,0,0,1,0,0,0,0,0
138,0,0,0,0,-98,1,0,0,1,1,0,0,0,-98,-98,-98,-98,-98,-98,-98,-98,-98
139,0,0,0,0,-98,-98,0,0,0,0,-98,-98,0,-98,-98,-98,-98,-98,-98,-98,-98,-98
140,-98,0,0,0,-98,-98,0,0,0,0,0,0,0,-98,-98,-98,-98,-98,-98,-98,-98,-98
141,0,0,0,0,0,-98,0,0,0,0,0,0,1,0,0,0,1,0,0,0,1,0
142,0,0,0,0,0,-98,0,0,0,0,-98,-98,0,-98,-98,-98,-98,-98,-98,-98,-98,-98
143,0,0,0,0,0,0,0,0,0,0,1,0,0,-98,-98,-98,-98,-98,-98,-98,-98,-98
144,0,0,0,0,0,0,0,0,1,1,1,1,1,-98,-98,-98,-98,-98,-98,-98,-98,-98
145,0,0,0,0,0,0,1,1,1,0,0,0,1,-98,-98,-98,-98,-98,-98,-98,-98,-98
146,0,0,0,0,0,1,0,0,0,0,1,1,0,0,0,0,0,0,0,0,1,0
147,0,-98,0,0,-98,0,-98,-98,0,0,0,0,0,-98,-98,-98,-98,-98,-98,-98,-98,-98
148,1,-98,-98,-98,-98,-98,0,0,1,0,1,1,0,-98,-98,-98,-98,-98,-98,-98,-98,-98
149,1,1,0,0,0,0,0,0,0,0,0,0,0,-98,-98,-98,-98,-98,-98,-98,-98,-98
150,0,0,0,0,0,0,0,0,0,0,0,0,0,0,0,0,1,0,0,0,0,0
151,-98,0,0,0,0,-98,0,0,0,0,0,0,0,-98,-98,-98,-98,-98,-98,-98,-98,-98
152,0,1,1,1,0,0,0,0,0,0,0,0,1,-98,-98,-98,-98,-98,-98,-98,-98,-98
153,0,0,0,0,-98,-98,1,1,0,0,0,0,0,0,0,1,0,0,0,0,1,0
154,0,0,0,0,0,0,0,0,0,0,0,0,0,-98,-98,-98,-98,-98,-98,-98,-98,-98
155,1,0,0,0,0,-98,0,0,1,0,0,1,0,-98,-98,-98,-98,-98,-98,-98,-98,-98
156,-98,0,0,0,0,-98,0,0,0,0,0,0,0,-98,-98,-98,-98,-98,-98,-98,-98,-98
157,0,0,0,0,0,0,0,0,0,0,1,1,1,-98,-98,-98,-98,-98,-98,-98,-98,-98
158,0,0,0,0,-98,1,0,0,1,0,1,0,1,-98,-98,-98,-98,-98,-98,-98,-98,-98
159,0,0,1,0,-98,0,0,0,0,0,0,0,0,-98,-98,-98,-98,-98,-98,-98,-98,-98
160,1,-98,-98,-98,-98,-98,0,0,0,0,0,0,1,-98,-98,-98,-98,-98,-98,-98,-98,-98
161,0,1,0,0,-98,1,0,0,0,0,0,0,0,-98,-98,-98,-98,-98,-98,-98,-98,-98
162,0,0,0,0,0,1,0,0,1,0,0,0,0,-98,-98,-98,-98,-98,-98,-98,-98,-98
163,1,1,1,1,-98,1,0,0,1,0,0,0,0,-98,-98,-98,-98,-98,-98,-98,-98,-98
164,0,0,0,0,0,0,0,0,0,0,0,0,0,-98,-98,-98,-98,-98,-98,-98,-98,-98
165,-98,-98,-98,-98,-98,-98,-98,-98,-98,-98,-98,-98,-98,-98,-98,-98,-98,-98,-98,-98,-98,-98
166,0,0,0,0,0,0,0,0,1,0,0,0,0,-98,-98,-98,-98,-98,-98,-98,-98,-98
167,-98,0,-98,-98,-98,-98,0,0,1,0,1,0,0,-98,-98,-98,-98,-98,-98,-98,-98,-98
168,0,0,0,1,0,0,1,1,0,0,0,1,1,0,0,0,0,0,0,0,0,0
169,1,0,0,0,0,0,0,0,1,1,1,1,1,-98,-98,-98,-98,-98,-98,-98,-98,-98
170,0,0,0,0,0,1,0,0,0,0,0,0,0,-98,-98,-98,-98,-98,-98,-98,-98,-98
171,0,0,0,0,0,0,0,0,1,0,0,0,0,-98,-98,-98,-98,-98,-98,-98,-98,-98
172,0,-98,-98,-98,-98,0,-98,-98,0,0,1,1,-98,-98,-98,-98,-98,-98,-98,-98,-98,-98
173,1,0,0,0,0,1,0,0,0,0,0,0,1,-98,-98,-98,-98,-98,-98,-98,-98,-98
174,0,1,0,0,0,1,0,0,0,0,0,0,0,-98,-98,-98,-98,-98,-98,-98,-98,-98
175,-98,0,0,0,0,-98,0,0,0,0,1,1,0,-98,-98,-98,-98,-98,-98,-98,-98,-98
176,1,0,1,0,0,1,-98,-98,1,0,1,0,0,-98,-98,-98,-98,-98,-98,-98,-98,-98
177,-98,0,0,0,-98,0,0,0,0,0,-98,-98,0,-98,-98,-98,-98,-98,-98,-98,-98,-98
178,0,0,1,1,0,0,0,0,0,0,1,1,0,-98,-98,-98,-98,-98,-98,-98,-98,-98
179,0,0,0,0,0,0,0,0,0,0,0,0,0,-98,-98,-98,-98,-98,-98,-98,-98,-98
180,0,0,0,0,0,0,-98,-98,0,0,0,0,0,-98,-98,-98,-98,-98,-98,-98,-98,-98
181,0,0,0,0,0,-98,-98,-98,1,0,0,0,1,-98,-98,-98,-98,-98,-98,-98,-98,-98
182,0,-98,-98,-98,0,-98,0,0,1,0,1,1,0,-98,-98,-98,-98,-98,-98,-98,-98,-98
183,0,0,0,0,0,1,0,0,0,0,0,0,1,-98,-98,-98,-98,-98,-98,-98,-98,-98
184,0,0,1,0,0,0,0,0,0,0,0,0,0,-98,-98,-98,-98,-98,-98,-98,-98,-98
185,0,0,0,0,0,0,0,0,0,0,0,0,0,-98,-98,-98,-98,-98,-98,-98,-98,-98
186,-97,-97,-97,-97,-97,-97,0,0,-97,-97,-97,-97,0,-98,-98,-98,-98,-98,-98,-98,-98,-98
187,0,0,0,0,-98,0,1,1,0,0,0,0,1,-98,-98,-98,-98,-98,-98,-98,-98,-98
188,0,0,0,0,0,0,0,0,1,0,0,0,0,-98,-98,-98,-98,-98,-98,-98,-98,-98
189,0,1,0,0,-98,1,0,0,0,0,0,0,0,-98,-98,-98,-98,-98,-98,-98,-98,-98
190,0,0,0,0,0,-98,0,0,0,0,0,0,0,-98,-98,-98,-98,-98,-98,-98,-98,-98
191,0,0,1,0,0,1,0,0,1,0,1,0,0,-98,-98,-98,-98,-98,-98,-98,-98,-98
192,0,0,0,0,0,0,0,0,0,0,0,0,0,0,0,0,0,0,0,0,0,1
193,1,1,1,0,0,-98,0,0,0,0,0,0,0,-98,-98,-98,-98,-98,-98,-98,-98,-98
194,0,0,0,0,0,0,0,0,1,0,0,0,0,-98,-98,-98,-98,-98,-98,-98,-98,-98
195,0,0,0,0,0,-98,0,0,0,0,0,0,0,-98,-98,-98,-98,-98,-98,-98,-98,-98
196,0,0,1,1,0,0,0,1,0,0,0,0,0,-98,-98,-98,-98,-98,-98,-98,-98,-98
197,0,0,0,0,0,0,0,0,0,0,0,0,0,-98,-98,-98,-98,-98,-98,-98,-98,-98
198,0,0,0,0,0,-98,0,0,1,0,0,0,0,-98,-98,-98,-98,-98,-98,-98,-98,-98
199,1,1,1,1,0,0,0,0,0,0,0,0,0,-98,-98,-98,-98,-98,-98,-98,-98,-98
200,0,0,0,0,0,-98,0,0,0,0,0,0,0,-98,-98,-98,-98,-98,-98,-98,-98,-98
201,1,1,0,0,0,-98,0,0,1,0,0,0,0,-98,-98,-98,-98,-98,-98,-98,-98,-98
202,0,0,0,0,-98,-98,-98,-98,0,0,0,0,0,-98,-98,-98,-98,-98,-98,-98,-98,-98
203,0,0,0,0,0,0,0,0,0,0,0,0,0,-98,-98,-98,-98,-98,-98,-98,-98,-98
204,-98,0,0,0,0,0,0,0,0,0,0,0,0,0,0,0,0,0,0,0,0,0
205,0,0,0,0,0,0,0,0,0,0,0,0,0,-98,-98,-98,-98,-98,-98,-98,-98,-98
206,0,0,0,0,-98,-98,1,1,0,0,0,0,0,0,0,0,1,0,0,0,0,1
207,0,0,1,1,0,-98,0,0,0,0,0,0,1,-98,-98,-98,-98,-98,-98,-98,-98,-98
208,1,1,0,0,0,-98,0,0,0,0,0,0,0,-98,-98,-98,-98,-98,-98,-98,-98,-98
209,0,0,0,0,0,-98,0,0,0,0,0,0,0,-99,-99,-99,-99,-99,-99,-99,-99,-99
210,0,-98,0,0,-98,-98,0,0,0,0,-98,-98,0,0,0,0,0,0,0,0,0,0
211,0,0,0,0,0,-98,-98,-98,1,0,0,0,0,0,0,0,0,0,0,0,1,0
212,0,0,0,0,0,0,0,0,0,0,0,0,0,0,0,0,0,0,0,0,0,0
213,0,1,1,0,0,1,0,0,0,0,0,0,0,-98,-98,-98,-98,-98,-98,-98,-98,-98
214,0,0,-98,-98,-98,-98,0,0,1,0,0,0,0,-98,-98,-98,-98,-98,-98,-98,-98,-98
215,1,0,1,0,0,0,0,0,0,0,0,0,0,-98,-98,-98,-98,-98,-98,-98,-98,-98
216,0,0,0,0,0,-98,0,0,0,0,0,0,0,-98,-98,-98,-98,-98,-98,-98,-98,-98
217,1,0,1,0,0,1,0,0,1,0,1,0,0,0,0,0,0,0,0,0,0,0
218,1,0,1,1,0,-98,0,0,0,0,0,0,0,-98,-98,-98,-98,-98,-98,-98,-98,-98
219,0,-98,-98,-98,-98,-98,-98,-98,1,0,-98,-98,-98,0,0,0,0,0,0,0,0,0
220,0,0,0,0,0,-98,0,0,1,0,0,0,1,-98,-98,-98,-98,-98,-98,-98,-98,-98
221,0,0,0,0,0,0,0,0,1,1,1,0,0,-98,-98,-98,-98,-98,-98,-98,-98,-98
222,0,0,0,0,0,-98,0,0,0,0,0,0,0,-98,-98,-98,-98,-98,-98,-98,-98,-98
223,0,-98,-98,-98,-98,-98,0,0,0,0,0,0,0,-98,-98,-98,-98,-98,-98,-98,-98,-98
224,0,0,0,0,-98,-98,-98,-98,0,0,0,0,0,-98,-98,-98,-98,-98,-98,-98,-98,-98
225,0,0,0,0,0,-98,0,0,0,0,-98,-98,0,-98,-98,-98,-98,-98,-98,-98,-98,-98
226,1,0,0,0,0,1,0,0,1,0,1,1,0,-98,-98,-98,-98,-98,-98,-98,-98,-98
227,-98,-98,-98,-98,-98,-98,0,0,0,0,-98,-98,-98,-98,-98,-98,-98,-98,-98,-98,-98,-98
228,0,0,0,0,0,-98,-98,-98,0,0,0,0,0,0,0,0,0,0,0,0,0,0
229,0,0,0,0,0,-98,0,0,0,0,0,0,0,-98,-98,-98,-98,-98,-98,-98,-98,-98
230,0,-98,-98,-98,-98,-98,-98,-98,-97,-97,-98,-98,-98,-98,-98,-98,-98,-98,-98,-98,-98,-98
231,0,0,0,0,0,0,0,0,1,0,0,1,1,0,0,0,1,0,0,0,1,0
232,0,-98,0,0,0,-98,0,0,0,0,0,0,0,-98,-98,-98,-98,-98,-98,-98,-98,-98
233,0,-98,-98,-98,-98,-98,-98,-98,0,0,0,0,0,-98,-98,-98,-98,-98,-98,-98,-98,-98
234,-98,-98,0,0,-98,-98,-98,-98,1,0,0,0,0,-98,-98,-98,-98,-98,-98,-98,-98,-98
235,0,0,0,0,0,-98,0,0,0,0,0,0,0,-98,-98,-98,-98,-98,-98,-98,-98,-98
236,-98,-98,-98,-98,-98,-98,0,0,-98,-98,-98,-98,0,-98,-98,-98,-98,-98,-98,-98,-98,-98
237,0,0,0,0,-98,-98,0,0,0,0,0,0,0,-98,-98,-98,-98,-98,-98,-98,-98,-98
238,0,0,0,0,0,0,1,1,1,0,1,1,0,0,0,0,0,0,0,0,1,0
239,0,0,1,0,0,0,0,0,1,0,1,0,1,-98,-98,-98,-98,-98,-98,-98,-98,-98
240,0,0,1,0,0,-98,0,0,1,0,0,0,0,-98,-98,-98,-98,-98,-98,-98,-98,-98
241,0,0,1,1,0,1,0,1,0,0,0,1,1,0,0,0,0,0,0,0,0,0
242,0,0,0,0,-98,0,-98,-98,0,0,0,0,0,-98,-98,-98,-98,-98,-98,-98,-98,-98
243,0,0,0,0,0,1,0,0,0,0,0,0,0,-98,-98,-98,-98,-98,-98,-98,-98,-98
244,0,0,0,0,0,-98,0,0,0,0,1,1,0,-98,-98,-98,-98,-98,-98,-98,-98,-98
245,0,0,0,0,-98,0,0,0,0,0,0,0,0,0,0,0,0,0,0,0,0,0
246,0,-98,0,0,-98,-98,0,0,0,0,0,0,0,-98,-98,-98,-98,-98,-98,-98,-98,-98
247,0,-98,-98,-98,-98,0,-98,-98,1,0,1,1,0,-98,-98,-98,-98,-98,-98,-98,-98,-98
248,0,0,0,0,0,-98,0,0,0,0,0,0,0,-98,-98,-98,-98,-98,-98,-98,-98,-98
249,0,0,0,0,-98,0,-98,-98,0,0,0,0,0,-98,-98,-98,-98,-98,-98,-98,-98,-98
250,0,0,0,0,0,1,0,0,1,0,0,0,0,-98,-98,-98,-98,-98,-98,-98,-98,-98
251,1,1,1,0,0,1,0,0,0,0,1,1,0,-98,-98,-98,-98,-98,-98,-98,-98,-98
252,0,0,0,0,0,0,0,0,0,0,0,0,0,-98,-98,-98,-98,-98,-98,-98,-98,-98
253,0,1,1,1,0,0,0,0,1,1,1,1,1,-98,-98,-98,-98,-98,-98,-98,-98,-98
254,0,0,0,0,-98,-98,-98,-98,1,1,1,1,0,-98,-98,-98,-98,-98,-98,-98,-98,-98
255,0,0,0,0,0,0,0,0,0,0,0,0,0,-98,-98,-98,-98,-98,-98,-98,-98,-98
256,-98,0,0,0,-98,-98,0,0,1,1,0,0,0,-98,-98,-98,-98,-98,-98,-98,-98,-98
257,0,0,0,0,0,-98,0,0,0,0,0,0,0,-98,-98,-98,-98,-98,-98,-98,-98,-98
258,0,0,0,0,0,0,0,0,0,0,0,0,0,0,0,0,0,0,0,0,0,0
259,0,1,0,0,0,0,0,0,1,0,0,0,0,-98,-98,-98,-98,-98,-98,-98,-98,-98
260,-98,-98,-98,-98,-98,-98,-98,-98,0,0,0,0,0,-98,-98,-98,-98,-98,-98,-98,-98,-98
261,0,0,0,0,0,0,0,0,0,0,0,0,0,0,0,0,0,0,0,0,1,1
262,0,0,0,0,0,0,0,0,0,0,0,0,0,-98,-98,-98,-98,-98,-98,-98,-98,-98
263,1,1,0,0,0,1,-98,-98,0,0,0,0,1,-98,-98,-98,-98,-98,-98,-98,-98,-98
264,1,0,0,0,0,-98,0,0,1,0,1,1,0,0,0,0,1,1,0,0,0,0
265,1,1,-98,-98,0,0,0,0,1,0,1,1,0,0,0,0,0,0,0,0,0,0
266,1,1,1,1,0,0,0,0,1,0,0,0,1,-98,-98,-98,-98,-98,-98,-98,-98,-98
267,0,0,0,0,0,-98,0,0,0,0,0,0,0,0,0,0,0,0,0,0,0,0
268,-98,-98,-98,-98,-98,-98,-98,-98,0,0,0,0,0,-98,-98,-98,-98,-98,-98,-98,-98,-98
269,0,0,0,0,0,-98,0,0,1,0,0,0,0,-98,-98,-98,-98,-98,-98,-98,-98,-98
270,1,0,0,0,0,-98,0,0,1,1,0,0,1,-98,-98,-98,-98,-98,-98,-98,-98,-98
271,1,1,0,0,0,0,0,0,0,0,0,0,1,-98,-98,-98,-98,-98,-98,-98,-98,-98
272,0,0,0,0,-98,0,0,0,1,1,0,0,0,-98,-98,-98,-98,-98,-98,-98,-98,-98
273,1,-98,0,0,0,-98,0,0,1,0,0,0,0,-98,-98,-98,-98,-98,-98,-98,-98,-98
274,0,0,0,0,0,0,0,0,0,0,0,0,0,-98,-98,-98,-98,-98,-98,-98,-98,-98
275,1,1,0,0,0,-98,0,0,1,0,-98,-98,0,-98,-98,-98,-98,-98,-98,-98,-98,-98
276,0,0,0,0,-98,0,0,0,0,0,0,0,0,-98,-98,-98,-98,-98,-98,-98,-98,-98
277,-98,-98,-98,-98,-98,-98,-98,-98,0,0,1,0,0,-98,-98,-98,-98,-98,-98,-98,-98,-98
278,1,-98,-98,-98,-98,-98,-98,-98,1,0,-98,-98,1,-98,-98,-98,-98,-98,-98,-98,-98,-98
279,0,1,0,0,0,-98,0,0,1,0,1,1,0,-98,-98,-98,-98,-98,-98,-98,-98,-98
280,-98,-98,-98,-98,-98,-98,-98,-98,0,0,0,0,0,-98,-98,-98,-98,-98,-98,-98,-98,-98
281,0,0,0,0,0,-98,0,0,1,1,1,1,1,-98,-98,-98,-98,-98,-98,-98,-98,-98
282,0,0,0,0,-98,0,0,0,1,1,0,0,1,-98,-98,-98,-98,-98,-98,-98,-98,-98
283,0,0,0,0,0,0,0,0,0,0,0,0,0,0,0,0,0,0,0,0,1,0
284,1,1,1,0,0,1,0,0,0,0,0,0,0,-98,-98,-98,-98,-98,-98,-98,-98,-98
285,1,0,1,0,0,1,0,0,1,0,0,0,0,-98,-98,-98,-98,-98,-98,-98,-98,-98
286,0,0,0,0,-98,-98,0,0,0,0,0,0,0,-98,-98,-98,-98,-98,-98,-98,-98,-98
287,0,0,-98,-98,0,-98,0,0,0,0,0,0,0,-98,-98,-98,-98,-98,-98,-98,-98,-98
288,0,0,1,0,0,0,0,0,1,0,1,1,0,-98,-98,-98,-98,-98,-98,-98,-98,-98
289,0,-98,-98,-98,-98,-98,-98,-98,0,0,0,0,0,-98,-98,-98,-98,-98,-98,-98,-98,-98
290,1,1,1,0,0,1,0,0,0,0,0,0,0,-98,-98,-98,-98,-98,-98,-98,-98,-98
291,1,0,0,0,0,0,0,0,0,0,0,0,1,-98,-98,-98,-98,-98,-98,-98,-98,-98
292,0,0,0,0,0,-98,0,0,0,0,0,0,0,-98,-98,-98,-98,-98,-98,-98,-98,-98
293,0,0,0,0,0,1,0,0,1,0,0,0,1,-98,-98,-98,-98,-98,-98,-98,-98,-98
294,1,1,1,0,0,1,0,0,1,0,0,0,0,-98,-98,-98,-98,-98,-98,-98,-98,-98
295,0,0,1,1,0,0,0,0,1,1,0,0,0,-98,-98,-98,-98,-98,-98,-98,-98,-98
296,0,0,0,0,0,-98,0,0,0,0,0,0,0,0,0,0,0,0,0,0,1,0
297,0,0,0,0,0,0,0,0,0,0,0,0,0,-98,-98,-98,-98,-98,-98,-98,-98,-98
298,0,0,0,0,0,0,0,0,0,0,0,0,0,-98,-98,-98,-98,-98,-98,-98,-98,-98
299,1,0,1,0,0,1,0,0,1,0,0,0,0,0,0,0,0,0,0,0,0,0
300,-98,-98,-98,-98,-98,-98,0,0,0,0,0,0,0,-98,-98,-98,-98,-98,-98,-98,-98,-98
301,0,1,0,0,-98,-98,0,0,1,0,0,0,0,-98,-98,-98,-98,-98,-98,-98,-98,-98
302,0,0,0,0,0,1,0,0,1,0,0,0,0,-98,-98,-98,-98,-98,-98,-98,-98,-98
303,-98,-98,-98,-98,0,1,0,0,1,0,0,0,0,-98,-98,-98,-98,-98,-98,-98,-98,-98
304,0,0,0,0,0,0,0,0,0,0,1,1,0,0,0,0,0,1,0,0,1,0
305,0,0,1,0,0,0,0,0,1,0,0,0,0,0,0,0,0,0,0,0,0,0
306,1,0,0,0,0,0,0,0,0,0,0,0,0,-98,-98,-98,-98,-98,-98,-98,-98,-98
307,0,0,0,0,0,0,0,0,1,0,0,0,1,-98,-98,-98,-98,-98,-98,-98,-98,-98
308,0,1,1,0,0,1,0,0,0,0,0,0,0,-98,-98,-98,-98,-98,-98,-98,-98,-98
309,0,0,0,0,0,-98,0,0,0,0,-98,-98,0,-98,-98,-98,-98,-98,-98,-98,-98,-98
310,0,0,0,0,0,0,0,0,0,0,0,1,0,-98,-98,-98,-98,-98,-98,-98,-98,-98
311,0,0,0,0,0,0,0,0,1,0,1,1,0,-98,-98,-98,-98,-98,-98,-98,-98,-98
312,1,0,1,0,0,1,0,0,1,0,0,0,0,0,0,0,0,1,0,0,1,0
313,-98,0,0,0,-98,0,-98,-98,1,1,0,1,1,0,0,0,0,0,0,0,0,0
314,0,0,0,0,0,0,0,0,0,0,0,0,0,0,0,0,0,0,0,0,0,0
315,0,0,0,0,0,0,0,0,0,0,0,0,0,-98,-98,-98,-98,-98,-98,-98,-98,-98
316,0,0,0,0,0,1,0,0,1,0,0,0,0,0,0,0,0,0,0,0,0,0
317,0,0,1,1,0,1,0,0,0,0,1,1,0,0,0,0,0,0,0,0,0,0
318,0,0,0,0,0,0,0,0,1,0,0,0,0,-98,-98,-98,-98,-98,-98,-98,-98,-98
319,1,0,0,0,0,1,0,0,0,0,0,0,1,-98,-98,-98,-98,-98,-98,-98,-98,-98
320,1,1,1,1,0,0,0,0,0,0,0,0,0,-98,-98,-98,-98,-98,-98,-98,-98,-98
321,1,0,0,0,0,1,0,0,1,0,0,0,0,-98,-98,-98,-98,-98,-98,-98,-98,-98
322,1,0,1,0,0,1,0,0,0,0,0,0,0,-98,-98,-98,-98,-98,-98,-98,-98,-98
323,0,0,0,0,0,0,0,0,1,0,0,0,0,-98,-98,-98,-98,-98,-98,-98,-98,-98
324,1,0,0,0,0,-98,0,0,0,0,1,1,0,0,0,0,1,0,0,0,0,0
325,1,0,0,0,0,0,0,0,1,0,0,0,0,-98,-98,-98,-98,-98,-98,-98,-98,-98
326,1,0,0,0,0,0,0,0,0,0,1,1,1,-98,-98,-98,-98,-98,-98,-98,-98,-98
327,-98,-98,-98,-98,-98,0,-98,-98,0,0,0,0,0,-98,-98,-98,-98,-98,-98,-98,-98,-98
328,0,-98,0,0,0,-98,0,0,0,0,0,0,0,-98,-98,-98,-98,-98,-98,-98,-98,-98
329,-98,-98,-98,-98,-98,-98,-98,-98,1,0,-98,-98,0,-98,-98,-98,-98,-98,-98,-98,-98,-98
330,0,0,0,0,0,-98,0,0,0,0,0,0,0,0,0,0,0,0,0,0,0,0
331,0,0,0,0,0,0,0,0,0,0,0,0,0,-98,-98,-98,-98,-98,-98,-98,-98,-98
332,0,0,0,0,0,0,0,0,0,0,0,0,0,-98,-98,-98,-98,-98,-98,-98,-98,-98
333,1,0,0,0,0,-98,0,0,1,0,0,0,0,-98,-98,-98,-98,-98,-98,-98,-98,-98
334,1,1,0,0,0,1,1,1,0,0,1,0,0,-98,-98,-98,-98,-98,-98,-98,-98,-98
335,0,0,0,0,0,-98,0,0,-98,-98,0,0,0,-98,-98,-98,-98,-98,-98,-98,-98,-98
336,0,1,1,0,0,1,0,0,0,0,0,0,0,-98,-98,-98,-98,-98,-98,-98,-98,-98
337,1,0,0,0,0,-98,-98,-98,0,0,0,0,0,-98,-98,-98,-98,-98,-98,-98,-98,-98
338,0,0,1,1,0,0,1,1,0,0,0,0,0,0,0,0,0,0,0,0,0,0
339,0,0,0,0,0,-98,0,0,0,0,0,0,0,-98,-98,-98,-98,-98,-98,-98,-98,-98
340,0,0,0,0,0,-98,0,0,0,0,0,0,0,0,0,0,0,0,0,0,0,0
341,0,0,0,0,0,0,-98,-98,0,0,1,-5,1,-98,-98,-98,-98,-98,-98,-98,-98,-98
342,0,0,0,0,0,-98,0,0,0,0,0,0,0,-98,-98,-98,-98,-98,-98,-98,-98,-98
343,1,1,0,0,0,0,0,0,0,0,0,0,0,-98,-98,-98,-98,-98,-98,-98,-98,-98
344,0,-98,0,0,-98,-98,0,0,0,0,0,0,0,-98,-98,-98,-98,-98,-98,-98,-98,-98
345,0,0,0,0,0,-98,0,0,1,0,0,0,1,-98,-98,-98,-98,-98,-98,-98,-98,-98
346,1,0,0,0,0,-98,0,0,1,0,1,1,0,-98,-98,-98,-98,-98,-98,-98,-98,-98
347,0,0,0,0,0,0,0,0,0,0,1,1,1,-98,-98,-98,-98,-98,-98,-98,-98,-98
348,0,0,0,0,0,-98,0,0,1,0,0,0,0,-98,-98,-98,-98,-98,-98,-98,-98,-98
349,0,0,0,0,-98,0,0,0,0,0,0,0,0,0,0,0,0,1,0,0,0,0
350,0,0,0,0,-98,0,0,0,0,0,0,0,0,-98,-98,-98,-98,-98,-98,-98,-98,-98
351,-98,0,0,0,0,-98,-98,-98,0,0,0,0,0,0,0,0,0,0,0,0,0,0
352,0,0,0,0,0,0,0,0,0,0,0,0,0,-98,-98,-98,-98,-98,-98,-98,-98,-98
353,0,0,0,0,0,0,0,0,1,0,0,0,0,-98,-98,-98,-98,-98,-98,-98,-98,-98
354,-98,-98,-98,-98,-98,-98,0,0,1,0,1,1,0,0,0,1,0,1,0,0,0,0
355,1,0,1,0,0,0,0,0,1,0,0,0,0,0,0,1,0,0,0,0,0,0
356,0,0,0,0,0,0,-98,-98,0,0,1,1,0,-98,-98,-98,-98,-98,-98,-98,-98,-98
357,0,0,0,0,0,0,1,1,0,0,0,0,0,-98,-98,-98,-98,-98,-98,-98,-98,-98
358,-98,0,0,0,-98,0,0,0,0,0,0,0,1,0,0,0,0,0,0,0,1,0
359,0,0,0,0,0,-98,1,1,1,0,0,0,1,-98,-98,-98,-98,-98,-98,-98,-98,-98
360,1,1,1,0,0,1,0,0,0,0,0,0,0,-98,-98,-98,-98,-98,-98,-98,-98,-98
361,0,0,0,0,0,0,0,1,0,0,0,0,0,0,0,0,0,0,0,0,1,0
362,1,0,0,0,-98,-98,0,0,1,0,0,0,0,-98,-98,-98,-98,-98,-98,-98,-98,-98
363,0,0,0,0,0,-98,0,0,0,0,0,0,0,-98,-98,-98,-98,-98,-98,-98,-98,-98
364,1,1,0,0,0,1,0,0,1,0,0,0,0,-98,-98,-98,-98,-98,-98,-98,-98,-98
365,1,1,0,0,0,0,0,0,0,0,0,0,1,-98,-98,-98,-98,-98,-98,-98,-98,-98
366,0,1,1,1,0,1,0,0,1,1,0,0,0,-98,-98,-98,-98,-98,-98,-98,-98,-98
367,0,0,0,0,0,-98,1,1,0,0,1,1,1,-98,-98,-98,-98,-98,-98,-98,-98,-98
368,0,0,1,1,0,0,0,0,0,0,0,0,0,-98,-98,-98,-98,-98,-98,-98,-98,-98
369,1,0,0,0,0,1,0,0,0,0,0,0,0,-98,-98,-98,-98,-98,-98,-98,-98,-98
370,1,0,1,1,0,1,0,0,1,0,0,0,0,-98,-98,-98,-98,-98,-98,-98,-98,-98
371,0,0,0,0,-98,1,0,0,0,0,0,0,0,-98,-98,-98,-98,-98,-98,-98,-98,-98
372,0,0,0,0,-98,0,0,0,0,0,0,1,1,-98,-98,-98,-98,-98,-98,-98,-98,-98
373,0,0,0,0,0,1,0,0,1,0,1,1,0,0,0,0,0,0,0,0,0,0
374,1,1,0,0,0,1,0,0,0,0,0,0,0,-98,-98,-98,-98,-98,-98,-98,-98,-98
375,0,0,0,0,0,0,0,0,1,0,0,0,0,-98,-98,-98,-98,-98,-98,-98,-98,-98
376,1,1,0,0,0,1,0,0,1,0,0,0,0,-98,-98,-98,-98,-98,-98,-98,-98,-98
377,1,0,0,0,-98,-98,0,0,1,0,0,0,1,-98,-98,-98,-98,-98,-98,-98,-98,-98
378,0,0,0,0,0,0,0,0,0,0,0,0,0,-98,-98,-98,-98,-98,-98,-98,-98,-98
379,-98,0,-98,-98,-98,0,-98,-98,0,0,0,0,0,-98,-98,-98,-98,-98,-98,-98,-98,-98
380,0,0,1,0,0,0,0,0,0,0,0,0,0,-98,-98,-98,-98,-98,-98,-98,-98,-98
381,1,1,1,0,0,0,0,0,0,0,0,0,0,-98,-98,-98,-98,-98,-98,-98,-98,-98
382,1,0,0,0,0,1,0,0,1,0,0,0,0,-98,-98,-98,-98,-98,-98,-98,-98,-98
383,0,0,1,0,-98,0,0,0,0,0,0,0,0,-98,-98,-98,-98,-98,-98,-98,-98,-98
384,0,0,0,0,0,-98,0,0,1,0,0,0,1,0,0,0,0,0,0,0,0,0
385,0,0,0,0,0,0,0,0,0,0,1,1,0,-98,-98,-98,-98,-98,-98,-98,-98,-98
386,0,0,0,0,0,0,0,0,1,0,0,0,0,0,0,0,0,0,0,0,0,0
387,0,0,0,0,0,0,0,0,0,0,1,0,0,-98,-98,-98,-98,-98,-98,-98,-98,-98
388,0,0,0,0,0,-98,0,0,0,0,0,0,1,0,0,0,0,0,0,0,0,0
389,1,0,0,0,0,-98,0,0,0,0,0,0,0,-98,-98,-98,-98,-98,-98,-98,-98,-98
390,0,0,0,0,-98,-98,-98,-98,0,0,0,0,0,-98,-98,-98,-98,-98,-98,-98,-98,-98
391,0,0,0,0,0,0,0,0,1,0,0,0,0,-98,-98,-98,-98,-98,-98,-98,-98,-98
392,0,0,0,0,0,-98,0,0,1,0,1,1,0,-98,-98,-98,-98,-98,-98,-98,-98,-98
393,0,-98,-98,-98,-98,0,0,0,0,0,-98,-98,1,0,0,0,0,0,0,0,0,1
394,0,1,0,0,0,0,0,0,0,0,0,0,0,-98,-98,-98,-98,-98,-98,-98,-98,-98
395,1,0,0,0,0,0,-98,-98,1,0,0,1,0,-99,-99,-99,-99,-99,-99,-99,-99,-99
396,0,0,0,0,0,0,0,0,1,0,1,0,0,-98,-98,-98,-98,-98,-98,-98,-98,-98
397,0,0,0,0,0,-98,-98,-98,0,0,0,0,0,-98,-98,-98,-98,-98,-98,-98,-98,-98
398,0,0,0,0,0,0,1,1,1,1,0,0,0,0,0,0,0,0,0,0,0,0
399,0,0,-98,-98,-98,-98,0,0,0,0,0,0,0,-98,-98,-98,-98,-98,-98,-98,-98,-98
400,0,0,0,0,0,-98,0,0,0,0,1,0,0,0,0,0,0,0,0,0,0,0
401,0,0,0,0,0,-98,0,0,0,0,0,0,0,0,0,0,0,0,0,1,0,0
402,0,0,0,0,-98,0,0,0,0,0,0,0,0,-98,-98,-98,-98,-98,-98,-98,-98,-98
403,0,0,-98,-98,-98,1,0,0,0,0,0,1,0,-98,-98,-98,-98,-98,-98,-98,-98,-98
404,-98,-98,-98,-98,-98,-98,-98,-98,0,0,0,0,0,0,0,0,0,0,0,0,0,0
405,0,0,0,0,-98,0,0,0,0,0,0,0,0,-98,-98,-98,-98,-98,-98,-98,-98,-98
406,0,0,0,0,0,0,0,0,1,0,0,0,0,-98,-98,-98,-98,-98,-98,-98,-98,-98
407,1,0,1,0,0,0,0,0,0,0,0,0,0,0,0,0,0,0,0,0,0,0
408,-98,-98,-98,-98,-98,-98,-98,-98,-98,-98,-98,-98,-98,0,0,0,0,0,0,0,1,0
409,0,0,0,0,0,0,0,0,0,0,0,0,0,-98,-98,-98,-98,-98,-98,-98,-98,-98
410,1,0,0,0,0,-98,0,0,1,0,1,1,0,-98,-98,-98,-98,-98,-98,-98,-98,-98
411,0,0,0,0,0,0,0,0,1,0,0,0,1,0,0,0,0,0,0,0,1,0
412,1,1,1,0,0,1,0,0,0,0,0,0,1,-98,-98,-98,-98,-98,-98,-98,-98,-98
413,0,0,0,0,0,0,0,0,0,0,0,0,0,-98,-98,-98,-98,-98,-98,-98,-98,-98
414,0,0,-98,-98,-98,-98,-98,-98,0,0,0,0,0,-98,-98,-98,-98,-98,-98,-98,-98,-98
415,0,0,0,0,0,0,0,0,0,0,0,1,0,-98,-98,-98,-98,-98,-98,-98,-98,-98
416,0,0,1,1,0,-98,0,0,1,1,1,1,0,0,0,0,0,0,0,0,0,0
417,0,0,0,0,-98,0,0,0,1,0,-98,-98,0,-98,-98,-98,-98,-98,-98,-98,-98,-98
418,1,1,1,1,0,0,0,0,0,0,1,1,0,-98,-98,-98,-98,-98,-98,-98,-98,-98
419,0,0,0,0,0,0,0,0,1,0,0,0,0,-98,-98,-98,-98,-98,-98,-98,-98,-98
420,0,0,-98,-98,-98,0,0,0,0,0,0,0,0,0,0,0,0,1,0,0,1,0
421,0,1,1,1,0,0,0,0,0,0,0,0,1,-98,-98,-98,-98,-98,-98,-98,-98,-98
422,-98,0,0,0,0,-98,0,0,1,1,1,1,1,-98,-98,-98,-98,-98,-98,-98,-98,-98
423,0,0,0,0,0,1,1,1,0,0,0,0,1,-98,-98,-98,-98,-98,-98,-98,-98,-98
424,1,0,0,0,0,1,0,0,1,0,0,1,0,-98,-98,-98,-98,-98,-98,-98,-98,-98
425,0,0,0,0,0,0,0,0,0,0,0,0,0,-98,-98,-98,-98,-98,-98,-98,-98,-98
426,0,1,1,1,0,1,0,0,0,0,0,0,0,-98,-98,-98,-98,-98,-98,-98,-98,-98
427,0,0,0,0,0,0,0,0,0,0,0,0,1,-98,-98,-98,-98,-98,-98,-98,-98,-98
428,1,0,0,0,0,1,0,0,0,0,0,0,0,-98,-98,-98,-98,-98,-98,-98,-98,-98
429,0,0,0,0,0,-98,0,0,0,0,1,0,0,-98,-98,-98,-98,-98,-98,-98,-98,-98
430,1,0,0,0,0,0,0,0,0,0,1,1,1,-98,-98,-98,-98,-98,-98,-98,-98,-98
431,1,0,0,0,0,0,0,0,1,0,0,0,0,-98,-98,-98,-98,-98,-98,-98,-98,-98
432,1,0,0,0,0,-98,0,0,0,0,1,1,0,-98,-98,-98,-98,-98,-98,-98,-98,-98
433,0,0,0,0,0,0,0,0,0,0,0,0,0,0,0,0,0,0,0,0,0,0
434,1,0,0,0,0,-98,0,0,1,0,0,0,1,-98,-98,-98,-98,-98,-98,-98,-98,-98
435,1,0,0,0,0,1,0,0,0,0,1,0,1,-98,-98,-98,-98,-98,-98,-98,-98,-98
436,0,0,0,0,-98,0,0,0,1,1,0,0,0,-98,-98,-98,-98,-98,-98,-98,-98,-98
437,0,0,0,0,0,0,0,0,1,0,0,0,0,-98,-98,-98,-98,-98,-98,-98,-98,-98
438,0,0,0,0,0,0,0,0,0,0,0,0,0,0,0,0,0,0,0,0,1,0
439,0,0,1,0,0,0,0,0,1,0,1,1,0,-98,-98,-98,-98,-98,-98,-98,-98,-98
440,0,0,0,0,0,0,-98,-98,0,0,0,0,0,-98,-98,-98,-98,-98,-98,-98,-98,-98
441,0,0,0,0,0,0,0,0,0,0,-98,-98,0,-98,-98,-98,-98,-98,-98,-98,-98,-98
442,0,0,0,0,0,-98,0,0,0,0,0,1,0,0,0,0,0,0,0,0,0,0
443,1,1,0,0,0,-98,0,0,0,0,0,0,0,-98,-98,-98,-98,-98,-98,-98,-98,-98
444,0,0,0,0,0,-98,0,0,1,0,0,0,0,-98,-98,-98,-98,-98,-98,-98,-98,-98
445,-98,-98,0,0,0,-98,1,1,0,0,0,0,1,-98,-98,-98,-98,-98,-98,-98,-98,-98
446,0,0,0,0,0,0,0,0,1,1,0,0,0,-98,-98,-98,-98,-98,-98,-98,-98,-98
447,0,0,0,0,-98,1,-98,-98,0,0,1,0,0,0,0,0,0,0,0,0,1,0
448,0,0,0,0,0,1,-98,-98,0,0,0,0,0,0,0,0,0,0,0,0,0,0
449,0,0,0,0,0,-98,0,0,1,0,0,0,1,0,0,0,0,0,0,0,0,0
450,0,0,0,0,-98,0,0,0,0,0,1,1,0,0,0,0,0,0,0,0,0,0
451,1,0,0,0,0,1,0,0,1,0,0,0,0,-98,-98,-98,-98,-98,-98,-98,-98,-98
452,-98,0,0,0,-98,-98,0,0,0,0,0,0,0,-98,-98,-98,-98,-98,-98,-98,-98,-98
453,0,0,0,0,0,-98,0,0,0,0,0,0,0,-98,-98,-98,-98,-98,-98,-98,-98,-98
454,0,0,-98,-98,-98,-98,-98,-98,0,0,1,0,0,0,0,0,0,0,0,0,1,0
455,0,0,0,0,0,-98,0,0,1,0,1,0,1,-98,-98,-98,-98,-98,-98,-98,-98,-98
456,-98,-98,0,0,-98,-98,0,0,0,0,1,1,0,-98,-98,-98,-98,-98,-98,-98,-98,-98
457,-98,-98,-98,-98,-98,-98,-98,-98,0,0,1,1,0,0,0,0,0,0,1,0,0,1
458,1,1,0,0,0,1,0,0,1,0,1,1,1,-98,-98,-98,-98,-98,-98,-98,-98,-98
459,0,1,0,0,0,0,0,0,0,0,0,0,1,-98,-98,-98,-98,-98,-98,-98,-98,-98
460,0,0,1,0,0,0,0,0,0,0,0,0,1,-98,-98,-98,-98,-98,-98,-98,-98,-98
461,0,0,0,0,0,-98,0,0,0,0,1,0,0,0,0,0,0,0,0,0,1,0
462,0,0,0,0,0,0,0,0,0,0,0,0,0,-98,-98,-98,-98,-98,-98,-98,-98,-98
463,0,0,0,0,0,-98,-98,-98,0,0,0,0,0,-98,-98,-98,-98,-98,-98,-98,-98,-98
464,0,0,0,0,0,1,0,0,1,0,0,0,0,0,0,0,1,1,0,0,0,0
465,0,0,0,0,1,1,0,0,0,0,0,0,0,-98,-98,-98,-98,-98,-98,-98,-98,-98
466,0,-98,-98,-98,-98,-98,-98,-98,1,0,0,0,0,-98,-98,-98,-98,-98,-98,-98,-98,-98
467,0,0,0,0,0,0,0,1,0,0,1,0,0,0,0,0,0,0,0,0,0,0
468,0,-98,-98,-98,-98,0,-98,-98,0,0,0,0,0,-98,-98,-98,-98,-98,-98,-98,-98,-98
469,0,0,0,0,0,0,0,0,1,1,1,0,0,-98,-98,-98,-98,-98,-98,-98,-98,-98
470,0,0,0,0,0,-98,0,0,0,0,0,0,0,-98,-98,-98,-98,-98,-98,-98,-98,-98
471,0,0,0,0,0,-98,0,0,-98,-98,0,0,0,-98,-98,-98,-98,-98,-98,-98,-98,-98
472,-98,0,0,0,-98,-98,-98,-98,0,0,1,1,1,-97,-97,-97,-97,-97,-97,-97,-97,-97
473,0,0,0,0,0,-98,0,0,0,0,0,0,0,-98,-98,-98,-98,-98,-98,-98,-98,-98
474,0,-98,0,0,-98,-98,-98,-98,1,0,0,0,0,-98,-98,-98,-98,-98,-98,-98,-98,-98
475,0,0,0,0,0,0,0,0,0,0,0,0,0,-98,-98,-98,-98,-98,-98,-98,-98,-98
476,0,0,0,0,0,-98,0,0,0,0,0,0,0,0,0,0,0,0,0,0,0,0
477,1,0,0,0,0,0,0,0,1,0,0,0,0,-98,-98,-98,-98,-98,-98,-98,-98,-98
478,-98,-98,-98,-98,-98,-98,-98,-98,0,0,-98,-98,0,0,0,0,0,0,0,0,0,0
479,0,0,0,0,0,0,0,0,0,0,0,0,0,-98,-98,-98,-98,-98,-98,-98,-98,-98
480,0,-98,0,0,-98,1,-98,-98,0,0,0,0,0,-98,-98,-98,-98,-98,-98,-98,-98,-98
481,0,0,0,0,0,0,0,0,0,0,0,0,0,-98,-98,-98,-98,-98,-98,-98,-98,-98
482,0,0,0,0,0,0,0,0,0,0,0,0,0,0,0,0,0,0,0,0,0,0
483,-98,0,1,0,0,1,0,0,0,0,0,0,0,-98,-98,-98,-98,-98,-98,-98,-98,-98
484,0,0,1,0,-98,0,0,0,0,0,1,1,0,-98,-98,-98,-98,-98,-98,-98,-98,-98
485,0,0,0,0,0,0,0,0,0,0,0,0,0,-98,-98,-98,-98,-98,-98,-98,-98,-98
486,0,0,0,0,0,0,0,0,0,0,0,1,1,0,0,0,0,0,0,0,0,0
487,0,0,0,0,0,-98,0,0,1,0,0,1,1,0,0,0,0,0,0,0,1,0
488,0,0,0,0,0,0,0,0,0,0,0,0,0,-98,-98,-98,-98,-98,-98,-98,-98,-98
489,0,0,0,0,0,0,0,0,1,0,0,0,0,0,0,0,0,0,0,0,0,0
490,0,0,-98,-98,0,-98,-98,-98,1,1,1,1,0,-98,-98,-98,-98,-98,-98,-98,-98,-98
491,0,0,0,0,0,-98,0,0,0,0,0,0,0,-98,-98,-98,-98,-98,-98,-98,-98,-98
492,1,0,0,0,0,0,0,0,1,0,0,0,0,-98,-98,-98,-98,-98,-98,-98,-98,-98
493,0,1,1,1,0,0,1,1,0,0,0,0,0,-98,-98,-98,-98,-98,-98,-98,-98,-98
494,-98,0,0,0,0,0,1,1,0,0,0,1,-98,-98,-98,-98,-98,-98,-98,-98,-98,-98
495,0,0,0,0,0,0,0,0,0,0,0,0,0,-98,-98,-98,-98,-98,-98,-98,-98,-98
496,0,0,0,0,0,0,0,0,0,0,0,0,0,0,0,0,0,0,0,0,1,0
497,0,0,0,0,0,0,0,0,0,0,0,0,0,0,0,0,0,0,0,0,1,0
498,0,0,0,0,0,-98,1,1,0,0,0,0,0,0,0,0,0,0,0,0,0,0
499,0,0,0,0,-98,-98,0,0,0,0,0,0,0,0,0,1,0,0,0,0,1,0
500,0,0,0,0,0,0,0,0,1,0,1,0,0,-98,-98,-98,-98,-98,-98,-98,-98,-98
501,0,1,1,1,0,-98,1,1,0,0,0,0,0,-98,-98,-98,-98,-98,-98,-98,-98,-98
502,0,0,0,0,-98,0,0,0,0,0,0,0,0,-98,-98,-98,-98,-98,-98,-98,-98,-98
503,0,0,1,0,0,0,0,0,0,0,0,0,0,0,0,0,0,0,0,0,1,0
504,1,1,1,1,0,1,0,0,1,0,1,0,0,-98,-98,-98,-98,-98,-98,-98,-98,-98
505,0,0,0,0,-98,1,0,0,0,0,0,0,1,-98,-98,-98,-98,-98,-98,-98,-98,-98
506,0,0,1,1,0,0,0,0,0,0,0,0,0,-98,-98,-98,-98,-98,-98,-98,-98,-98
507,0,0,1,0,0,0,0,0,1,0,0,0,0,-98,-98,-98,-98,-98,-98,-98,-98,-98
508,0,0,0,0,0,1,0,0,0,0,0,0,0,-98,-98,-98,-98,-98,-98,-98,-98,-98
509,0,0,1,0,0,1,0,0,1,0,1,0,0,-98,-98,-98,-98,-98,-98,-98,-98,-98
510,0,0,0,0,0,0,0,0,1,0,0,0,0,0,0,0,0,0,0,0,0,0
511,1,1,0,0,-98,-98,0,0,1,0,0,0,0,-98,-98,-98,-98,-98,-98,-98,-98,-98
512,1,0,0,0,0,0,1,1,1,0,0,1,0,-98,-98,-98,-98,-98,-98,-98,-98,-98
513,0,0,0,0,-98,0,0,0,0,0,0,0,0,0,0,0,0,0,0,0,0,0
514,0,-98,-98,-98,-98,0,-98,-98,1,0,1,1,1,-98,-98,-98,-98,-98,-98,-98,-98,-98
515,-98,-98,-98,-98,-98,-98,0,0,0,0,-98,-98,0,-98,-98,-98,-98,-98,-98,-98,-98,-98
516,0,-98,0,0,0,0,0,0,0,0,0,0,0,-98,-98,-98,-98,-98,-98,-98,-98,-98
517,0,0,0,0,0,0,0,0,0,0,0,0,0,-98,-98,-98,-98,-98,-98,-98,-98,-98
518,0,0,0,0,0,-98,0,0,0,0,1,1,0,0,0,0,0,0,0,1,0,0
519,0,0,0,0,0,0,0,0,0,0,0,0,0,-98,-98,-98,-98,-98,-98,-98,-98,-98
520,0,1,1,0,0,1,0,0,1,0,0,0,0,-98,-98,-98,-98,-98,-98,-98,-98,-98
521,1,0,1,0,0,1,0,0,0,0,0,0,0,-98,-98,-98,-98,-98,-98,-98,-98,-98
522,1,0,1,1,0,0,0,0,1,0,0,0,0,-98,-98,-98,-98,-98,-98,-98,-98,-98
523,0,0,0,0,0,-98,0,0,0,0,0,0,0,-98,-98,-98,-98,-98,-98,-98,-98,-98
524,0,0,0,1,0,-98,1,1,1,0,0,0,1,-98,-98,-98,-98,-98,-98,-98,-98,-98
525,0,0,1,1,0,1,0,0,0,0,1,1,0,-98,-98,-98,-98,-98,-98,-98,-98,-98
526,0,0,-98,-98,-98,0,0,0,0,0,0,0,0,0,0,0,0,0,0,0,0,0
527,0,1,0,0,0,0,0,0,0,0,0,0,0,-98,-98,-98,-98,-98,-98,-98,-98,-98
528,0,0,0,0,0,-98,-98,-98,0,0,0,0,0,-98,-98,-98,-98,-98,-98,-98,-98,-98
529,-98,0,0,0,-98,-98,-98,-98,0,0,0,0,0,0,0,0,0,0,0,0,0,0
530,0,-98,-98,-98,-98,-98,-98,-98,0,0,1,1,1,-98,-98,-98,-98,-98,-98,-98,-98,-98
531,0,0,0,0,0,0,0,0,0,0,1,1,0,0,0,0,0,0,0,0,0,0
532,0,0,0,0,0,-98,1,1,0,0,0,0,0,-98,-98,-98,-98,-98,-98,-98,-98,-98
533,0,0,0,0,0,0,0,0,0,0,0,0,0,0,0,0,0,0,0,0,0,0
534,1,0,0,0,-98,1,0,0,0,0,0,0,0,-98,-98,-98,-98,-98,-98,-98,-98,-98
535,0,0,0,0,0,-98,0,0,1,0,1,1,0,-98,-98,-98,-98,-98,-98,-98,-98,-98
536,1,0,0,0,0,-98,0,0,0,0,1,1,0,-98,-98,-98,-98,-98,-98,-98,-98,-98
537,0,0,1,0,0,1,-98,-98,0,0,0,0,1,0,0,0,0,0,0,0,0,0
538,0,1,0,0,-97,0,0,0,0,0,0,0,0,-98,-98,-98,-98,-98,-98,-98,-98,-98
539,1,1,0,0,0,0,0,0,1,1,0,0,1,-98,-98,-98,-98,-98,-98,-98,-98,-98
540,0,0,0,0,0,-98,0,0,0,0,1,0,0,-98,-98,-98,-98,-98,-98,-98,-98,-98
541,0,0,1,1,0,0,0,0,0,0,0,0,0,-98,-98,-98,-98,-98,-98,-98,-98,-98
542,0,0,0,0,0,0,-98,-98,0,0,0,0,0,-98,-98,-98,-98,-98,-98,-98,-98,-98
543,1,0,0,0,0,0,0,0,0,0,0,0,0,-98,-98,-98,-98,-98,-98,-98,-98,-98
544,0,0,0,0,0,0,0,0,1,0,0,0,0,-98,-98,-98,-98,-98,-98,-98,-98,-98
545,0,0,0,0,0,0,0,0,1,0,1,1,0,-98,-98,-98,-98,-98,-98,-98,-98,-98
546,0,-97,1,-97,0,-98,0,0,0,0,0,0,0,0,0,0,0,0,0,0,0,0
547,0,0,0,0,0,0,0,0,1,0,1,1,0,0,0,0,1,0,0,0,1,0
548,-98,-98,-98,-98,-98,1,0,0,1,1,0,0,0,-98,-98,-98,-98,-98,-98,-98,-98,-98
549,-98,1,0,0,0,0,0,0,1,0,1,1,0,-98,-98,-98,-98,-98,-98,-98,-98,-98
550,0,0,-98,-98,-98,0,-98,-98,0,0,0,0,0,-98,-98,-98,-98,-98,-98,-98,-98,-98
551,0,0,0,1,0,0,0,0,0,0,0,0,0,-98,-98,-98,-98,-98,-98,-98,-98,-98
552,1,0,0,0,0,1,-98,-98,1,0,0,0,0,-98,-98,-98,-98,-98,-98,-98,-98,-98
553,0,0,0,0,0,0,0,0,1,0,0,0,0,-98,-98,-98,-98,-98,-98,-98,-98,-98
554,0,0,1,1,0,-98,1,1,0,0,0,0,0,-98,-98,-98,-98,-98,-98,-98,-98,-98
555,1,0,0,0,0,1,0,0,0,0,0,0,0,-98,-98,-98,-98,-98,-98,-98,-98,-98
556,-98,0,-98,-98,-98,-98,-98,-98,1,1,0,0,0,-98,-98,-98,-98,-98,-98,-98,-98,-98
557,0,0,-98,-98,0,0,0,0,0,0,0,0,0,-98,-98,-98,-98,-98,-98,-98,-98,-98
558,-98,-98,0,0,-98,1,-98,-98,1,0,0,0,0,-98,-98,-98,-98,-98,-98,-98,-98,-98
559,1,0,0,0,0,0,0,0,0,0,1,1,0,0,0,0,0,0,0,0,1,0
560,0,0,0,0,-98,-98,0,0,0,0,1,0,1,-98,-98,-98,-98,-98,-98,-98,-98,-98
561,0,0,0,0,0,-98,0,0,0,0,1,1,0,-98,-98,-98,-98,-98,-98,-98,-98,-98
562,0,1,1,1,0,0,1,1,0,0,1,1,1,0,0,0,0,0,0,0,0,0
563,0,0,0,0,0,-98,0,0,1,1,1,1,0,0,0,0,0,0,0,0,1,0
564,0,0,0,0,0,0,0,0,0,0,0,0,0,-98,-98,-98,-98,-98,-98,-98,-98,-98
565,0,0,0,0,0,-98,0,0,0,0,0,0,0,-98,-98,-98,-98,-98,-98,-98,-98,-98
566,0,0,0,0,0,0,0,0,0,0,1,1,0,-98,-98,-98,-98,-98,-98,-98,-98,-98
567,0,0,0,0,0,1,0,0,1,0,1,1,0,-98,-98,-98,-98,-98,-98,-98,-98,-98
568,0,0,0,0,0,-98,0,0,0,0,0,0,0,-98,-98,-98,-98,-98,-98,-98,-98,-98
569,1,0,0,0,0,0,0,0,0,0,0,0,0,-98,-98,-98,-98,-98,-98,-98,-98,-98
570,1,0,0,0,0,1,0,0,1,0,1,1,1,-98,-98,-98,-98,-98,-98,-98,-98,-98
571,0,0,0,0,0,1,-98,-98,0,0,0,0,0,0,0,0,0,0,0,0,0,0
572,0,0,0,0,-98,0,0,0,0,0,0,1,0,0,0,0,0,1,0,0,0,0
573,1,0,0,0,0,1,0,0,0,0,0,0,0,-98,-98,-98,-98,-98,-98,-98,-98,-98
574,-98,-98,-98,-98,-98,-98,-98,-98,0,0,0,0,0,-98,-98,-98,-98,-98,-98,-98,-98,-98
575,0,0,0,0,0,-98,0,0,0,0,0,0,0,-98,-98,-98,-98,-98,-98,-98,-98,-98
576,0,0,0,0,-98,-98,0,0,0,0,0,0,0,0,0,0,1,0,0,0,0,0
577,0,0,0,0,-98,-98,0,0,0,0,-98,-98,1,-98,-98,-98,-98,-98,-98,-98,-98,-98
578,0,0,1,0,0,0,0,0,0,0,0,0,0,-98,-98,-98,-98,-98,-98,-98,-98,-98
579,1,0,0,0,0,-98,0,0,1,1,0,0,0,-98,-98,-98,-98,-98,-98,-98,-98,-98
580,0,1,1,1,0,0,0,0,0,0,0,0,1,0,0,0,0,0,0,0,0,0
581,0,0,0,0,0,0,0,0,0,0,0,0,0,-98,-98,-98,-98,-98,-98,-98,-98,-98
582,0,1,0,0,0,1,0,0,0,0,0,0,0,-98,-98,-98,-98,-98,-98,-98,-98,-98
583,1,0,1,1,0,1,1,1,1,0,1,1,0,-98,-98,-98,-98,-98,-98,-98,-98,-98
584,0,0,1,1,0,-98,0,0,0,0,0,0,0,-98,-98,-98,-98,-98,-98,-98,-98,-98
585,0,0,0,0,0,-98,0,0,0,0,0,0,0,-98,-98,-98,-98,-98,-98,-98,-98,-98
586,0,0,-98,-98,-98,0,0,0,1,1,0,1,1,-98,-98,-98,-98,-98,-98,-98,-98,-98
587,0,0,1,1,0,0,1,1,0,0,0,0,0,-98,-98,-98,-98,-98,-98,-98,-98,-98
588,0,0,0,0,0,-98,0,0,0,0,0,0,0,0,0,0,0,0,0,0,0,0
589,0,-98,0,0,0,-98,0,0,1,0,0,0,0,-98,-98,-98,-98,-98,-98,-98,-98,-98
590,0,0,0,0,0,-98,0,0,0,0,0,0,0,-98,-98,-98,-98,-98,-98,-98,-98,-98
591,1,1,1,0,0,1,0,0,0,0,0,0,0,-98,-98,-98,-98,-98,-98,-98,-98,-98
592,-98,0,0,0,-98,0,0,0,0,0,0,0,1,0,0,0,0,0,0,0,0,0
593,0,0,0,0,0,0,0,0,0,0,1,1,1,-98,-98,-98,-98,-98,-98,-98,-98,-98
594,0,0,1,1,0,0,1,1,0,0,0,0,0,-98,-98,-98,-98,-98,-98,-98,-98,-98
595,1,1,1,1,0,0,0,0,0,0,1,0,0,-98,-98,-98,-98,-98,-98,-98,-98,-98
596,1,1,0,0,0,-98,0,0,1,0,1,1,0,-98,-98,-98,-98,-98,-98,-98,-98,-98
597,0,0,0,0,0,-98,0,0,0,0,1,0,0,0,0,0,0,0,0,0,0,0
598,-98,-98,0,0,-98,-98,0,0,0,0,-98,-98,0,-98,-98,-98,-98,-98,-98,-98,-98,-98
599,0,0,0,0,0,-98,-98,-98,1,0,0,0,0,0,0,0,0,0,0,0,1,0
600,1,0,0,0,0,-98,0,0,0,0,0,0,0,-98,-98,-98,-98,-98,-98,-98,-98,-98
601,1,0,0,0,0,-98,0,0,1,0,1,0,0,-98,-98,-98,-98,-98,-98,-98,-98,-98
602,1,0,0,0,0,0,0,0,0,0,0,0,0,-98,-98,-98,-98,-98,-98,-98,-98,-98
603,0,0,0,0,0,1,0,0,0,0,0,0,1,-98,-98,-98,-98,-98,-98,-98,-98,-98
604,1,1,1,1,0,0,1,1,1,0,1,1,0,-98,-98,-98,-98,-98,-98,-98,-98,-98
605,0,0,0,0,0,0,1,1,0,0,1,1,0,-98,-98,-98,-98,-98,-98,-98,-98,-98
606,1,1,1,0,0,1,0,0,0,0,0,0,0,-98,-98,-98,-98,-98,-98,-98,-98,-98
607,0,0,0,0,-98,-98,-98,-98,0,0,0,0,0,-98,-98,-98,-98,-98,-98,-98,-98,-98
608,0,0,0,0,0,0,0,0,1,0,0,0,0,-98,-98,-98,-98,-98,-98,-98,-98,-98
609,1,-98,-98,-98,-98,-98,-98,-98,0,0,0,0,0,-98,-98,-98,-98,-98,-98,-98,-98,-98
610,0,0,1,1,0,0,1,1,0,0,0,0,0,-98,-98,-98,-98,-98,-98,-98,-98,-98
611,0,0,0,0,0,0,0,0,0,0,0,0,1,-98,-98,-98,-98,-98,-98,-98,-98,-98
612,0,0,1,0,-98,-98,0,0,0,0,0,0,1,-98,-98,-98,-98,-98,-98,-98,-98,-98
613,0,0,0,0,0,-98,0,0,0,0,0,0,0,-98,-98,-98,-98,-98,-98,-98,-98,-98
614,-98,-98,-98,-98,-98,-98,0,0,1,0,0,0,0,-98,-98,-98,-98,-98,-98,-98,-98,-98
615,-98,0,0,0,-98,0,0,0,0,0,0,0,0,0,0,0,0,0,0,0,1,0
616,0,-98,0,0,-98,0,0,0,0,0,1,0,1,-98,-98,-98,-98,-98,-98,-98,-98,-98
617,0,0,0,0,0,0,0,0,1,0,0,0,0,-98,-98,-98,-98,-98,-98,-98,-98,-98
618,-98,-98,-98,-98,-98,-98,0,0,0,0,-98,-98,0,-98,-98,-98,-98,-98,-98,-98,-98,-98
619,1,0,0,0,-98,1,0,0,0,0,0,0,0,-98,-98,-98,-98,-98,-98,-98,-98,-98
620,0,0,0,0,0,0,0,0,0,0,0,0,0,-98,-98,-98,-98,-98,-98,-98,-98,-98
621,0,1,1,1,0,1,-98,-98,0,0,0,0,0,-98,-98,-98,-98,-98,-98,-98,-98,-98
622,0,0,0,0,0,0,0,0,1,0,1,0,0,-98,-98,-98,-98,-98,-98,-98,-98,-98
623,0,0,0,0,0,-98,0,0,1,1,1,1,0,-98,-98,-98,-98,-98,-98,-98,-98,-98
624,1,1,1,0,0,1,0,0,1,0,0,1,0,0,0,0,0,0,0,0,0,0
625,0,0,0,0,0,1,0,0,1,0,1,0,0,-98,-98,-98,-98,-98,-98,-98,-98,-98
626,1,1,0,0,0,1,0,0,1,0,0,0,1,-98,-98,-98,-98,-98,-98,-98,-98,-98
627,0,0,0,0,0,-98,0,0,0,0,0,0,0,-98,-98,-98,-98,-98,-98,-98,-98,-98
628,0,0,-98,-98,-98,-98,-98,-98,0,0,0,0,0,-98,-98,-98,-98,-98,-98,-98,-98,-98
629,1,1,1,1,-98,0,0,0,0,0,0,0,0,-98,-98,-98,-98,-98,-98,-98,-98,-98
630,-98,-98,-98,-98,0,-98,-98,-98,0,0,1,1,0,0,0,0,0,1,0,0,0,1
631,1,1,1,1,0,1,0,0,0,0,0,0,0,-98,-98,-98,-98,-98,-98,-98,-98,-98
632,0,1,1,0,1,-98,0,0,0,0,0,0,0,-98,-98,-98,-98,-98,-98,-98,-98,-98
633,0,0,0,0,0,-98,0,0,1,0,0,0,0,-98,-98,-98,-98,-98,-98,-98,-98,-98
634,1,0,0,0,0,0,1,1,1,0,0,0,1,-98,-98,-98,-98,-98,-98,-98,-98,-98
635,1,0,0,0,0,1,0,0,1,0,1,0,0,0,0,0,0,0,0,0,0,0
636,1,1,1,1,0,1,0,0,0,0,0,0,0,-98,-98,-98,-98,-98,-98,-98,-98,-98
637,-98,-98,0,0,0,-98,0,0,0,0,0,0,0,-98,-98,-98,-98,-98,-98,-98,-98,-98
638,1,0,1,1,0,-98,0,0,1,0,0,0,0,-98,-98,-98,-98,-98,-98,-98,-98,-98
639,1,1,0,0,0,1,0,0,0,0,0,0,0,-98,-98,-98,-98,-98,-98,-98,-98,-98
640,0,0,1,0,0,0,0,0,0,0,1,1,0,0,0,0,0,0,0,0,1,0
641,0,0,0,0,0,0,0,0,0,0,0,0,0,-98,-98,-98,-98,-98,-98,-98,-98,-98
642,-98,-98,-98,-98,-98,-98,-98,-98,0,0,0,0,0,0,0,0,0,0,0,0,1,0
643,0,0,0,0,0,-98,0,0,0,0,0,0,0,0,0,0,0,0,0,0,1,0
644,-98,-98,-98,-98,0,-98,0,0,-98,-98,1,1,0,-98,-98,-98,-98,-98,-98,-98,-98,-98
645,1,0,0,0,0,1,0,0,1,1,1,0,0,-98,-98,-98,-98,-98,-98,-98,-98,-98
646,1,1,0,0,0,1,0,0,1,0,0,0,0,-98,-98,-98,-98,-98,-98,-98,-98,-98
647,0,0,0,0,0,0,0,0,0,0,0,0,0,-98,-98,-98,-98,-98,-98,-98,-98,-98
648,0,0,0,0,0,0,1,1,0,0,0,0,0,-98,-98,-98,-98,-98,-98,-98,-98,-98
649,0,0,0,0,0,-98,0,0,0,0,0,0,0,-98,-98,-98,-98,-98,-98,-98,-98,-98
650,0,0,0,0,0,0,0,0,0,0,1,0,0,-98,-98,-98,-98,-98,-98,-98,-98,-98
651,0,0,1,1,-98,-98,0,0,1,0,0,0,1,0,0,0,0,0,0,0,0,0
652,0,0,0,0,0,-98,0,0,0,0,1,1,0,-98,-98,-98,-98,-98,-98,-98,-98,-98
653,0,0,0,0,0,-98,0,0,0,0,0,0,0,-98,-98,-98,-98,-98,-98,-98,-98,-98
654,0,0,0,0,0,0,0,0,0,0,1,0,0,-98,-98,-98,-98,-98,-98,-98,-98,-98
655,1,0,0,0,0,1,0,0,0,0,0,0,0,0,0,0,0,0,0,0,0,0
656,1,1,0,0,0,1,0,0,1,0,0,0,0,-98,-98,-98,-98,-98,-98,-98,-98,-98
657,0,0,0,0,0,0,0,0,1,0,1,1,0,-98,-98,-98,-98,-98,-98,-98,-98,-98
658,0,0,0,0,0,0,1,1,0,0,0,0,0,-98,-98,-98,-98,-98,-98,-98,-98,-98
659,0,0,0,0,0,-98,0,0,0,0,0,0,0,-98,-98,-98,-98,-98,-98,-98,-98,-98
660,1,-98,1,0,0,0,0,0,0,0,0,0,1,0,0,0,0,0,0,0,0,0
661,0,0,0,0,-98,0,1,1,0,0,-98,-98,0,-98,-98,-98,-98,-98,-98,-98,-98,-98
662,0,0,0,0,0,-98,0,0,1,0,0,0,0,-98,-98,-98,-98,-98,-98,-98,-98,-98
663,0,0,0,0,0,-98,0,0,0,0,0,0,0,-98,-98,-98,-98,-98,-98,-98,-98,-98
664,-98,-98,-98,-98,-98,-98,-98,-98,0,0,-98,-98,0,0,0,0,0,0,0,0,0,0
665,1,0,0,0,0,0,0,0,1,1,0,0,0,-98,-98,-98,-98,-98,-98,-98,-98,-98
666,0,-98,0,0,0,0,0,0,1,0,1,1,1,0,0,0,0,0,0,0,0,1
667,0,-99,0,0,0,-98,0,0,-99,0,0,0,0,-98,-98,-98,-98,-98,-98,-98,-98,-98
668,-98,-98,-98,-98,-98,-98,0,0,1,0,0,0,0,0,0,0,0,0,0,0,1,0
669,1,1,0,0,0,1,0,0,1,0,0,1,0,0,0,0,0,0,0,0,0,0
670,0,0,0,0,0,0,1,1,0,0,0,0,0,-98,-98,-98,-98,-98,-98,-98,-98,-98
671,0,0,0,0,0,0,0,0,0,0,0,0,0,-98,-98,-98,-98,-98,-98,-98,-98,-98
672,0,0,0,0,0,0,0,0,0,0,1,1,1,0,0,1,1,1,0,0,1,0
673,0,0,0,0,0,-98,0,0,0,0,1,0,0,-98,-98,-98,-98,-98,-98,-98,-98,-98
674,0,0,0,0,0,0,-98,-98,1,1,0,0,0,-98,-98,-98,-98,-98,-98,-98,-98,-98
675,0,0,1,0,0,0,0,0,1,0,0,0,1,-98,-98,-98,-98,-98,-98,-98,-98,-98
676,0,-98,0,0,-98,-98,0,0,0,0,0,0,0,0,0,0,0,0,0,0,0,0
677,0,0,0,0,0,0,0,0,0,0,1,1,0,-98,-98,-98,-98,-98,-98,-98,-98,-98
678,0,0,0,0,0,0,-98,-98,1,0,1,0,0,0,0,0,0,0,0,0,1,0
679,1,0,0,0,0,-98,0,0,0,0,0,1,1,-98,-98,-98,-98,-98,-98,-98,-98,-98
680,1,0,0,0,0,0,0,0,0,0,0,0,0,-98,-98,-98,-98,-98,-98,-98,-98,-98
681,0,-98,-98,-98,-98,1,0,0,1,0,0,0,0,-98,-98,-98,-98,-98,-98,-98,-98,-98
682,0,0,0,0,0,0,0,0,1,0,0,0,0,-98,-98,-98,-98,-98,-98,-98,-98,-98
683,-98,-98,-98,-98,-98,-98,-98,-98,-98,-98,-98,-98,-98,-98,-98,-98,-98,-98,-98,-98,-98,-98
684,0,0,0,0,0,0,0,0,0,0,1,1,1,-98,-98,-98,-98,-98,-98,-98,-98,-98
685,0,1,-98,-98,0,0,0,0,0,0,0,0,1,0,0,1,1,0,0,0,0,0
686,0,1,1,1,1,1,0,0,1,1,1,0,1,-98,-98,-98,-98,-98,-98,-98,-98,-98
687,0,0,0,0,0,0,0,0,0,0,1,1,0,-98,-98,-98,-98,-98,-98,-98,-98,-98
688,0,0,0,0,0,0,0,0,0,0,0,0,0,-98,-98,-98,-98,-98,-98,-98,-98,-98
689,1,1,1,0,0,1,0,0,1,0,1,0,0,-98,-98,-98,-98,-98,-98,-98,-98,-98
690,0,0,0,0,-98,0,0,0,0,0,0,0,0,-98,-98,-98,-98,-98,-98,-98,-98,-98
691,-98,0,0,0,0,-98,0,0,1,0,1,0,0,-98,-98,-98,-98,-98,-98,-98,-98,-98
692,0,0,0,0,0,0,0,0,0,0,0,0,1,0,0,0,1,0,0,0,1,0
693,0,0,0,0,0,-98,0,0,1,0,0,0,0,-98,-98,-98,-98,-98,-98,-98,-98,-98
694,0,-98,-98,-98,-98,0,0,0,0,0,0,0,0,0,0,0,0,0,0,0,0,0
695,0,0,0,0,-98,0,0,0,0,0,0,0,0,-98,-98,-98,-98,-98,-98,-98,-98,-98
696,0,0,0,0,0,0,0,0,0,0,1,0,0,-98,-98,-98,-98,-98,-98,-98,-98,-98
697,-98,0,0,0,0,-98,0,0,0,0,1,0,0,-98,-98,-98,-98,-98,-98,-98,-98,-98
698,1,1,0,0,-98,1,0,0,0,0,0,0,0,-98,-98,-98,-98,-98,-98,-98,-98,-98
699,1,0,0,0,0,1,0,0,0,0,1,0,0,0,0,0,0,0,0,0,0,0
700,0,0,0,0,1,1,0,0,0,0,0,0,0,0,0,0,0,0,0,0,0,0
701,0,0,0,1,0,0,1,1,1,0,0,0,1,-98,-98,-98,-98,-98,-98,-98,-98,-98
702,0,0,0,0,0,0,1,1,0,0,0,0,1,-98,-98,-98,-98,-98,-98,-98,-98,-98
703,-98,-98,-98,-98,-98,-98,-98,-98,0,0,-98,-98,0,-98,-98,-98,-98,-98,-98,-98,-98,-98
704,1,0,0,0,0,0,0,0,0,0,0,0,0,-98,-98,-98,-98,-98,-98,-98,-98,-98
705,0,0,0,0,0,-98,-98,-98,0,0,0,0,0,-98,-98,-98,-98,-98,-98,-98,-98,-98
706,0,0,0,0,-98,-98,0,0,0,0,-98,-98,0,0,0,0,0,0,0,0,0,0
707,0,0,0,0,-98,-98,0,0,0,0,-98,-98,0,-98,-98,-98,-98,-98,-98,-98,-98,-98
708,0,0,0,0,0,0,0,0,0,0,0,0,0,-98,-98,-98,-98,-98,-98,-98,-98,-98
709,0,0,0,0,0,1,0,0,0,0,0,0,0,-98,-98,-98,-98,-98,-98,-98,-98,-98
710,1,0,0,0,0,1,0,0,0,0,0,0,0,-98,-98,-98,-98,-98,-98,-98,-98,-98
711,0,0,0,0,-98,-98,0,0,0,0,0,0,0,-98,-98,-98,-98,-98,-98,-98,-98,-98
712,0,0,0,0,0,-98,0,0,1,0,0,0,0,0,0,0,0,0,0,0,0,0
713,0,1,1,0,0,1,0,0,0,0,0,0,0,-98,-98,-98,-98,-98,-98,-98,-98,-98
714,1,0,0,0,0,-98,0,0,0,0,0,0,0,-98,-98,-98,-98,-98,-98,-98,-98,-98
715,0,0,0,0,-98,-98,-98,-98,0,0,0,0,0,-98,-98,-98,-98,-98,-98,-98,-98,-98
716,0,0,0,0,0,-98,0,0,1,0,0,0,1,-98,-98,-98,-98,-98,-98,-98,-98,-98
717,0,0,0,0,0,-98,0,0,1,0,0,0,0,-98,-98,-98,-98,-98,-98,-98,-98,-98
718,0,0,0,0,0,-98,0,0,0,0,0,1,1,-98,-98,-98,-98,-98,-98,-98,-98,-98
719,0,-97,0,0,0,0,0,0,1,0,1,0,0,0,0,0,0,0,0,0,1,0
720,0,-98,0,0,-98,0,-98,-98,1,0,0,0,1,0,0,0,0,0,0,0,0,0
721,0,0,0,0,0,0,0,0,0,0,0,0,0,-98,-98,-98,-98,-98,-98,-98,-98,-98
722,0,0,0,0,0,-98,0,0,1,0,0,0,1,-98,-98,-98,-98,-98,-98,-98,-98,-98
723,0,0,0,0,0,-98,0,0,1,0,1,0,0,-98,-98,-98,-98,-98,-98,-98,-98,-98
724,-98,0,0,0,-98,1,0,1,0,0,0,0,0,0,0,0,0,0,0,0,0,0
725,0,0,0,0,0,0,0,0,0,0,0,0,1,-98,-98,-98,-98,-98,-98,-98,-98,-98
726,0,0,0,0,0,0,0,0,0,0,0,0,0,0,0,0,0,0,0,0,0,0
727,1,-98,0,0,-98,-98,-98,-98,1,0,0,0,0,-98,-98,-98,-98,-98,-98,-98,-98,-98
728,-98,0,0,0,-98,0,0,0,0,0,0,0,0,-98,-98,-98,-98,-98,-98,-98,-98,-98
729,0,0,0,0,0,0,0,0,0,0,0,0,1,-98,-98,-98,-98,-98,-98,-98,-98,-98
730,0,0,1,1,0,0,0,0,1,0,1,1,0,-98,-98,-98,-98,-98,-98,-98,-98,-98
731,0,0,0,0,0,0,0,0,1,0,1,0,0,0,0,0,0,0,0,0,1,0
732,0,0,0,0,0,0,0,0,0,0,0,0,0,-98,-98,-98,-98,-98,-98,-98,-98,-98
733,0,0,0,0,0,-98,0,0,0,0,0,0,0,-98,-98,-98,-98,-98,-98,-98,-98,-98
734,1,0,0,0,0,-98,0,0,1,0,1,1,1,-98,-98,-98,-98,-98,-98,-98,-98,-98
735,-98,-98,0,0,-98,-98,0,0,0,0,0,0,0,-98,-98,-98,-98,-98,-98,-98,-98,-98
736,0,0,-98,-98,-98,-98,-98,-98,1,0,0,0,0,-98,-98,-98,-98,-98,-98,-98,-98,-98
737,1,0,1,1,0,1,0,0,1,0,0,0,0,-98,-98,-98,-98,-98,-98,-98,-98,-98
738,0,0,-98,-98,-98,-98,0,0,0,0,0,0,0,0,0,0,0,0,0,0,0,0
739,0,0,0,0,0,-98,0,0,0,0,1,1,1,-98,-98,-98,-98,-98,-98,-98,-98,-98
740,0,0,0,0,0,1,0,0,1,0,0,0,0,-98,-98,-98,-98,-98,-98,-98,-98,-98
741,1,0,0,0,0,-98,0,0,1,0,0,0,0,-98,-98,-98,-98,-98,-98,-98,-98,-98
742,0,1,1,1,0,1,0,0,0,0,0,0,0,-98,-98,-98,-98,-98,-98,-98,-98,-98
743,0,0,0,0,0,-98,0,0,0,0,0,0,0,0,0,0,1,0,0,0,0,0
744,0,0,0,0,0,0,0,0,0,0,0,0,1,-98,-98,-98,-98,-98,-98,-98,-98,-98
745,-98,-98,-98,-98,-98,-98,-98,-98,0,0,0,0,0,-98,-98,-98,-98,-98,-98,-98,-98,-98
746,1,0,0,0,0,-98,0,0,1,0,1,1,0,-98,-98,-98,-98,-98,-98,-98,-98,-98
747,1,0,0,0,0,0,0,0,1,0,0,0,0,-98,-98,-98,-98,-98,-98,-98,-98,-98
748,0,-98,-98,-98,-98,-98,-98,-98,1,0,0,0,0,0,0,0,0,0,0,0,0,0
749,1,0,0,0,0,0,0,0,0,0,0,0,0,-98,-98,-98,-98,-98,-98,-98,-98,-98
750,1,-98,-98,-98,-98,1,-98,-98,-98,-98,-98,-98,0,0,0,0,0,0,0,0,0,0
751,1,1,1,0,0,0,0,0,1,0,0,0,0,-98,-98,-98,-98,-98,-98,-98,-98,-98
752,0,0,0,0,0,0,-98,-98,1,1,0,0,0,-98,-98,-98,-98,-98,-98,-98,-98,-98
753,0,0,0,0,-98,1,0,0,0,0,0,0,1,-98,-98,-98,-98,-98,-98,-98,-98,-98
754,0,0,1,0,0,0,0,0,0,0,0,0,0,-98,-98,-98,-98,-98,-98,-98,-98,-98
755,0,0,0,1,0,-98,0,0,1,0,1,1,0,-98,-98,-98,-98,-98,-98,-98,-98,-98
756,-98,-98,0,0,-98,-98,-98,-98,0,0,0,0,-98,0,0,0,0,0,0,0,1,0
757,0,0,0,0,0,-98,0,0,0,0,0,1,0,-98,-98,-98,-98,-98,-98,-98,-98,-98
758,0,0,1,0,-98,0,0,0,0,0,0,0,0,-98,-98,-98,-98,-98,-98,-98,-98,-98
759,0,0,0,0,0,0,0,0,0,0,0,0,0,0,0,0,0,0,0,0,0,0
760,0,0,0,0,0,0,0,0,1,0,0,0,1,-98,-98,-98,-98,-98,-98,-98,-98,-98
761,1,0,0,0,0,-98,0,0,1,0,1,1,0,-98,-98,-98,-98,-98,-98,-98,-98,-98
762,1,1,1,0,0,0,0,0,0,0,0,0,0,-98,-98,-98,-98,-98,-98,-98,-98,-98
763,0,0,0,0,0,-98,0,0,1,0,0,0,0,-98,-98,-98,-98,-98,-98,-98,-98,-98
764,0,0,0,0,0,-98,0,0,0,0,0,0,0,-98,-98,-98,-98,-98,-98,-98,-98,-98
765,-98,0,0,0,0,-98,0,0,0,0,0,0,0,-98,-98,-98,-98,-98,-98,-98,-98,-98
766,0,0,0,0,-98,0,0,0,1,1,0,0,0,-98,-98,-98,-98,-98,-98,-98,-98,-98
767,0,0,0,0,0,1,0,0,0,0,1,0,0,-98,-98,-98,-98,-98,-98,-98,-98,-98
768,-98,0,0,0,0,0,0,0,0,0,1,1,1,-98,-98,-98,-98,-98,-98,-98,-98,-98
769,1,0,1,1,0,1,0,0,0,0,0,0,0,-98,-98,-98,-98,-98,-98,-98,-98,-98
770,0,0,0,0,0,1,0,0,0,0,1,1,0,-98,-98,-98,-98,-98,-98,-98,-98,-98
771,-98,0,0,0,0,-98,0,0,0,0,0,0,0,-98,-98,-98,-98,-98,-98,-98,-98,-98
772,1,1,1,0,0,1,0,0,0,0,0,0,0,-98,-98,-98,-98,-98,-98,-98,-98,-98
773,0,0,0,0,0,0,0,0,1,0,0,0,0,-98,-98,-98,-98,-98,-98,-98,-98,-98
774,0,0,0,0,0,-98,0,0,1,0,1,0,0,-98,-98,-98,-98,-98,-98,-98,-98,-98
775,1,0,0,0,0,-98,0,0,0,0,0,0,0,-98,-98,-98,-98,-98,-98,-98,-98,-98
776,0,0,0,0,0,-98,0,0,0,0,0,0,0,-98,-98,-98,-98,-98,-98,-98,-98,-98
777,0,0,0,0,0,1,0,0,0,0,0,0,0,-98,-98,-98,-98,-98,-98,-98,-98,-98
778,0,0,0,0,0,0,0,0,1,0,0,0,0,-98,-98,-98,-98,-98,-98,-98,-98,-98
779,0,0,0,0,0,0,0,0,1,1,0,0,0,-98,-98,-98,-98,-98,-98,-98,-98,-98
780,1,0,0,0,0,0,0,0,1,1,0,0,0,0,0,0,0,0,0,0,1,1
781,-98,-98,-98,-98,-98,-98,-98,-98,0,0,1,0,0,0,0,0,0,0,0,0,0,1
782,0,0,0,0,0,-98,0,0,1,0,0,0,0,0,0,0,0,0,0,0,0,0
783,0,0,0,0,-98,-98,0,0,0,0,0,0,0,-98,-98,-98,-98,-98,-98,-98,-98,-98
784,0,0,0,0,0,0,0,0,1,0,0,0,0,0,0,1,1,0,0,0,1,0
785,-98,-98,0,0,-98,-98,-98,-98,1,1,-98,-98,0,0,0,0,0,0,0,0,1,0
786,0,0,0,0,0,0,0,0,0,0,0,0,0,-98,-98,-98,-98,-98,-98,-98,-98,-98
787,0,0,0,0,0,-98,0,0,0,0,0,0,0,0,0,0,0,0,0,0,0,0
788,0,0,0,0,0,-98,0,0,1,0,0,0,0,-98,-98,-98,-98,-98,-98,-98,-98,-98
789,0,0,0,0,0,-98,0,0,1,0,0,0,0,-98,-98,-98,-98,-98,-98,-98,-98,-98
790,1,0,1,1,0,0,0,0,0,0,0,0,1,-98,-98,-98,-98,-98,-98,-98,-98,-98
791,1,0,1,1,0,1,0,0,0,0,0,0,0,-98,-98,-98,-98,-98,-98,-98,-98,-98
792,-98,-98,0,0,0,0,0,0,-98,-98,1,1,0,-98,-98,-98,-98,-98,-98,-98,-98,-98
793,1,0,0,0,0,-98,0,0,1,0,0,0,0,-98,-98,-98,-98,-98,-98,-98,-98,-98
794,0,0,0,0,0,0,0,0,1,0,0,0,0,-98,-98,-98,-98,-98,-98,-98,-98,-98
795,0,0,0,0,-98,-98,0,0,1,0,1,0,0,-98,-98,-98,-98,-98,-98,-98,-98,-98
796,0,1,1,1,0,0,0,0,0,0,0,0,1,-98,-98,-98,-98,-98,-98,-98,-98,-98
797,0,0,1,0,-98,0,0,0,0,0,-98,-98,0,-98,-98,-98,-98,-98,-98,-98,-98,-98
798,0,0,-98,-98,0,-98,-98,-98,0,0,0,0,0,-98,-98,-98,-98,-98,-98,-98,-98,-98
799,-98,0,0,0,-98,-98,0,0,0,0,0,0,0,-98,-98,-98,-98,-98,-98,-98,-98,-98
800,1,0,0,0,0,0,0,0,0,0,0,0,1,-98,-98,-98,-98,-98,-98,-98,-98,-98
801,0,0,0,0,0,0,0,0,0,0,1,0,0,-98,-98,-98,-98,-98,-98,-98,-98,-98
802,0,0,0,0,0,0,-98,-98,0,0,0,0,0,-98,-98,-98,-98,-98,-98,-98,-98,-98
803,0,0,0,0,-98,-98,0,0,1,0,0,0,0,-98,-98,-98,-98,-98,-98,-98,-98,-98
804,1,0,0,0,0,1,0,0,1,0,0,0,0,-98,-98,-98,-98,-98,-98,-98,-98,-98
805,0,0,-98,-98,-98,-98,-98,-98,0,0,0,0,-98,-98,-98,-98,-98,-98,-98,-98,-98,-98
806,0,0,0,0,-98,-98,0,0,0,0,1,0,0,-98,-98,-98,-98,-98,-98,-98,-98,-98
807,0,0,0,0,0,1,0,0,1,0,0,0,0,-98,-98,-98,-98,-98,-98,-98,-98,-98
808,0,0,0,0,0,0,0,0,1,0,1,0,0,0,0,0,1,0,0,0,0,0
809,1,0,0,1,0,1,0,0,1,0,1,1,1,-98,-98,-98,-98,-98,-98,-98,-98,-98
810,-98,0,0,0,-98,-98,0,0,0,0,1,1,0,-98,-98,-98,-98,-98,-98,-98,-98,-98
811,0,0,0,0,0,0,0,0,0,0,0,0,0,-98,-98,-98,-98,-98,-98,-98,-98,-98
812,0,0,0,0,-98,-98,1,1,0,0,1,1,1,0,0,0,0,1,0,0,0,0
813,0,0,0,0,0,0,1,1,0,0,0,0,0,-98,-98,-98,-98,-98,-98,-98,-98,-98
814,0,0,0,0,0,-98,0,0,1,0,0,0,0,-98,-98,-98,-98,-98,-98,-98,-98,-98
815,1,0,0,0,0,-98,0,0,0,0,1,0,0,-98,-98,-98,-98,-98,-98,-98,-98,-98
816,1,0,0,0,-98,-98,0,0,1,0,0,0,0,-98,-98,-98,-98,-98,-98,-98,-98,-98
817,0,0,0,0,0,0,1,1,0,0,0,0,1,-98,-98,-98,-98,-98,-98,-98,-98,-98
818,-98,0,0,0,-98,0,0,0,0,0,1,1,0,0,0,0,0,0,0,1,0,0
819,1,0,1,0,0,0,0,0,1,0,1,1,0,-98,-98,-98,-98,-98,-98,-98,-98,-98
820,0,0,0,0,0,0,0,0,0,0,1,0,0,-98,-98,-98,-98,-98,-98,-98,-98,-98
821,0,0,0,0,0,1,1,1,0,0,0,0,0,0,0,0,0,0,0,0,0,0
822,0,0,0,0,1,0,0,0,0,0,1,1,0,0,0,0,0,0,0,0,0,0
823,1,0,0,0,0,1,0,0,0,0,1,1,1,-98,-98,-98,-98,-98,-98,-98,-98,-98
824,-98,-98,-98,-98,-98,0,-98,-98,0,0,0,0,0,-98,-98,-98,-98,-98,-98,-98,-98,-98
825,0,0,0,0,0,1,0,0,1,0,0,0,0,0,0,0,0,0,0,0,0,0
826,0,0,0,0,-98,-98,-98,-98,0,0,0,0,0,-98,-98,-98,-98,-98,-98,-98,-98,-98
827,0,-98,-98,-98,-98,-98,-98,-98,0,0,0,0,-98,-98,-98,-98,-98,-98,-98,-98,-98,-98
828,0,0,0,0,0,0,0,0,0,0,1,1,1,-98,-98,-98,-98,-98,-98,-98,-98,-98
829,0,1,0,0,0,1,0,0,0,0,0,0,0,0,0,0,0,0,0,0,0,0
830,0,0,1,0,0,0,0,0,0,0,0,0,0,-98,-98,-98,-98,-98,-98,-98,-98,-98
831,0,0,0,0,0,0,0,0,0,0,0,0,0,0,0,0,0,0,0,0,0,0
832,0,0,0,0,0,-98,1,1,1,0,0,0,1,-98,-98,-98,-98,-98,-98,-98,-98,-98
833,-98,0,0,0,-98,-98,0,0,0,0,1,1,0,0,0,0,0,0,0,0,1,1
834,0,0,0,0,0,-98,0,0,0,0,0,0,0,0,0,0,0,0,0,0,0,0
835,0,0,1,0,0,-98,0,0,0,0,0,0,0,0,0,0,0,0,0,0,1,0
836,0,0,0,0,0,0,0,0,0,0,0,0,0,-98,-98,-98,-98,-98,-98,-98,-98,-98
837,0,0,0,0,0,-98,0,0,1,0,0,0,0,-98,-98,-98,-98,-98,-98,-98,-98,-98
838,1,0,0,0,-98,1,-98,-98,1,0,0,0,0,-98,-98,-98,-98,-98,-98,-98,-98,-98
839,-98,0,0,0,0,-98,0,0,0,0,0,0,0,0,0,0,0,0,0,0,0,0
840,0,-98,-98,-98,-98,-98,0,0,0,0,0,0,0,-98,-98,-98,-98,-98,-98,-98,-98,-98
841,-98,-98,-98,-98,-98,-98,0,0,0,0,1,0,0,-98,-98,-98,-98,-98,-98,-98,-98,-98
842,0,0,0,0,0,0,0,0,0,0,1,1,1,-98,-98,-98,-98,-98,-98,-98,-98,-98
843,1,0,0,0,0,1,0,0,0,0,0,0,0,-98,-98,-98,-98,-98,-98,-98,-98,-98
844,0,0,0,0,0,0,-98,-98,1,1,0,0,0,-98,-98,-98,-98,-98,-98,-98,-98,-98
845,0,0,0,0,-98,0,0,0,0,0,0,0,0,-98,-98,-98,-98,-98,-98,-98,-98,-98
846,1,0,0,0,0,-98,0,0,0,0,0,0,0,-98,-98,-98,-98,-98,-98,-98,-98,-98
847,1,0,0,0,0,0,0,0,0,0,0,0,1,-98,-98,-98,-98,-98,-98,-98,-98,-98
848,0,0,0,0,0,0,-98,-98,0,0,0,0,0,-98,-98,-98,-98,-98,-98,-98,-98,-98
849,0,0,0,0,0,1,0,0,0,0,1,0,1,0,0,0,0,0,0,0,1,0
850,0,0,0,0,0,-98,0,0,0,0,0,0,1,-98,-98,-98,-98,-98,-98,-98,-98,-98
851,0,0,0,0,-98,0,0,0,1,1,0,0,1,-98,-98,-98,-98,-98,-98,-98,-98,-98
852,0,0,0,0,0,0,0,0,1,0,0,0,0,-98,-98,-98,-98,-98,-98,-98,-98,-98
853,1,0,0,0,0,1,0,0,1,1,1,1,0,-98,-98,-98,-98,-98,-98,-98,-98,-98
854,1,0,0,0,0,0,0,0,1,0,0,0,0,-98,-98,-98,-98,-98,-98,-98,-98,-98
855,1,0,0,0,0,1,0,0,0,0,0,0,0,-98,-98,-98,-98,-98,-98,-98,-98,-98
856,-98,0,0,0,0,-98,1,1,0,0,0,0,0,-98,-98,-98,-98,-98,-98,-98,-98,-98
857,1,0,1,1,0,1,0,0,1,0,1,0,0,-98,-98,-98,-98,-98,-98,-98,-98,-98
858,1,1,1,1,0,0,0,0,1,0,0,0,0,0,0,0,0,0,0,0,0,0
859,0,0,0,0,0,-98,0,0,0,0,1,1,0,-98,-98,-98,-98,-98,-98,-98,-98,-98
860,0,0,1,0,0,1,0,0,0,0,1,1,1,-98,-98,-98,-98,-98,-98,-98,-98,-98
861,0,-98,-98,-98,-98,-98,0,0,0,0,0,0,0,0,0,0,0,0,0,0,0,0
862,0,0,0,0,-98,1,0,0,0,0,0,0,1,0,0,0,0,1,0,0,0,0
863,0,0,0,0,0,0,0,0,0,0,0,0,0,-98,-98,-98,-98,-98,-98,-98,-98,-98
864,0,-98,-98,-98,-98,-98,0,0,0,0,0,0,0,-98,-98,-98,-98,-98,-98,-98,-98,-98
865,0,0,0,0,0,-98,0,0,0,0,0,0,0,-98,-98,-98,-98,-98,-98,-98,-98,-98
866,1,0,0,0,0,1,0,0,0,0,0,0,0,0,0,0,1,0,0,0,1,0
867,-98,0,0,0,-98,0,-98,-98,0,0,0,0,0,0,0,0,0,0,1,0,1,1
868,0,0,0,0,0,0,0,0,0,0,0,0,0,-98,-98,-98,-98,-98,-98,-98,-98,-98
869,0,1,1,1,0,0,0,0,0,0,0,0,1,0,0,0,0,0,0,0,0,0
870,0,0,0,0,-98,1,0,0,0,0,-98,-98,0,-98,-98,-98,-98,-98,-98,-98,-98,-98
871,0,0,0,0,0,0,0,0,0,0,1,1,1,0,0,0,0,0,0,0,0,0
872,0,0,0,0,-98,0,0,0,0,0,0,0,0,-98,-98,-98,-98,-98,-98,-98,-98,-98
873,1,0,0,0,0,0,0,0,0,0,1,1,0,-98,-98,-98,-98,-98,-98,-98,-98,-98
874,0,-98,0,0,-98,0,0,0,0,0,0,0,1,0,0,0,0,0,0,0,0,0
875,0,0,0,0,0,0,0,0,0,0,0,0,0,-98,-98,-98,-98,-98,-98,-98,-98,-98
876,0,0,0,0,-98,0,0,0,0,0,0,0,0,-98,-98,-98,-98,-98,-98,-98,-98,-98
877,0,0,0,0,0,0,0,0,0,0,1,1,0,0,0,0,1,0,0,0,0,0
878,0,0,0,0,-98,1,1,1,0,0,1,1,1,-98,-98,-98,-98,-98,-98,-98,-98,-98
879,0,0,0,0,-98,0,1,1,0,0,1,1,0,-98,-98,-98,-98,-98,-98,-98,-98,-98
880,-98,-98,0,0,-98,-98,-98,-98,0,0,-98,-98,1,-98,-98,-98,-98,-98,-98,-98,-98,-98
881,0,0,0,0,0,1,0,0,0,0,-98,-98,0,-98,-98,-98,-98,-98,-98,-98,-98,-98
882,0,0,0,0,0,0,0,0,0,0,0,0,0,0,0,0,0,0,0,0,1,0
883,0,0,1,0,0,0,0,0,1,0,0,0,0,-98,-98,-98,-98,-98,-98,-98,-98,-98
884,1,0,0,0,0,1,0,0,0,0,0,0,0,0,0,0,0,0,0,0,0,0
885,0,0,0,0,-98,-98,0,0,0,0,0,0,0,-98,-98,-98,-98,-98,-98,-98,-98,-98
886,1,0,0,1,0,0,0,0,0,1,0,0,1,0,0,0,0,0,0,0,0,0
887,-98,-98,-98,-98,-98,-98,0,0,1,0,1,1,0,-98,-98,-98,-98,-98,-98,-98,-98,-98
888,1,1,1,1,0,1,0,0,0,0,0,0,0,-98,-98,-98,-98,-98,-98,-98,-98,-98
889,1,1,0,0,-98,1,0,0,0,0,0,0,0,-98,-98,-98,-98,-98,-98,-98,-98,-98
890,1,0,0,0,0,-98,0,0,0,0,0,0,0,-98,-98,-98,-98,-98,-98,-98,-98,-98
891,0,1,0,0,0,0,0,0,0,0,0,0,0,-98,-98,-98,-98,-98,-98,-98,-98,-98
892,0,0,1,1,0,0,1,1,0,0,0,0,1,-98,-98,-98,-98,-98,-98,-98,-98,-98
893,-98,0,0,0,0,0,0,0,1,0,0,0,0,-98,-98,-98,-98,-98,-98,-98,-98,-98
894,1,0,0,0,0,0,0,0,0,0,0,0,0,-98,-98,-98,-98,-98,-98,-98,-98,-98
895,0,0,0,0,0,1,0,0,0,0,0,0,0,-98,-98,-98,-98,-98,-98,-98,-98,-98
896,0,0,0,0,0,1,0,0,1,0,0,0,0,-98,-98,-98,-98,-98,-98,-98,-98,-98
897,0,0,0,0,0,-98,0,0,1,0,0,0,1,0,0,0,0,0,0,0,0,0
898,0,0,0,0,0,-98,0,0,0,0,0,0,0,-98,-98,-98,-98,-98,-98,-98,-98,-98
899,1,1,0,0,0,1,0,0,1,0,0,0,0,-98,-98,-98,-98,-98,-98,-98,-98,-98
900,0,1,1,0,0,1,0,0,0,0,0,0,0,-98,-98,-98,-98,-98,-98,-98,-98,-98
901,0,-98,0,0,-98,-98,0,0,1,0,1,1,0,-98,-98,-98,-98,-98,-98,-98,-98,-98
902,0,0,0,0,0,-98,0,1,0,0,0,0,0,0,0,0,0,0,0,0,1,0
903,0,0,0,0,0,-98,0,0,1,0,0,0,1,-98,-98,-98,-98,-98,-98,-98,-98,-98
904,0,0,0,0,0,-98,0,0,0,0,0,0,0,-98,-98,-98,-98,-98,-98,-98,-98,-98
905,0,0,0,0,0,-98,0,0,1,0,1,1,0,0,0,0,0,0,0,0,0,0
906,0,0,0,0,0,-98,0,0,1,0,-98,-98,0,0,0,0,0,0,0,0,1,0
907,0,0,0,0,0,-98,0,0,0,0,0,0,0,0,0,0,0,0,0,0,0,0
908,0,0,0,0,0,-98,0,0,0,0,0,0,0,-98,-98,-98,-98,-98,-98,-98,-98,-98
909,0,0,0,0,0,0,0,0,1,0,1,0,1,-98,-98,-98,-98,-98,-98,-98,-98,-98
910,0,0,1,0,0,0,0,0,1,0,0,1,0,-98,-98,-98,-98,-98,-98,-98,-98,-98
911,1,1,0,0,0,1,0,0,1,0,0,0,0,-98,-98,-98,-98,-98,-98,-98,-98,-98
912,1,0,0,0,0,-98,0,0,0,0,0,0,0,0,0,0,0,0,0,0,0,0
913,-98,-98,-98,-98,-98,1,-98,-98,1,0,1,1,1,-98,-98,-98,-98,-98,-98,-98,-98,-98
914,0,1,1,0,0,0,0,0,1,0,0,0,0,-98,-98,-98,-98,-98,-98,-98,-98,-98
915,0,0,0,0,0,-98,0,0,1,0,0,0,1,0,0,0,0,0,0,0,0,0
916,0,0,0,0,0,-98,0,0,0,0,0,0,0,-98,-98,-98,-98,-98,-98,-98,-98,-98
917,1,0,0,0,-98,1,0,0,0,0,1,0,0,-98,-98,-98,-98,-98,-98,-98,-98,-98
918,1,1,0,0,1,-98,0,1,1,1,1,1,1,-98,-98,-98,-98,-98,-98,-98,-98,-98
919,1,0,0,0,0,0,0,0,0,0,0,0,0,-98,-98,-98,-98,-98,-98,-98,-98,-98
920,1,1,1,0,-98,1,0,0,1,0,0,0,0,0,0,0,0,0,0,0,0,0
921,0,0,0,0,0,-98,0,0,0,0,0,0,0,-98,-98,-98,-98,-98,-98,-98,-98,-98
922,0,0,1,1,0,0,0,1,0,0,0,0,0,-98,-98,-98,-98,-98,-98,-98,-98,-98
923,1,0,0,0,0,1,0,0,1,1,0,0,0,-98,-98,-98,-98,-98,-98,-98,-98,-98
924,0,0,0,0,0,-98,-98,-98,1,0,0,0,1,-98,-98,-98,-98,-98,-98,-98,-98,-98
925,-98,-98,-98,-98,-98,-98,-98,-98,-98,-98,-98,-98,0,-98,-98,-98,-98,-98,-98,-98,-98,-98
926,-98,-98,-98,-98,-98,-98,-98,-98,0,0,0,0,0,0,0,0,0,1,0,0,0,0
927,0,1,0,0,-98,0,0,0,0,0,0,0,0,0,0,0,0,0,0,0,1,0
928,-98,-98,-98,-98,-98,0,0,0,0,0,0,0,1,-98,-98,-98,-98,-98,-98,-98,-98,-98
929,0,0,0,0,0,0,0,0,0,0,0,0,0,-98,-98,-98,-98,-98,-98,-98,-98,-98
930,0,0,0,0,0,1,-98,-98,0,0,0,0,0,0,0,0,0,0,0,0,0,0
931,0,0,0,0,0,0,0,0,0,0,0,0,0,-98,-98,-98,-98,-98,-98,-98,-98,-98
932,1,-98,-98,-98,-98,0,0,0,0,0,1,1,0,-98,-98,-98,-98,-98,-98,-98,-98,-98
933,1,1,0,0,0,1,0,0,0,0,0,0,0,-98,-98,-98,-98,-98,-98,-98,-98,-98
934,0,0,0,0,0,0,0,0,0,0,-98,-98,0,-98,-98,-98,-98,-98,-98,-98,-98,-98
935,1,1,0,0,0,-98,0,0,1,0,0,0,0,-98,-98,-98,-98,-98,-98,-98,-98,-98
936,0,0,0,0,0,-98,0,0,0,0,0,0,0,0,0,0,0,0,0,0,0,0
937,0,0,0,0,0,0,0,0,0,0,0,0,0,0,0,0,0,0,0,0,1,0
938,0,0,0,0,0,0,0,0,1,0,1,1,0,-98,-98,-98,-98,-98,-98,-98,-98,-98
939,0,0,0,0,0,0,0,0,0,0,0,0,0,-98,-98,-98,-98,-98,-98,-98,-98,-98
940,0,0,0,0,0,0,1,1,1,1,0,0,0,0,0,0,0,0,0,0,1,0
941,0,0,0,0,-98,-98,0,0,0,0,0,0,0,-98,-98,-98,-98,-98,-98,-98,-98,-98
942,0,0,0,0,0,-98,0,0,0,0,0,0,0,0,0,0,0,0,0,0,1,0
943,0,0,0,0,0,0,0,0,0,0,0,0,0,0,0,0,0,0,0,0,0,0
944,0,-98,0,0,-98,1,0,0,0,0,-98,-98,0,-98,-98,-98,-98,-98,-98,-98,-98,-98
945,0,1,0,0,-98,1,-98,-98,0,0,0,0,0,-98,-98,-98,-98,-98,-98,-98,-98,-98
946,-98,-98,-98,-98,-98,-98,-98,-98,-98,-98,-98,-98,-98,-98,-98,-98,-98,-98,-98,-98,-98,-98
947,1,0,0,0,0,-98,-98,-98,1,0,0,0,0,-98,-98,-98,-98,-98,-98,-98,-98,-98
948,0,0,0,0,0,0,0,0,0,0,1,1,0,-98,-98,-98,-98,-98,-98,-98,-98,-98
949,-98,-98,-98,-98,0,-98,0,0,1,0,0,0,1,0,0,1,0,0,0,0,0,0
950,-98,0,-98,-98,-98,-98,0,0,0,0,0,0,0,-98,-98,-98,-98,-98,-98,-98,-98,-98
951,0,0,0,0,0,-98,0,0,0,0,0,0,0,-98,-98,-98,-98,-98,-98,-98,-98,-98
952,0,-98,0,0,-98,-98,-98,-98,0,0,0,0,0,-98,-98,-98,-98,-98,-98,-98,-98,-98
953,0,0,0,0,0,-98,0,0,0,0,0,0,0,-98,-98,-98,-98,-98,-98,-98,-98,-98
954,0,0,0,0,0,-98,0,0,0,0,0,0,0,-98,-98,-98,-98,-98,-98,-98,-98,-98
955,0,0,0,0,0,0,0,0,0,0,0,0,0,0,0,0,0,0,0,0,0,0
956,0,1,0,0,0,1,0,1,1,0,0,0,0,-98,-98,-98,-98,-98,-98,-98,-98,-98
957,0,0,0,0,-98,0,0,0,0,0,0,0,0,-98,-98,-98,-98,-98,-98,-98,-98,-98
958,0,0,1,0,0,1,0,0,0,0,0,0,0,-98,-98,-98,-98,-98,-98,-98,-98,-98
959,0,0,1,0,0,0,0,0,1,0,1,1,0,-98,-98,-98,-98,-98,-98,-98,-98,-98
960,0,0,0,0,0,-98,0,0,1,0,1,1,0,-98,-98,-98,-98,-98,-98,-98,-98,-98
961,0,0,0,0,-98,0,0,0,1,0,0,0,1,-98,-98,-98,-98,-98,-98,-98,-98,-98
962,0,0,0,0,-98,0,0,0,0,0,0,0,0,-98,-98,-98,-98,-98,-98,-98,-98,-98
963,0,0,0,0,0,0,1,1,1,1,1,1,0,-98,-98,-98,-98,-98,-98,-98,-98,-98
964,0,0,0,0,0,-98,0,0,0,0,0,0,1,-98,-98,-98,-98,-98,-98,-98,-98,-98
965,0,0,0,0,0,-98,0,0,0,0,0,0,0,-98,-98,-98,-98,-98,-98,-98,-98,-98
966,0,0,0,0,-98,-98,0,0,0,0,0,0,0,-98,-98,-98,-98,-98,-98,-98,-98,-98
967,0,0,0,0,0,-98,0,0,1,0,0,0,1,0,0,1,0,0,0,0,0,0
968,0,-98,1,1,0,-98,0,0,0,0,0,0,0,-98,-98,-98,-98,-98,-98,-98,-98,-98
969,0,0,0,0,0,-98,0,0,0,0,0,1,0,-98,-98,-98,-98,-98,-98,-98,-98,-98
970,0,0,0,0,0,0,0,0,0,0,0,0,1,-98,-98,-98,-98,-98,-98,-98,-98,-98
971,0,0,1,0,0,0,0,0,0,0,0,0,-98,0,0,0,0,0,0,0,0,0
972,1,0,0,0,0,1,0,0,1,0,1,0,0,0,0,0,0,0,0,0,0,0
973,0,0,0,0,0,1,0,0,0,0,0,1,1,-98,-98,-98,-98,-98,-98,-98,-98,-98
974,0,1,1,1,0,0,0,0,0,0,0,0,0,-98,-98,-98,-98,-98,-98,-98,-98,-98
975,0,0,0,0,0,-98,0,0,1,0,1,1,0,-98,-98,-98,-98,-98,-98,-98,-98,-98
976,0,-98,0,0,0,1,0,0,1,1,0,0,0,-98,-98,-98,-98,-98,-98,-98,-98,-98
977,0,0,0,0,-98,1,-98,-98,0,0,0,0,-98,-98,-98,-98,-98,-98,-98,-98,-98,-98
978,1,0,0,0,0,0,0,0,1,0,0,0,0,-98,-98,-98,-98,-98,-98,-98,-98,-98
979,0,0,0,0,-98,0,-98,-98,0,0,-98,-98,1,-98,-98,-98,-98,-98,-98,-98,-98,-98
980,0,0,-98,-98,-98,-98,1,1,0,0,0,0,0,-98,-98,-98,-98,-98,-98,-98,-98,-98
981,0,0,0,0,0,-98,0,0,0,0,0,0,0,-98,-98,-98,-98,-98,-98,-98,-98,-98
982,0,1,0,0,0,0,0,0,0,0,0,0,0,0,0,0,0,0,0,0,0,0
983,1,0,1,0,0,1,0,0,1,0,0,0,1,-98,-98,-98,-98,-98,-98,-98,-98,-98
984,1,0,0,0,0,0,0,0,0,0,0,0,0,-98,-98,-98,-98,-98,-98,-98,-98,-98
985,0,-98,0,0,-98,0,0,0,1,1,-98,-98,0,0,0,0,0,0,0,0,1,0
986,0,0,0,0,0,-98,0,0,0,0,1,1,0,-98,-98,-98,-98,-98,-98,-98,-98,-98
987,1,0,0,0,0,0,0,0,0,0,0,0,0,0,0,0,0,0,0,0,0,0
988,0,1,0,0,0,-98,-98,-98,0,0,0,0,1,-98,-98,-98,-98,-98,-98,-98,-98,-98
989,-98,0,0,0,0,-98,0,0,1,0,0,0,0,-98,-98,-98,-98,-98,-98,-98,-98,-98
990,-98,0,0,0,0,0,0,0,0,0,0,0,0,0,0,0,0,0,0,0,0,0
991,0,0,0,0,0,0,0,1,0,0,0,0,0,-98,-98,-98,-98,-98,-98,-98,-98,-98
992,0,0,0,0,0,1,0,0,1,0,1,1,0,-98,-98,-98,-98,-98,-98,-98,-98,-98
993,0,0,0,0,0,0,0,0,0,0,1,1,1,0,0,0,0,0,0,0,0,0
994,0,0,0,0,0,1,0,0,0,0,0,0,0,-98,-98,-98,-98,-98,-98,-98,-98,-98
995,1,1,0,0,0,1,0,0,0,0,0,0,0,-98,-98,-98,-98,-98,-98,-98,-98,-98
996,0,0,1,1,0,0,0,0,0,0,1,0,1,-98,-98,-98,-98,-98,-98,-98,-98,-98
997,0,1,0,1,0,-98,0,0,0,0,0,0,0,-98,-98,-98,-98,-98,-98,-98,-98,-98
998,0,0,0,0,0,0,-98,-98,0,0,0,0,0,-98,-98,-98,-98,-98,-98,-98,-98,-98
999,1,-98,0,0,-98,-98,-98,-98,0,0,0,0,0,-98,-98,-98,-98,-98,-98,-98,-98,-98
1000,1,0,0,0,0,1,0,0,1,0,0,0,0,-98,-98,-98,-98,-98,-98,-98,-98,-98
1001,0,0,0,0,0,0,0,0,0,0,0,0,0,0,0,0,0,0,0,0,0,0
1002,0,0,0,0,0,-98,0,0,0,0,0,0,1,-98,-98,-98,-98,-98,-98,-98,-98,-98
1003,0,0,0,0,0,0,0,0,0,0,0,0,0,-98,-98,-98,-98,-98,-98,-98,-98,-98
1004,0,0,0,0,0,0,0,0,0,0,1,1,0,0,0,0,0,0,0,0,1,0
1005,1,1,0,0,0,1,0,0,0,1,0,0,0,-98,-98,-98,-98,-98,-98,-98,-98,-98
1006,0,0,0,1,-98,0,0,1,0,0,-98,-98,1,0,0,0,0,0,0,0,1,0
1007,1,0,1,0,0,1,0,0,1,0,1,0,0,0,0,0,0,0,0,0,0,0
1008,1,0,0,0,0,-98,0,0,1,1,0,0,0,-98,-98,-98,-98,-98,-98,-98,-98,-98
1009,0,0,0,0,0,0,0,0,0,0,0,0,1,-98,-98,-98,-98,-98,-98,-98,-98,-98
1010,0,0,0,0,-98,0,0,0,0,0,0,0,0,-98,-98,-98,-98,-98,-98,-98,-98,-98
1011,-98,-98,-98,-98,-98,-98,-98,-98,-98,-98,-98,-98,-98,-98,-98,-98,-98,-98,-98,-98,-98,-98
1012,0,0,-98,-98,-98,-98,0,0,1,0,1,0,0,0,0,0,0,0,0,0,1,0
1013,1,0,0,0,0,1,0,0,0,0,1,1,1,-98,-98,-98,-98,-98,-98,-98,-98,-98
1014,1,0,1,0,0,1,0,0,1,0,1,0,0,-98,-98,-98,-98,-98,-98,-98,-98,-98
1015,1,1,0,0,0,0,0,0,1,0,0,0,1,-98,-98,-98,-98,-98,-98,-98,-98,-98
1016,0,0,0,1,0,0,1,1,0,0,0,0,0,0,0,0,1,0,0,0,0,0
1017,1,0,1,1,0,1,0,0,1,0,0,0,1,-98,-98,-98,-98,-98,-98,-98,-98,-98
1018,1,0,0,0,0,1,0,0,0,0,0,0,1,-98,-98,-98,-98,-98,-98,-98,-98,-98
1019,0,0,0,0,0,0,0,0,0,0,0,0,0,-98,-98,-98,-98,-98,-98,-98,-98,-98
1020,1,0,0,0,0,-98,0,0,0,0,0,0,0,-98,-98,-98,-98,-98,-98,-98,-98,-98
1021,-98,-98,-98,-98,-98,-98,-98,-98,0,0,-98,-98,-98,-98,-98,-98,-98,-98,-98,-98,-98,-98
1022,0,1,1,0,0,1,0,0,0,0,0,0,0,-98,-98,-98,-98,-98,-98,-98,-98,-98
1023,0,-98,0,0,-98,-98,0,0,0,0,1,1,0,0,0,0,1,0,0,0,0,0
1024,0,1,0,0,0,1,0,0,0,0,0,0,1,-98,-98,-98,-98,-98,-98,-98,-98,-98
1025,0,0,0,0,0,0,0,0,1,0,1,0,0,-98,-98,-98,-98,-98,-98,-98,-98,-98
1026,0,0,1,0,-98,-98,-98,-98,0,0,0,0,0,-98,-98,-98,-98,-98,-98,-98,-98,-98
1027,0,0,0,0,0,1,0,0,0,0,0,0,0,-98,-98,-98,-98,-98,-98,-98,-98,-98
1028,0,0,0,0,0,0,0,0,1,0,1,0,0,0,0,0,0,0,0,0,1,0
1029,0,0,0,0,0,0,0,0,1,0,1,0,0,-98,-98,-98,-98,-98,-98,-98,-98,-98
1030,0,0,0,0,0,0,0,0,1,0,0,0,0,0,0,0,0,0,0,0,1,0
1031,0,0,0,0,0,-98,0,0,1,0,0,0,1,-98,-98,-98,-98,-98,-98,-98,-98,-98
1032,1,0,0,0,-98,1,1,0,1,0,1,0,0,-98,-98,-98,-98,-98,-98,-98,-98,-98
1033,0,0,0,0,0,0,0,0,1,0,0,0,1,-98,-98,-98,-98,-98,-98,-98,-98,-98
1034,0,0,-97,0,-98,1,0,0,0,0,1,1,0,-98,-98,-98,-98,-98,-98,-98,-98,-98
1035,1,0,0,0,0,0,0,0,0,0,0,0,0,-98,-98,-98,-98,-98,-98,-98,-98,-98
1036,0,0,0,0,0,0,0,0,0,0,0,0,0,-98,-98,-98,-98,-98,-98,-98,-98,-98
1037,1,1,1,0,0,1,0,0,1,0,0,0,1,-98,-98,-98,-98,-98,-98,-98,-98,-98
1038,0,1,0,0,-98,1,0,0,0,0,-98,-98,1,-98,-98,-98,-98,-98,-98,-98,-98,-98
1039,1,1,1,1,0,0,0,0,0,0,0,0,0,-98,-98,-98,-98,-98,-98,-98,-98,-98
1040,1,0,0,0,0,1,0,0,0,0,0,0,0,-98,-98,-98,-98,-98,-98,-98,-98,-98
1041,0,0,0,0,-98,-98,0,0,0,0,0,0,0,0,0,0,0,0,0,0,0,1
1042,0,-98,-98,-98,-98,-98,0,0,0,0,0,0,1,-98,-98,-98,-98,-98,-98,-98,-98,-98
1043,0,-98,0,0,-98,-98,1,1,0,0,0,0,1,-98,-98,-98,-98,-98,-98,-98,-98,-98
1044,0,-98,-98,-98,-98,-98,0,0,0,0,0,0,0,-98,-98,-98,-98,-98,-98,-98,-98,-98
1045,0,1,1,0,0,1,0,0,0,0,0,0,0,-98,-98,-98,-98,-98,-98,-98,-98,-98
1046,0,0,1,0,0,0,0,0,1,1,0,0,1,-98,-98,-98,-98,-98,-98,-98,-98,-98
1047,0,0,-98,-98,0,-98,0,0,0,0,0,0,0,-98,-98,-98,-98,-98,-98,-98,-98,-98
1048,1,1,1,1,0,-98,0,0,0,0,0,0,1,-98,-98,-98,-98,-98,-98,-98,-98,-98
1049,0,0,0,0,0,0,0,0,1,0,1,0,1,-98,-98,-98,-98,-98,-98,-98,-98,-98
1050,0,0,0,0,0,-98,0,0,0,0,1,0,0,-98,-98,-98,-98,-98,-98,-98,-98,-98
1051,0,0,0,0,0,0,0,0,0,0,0,0,0,-98,-98,-98,-98,-98,-98,-98,-98,-98
1052,0,-98,-98,-98,-98,-98,-98,-98,0,0,0,0,0,-98,-98,-98,-98,-98,-98,-98,-98,-98
1053,0,0,0,0,0,0,-98,-98,0,0,0,0,0,-98,-98,-98,-98,-98,-98,-98,-98,-98
1054,0,0,0,1,0,-98,0,0,0,0,0,0,0,-98,-98,-98,-98,-98,-98,-98,-98,-98
1055,1,0,0,0,0,-98,0,0,0,0,0,0,0,-98,-98,-98,-98,-98,-98,-98,-98,-98
1056,0,0,0,0,0,0,1,1,0,0,0,1,0,-98,-98,-98,-98,-98,-98,-98,-98,-98
1057,0,0,0,0,0,0,0,0,0,0,0,0,0,-98,-98,-98,-98,-98,-98,-98,-98,-98
1058,0,0,0,0,0,-98,0,0,0,0,0,0,1,-98,-98,-98,-98,-98,-98,-98,-98,-98
1059,0,0,0,0,0,1,0,0,1,1,0,0,0,-98,-98,-98,-98,-98,-98,-98,-98,-98
1060,0,0,0,0,-98,-98,0,0,0,0,0,0,0,-98,-98,-98,-98,-98,-98,-98,-98,-98
1061,0,0,0,0,-98,-98,0,0,1,1,0,0,1,-98,-98,-98,-98,-98,-98,-98,-98,-98
1062,0,0,0,0,0,0,0,0,0,0,0,0,0,-98,-98,-98,-98,-98,-98,-98,-98,-98
1063,0,0,0,0,0,1,0,0,0,0,0,0,1,-98,-98,-98,-98,-98,-98,-98,-98,-98
1064,0,0,0,0,0,-98,1,1,1,0,0,0,1,-98,-98,-98,-98,-98,-98,-98,-98,-98
1065,0,0,0,0,-98,-98,0,0,0,0,0,0,0,-98,-98,-98,-98,-98,-98,-98,-98,-98
1066,0,0,0,0,0,1,0,0,0,0,1,1,0,-98,-98,-98,-98,-98,-98,-98,-98,-98
1067,0,0,0,0,0,0,0,0,0,0,0,1,1,-98,-98,-98,-98,-98,-98,-98,-98,-98
1068,0,0,0,0,0,0,0,0,0,0,0,0,0,-98,-98,-98,-98,-98,-98,-98,-98,-98
1069,0,0,-98,-98,-98,-98,-98,-98,0,0,-98,-98,0,-98,-98,-98,-98,-98,-98,-98,-98,-98
1070,0,0,0,0,0,0,0,0,0,1,1,0,1,-98,-98,-98,-98,-98,-98,-98,-98,-98
1071,0,0,0,0,0,-98,0,0,0,0,0,0,0,-98,-98,-98,-98,-98,-98,-98,-98,-98
1072,-98,0,0,0,-98,-98,0,0,0,0,0,0,0,-98,-98,-98,-98,-98,-98,-98,-98,-98
1073,0,0,0,0,-98,1,0,0,1,0,0,0,1,-98,-98,-98,-98,-98,-98,-98,-98,-98
1074,0,0,0,0,-98,-98,0,0,0,0,-98,-98,1,-98,-98,-98,-98,-98,-98,-98,-98,-98
1075,0,0,0,0,0,0,-98,-98,1,1,0,0,0,-98,-98,-98,-98,-98,-98,-98,-98,-98
1076,0,0,0,0,-98,-98,0,0,0,0,1,1,0,0,0,0,0,0,0,0,0,0
1077,0,0,0,0,0,-98,0,0,1,0,0,0,0,0,0,1,0,0,0,0,1,0
1078,-98,0,-98,-98,-98,-98,0,0,1,0,0,0,0,0,0,0,0,0,0,0,0,0
1079,0,-98,0,0,0,0,0,0,0,0,0,0,0,0,0,0,0,0,0,0,1,0
1080,0,0,0,0,0,-98,-98,-98,0,0,0,0,0,-98,-98,-98,-98,-98,-98,-98,-98,-98
1081,-98,-98,-98,-98,-98,-98,-98,-98,0,0,0,0,0,-98,-98,-98,-98,-98,-98,-98,-98,-98
1082,1,0,1,0,0,0,0,0,0,0,0,0,0,-98,-98,-98,-98,-98,-98,-98,-98,-98
1083,0,0,0,0,0,-98,-98,-98,0,0,1,1,0,-98,-98,-98,-98,-98,-98,-98,-98,-98
1084,0,0,0,0,0,-98,0,0,0,0,0,0,0,-98,-98,-98,-98,-98,-98,-98,-98,-98
1085,0,1,1,0,0,-98,0,0,0,0,0,0,0,0,0,0,0,0,0,0,0,0
1086,0,0,-98,-98,0,-98,0,0,0,0,0,0,0,0,0,0,0,0,0,0,0,0
1087,0,0,-98,-98,0,-98,0,0,0,0,0,0,0,0,0,0,1,0,0,0,0,0
1088,-98,-98,-98,-98,-98,-98,0,0,1,0,1,1,0,-98,-98,-98,-98,-98,-98,-98,-98,-98
1089,1,1,1,0,0,0,0,0,1,0,0,0,0,-98,-98,-98,-98,-98,-98,-98,-98,-98
1090,0,0,-98,-98,-98,-98,-98,-98,1,0,1,1,0,0,0,0,0,0,0,0,1,0
1091,1,0,1,1,0,-98,0,0,1,0,1,1,1,-98,-98,-98,-98,-98,-98,-98,-98,-98
1092,-98,0,0,0,-98,-98,0,0,0,0,-98,-98,0,-98,-98,-98,-98,-98,-98,-98,-98,-98
1093,1,0,0,0,0,-98,0,0,0,0,1,1,1,0,0,0,0,0,0,0,0,0
1094,1,0,0,0,0,0,0,0,1,0,0,0,0,-98,-98,-98,-98,-98,-98,-98,-98,-98
1095,-98,-98,-98,-98,-98,-98,-98,-98,-98,-98,-98,-98,0,-98,-98,-98,-98,-98,-98,-98,-98,-98
1096,0,0,-98,-98,-98,-98,-98,-98,0,0,0,0,0,-98,-98,-98,-98,-98,-98,-98,-98,-98
1097,0,0,0,1,0,1,0,0,1,1,0,0,0,-98,-98,-98,-98,-98,-98,-98,-98,-98
1098,0,-98,-98,-98,0,-98,-98,-98,1,0,0,0,1,-98,-98,-98,-98,-98,-98,-98,-98,-98
1099,-98,0,0,0,-98,-98,0,0,0,0,-98,-98,0,-98,-98,-98,-98,-98,-98,-98,-98,-98
1100,0,0,0,0,0,0,1,1,0,0,0,0,1,0,0,1,0,0,0,0,0,0
1101,0,0,0,0,0,-98,0,0,0,0,0,0,0,0,0,0,0,0,0,0,0,0
1102,1,0,0,0,0,-98,1,1,0,0,1,1,1,-98,-98,-98,-98,-98,-98,-98,-98,-98
1103,1,0,0,0,0,1,0,0,1,0,0,0,0,-98,-98,-98,-98,-98,-98,-98,-98,-98
1104,1,1,1,1,-98,1,0,0,0,0,0,0,0,-98,-98,-98,-98,-98,-98,-98,-98,-98
1105,0,0,0,0,0,0,0,0,0,0,0,0,0,-98,-98,-98,-98,-98,-98,-98,-98,-98
1106,0,0,0,0,-98,-98,0,0,0,0,0,0,0,-98,-98,-98,-98,-98,-98,-98,-98,-98
1107,0,-98,0,0,-98,-98,0,0,0,0,-98,-98,0,-98,-98,-98,-98,-98,-98,-98,-98,-98
1108,0,1,0,0,0,-98,-98,-98,0,0,0,0,0,-98,-98,-98,-98,-98,-98,-98,-98,-98
1109,-98,-98,-98,-98,-98,-98,-98,-98,1,0,0,0,0,-98,-98,-98,-98,-98,-98,-98,-98,-98
1110,-98,0,0,0,-98,-98,0,0,0,0,0,0,0,-98,-98,-98,-98,-98,-98,-98,-98,-98
1111,0,0,1,1,0,0,1,1,1,0,1,1,1,0,0,1,1,0,0,0,0,0
1112,1,1,1,1,0,0,0,0,1,0,1,1,1,0,0,1,0,0,0,0,0,0
1113,0,0,1,0,0,0,0,0,1,0,0,0,0,-98,-98,-98,-98,-98,-98,-98,-98,-98
1114,0,0,0,0,-98,-98,0,0,0,0,0,0,0,0,0,0,0,0,0,0,1,1
1115,1,0,1,1,0,0,0,0,1,1,0,0,0,-98,-98,-98,-98,-98,-98,-98,-98,-98
1116,1,0,0,0,0,1,-98,-98,0,0,0,0,0,-98,-98,-98,-98,-98,-98,-98,-98,-98
1117,0,0,0,0,-98,0,0,0,0,0,-98,-98,0,-98,-98,-98,-98,-98,-98,-98,-98,-98
1118,0,0,0,0,0,1,0,0,0,0,0,0,0,-98,-98,-98,-98,-98,-98,-98,-98,-98
1119,0,0,0,0,0,-98,0,0,0,0,0,0,0,-98,-98,-98,-98,-98,-98,-98,-98,-98
1120,1,0,0,0,0,0,0,0,1,0,0,1,0,-98,-98,-98,-98,-98,-98,-98,-98,-98
1121,1,0,0,0,0,-98,0,0,0,0,1,0,0,-98,-98,-98,-98,-98,-98,-98,-98,-98
1122,0,0,0,0,-98,-98,0,0,0,0,0,0,0,-98,-98,-98,-98,-98,-98,-98,-98,-98
1123,0,0,0,0,0,-98,0,0,0,0,0,0,0,0,0,0,0,0,0,0,0,0
1124,0,0,0,0,-98,-98,0,0,0,0,1,1,1,-98,-98,-98,-98,-98,-98,-98,-98,-98
1125,1,1,1,1,0,0,0,0,0,0,0,0,0,-98,-98,-98,-98,-98,-98,-98,-98,-98
1126,0,0,0,0,0,0,0,0,1,0,0,0,0,0,0,0,0,0,0,0,0,0
1127,1,1,0,0,0,1,0,0,0,0,0,0,0,-98,-98,-98,-98,-98,-98,-98,-98,-98
1128,1,0,0,0,0,-98,0,0,1,0,0,0,1,-98,-98,-98,-98,-98,-98,-98,-98,-98
1129,0,0,0,0,0,0,0,0,0,0,1,1,0,-98,-98,-98,-98,-98,-98,-98,-98,-98
1130,0,1,1,1,0,1,1,1,0,0,0,1,0,-98,-98,-98,-98,-98,-98,-98,-98,-98
1131,0,0,0,0,0,0,0,0,0,0,-98,-98,1,-98,-98,-98,-98,-98,-98,-98,-98,-98
1132,1,1,0,0,0,-98,0,0,1,0,0,1,1,0,0,0,0,0,0,0,0,0
1133,0,-98,0,0,-98,-98,0,0,0,0,0,0,0,-98,-98,-98,-98,-98,-98,-98,-98,-98
1134,1,0,0,0,0,0,0,0,0,0,1,1,0,-98,-98,-98,-98,-98,-98,-98,-98,-98
1135,0,0,0,0,-98,0,-98,-98,0,0,1,0,0,0,0,0,0,0,0,0,1,0
1136,0,-98,0,0,0,0,0,0,0,0,0,0,-98,-98,-98,-98,-98,-98,-98,-98,-98,-98
1137,0,0,0,0,0,0,-98,-98,0,0,0,0,0,-98,-98,-98,-98,-98,-98,-98,-98,-98
1138,1,0,0,0,0,0,0,0,0,0,0,0,0,-98,-98,-98,-98,-98,-98,-98,-98,-98
1139,-98,0,-98,-98,-98,-98,-98,-98,0,0,0,0,0,0,0,0,0,0,0,1,0,0
1140,0,-98,0,0,0,0,0,0,0,0,1,1,0,-98,-98,-98,-98,-98,-98,-98,-98,-98
1141,0,0,0,0,0,0,0,0,0,0,0,0,0,-98,-98,-98,-98,-98,-98,-98,-98,-98
1142,0,0,0,0,0,-98,0,0,1,0,0,0,0,-98,-98,-98,-98,-98,-98,-98,-98,-98
1143,0,0,0,0,-98,-98,0,0,0,0,0,0,1,-98,-98,-98,-98,-98,-98,-98,-98,-98
1144,0,0,-98,-98,-98,-98,0,0,1,0,0,1,0,-98,-98,-98,-98,-98,-98,-98,-98,-98
1145,0,-98,-98,-98,-98,-98,-98,-98,0,0,0,0,0,0,0,0,0,0,0,0,0,0
1146,0,0,0,0,0,0,0,0,0,0,0,0,0,0,0,0,0,0,0,0,0,0
1147,0,0,0,0,-98,-98,1,1,0,0,-98,-98,0,-98,-98,-98,-98,-98,-98,-98,-98,-98
1148,0,0,0,0,-98,-98,0,0,0,0,0,0,1,-98,-98,-98,-98,-98,-98,-98,-98,-98
1149,0,0,0,0,-98,0,-98,-98,0,0,-98,-98,-98,-98,-98,-98,-98,-98,-98,-98,-98,-98
1150,0,-98,0,0,-98,-98,0,0,0,0,0,0,0,-98,-98,-98,-98,-98,-98,-98,-98,-98
1151,-98,-98,-98,-98,-98,-98,0,0,0,0,-98,-98,1,0,0,0,0,0,0,0,1,0
1152,0,0,-98,-98,0,0,0,0,0,0,0,0,0,0,0,0,0,0,0,0,1,0
1153,-98,-98,-98,-98,-98,-98,-98,-98,0,0,0,0,0,0,0,0,0,0,0,0,0,0
1154,0,0,0,0,0,0,0,0,1,0,0,0,1,-98,-98,-98,-98,-98,-98,-98,-98,-98
1155,0,0,0,0,0,1,0,0,0,0,0,0,0,-98,-98,-98,-98,-98,-98,-98,-98,-98
1156,1,1,1,0,0,0,0,0,1,0,0,0,0,-98,-98,-98,-98,-98,-98,-98,-98,-98
1157,1,0,0,0,0,0,0,1,0,0,1,1,0,-98,-98,-98,-98,-98,-98,-98,-98,-98
1158,1,1,0,0,0,1,0,0,0,0,0,0,0,-98,-98,-98,-98,-98,-98,-98,-98,-98
1159,0,0,0,0,0,1,0,0,0,0,0,0,0,-98,-98,-98,-98,-98,-98,-98,-98,-98
1160,0,0,0,0,0,1,0,0,1,0,0,0,0,-98,-98,-98,-98,-98,-98,-98,-98,-98
1161,0,0,0,0,-98,0,0,0,1,0,1,0,1,-98,-98,-98,-98,-98,-98,-98,-98,-98
1162,1,0,0,0,0,0,0,0,0,0,0,0,0,-98,-98,-98,-98,-98,-98,-98,-98,-98
1163,1,-98,-98,-98,-98,-98,0,0,0,0,0,0,0,-98,-98,-98,-98,-98,-98,-98,-98,-98
1164,0,0,0,0,0,-98,0,0,0,0,0,0,0,-98,-98,-98,-98,-98,-98,-98,-98,-98
1165,0,0,0,0,0,0,0,0,0,0,0,0,0,-98,-98,-98,-98,-98,-98,-98,-98,-98
1166,0,0,0,0,0,1,0,0,0,0,0,0,0,-98,-98,-98,-98,-98,-98,-98,-98,-98
1167,0,0,0,0,0,-98,0,0,0,0,0,0,0,-98,-98,-98,-98,-98,-98,-98,-98,-98
1168,1,0,0,0,0,0,0,0,1,0,0,0,1,0,0,0,0,0,0,0,0,0
1169,-98,0,-98,-98,-98,0,0,0,0,0,0,0,0,-98,-98,-98,-98,-98,-98,-98,-98,-98
1170,0,0,0,0,-98,0,0,0,0,0,0,0,1,-98,-98,-98,-98,-98,-98,-98,-98,-98
1171,0,0,-98,-98,-98,0,-98,-98,0,0,0,0,0,-98,-98,-98,-98,-98,-98,-98,-98,-98
1172,0,0,0,0,0,0,0,0,0,0,0,0,0,-98,-98,-98,-98,-98,-98,-98,-98,-98
1173,0,0,0,0,0,-98,0,0,0,0,0,0,0,-98,-98,-98,-98,-98,-98,-98,-98,-98
1174,0,0,1,0,0,-98,0,0,0,0,0,0,0,0,0,0,0,0,0,0,0,0
1175,-98,0,0,0,-98,-98,0,0,0,0,0,0,0,-98,-98,-98,-98,-98,-98,-98,-98,-98
1176,0,0,0,0,-98,-98,0,0,0,0,0,0,0,-98,-98,-98,-98,-98,-98,-98,-98,-98
1177,0,0,0,0,0,0,0,0,1,0,1,0,0,0,0,0,0,0,0,0,0,0
1178,0,0,0,0,0,-98,0,0,0,0,0,0,0,0,0,0,0,0,0,0,0,0
1179,0,0,0,0,0,0,0,0,0,0,0,0,0,-98,-98,-98,-98,-98,-98,-98,-98,-98
1180,0,0,0,0,0,0,1,1,0,0,0,0,1,-98,-98,-98,-98,-98,-98,-98,-98,-98
1181,0,0,-98,-98,0,0,0,0,0,0,0,1,0,0,0,0,0,0,0,0,0,0
1182,-98,0,0,0,-98,0,-98,-98,1,1,1,1,0,-98,-98,-98,-98,-98,-98,-98,-98,-98
1183,0,0,0,0,0,-98,0,0,0,0,0,0,0,-98,-98,-98,-98,-98,-98,-98,-98,-98
1184,0,0,-98,-98,-98,-98,-98,-98,1,0,0,0,-98,-98,-98,-98,-98,-98,-98,-98,-98,-98
1185,0,0,0,0,-98,0,0,0,0,0,-98,-98,0,-98,-98,-98,-98,-98,-98,-98,-98,-98
1186,-98,0,0,0,-98,-98,0,0,0,0,0,0,0,-98,-98,-98,-98,-98,-98,-98,-98,-98
1187,0,0,1,1,0,1,0,0,1,0,0,0,0,-98,-98,-98,-98,-98,-98,-98,-98,-98
1188,0,0,0,0,0,1,0,0,0,0,1,0,1,-98,-98,-98,-98,-98,-98,-98,-98,-98
1189,1,1,1,0,0,-98,0,0,0,0,0,0,0,-98,-98,-98,-98,-98,-98,-98,-98,-98
1190,0,0,0,0,0,0,-98,-98,0,0,0,0,0,0,0,1,0,0,0,0,0,0
1191,0,0,0,0,0,0,0,0,0,0,0,0,0,-98,-98,-98,-98,-98,-98,-98,-98,-98
1192,1,0,0,0,0,1,0,0,1,0,0,0,1,-98,-98,-98,-98,-98,-98,-98,-98,-98
1193,0,0,1,0,0,1,0,0,0,0,0,0,0,-98,-98,-98,-98,-98,-98,-98,-98,-98
1194,-98,-98,-98,-98,0,-98,-98,-98,0,0,0,0,0,-98,-98,-98,-98,-98,-98,-98,-98,-98
1195,0,-98,0,0,0,0,0,0,0,0,0,0,0,-98,-98,-98,-98,-98,-98,-98,-98,-98
1196,-98,-98,0,0,-98,-98,0,0,0,0,0,0,0,-98,-98,-98,-98,-98,-98,-98,-98,-98
1197,0,0,0,0,0,-98,0,0,0,0,0,0,0,-98,-98,-98,-98,-98,-98,-98,-98,-98
1198,1,0,0,0,0,-98,0,0,1,0,0,0,0,-98,-98,-98,-98,-98,-98,-98,-98,-98
1199,-99,0,0,0,0,-98,0,0,-99,-99,0,0,0,-98,-98,-98,-98,-98,-98,-98,-98,-98
1200,0,0,0,0,0,1,0,0,0,0,1,0,1,0,0,0,1,0,0,0,0,0
1201,0,0,0,0,0,0,0,0,0,0,0,0,0,-98,-98,-98,-98,-98,-98,-98,-98,-98
1202,1,0,0,0,0,1,0,0,1,0,0,0,0,-98,-98,-98,-98,-98,-98,-98,-98,-98
1203,0,0,0,0,0,0,0,0,0,0,0,0,0,0,0,0,0,0,0,0,0,0
1204,0,1,1,1,0,1,0,0,0,0,0,0,1,-98,-98,-98,-98,-98,-98,-98,-98,-98
1205,0,0,0,0,0,-98,0,0,0,0,0,0,0,0,0,0,0,0,0,0,0,0
1206,0,0,0,0,-98,0,0,0,0,0,0,0,0,-98,-98,-98,-98,-98,-98,-98,-98,-98
1207,0,0,0,0,0,-98,-98,-98,1,0,0,0,0,-98,-98,-98,-98,-98,-98,-98,-98,-98
1208,0,0,0,0,0,-98,0,0,0,0,1,0,0,0,0,0,0,0,0,0,0,1
1209,-98,0,0,0,-98,0,0,0,0,0,0,0,0,-98,-98,-98,-98,-98,-98,-98,-98,-98
1210,0,0,0,0,0,-98,0,0,0,0,0,0,0,-98,-98,-98,-98,-98,-98,-98,-98,-98
1211,0,0,0,0,0,0,0,0,1,0,1,1,0,-98,-98,-98,-98,-98,-98,-98,-98,-98
1212,1,0,-98,-98,0,-98,0,0,0,0,1,1,0,-98,-98,-98,-98,-98,-98,-98,-98,-98
1213,0,0,-98,-98,0,-98,-98,-98,0,0,-98,-98,0,0,0,0,0,0,0,0,0,0
1214,0,0,0,0,0,0,1,1,0,0,1,1,0,-98,-98,-98,-98,-98,-98,-98,-98,-98
1215,0,0,0,0,0,1,0,0,0,0,0,0,1,0,0,0,0,0,0,0,0,0
1216,0,0,0,0,0,0,-98,-98,0,0,1,1,0,-98,-98,-98,-98,-98,-98,-98,-98,-98
1217,0,0,-98,-98,-98,-98,0,0,0,0,0,0,0,-98,-98,-98,-98,-98,-98,-98,-98,-98
1218,0,0,0,0,0,0,1,1,1,0,0,0,1,-98,-98,-98,-98,-98,-98,-98,-98,-98
1219,0,0,0,0,0,0,0,0,1,0,0,0,0,-98,-98,-98,-98,-98,-98,-98,-98,-98
1220,0,0,0,0,0,0,1,1,0,0,1,0,1,0,0,0,1,0,0,0,0,0
1221,0,1,1,1,0,-98,0,0,0,0,0,0,0,-98,-98,-98,-98,-98,-98,-98,-98,-98
1222,-98,-98,-98,-98,-98,-98,-98,-98,0,0,0,0,0,-98,-98,-98,-98,-98,-98,-98,-98,-98
1223,0,0,0,0,0,-98,0,0,0,0,0,0,1,0,0,0,0,0,0,0,1,0
1224,0,0,0,0,0,0,-98,-98,0,0,0,0,0,0,0,0,0,0,0,0,1,0
1225,1,0,0,0,0,-98,0,0,0,0,0,0,0,0,0,0,0,0,0,0,0,0
1226,0,0,0,0,0,0,0,0,0,0,0,0,0,-98,-98,-98,-98,-98,-98,-98,-98,-98
1227,1,0,0,0,0,-98,0,0,1,0,0,0,0,-98,-98,-98,-98,-98,-98,-98,-98,-98
1228,0,0,0,0,0,0,0,0,1,0,0,0,0,-98,-98,-98,-98,-98,-98,-98,-98,-98
1229,1,1,1,1,0,0,1,1,0,0,0,0,1,-98,-98,-98,-98,-98,-98,-98,-98,-98
1230,1,0,1,1,0,1,0,0,0,0,1,1,0,-98,-98,-98,-98,-98,-98,-98,-98,-98
1231,0,0,0,0,0,-98,0,0,1,0,0,0,1,-98,-98,-98,-98,-98,-98,-98,-98,-98
1232,0,0,0,0,0,0,0,0,0,0,0,0,0,-98,-98,-98,-98,-98,-98,-98,-98,-98
1233,0,0,0,0,0,-98,0,0,1,0,1,1,0,-98,-98,-98,-98,-98,-98,-98,-98,-98
1234,0,0,0,0,-98,-98,-98,-98,0,0,0,0,0,-98,-98,-98,-98,-98,-98,-98,-98,-98
1235,0,-98,0,0,0,-98,0,0,0,0,0,0,0,-98,-98,-98,-98,-98,-98,-98,-98,-98
1236,-98,-98,-98,-98,-98,-98,0,0,1,0,0,0,0,0,0,0,0,0,0,0,0,0
1237,-98,0,-98,-98,-98,1,-98,-98,0,0,-98,-98,0,-98,-98,-98,-98,-98,-98,-98,-98,-98
1238,1,0,0,0,0,0,0,0,1,0,0,0,1,-98,-98,-98,-98,-98,-98,-98,-98,-98
1239,1,0,0,0,0,1,0,0,0,0,0,0,1,0,0,0,1,0,0,0,0,0
1240,1,0,0,0,0,-98,0,0,0,0,0,0,0,-98,-98,-98,-98,-98,-98,-98,-98,-98
1241,0,0,0,0,0,-98,0,0,0,0,0,0,0,0,0,0,0,0,0,0,0,0
1242,-98,-98,-98,-98,-98,-98,0,0,1,0,-98,-98,0,-98,-98,-98,-98,-98,-98,-98,-98,-98
1243,0,0,0,0,0,0,0,0,0,0,1,0,0,-98,-98,-98,-98,-98,-98,-98,-98,-98
1244,0,0,0,0,0,1,0,0,0,0,0,0,0,0,0,0,0,0,0,0,0,0
1245,0,0,0,0,0,0,0,0,0,0,1,1,0,-98,-98,-98,-98,-98,-98,-98,-98,-98
1246,1,1,1,1,-98,1,0,0,1,0,-98,-98,-98,-98,-98,-98,-98,-98,-98,-98,-98,-98
1247,-98,-98,-98,-98,-98,-98,0,0,0,0,1,1,0,-98,-98,-98,-98,-98,-98,-98,-98,-98
1248,0,0,0,0,0,-98,0,0,1,0,0,0,0,-98,-98,-98,-98,-98,-98,-98,-98,-98
1249,1,0,1,0,0,-98,0,0,1,0,0,0,1,0,0,0,0,0,0,0,0,0
1250,1,0,1,0,0,1,0,0,1,0,0,0,0,-98,-98,-98,-98,-98,-98,-98,-98,-98
1251,-98,-98,-98,-98,-98,-98,-98,-98,0,0,1,0,0,0,0,0,0,0,0,0,0,0
1252,0,0,0,0,0,-98,0,0,1,0,0,0,0,-98,-98,-98,-98,-98,-98,-98,-98,-98
1253,0,0,0,0,0,0,0,0,0,0,0,0,1,-98,-98,-98,-98,-98,-98,-98,-98,-98
1254,0,0,0,0,-98,0,1,1,0,0,0,0,0,0,0,0,0,0,0,0,1,0
1255,1,0,0,0,0,0,0,0,1,0,1,1,0,-98,-98,-98,-98,-98,-98,-98,-98,-98
1256,-98,0,0,0,0,-98,1,1,0,0,0,0,0,-98,-98,-98,-98,-98,-98,-98,-98,-98
1257,1,0,0,0,0,0,0,0,0,0,0,0,1,-98,-98,-98,-98,-98,-98,-98,-98,-98
1258,0,0,0,0,0,-98,0,0,1,0,0,0,0,-98,-98,-98,-98,-98,-98,-98,-98,-98
1259,1,1,-97,-97,-97,1,0,0,0,0,0,0,0,-98,-98,-98,-98,-98,-98,-98,-98,-98
1260,0,0,-98,-98,-98,0,-98,-98,1,0,1,1,0,-98,-98,-98,-98,-98,-98,-98,-98,-98
1261,0,0,0,0,-98,-98,0,0,0,0,0,0,0,-98,-98,-98,-98,-98,-98,-98,-98,-98
1262,0,0,0,0,0,0,0,0,0,0,0,0,1,-98,-98,-98,-98,-98,-98,-98,-98,-98
1263,1,0,0,0,0,-98,0,0,0,0,0,0,0,-98,-98,-98,-98,-98,-98,-98,-98,-98
1264,0,-98,0,0,-98,-98,0,0,0,0,0,0,0,-98,-98,-98,-98,-98,-98,-98,-98,-98
1265,0,0,0,0,0,-98,-98,-98,0,0,0,0,0,-98,-98,-98,-98,-98,-98,-98,-98,-98
1266,0,0,0,0,0,0,0,0,0,0,-98,-98,0,0,0,1,0,0,0,0,0,0
1267,-98,0,0,0,0,-98,0,0,-98,-98,0,0,1,-98,-98,-98,-98,-98,-98,-98,-98,-98
1268,0,-98,0,0,-98,0,0,0,0,0,0,0,0,-98,-98,-98,-98,-98,-98,-98,-98,-98
1269,0,-98,-98,-98,-98,-98,0,0,0,0,0,0,0,0,0,0,0,0,0,0,0,0
1270,0,1,1,0,0,1,0,0,1,0,0,0,0,-98,-98,-98,-98,-98,-98,-98,-98,-98
1271,1,0,1,0,-98,-98,0,0,1,0,0,0,0,-98,-98,-98,-98,-98,-98,-98,-98,-98
1272,-98,-98,-98,-98,0,-98,-98,-98,0,0,1,0,0,0,0,0,0,0,0,0,0,0
1273,0,0,0,0,0,0,0,0,1,0,0,0,0,-98,-98,-98,-98,-98,-98,-98,-98,-98
1274,0,-98,-98,-98,-98,-98,-98,-98,0,0,-98,-98,-98,-98,-98,-98,-98,-98,-98,-98,-98,-98
1275,-98,0,0,0,0,-98,0,0,0,0,1,0,0,-98,-98,-98,-98,-98,-98,-98,-98,-98
1276,1,0,0,0,0,-98,0,0,1,0,0,0,0,-98,-98,-98,-98,-98,-98,-98,-98,-98
1277,-98,-98,-98,-98,-98,-98,-98,-98,0,0,0,0,0,-98,-98,-98,-98,-98,-98,-98,-98,-98
1278,-98,-98,-98,-98,-98,-98,-98,-98,0,0,0,0,0,0,0,0,0,0,0,0,1,0
1279,-98,0,-98,-98,-98,-98,-98,-98,1,0,-98,-98,0,-98,-98,-98,-98,-98,-98,-98,-98,-98
1280,1,0,0,0,0,1,0,0,1,0,0,0,0,-98,-98,-98,-98,-98,-98,-98,-98,-98
1281,0,-98,0,0,0,-98,0,0,1,1,0,0,1,-98,-98,-98,-98,-98,-98,-98,-98,-98
1282,1,1,0,0,0,-98,0,0,0,0,0,0,0,-98,-98,-98,-98,-98,-98,-98,-98,-98
1283,1,1,0,0,0,-98,0,0,0,0,1,0,0,-98,-98,-98,-98,-98,-98,-98,-98,-98
1284,0,0,0,0,0,0,0,0,0,0,0,0,0,-98,-98,-98,-98,-98,-98,-98,-98,-98
1285,1,0,1,1,0,0,0,0,0,0,0,0,1,-98,-98,-98,-98,-98,-98,-98,-98,-98
1286,0,0,0,0,0,0,0,0,1,1,0,0,0,-98,-98,-98,-98,-98,-98,-98,-98,-98
1287,0,0,0,0,0,1,0,0,1,0,1,1,0,-98,-98,-98,-98,-98,-98,-98,-98,-98
1288,0,0,0,0,0,0,0,0,1,1,0,0,1,-98,-98,-98,-98,-98,-98,-98,-98,-98
1289,0,0,0,0,0,0,0,0,0,0,0,0,0,-98,-98,-98,-98,-98,-98,-98,-98,-98
1290,0,0,0,0,-98,0,0,0,0,0,0,0,1,-98,-98,-98,-98,-98,-98,-98,-98,-98
1291,0,0,0,0,-98,-98,0,0,0,0,0,0,0,0,0,0,0,0,0,0,1,0
1292,1,0,0,0,0,0,0,0,1,0,1,0,0,0,0,0,0,0,0,0,1,0
1293,0,0,0,0,0,1,0,0,0,0,0,0,0,0,0,0,0,0,0,0,1,0
1294,0,0,0,0,0,0,0,0,0,0,0,0,0,0,0,0,0,0,0,0,0,0
1295,0,-98,0,0,-98,-98,0,0,1,1,0,0,1,-98,-98,-98,-98,-98,-98,-98,-98,-98
1296,0,0,1,0,0,-98,0,0,0,0,0,0,0,-98,-98,-98,-98,-98,-98,-98,-98,-98
1297,0,0,0,0,0,0,0,0,0,0,1,0,0,0,0,0,0,0,0,0,0,0
1298,0,0,0,0,0,0,0,0,1,0,0,0,0,0,0,0,1,0,0,0,1,0
1299,1,-98,0,0,-98,0,0,0,1,0,0,0,1,-98,-98,-98,-98,-98,-98,-98,-98,-98
1300,0,0,0,0,-98,-98,0,0,1,0,0,0,0,0,0,0,0,0,0,0,0,0
1301,-98,-98,-98,-98,-98,-98,-98,-98,0,0,-98,-98,-98,0,0,0,0,0,0,0,1,0
1302,0,1,0,0,0,-98,-98,-98,0,0,0,0,0,-98,-98,-98,-98,-98,-98,-98,-98,-98
1303,0,0,0,0,-98,-98,0,0,0,0,0,0,0,0,0,0,0,0,0,0,0,0
1304,0,0,0,0,-98,-98,0,0,0,0,0,0,1,-98,-98,-98,-98,-98,-98,-98,-98,-98
1305,1,0,0,0,0,0,0,0,0,0,0,0,0,0,0,0,0,0,0,0,0,0
1306,0,0,0,0,0,0,0,0,0,0,0,0,0,-98,-98,-98,-98,-98,-98,-98,-98,-98
1307,-98,-98,-98,-98,-98,-98,0,0,0,0,0,0,0,0,0,1,0,0,0,0,1,0
1308,-98,0,0,0,0,0,0,0,0,0,0,0,0,-98,-98,-98,-98,-98,-98,-98,-98,-98
1309,1,1,1,0,-97,0,0,0,0,0,0,0,0,-98,-98,-98,-98,-98,-98,-98,-98,-98
1310,1,0,0,0,0,0,0,0,0,0,0,0,0,-98,-98,-98,-98,-98,-98,-98,-98,-98
1311,0,0,0,0,-98,0,0,0,0,0,0,0,0,-98,-98,-98,-98,-98,-98,-98,-98,-98
1312,0,0,0,0,-98,-98,0,1,0,0,0,0,1,-98,-98,-98,-98,-98,-98,-98,-98,-98
1313,0,0,0,0,0,0,0,0,0,0,0,0,0,0,0,0,0,0,0,0,0,0
1314,0,1,0,0,0,1,0,0,0,0,0,0,0,-98,-98,-98,-98,-98,-98,-98,-98,-98
1315,0,-97,1,0,0,1,-98,-98,0,0,1,0,0,-98,-98,-98,-98,-98,-98,-98,-98,-98
1316,0,0,0,0,0,0,0,0,0,0,0,0,0,-98,-98,-98,-98,-98,-98,-98,-98,-98
1317,0,0,0,0,0,0,0,0,1,0,0,0,0,-98,-98,-98,-98,-98,-98,-98,-98,-98
1318,0,0,0,0,0,0,0,0,1,0,1,0,0,-98,-98,-98,-98,-98,-98,-98,-98,-98
1319,1,-97,0,0,0,0,0,0,0,0,0,0,0,-98,-98,-98,-98,-98,-98,-98,-98,-98
1320,0,0,0,0,-98,0,0,0,1,1,0,0,1,-98,-98,-98,-98,-98,-98,-98,-98,-98
1321,1,0,0,0,0,0,0,0,0,1,0,0,0,0,0,0,0,0,0,0,0,0
1322,1,0,1,0,0,0,0,0,1,0,0,0,0,0,0,0,0,0,0,0,0,0
1323,0,0,0,0,0,0,0,0,1,0,1,0,0,0,0,0,1,0,0,0,0,0
1324,0,-98,-98,-98,-98,-98,-98,-98,1,0,-98,-98,1,0,0,0,0,0,0,0,1,0
1325,0,0,0,0,0,0,0,1,0,0,0,0,0,0,0,0,0,0,0,0,1,0
1326,1,1,0,0,0,-98,0,0,0,0,1,1,1,-98,-98,-98,-98,-98,-98,-98,-98,-98
1327,0,0,1,1,0,0,0,0,0,0,0,0,1,-98,-98,-98,-98,-98,-98,-98,-98,-98
1328,0,0,1,1,0,0,0,0,1,0,0,0,0,-98,-98,-98,-98,-98,-98,-98,-98,-98
1329,1,1,0,0,0,1,0,0,0,0,0,0,0,-98,-98,-98,-98,-98,-98,-98,-98,-98
1330,0,0,0,0,0,-98,0,0,1,0,0,0,0,-98,-98,-98,-98,-98,-98,-98,-98,-98
1331,0,-98,0,0,0,-98,1,1,1,0,0,0,1,-98,-98,-98,-98,-98,-98,-98,-98,-98
1332,1,0,0,0,0,0,0,0,0,0,0,0,0,-98,-98,-98,-98,-98,-98,-98,-98,-98
1333,0,0,1,0,0,1,0,0,0,0,0,0,0,-98,-98,-98,-98,-98,-98,-98,-98,-98
1334,1,1,1,1,0,1,0,0,1,0,0,0,0,-98,-98,-98,-98,-98,-98,-98,-98,-98
1335,-98,0,0,0,0,0,0,0,1,0,1,1,0,-98,-98,-98,-98,-98,-98,-98,-98,-98
1336,0,0,0,0,-98,0,0,0,0,0,1,1,0,-98,-98,-98,-98,-98,-98,-98,-98,-98
1337,0,-98,0,0,0,-98,0,0,1,0,1,0,0,-98,-98,-98,-98,-98,-98,-98,-98,-98
1338,0,0,0,0,-98,-98,0,0,0,0,1,0,0,0,0,0,0,0,0,0,0,0
1339,1,0,0,0,0,-98,0,0,0,0,1,1,0,-98,-98,-98,-98,-98,-98,-98,-98,-98
1340,0,1,1,0,0,1,0,0,0,0,0,0,0,-98,-98,-98,-98,-98,-98,-98,-98,-98
1341,-98,0,0,0,0,-98,0,0,0,0,0,0,0,0,0,0,0,0,0,0,0,0
1342,0,0,0,0,0,0,-98,-98,1,0,0,0,1,-98,-98,-98,-98,-98,-98,-98,-98,-98
1343,1,0,1,0,0,1,0,0,0,0,1,0,0,-98,-98,-98,-98,-98,-98,-98,-98,-98
1344,0,0,0,0,-98,-98,0,0,0,0,0,0,0,0,0,0,0,0,0,0,0,0
1345,1,0,0,0,0,0,0,0,1,0,1,1,1,0,0,0,1,0,0,0,1,0
1346,0,0,-98,-98,-98,1,0,0,0,0,1,0,0,-98,-98,-98,-98,-98,-98,-98,-98,-98
1347,-98,0,0,0,-98,0,0,0,0,0,0,0,0,-98,-98,-98,-98,-98,-98,-98,-98,-98
1348,1,0,0,0,0,0,0,0,1,1,0,0,0,0,0,0,0,0,0,0,0,0
1349,-98,-98,-98,-98,-98,-98,-98,-98,0,0,-98,-98,-98,-98,-98,-98,-98,-98,-98,-98,-98,-98
1350,0,0,0,0,0,1,0,0,1,0,0,0,0,-98,-98,-98,-98,-98,-98,-98,-98,-98
1351,0,0,0,0,0,0,0,0,1,0,0,0,0,-98,-98,-98,-98,-98,-98,-98,-98,-98
1352,0,1,1,0,0,0,0,0,0,0,0,0,0,-98,-98,-98,-98,-98,-98,-98,-98,-98
1353,0,0,0,0,0,0,0,0,0,0,0,0,0,-98,-98,-98,-98,-98,-98,-98,-98,-98
1354,1,0,0,0,0,1,0,0,0,0,0,0,1,0,0,0,0,0,0,0,0,0
1355,0,0,0,0,0,0,0,0,1,1,0,0,1,-98,-98,-98,-98,-98,-98,-98,-98,-98
1356,0,-98,0,0,-98,-98,-98,-98,0,0,0,0,0,-98,-98,-98,-98,-98,-98,-98,-98,-98
1357,0,0,1,0,0,0,0,0,0,0,0,0,1,-98,-98,-98,-98,-98,-98,-98,-98,-98
1358,0,0,0,0,0,-98,0,0,0,0,0,0,0,0,0,0,0,0,0,0,1,0
1359,0,0,0,0,0,0,0,0,1,0,0,0,0,-98,-98,-98,-98,-98,-98,-98,-98,-98
1360,1,0,1,0,0,1,0,0,1,0,0,0,1,-98,-98,-98,-98,-98,-98,-98,-98,-98
1361,0,0,0,0,0,-98,0,0,0,0,0,0,0,-98,-98,-98,-98,-98,-98,-98,-98,-98
1362,1,1,0,0,1,0,1,1,0,0,0,0,0,0,0,0,0,0,0,0,0,0
1363,-98,-98,-98,-98,-98,-98,-98,-98,1,0,1,1,1,-98,-98,-98,-98,-98,-98,-98,-98,-98
1364,0,1,0,1,0,1,1,1,0,0,0,0,0,-98,-98,-98,-98,-98,-98,-98,-98,-98
1365,-98,0,0,0,0,1,0,0,1,0,1,1,0,-98,-98,-98,-98,-98,-98,-98,-98,-98
1366,0,0,0,0,-98,-98,0,0,0,0,0,0,1,-98,-98,-98,-98,-98,-98,-98,-98,-98
1367,0,0,0,0,0,0,0,0,0,0,0,0,0,-98,-98,-98,-98,-98,-98,-98,-98,-98
1368,1,1,1,1,0,0,0,0,0,0,0,0,0,-98,-98,-98,-98,-98,-98,-98,-98,-98
1369,0,0,0,0,0,0,0,0,0,0,0,0,0,-98,-98,-98,-98,-98,-98,-98,-98,-98
1370,1,0,1,1,0,1,0,0,0,0,0,0,1,-98,-98,-98,-98,-98,-98,-98,-98,-98
1371,0,0,0,0,0,-98,0,0,1,0,0,0,0,-98,-98,-98,-98,-98,-98,-98,-98,-98
1372,0,0,0,0,0,-98,-98,-98,0,0,1,1,0,-98,-98,-98,-98,-98,-98,-98,-98,-98
1373,0,0,0,1,0,0,0,0,1,1,0,0,1,-98,-98,-98,-98,-98,-98,-98,-98,-98
1374,1,0,0,0,0,0,1,1,0,0,0,0,0,-98,-98,-98,-98,-98,-98,-98,-98,-98
1375,0,1,1,1,0,1,0,0,0,0,0,0,0,-98,-98,-98,-98,-98,-98,-98,-98,-98
1376,0,-98,0,0,0,-98,0,0,0,0,0,0,0,0,0,0,0,0,0,0,0,0
1377,1,0,0,0,0,-98,0,0,0,0,1,1,0,-98,-98,-98,-98,-98,-98,-98,-98,-98
1378,0,0,0,0,0,-98,0,0,0,0,0,0,0,-98,-98,-98,-98,-98,-98,-98,-98,-98
1379,0,0,0,0,-98,-98,0,0,0,0,-98,-98,0,-98,-98,-98,-98,-98,-98,-98,-98,-98
1380,0,0,0,0,0,0,0,0,0,0,0,0,0,-98,-98,-98,-98,-98,-98,-98,-98,-98
1381,1,1,1,0,0,1,0,0,0,0,0,0,1,-98,-98,-98,-98,-98,-98,-98,-98,-98
1382,0,1,1,0,0,1,0,0,0,0,0,0,0,-98,-98,-98,-98,-98,-98,-98,-98,-98
1383,-98,-98,0,0,0,-98,0,0,0,0,0,0,0,-98,-98,-98,-98,-98,-98,-98,-98,-98
1384,0,0,0,0,0,0,0,0,1,0,0,0,0,-98,-98,-98,-98,-98,-98,-98,-98,-98
1385,0,0,1,0,-98,0,0,0,1,0,0,0,0,-98,-98,-98,-98,-98,-98,-98,-98,-98
1386,0,0,0,0,0,0,0,0,0,0,0,0,0,-98,-98,-98,-98,-98,-98,-98,-98,-98
1387,0,0,0,0,0,-98,0,0,1,0,0,0,-98,-98,-98,-98,-98,-98,-98,-98,-98,-98
1388,1,-97,0,0,0,1,0,0,0,0,1,1,0,-98,-98,-98,-98,-98,-98,-98,-98,-98
1389,0,1,1,0,0,0,0,0,0,0,0,0,1,-98,-98,-98,-98,-98,-98,-98,-98,-98
1390,1,1,0,0,0,-98,1,1,1,0,1,1,0,-98,-98,-98,-98,-98,-98,-98,-98,-98
1391,1,0,1,0,0,0,0,0,0,0,0,0,0,-98,-98,-98,-98,-98,-98,-98,-98,-98
1392,0,0,1,1,0,1,0,0,1,1,0,0,0,-98,-98,-98,-98,-98,-98,-98,-98,-98
1393,-98,-98,-98,-98,-98,-98,-98,-98,-98,-98,-98,-98,-98,-98,-98,-98,-98,-98,-98,-98,-98,-98
1394,-98,0,-98,-98,-98,-98,-98,-98,0,0,0,0,0,0,0,0,0,0,0,0,1,0
1395,0,0,-98,-98,-98,-98,0,0,0,0,0,0,0,-98,-98,-98,-98,-98,-98,-98,-98,-98
1396,0,-98,0,0,-98,-98,0,0,0,0,0,0,0,0,0,0,0,0,0,0,1,0
1397,1,1,0,0,0,1,0,0,1,0,0,0,0,-98,-98,-98,-98,-98,-98,-98,-98,-98
1398,-98,0,-98,-98,-98,-98,-98,-98,-98,-98,-98,-98,0,-98,-98,-98,-98,-98,-98,-98,-98,-98
1399,0,-98,0,0,-98,-98,-98,-98,0,0,0,0,0,-98,-98,-98,-98,-98,-98,-98,-98,-98
1400,0,0,0,0,-98,-98,-98,-98,1,0,1,1,0,0,0,0,0,1,0,0,0,0
1401,0,0,0,0,0,1,0,0,0,0,0,0,0,-98,-98,-98,-98,-98,-98,-98,-98,-98
1402,-98,0,0,0,0,-98,-98,-98,1,1,0,0,0,0,0,0,0,0,0,0,0,0
1403,0,0,0,0,0,-98,0,0,1,0,0,0,0,-98,-98,-98,-98,-98,-98,-98,-98,-98
1404,0,0,0,0,0,-98,0,0,0,0,1,1,1,0,0,1,0,0,0,0,0,0
1405,0,0,0,0,0,0,0,0,0,0,0,0,-98,0,0,0,0,0,0,0,0,0
1406,0,0,0,1,0,0,0,0,0,0,1,1,1,0,0,0,0,0,0,1,0,0
1407,1,0,0,0,0,0,0,0,1,0,0,0,0,-98,-98,-98,-98,-98,-98,-98,-98,-98
1408,0,0,0,0,0,0,0,0,0,0,0,1,1,-98,-98,-98,-98,-98,-98,-98,-98,-98
1409,-98,0,-98,-98,-98,-98,-98,-98,1,0,1,0,0,0,0,0,0,0,0,0,1,0
1410,0,0,0,0,0,0,0,0,0,0,0,0,0,-98,-98,-98,-98,-98,-98,-98,-98,-98
1411,-98,0,0,0,0,0,-98,-98,0,0,1,1,0,-98,-98,-98,-98,-98,-98,-98,-98,-98
1412,0,0,1,0,0,1,0,0,0,0,1,0,-97,-98,-98,-98,-98,-98,-98,-98,-98,-98
1413,0,0,0,0,0,-98,0,0,0,0,0,0,1,-98,-98,-98,-98,-98,-98,-98,-98,-98
1414,1,0,0,0,-98,-98,0,0,1,0,0,0,0,-98,-98,-98,-98,-98,-98,-98,-98,-98
1415,1,1,1,0,0,1,-98,-98,0,0,0,0,0,-98,-98,-98,-98,-98,-98,-98,-98,-98
1416,0,1,1,1,0,0,0,0,0,0,0,0,0,0,0,0,0,0,0,0,0,0
1417,1,1,1,0,0,1,0,0,0,0,1,1,0,-98,-98,-98,-98,-98,-98,-98,-98,-98
1418,0,0,1,0,0,0,0,0,1,0,0,0,0,-98,-98,-98,-98,-98,-98,-98,-98,-98
1419,0,0,0,0,0,-98,0,0,0,0,0,0,0,0,0,0,0,0,0,0,0,0
1420,-98,0,0,0,-98,-98,0,0,0,0,0,1,1,-98,-98,-98,-98,-98,-98,-98,-98,-98
1421,1,1,0,0,0,-98,0,0,1,1,0,0,0,-98,-98,-98,-98,-98,-98,-98,-98,-98
1422,1,0,0,0,0,-98,0,0,0,0,1,1,0,-98,-98,-98,-98,-98,-98,-98,-98,-98
1423,0,0,0,0,0,-98,0,0,0,0,0,0,1,-98,-98,-98,-98,-98,-98,-98,-98,-98
1424,0,0,0,0,0,-98,0,0,0,0,1,0,0,0,0,0,0,0,0,0,0,1
1425,1,1,1,0,0,1,0,0,0,0,0,0,1,-98,-98,-98,-98,-98,-98,-98,-98,-98
1426,1,1,0,0,0,1,0,0,0,0,0,0,0,-98,-98,-98,-98,-98,-98,-98,-98,-98
1427,0,0,0,0,0,0,0,0,1,0,0,0,0,-98,-98,-98,-98,-98,-98,-98,-98,-98
1428,0,1,1,1,0,0,0,1,1,1,1,1,0,-98,-98,-98,-98,-98,-98,-98,-98,-98
1429,0,0,0,0,0,1,0,0,1,0,0,0,0,-98,-98,-98,-98,-98,-98,-98,-98,-98
1430,0,0,0,1,-98,-98,0,0,0,0,0,0,0,0,0,0,0,0,0,0,0,0
1431,0,0,0,0,0,-98,0,0,1,0,0,0,0,-98,-98,-98,-98,-98,-98,-98,-98,-98
1432,1,0,1,0,0,0,0,0,0,0,0,0,0,-98,-98,-98,-98,-98,-98,-98,-98,-98
1433,1,0,1,1,0,1,0,0,1,0,1,0,1,-98,-98,-98,-98,-98,-98,-98,-98,-98
1434,0,0,0,0,0,1,0,0,0,0,1,0,0,-99,-99,-99,-99,-99,-99,-99,-99,-99
1435,1,0,0,0,0,-98,0,0,1,0,1,0,0,-98,-98,-98,-98,-98,-98,-98,-98,-98
1436,0,0,1,0,0,0,0,0,0,0,0,0,1,-98,-98,-98,-98,-98,-98,-98,-98,-98
1437,0,-98,-98,-98,-98,-98,-98,-98,0,0,0,0,1,-98,-98,-98,-98,-98,-98,-98,-98,-98
1438,-98,-98,-98,-98,-98,-98,0,0,0,0,1,0,0,0,0,0,0,0,0,0,1,1
1439,0,0,0,0,0,1,-98,-98,0,0,0,0,1,0,0,0,0,0,0,0,0,0
1440,0,0,0,0,0,0,0,0,0,0,0,0,0,-98,-98,-98,-98,-98,-98,-98,-98,-98
1441,1,0,1,0,0,-98,0,0,1,0,0,0,1,-98,-98,-98,-98,-98,-98,-98,-98,-98
1442,0,0,0,0,0,0,1,1,1,0,0,0,1,-98,-98,-98,-98,-98,-98,-98,-98,-98
1443,0,-98,0,0,-98,-98,0,0,0,0,0,0,1,0,0,0,0,0,0,0,0,1
1444,0,0,1,0,0,0,0,0,1,0,0,0,0,-98,-98,-98,-98,-98,-98,-98,-98,-98
1445,0,0,0,0,-98,-98,0,0,0,0,0,0,0,-98,-98,-98,-98,-98,-98,-98,-98,-98
1446,1,0,0,0,-98,-98,0,0,0,0,0,0,0,-98,-98,-98,-98,-98,-98,-98,-98,-98
1447,0,0,0,0,0,0,0,0,1,0,0,0,0,-98,-98,-98,-98,-98,-98,-98,-98,-98
1448,0,-97,-98,-98,0,-98,0,0,0,0,1,0,0,-98,-98,-98,-98,-98,-98,-98,-98,-98
1449,0,0,0,0,0,0,0,0,0,0,0,0,0,-98,-98,-98,-98,-98,-98,-98,-98,-98
1450,0,0,0,0,-98,0,0,0,0,0,1,1,0,0,0,0,0,1,0,0,0,0
1451,0,0,0,0,0,-98,0,0,1,0,0,0,0,-98,-98,-98,-98,-98,-98,-98,-98,-98
1452,1,0,0,0,0,0,0,0,1,0,0,0,1,-98,-98,-98,-98,-98,-98,-98,-98,-98
1453,0,-98,0,0,-98,0,0,0,0,0,1,0,1,0,0,0,1,0,0,0,0,0
1454,0,0,0,0,0,-98,0,0,0,0,0,0,0,0,0,0,0,0,0,0,1,0
1455,0,0,0,0,0,-98,0,0,0,0,0,0,0,-98,-98,-98,-98,-98,-98,-98,-98,-98
1456,1,0,0,0,0,0,-98,-98,0,0,1,0,0,-98,-98,-98,-98,-98,-98,-98,-98,-98
1457,0,1,1,0,0,-98,0,0,1,0,0,0,0,-98,-98,-98,-98,-98,-98,-98,-98,-98
1458,1,1,0,0,0,1,0,0,1,0,1,0,0,-98,-98,-98,-98,-98,-98,-98,-98,-98
1459,0,0,0,0,0,-98,0,0,0,0,0,0,0,0,0,0,0,0,0,0,0,0
1460,0,0,0,0,-98,0,0,0,0,0,0,0,0,-98,-98,-98,-98,-98,-98,-98,-98,-98
1461,0,0,-98,-98,0,-98,0,0,1,0,1,1,0,0,0,0,0,0,0,0,1,0
1462,0,0,0,0,0,1,0,0,0,0,0,0,0,-98,-98,-98,-98,-98,-98,-98,-98,-98
1463,0,0,0,0,-98,0,0,0,0,0,0,0,0,-98,-98,-98,-98,-98,-98,-98,-98,-98
1464,-98,-98,-98,-98,-98,-98,-98,-98,-98,-98,-98,-98,-98,-98,-98,-98,-98,-98,-98,-98,-98,-98
1465,0,-97,-98,-98,-98,-98,0,0,0,0,-98,-98,0,-98,-98,-98,-98,-98,-98,-98,-98,-98
1466,-98,0,0,0,0,-98,0,0,1,0,0,0,0,0,0,0,0,0,0,0,0,0
1467,0,-98,-98,-98,-98,-98,-98,-98,0,0,0,0,1,0,0,0,0,0,0,0,1,0
1468,1,0,1,0,0,0,0,0,1,0,0,0,0,-98,-98,-98,-98,-98,-98,-98,-98,-98
1469,0,0,0,0,0,0,0,0,0,0,0,0,0,-98,-98,-98,-98,-98,-98,-98,-98,-98
1470,0,0,0,0,0,-98,0,0,0,0,0,0,0,-98,-98,-98,-98,-98,-98,-98,-98,-98
1471,0,0,0,0,0,-98,1,1,0,0,0,0,0,-98,-98,-98,-98,-98,-98,-98,-98,-98
1472,0,0,0,0,0,1,0,0,0,0,0,0,0,-98,-98,-98,-98,-98,-98,-98,-98,-98
1473,0,1,1,1,0,0,0,0,1,0,0,0,1,-98,-98,-98,-98,-98,-98,-98,-98,-98
1474,0,-98,-98,-98,-98,-98,0,0,0,0,1,1,0,0,0,0,1,1,0,0,1,0
1475,0,-98,0,0,-98,1,0,0,0,0,-98,-98,0,-98,-98,-98,-98,-98,-98,-98,-98,-98
1476,1,0,0,0,0,0,0,0,1,0,0,0,0,-98,-98,-98,-98,-98,-98,-98,-98,-98
1477,0,0,0,0,-98,-98,0,0,0,0,-98,-98,0,-98,-98,-98,-98,-98,-98,-98,-98,-98
1478,0,-98,0,0,0,-98,-98,-98,0,0,1,0,0,0,0,0,0,0,0,0,0,0
1479,0,0,1,0,0,0,0,0,1,0,1,1,0,0,0,0,0,0,0,0,0,0
1480,0,0,0,0,-98,0,0,0,0,0,0,0,0,-98,-98,-98,-98,-98,-98,-98,-98,-98
1481,1,1,1,1,0,1,0,0,1,0,1,1,0,-98,-98,-98,-98,-98,-98,-98,-98,-98
1482,0,1,0,0,0,1,0,0,1,0,1,1,0,-98,-98,-98,-98,-98,-98,-98,-98,-98
1483,0,0,0,0,0,0,0,0,1,1,0,0,0,-98,-98,-98,-98,-98,-98,-98,-98,-98
1484,0,0,0,0,0,-98,0,0,0,0,1,1,0,-98,-98,-98,-98,-98,-98,-98,-98,-98
1485,1,0,0,0,0,-98,0,0,1,0,0,0,1,-98,-98,-98,-98,-98,-98,-98,-98,-98
1486,0,1,1,0,0,0,0,0,0,0,0,0,0,-98,-98,-98,-98,-98,-98,-98,-98,-98
1487,1,0,1,1,0,-98,0,0,0,0,0,0,0,-98,-98,-98,-98,-98,-98,-98,-98,-98
1488,0,0,0,0,0,0,0,0,0,0,0,0,0,0,0,0,0,0,0,0,0,0
1489,0,0,0,1,0,1,0,1,1,0,1,0,0,-98,-98,-98,-98,-98,-98,-98,-98,-98
1490,0,0,0,0,0,0,0,0,1,0,0,0,0,-98,-98,-98,-98,-98,-98,-98,-98,-98
1491,1,1,1,0,0,-98,0,0,0,0,0,0,1,-98,-98,-98,-98,-98,-98,-98,-98,-98
1492,0,0,0,0,0,0,0,0,0,0,1,1,1,0,0,0,0,0,0,0,0,0
1493,0,0,0,0,0,0,0,0,0,0,0,0,0,-98,-98,-98,-98,-98,-98,-98,-98,-98
1494,0,0,0,0,0,0,0,0,0,0,-98,-98,0,-98,-98,-98,-98,-98,-98,-98,-98,-98
1495,1,0,1,0,0,0,0,0,0,0,0,0,1,-98,-98,-98,-98,-98,-98,-98,-98,-98
1496,0,-98,0,0,0,0,-98,-98,1,0,0,0,0,0,0,0,0,0,0,0,0,0
1497,0,0,0,0,0,1,0,0,1,0,0,0,1,-98,-98,-98,-98,-98,-98,-98,-98,-98
1498,0,-98,0,0,0,0,0,0,0,0,0,1,1,0,0,0,0,0,0,0,0,0
1499,1,-98,0,0,-98,-98,0,0,0,0,0,0,0,-98,-98,-98,-98,-98,-98,-98,-98,-98
1500,1,1,0,0,0,1,0,0,1,0,0,0,0,-98,-98,-98,-98,-98,-98,-98,-98,-98
1501,0,1,-98,-98,-98,1,0,0,1,0,0,0,0,-98,-98,-98,-98,-98,-98,-98,-98,-98
1502,0,0,0,0,0,-98,0,0,0,0,0,0,0,-98,-98,-98,-98,-98,-98,-98,-98,-98
1503,0,0,0,0,-98,-98,0,0,0,0,0,0,1,-98,-98,-98,-98,-98,-98,-98,-98,-98
1504,1,1,0,1,0,1,1,0,0,0,0,0,1,-98,-98,-98,-98,-98,-98,-98,-98,-98
1505,0,0,0,0,0,-98,0,0,0,0,1,0,0,0,0,0,0,0,0,0,0,0
1506,1,0,0,0,0,1,0,0,1,0,1,1,0,-98,-98,-98,-98,-98,-98,-98,-98,-98
1507,0,0,0,0,0,0,0,0,0,0,0,0,0,-98,-98,-98,-98,-98,-98,-98,-98,-98
1508,0,0,0,0,0,0,0,0,0,0,0,0,0,-98,-98,-98,-98,-98,-98,-98,-98,-98
1509,1,0,0,0,0,1,0,0,1,0,0,0,0,-98,-98,-98,-98,-98,-98,-98,-98,-98
1510,0,0,0,0,0,1,0,0,0,0,1,1,0,-98,-98,-98,-98,-98,-98,-98,-98,-98
1511,0,0,0,0,0,1,0,0,0,0,0,0,0,-98,-98,-98,-98,-98,-98,-98,-98,-98
1512,1,0,0,0,0,0,1,1,0,0,1,0,0,-98,-98,-98,-98,-98,-98,-98,-98,-98
1513,0,1,0,0,0,1,0,0,1,0,0,0,0,-98,-98,-98,-98,-98,-98,-98,-98,-98
1514,0,0,0,0,-98,-98,0,0,0,0,1,1,0,-98,-98,-98,-98,-98,-98,-98,-98,-98
1515,1,0,0,0,0,0,0,0,1,0,0,0,0,-98,-98,-98,-98,-98,-98,-98,-98,-98
1516,1,0,1,0,0,1,0,0,1,0,1,0,0,-98,-98,-98,-98,-98,-98,-98,-98,-98
1517,0,0,0,0,0,1,0,0,1,0,0,0,0,-98,-98,-98,-98,-98,-98,-98,-98,-98
1518,0,-98,0,0,-98,-98,0,0,0,0,0,0,0,-98,-98,-98,-98,-98,-98,-98,-98,-98
1519,0,0,0,0,0,-98,0,0,1,0,1,1,0,0,0,1,0,1,0,0,0,0
1520,0,0,0,0,0,0,0,0,0,0,0,0,0,0,0,0,0,0,0,0,1,0
1521,0,0,0,0,0,0,0,0,0,0,0,1,0,-98,-98,-98,-98,-98,-98,-98,-98,-98
1522,0,0,1,1,0,-98,0,0,1,0,0,0,0,-98,-98,-98,-98,-98,-98,-98,-98,-98
1523,0,0,0,0,0,-98,0,0,0,0,0,0,0,-98,-98,-98,-98,-98,-98,-98,-98,-98
1524,0,0,0,0,0,0,0,0,1,0,1,1,0,-98,-98,-98,-98,-98,-98,-98,-98,-98
1525,1,0,1,0,0,1,0,0,0,0,0,0,0,-98,-98,-98,-98,-98,-98,-98,-98,-98
1526,-98,-98,-98,-98,-98,-98,0,0,1,0,0,0,0,-98,-98,-98,-98,-98,-98,-98,-98,-98
1527,0,-97,0,0,0,1,-98,-98,0,0,0,0,0,-98,-98,-98,-98,-98,-98,-98,-98,-98
1528,0,0,0,0,0,1,0,0,1,0,0,0,0,-98,-98,-98,-98,-98,-98,-98,-98,-98
1529,0,1,0,0,0,0,0,0,0,0,0,0,0,-98,-98,-98,-98,-98,-98,-98,-98,-98
1530,1,0,1,1,0,1,0,0,0,0,0,0,0,-98,-98,-98,-98,-98,-98,-98,-98,-98
1531,0,-98,0,0,-98,-98,0,0,0,0,-98,-98,0,-98,-98,-98,-98,-98,-98,-98,-98,-98
1532,-98,-98,0,0,-98,0,0,0,0,0,0,0,0,-98,-98,-98,-98,-98,-98,-98,-98,-98
1533,0,0,0,0,0,0,-98,-98,0,0,0,0,0,-98,-98,-98,-98,-98,-98,-98,-98,-98
1534,-98,0,0,0,0,-98,0,0,0,0,0,0,1,-98,-98,-98,-98,-98,-98,-98,-98,-98
1535,0,0,0,0,-98,0,0,0,0,0,0,0,0,-98,-98,-98,-98,-98,-98,-98,-98,-98
1536,0,-98,0,0,-98,-98,0,0,0,0,-98,-98,0,0,0,0,0,0,0,0,0,0
1537,-98,0,0,0,-98,0,0,0,0,0,0,0,0,-98,-98,-98,-98,-98,-98,-98,-98,-98
1538,1,0,1,1,0,0,0,0,1,0,0,0,0,-98,-98,-98,-98,-98,-98,-98,-98,-98
1539,-98,-98,-98,-98,0,-98,-98,-98,0,0,0,0,0,-98,-98,-98,-98,-98,-98,-98,-98,-98
1540,1,0,0,0,0,-98,0,0,1,0,0,0,1,-98,-98,-98,-98,-98,-98,-98,-98,-98
1541,0,0,0,0,0,1,0,0,0,0,0,0,0,-98,-98,-98,-98,-98,-98,-98,-98,-98
1542,1,0,0,0,0,0,0,0,0,0,0,0,0,-98,-98,-98,-98,-98,-98,-98,-98,-98
1543,0,0,0,0,0,0,0,1,0,0,0,0,0,0,0,0,0,0,0,0,0,0
1544,0,0,0,0,0,0,0,0,0,0,1,1,0,-98,-98,-98,-98,-98,-98,-98,-98,-98
1545,-98,-98,-98,-98,-98,-98,0,0,0,0,0,0,0,0,0,0,0,0,0,0,0,0
1546,0,0,1,0,0,1,0,0,1,1,1,1,1,0,0,0,0,0,0,0,0,0
1547,0,0,0,0,0,-98,0,0,1,0,0,0,0,-98,-98,-98,-98,-98,-98,-98,-98,-98
1548,1,1,0,0,0,0,0,0,1,0,0,0,0,-98,-98,-98,-98,-98,-98,-98,-98,-98
1549,0,0,0,0,0,-98,0,0,0,0,0,0,1,-98,-98,-98,-98,-98,-98,-98,-98,-98
1550,0,0,0,0,0,-98,0,0,1,1,0,0,1,-98,-98,-98,-98,-98,-98,-98,-98,-98
1551,0,0,1,0,0,-98,0,0,0,0,0,0,0,-98,-98,-98,-98,-98,-98,-98,-98,-98
1552,-98,0,0,0,-98,-98,0,0,0,0,1,0,0,-98,-98,-98,-98,-98,-98,-98,-98,-98
1553,-98,-98,0,0,-98,-98,0,0,0,0,0,0,0,-98,-98,-98,-98,-98,-98,-98,-98,-98
1554,0,-98,0,0,-98,-98,0,0,0,0,0,0,0,-98,-98,-98,-98,-98,-98,-98,-98,-98
1555,1,1,0,1,0,0,0,0,0,0,0,0,0,-98,-98,-98,-98,-98,-98,-98,-98,-98
1556,0,0,0,0,1,0,0,0,1,0,0,0,0,-98,-98,-98,-98,-98,-98,-98,-98,-98
1557,0,1,0,0,0,0,0,0,0,0,0,0,0,-98,-98,-98,-98,-98,-98,-98,-98,-98
1558,1,0,0,0,0,-98,0,0,1,0,0,0,0,-98,-98,-98,-98,-98,-98,-98,-98,-98
1559,0,0,0,0,-98,0,0,0,0,0,-98,-98,0,-98,-98,-98,-98,-98,-98,-98,-98,-98
1560,1,1,1,0,0,-98,0,0,1,0,0,0,1,-98,-98,-98,-98,-98,-98,-98,-98,-98
1561,0,0,0,0,0,1,0,0,0,0,0,0,0,-98,-98,-98,-98,-98,-98,-98,-98,-98
1562,1,0,0,0,0,0,0,0,1,0,0,0,0,-98,-98,-98,-98,-98,-98,-98,-98,-98
1563,0,0,0,0,0,1,0,0,0,0,0,0,0,0,0,0,0,0,0,0,0,0
1564,-98,0,0,0,-98,-98,0,0,0,0,1,1,0,0,0,0,0,0,0,0,0,0
1565,0,0,1,0,-98,1,0,0,1,0,0,0,0,-98,-98,-98,-98,-98,-98,-98,-98,-98
1566,0,0,0,0,0,0,-98,-98,1,0,1,0,0,0,0,0,1,0,0,0,0,0
1567,0,0,-98,-98,-98,-98,0,0,0,0,0,0,0,-98,-98,-98,-98,-98,-98,-98,-98,-98
1568,1,1,1,0,0,1,0,0,0,0,0,0,0,-98,-98,-98,-98,-98,-98,-98,-98,-98
1569,0,0,0,0,0,-98,0,0,1,0,1,1,0,-98,-98,-98,-98,-98,-98,-98,-98,-98
1570,0,0,0,0,0,0,0,0,0,0,0,0,0,-98,-98,-98,-98,-98,-98,-98,-98,-98
1571,0,0,0,0,0,0,0,0,1,0,0,0,0,-98,-98,-98,-98,-98,-98,-98,-98,-98
1572,0,0,0,0,0,0,0,0,0,0,1,0,0,0,0,0,1,0,0,0,0,0
1573,0,0,0,0,-98,-98,-98,-98,0,0,0,0,0,-98,-98,-98,-98,-98,-98,-98,-98,-98
1574,0,1,0,0,0,-98,0,0,0,0,0,0,0,-98,-98,-98,-98,-98,-98,-98,-98,-98
1575,1,0,0,1,0,1,0,0,0,0,0,0,0,-98,-98,-98,-98,-98,-98,-98,-98,-98
1576,0,0,0,0,-98,0,0,0,1,0,0,0,0,0,0,0,0,0,0,0,1,0
1577,0,0,0,0,0,0,0,0,1,0,0,0,0,-98,-98,-98,-98,-98,-98,-98,-98,-98
1578,0,0,1,0,0,0,0,0,0,0,1,0,0,-98,-98,-98,-98,-98,-98,-98,-98,-98
1579,0,-98,-98,-98,-98,-98,-98,-98,0,0,-98,-98,0,-98,-98,-98,-98,-98,-98,-98,-98,-98
1580,1,1,0,0,0,0,0,0,1,0,0,0,0,-98,-98,-98,-98,-98,-98,-98,-98,-98
1581,0,0,0,0,0,0,0,0,0,0,0,0,0,-98,-98,-98,-98,-98,-98,-98,-98,-98
1582,0,0,0,0,-98,1,0,0,0,0,0,0,1,-98,-98,-98,-98,-98,-98,-98,-98,-98
1583,1,1,1,1,0,1,0,0,0,0,0,0,0,-98,-98,-98,-98,-98,-98,-98,-98,-98
1584,0,0,0,0,0,0,0,0,0,0,0,0,0,-98,-98,-98,-98,-98,-98,-98,-98,-98
1585,0,-98,0,0,-98,0,0,0,1,0,1,0,0,0,0,0,1,0,0,0,1,0
1586,0,0,0,0,0,0,0,0,0,0,1,0,0,0,0,0,0,0,0,0,1,0
1587,0,0,0,0,-98,-98,0,0,0,0,0,0,1,-98,-98,-98,-98,-98,-98,-98,-98,-98
1588,0,0,0,0,0,-98,0,0,1,0,0,0,0,-98,-98,-98,-98,-98,-98,-98,-98,-98
1589,0,0,0,0,0,1,0,0,0,0,0,0,0,-98,-98,-98,-98,-98,-98,-98,-98,-98
1590,0,0,0,1,0,0,0,0,1,0,0,0,0,-98,-98,-98,-98,-98,-98,-98,-98,-98
1591,0,-98,-98,-98,-98,-98,0,0,0,0,0,0,0,0,0,0,0,0,0,0,0,0
1592,0,0,0,0,-98,-98,0,0,0,0,0,0,1,-98,-98,-98,-98,-98,-98,-98,-98,-98
1593,0,0,0,0,0,0,-98,-98,0,0,0,0,0,-98,-98,-98,-98,-98,-98,-98,-98,-98
1594,1,1,1,0,0,-98,0,0,1,0,0,0,0,-98,-98,-98,-98,-98,-98,-98,-98,-98
1595,0,0,0,0,-98,0,0,0,1,1,1,0,0,0,0,0,0,0,0,0,0,0
1596,0,0,0,0,0,-98,0,0,0,0,0,0,0,0,0,0,0,0,0,0,0,0
1597,0,0,0,0,0,0,0,0,0,0,0,0,0,0,0,0,0,0,0,0,0,1
1598,0,0,0,0,0,-98,-98,-98,0,0,0,0,0,-98,-98,-98,-98,-98,-98,-98,-98,-98
1599,1,1,1,1,0,1,1,0,0,0,0,0,0,-98,-98,-98,-98,-98,-98,-98,-98,-98
1600,0,0,0,0,0,-98,0,0,0,0,0,0,0,0,0,0,0,0,0,0,0,0
1601,0,0,0,0,0,-98,0,0,0,0,0,0,0,-98,-98,-98,-98,-98,-98,-98,-98,-98
1602,0,0,0,0,0,0,0,0,0,0,0,0,0,-98,-98,-98,-98,-98,-98,-98,-98,-98
1603,0,0,0,0,0,-98,0,0,0,0,0,0,0,-98,-98,-98,-98,-98,-98,-98,-98,-98
1604,0,0,0,0,0,1,0,0,0,0,0,0,1,-98,-98,-98,-98,-98,-98,-98,-98,-98
1605,-98,0,-98,-98,-98,-98,0,0,0,0,0,0,0,-98,-98,-98,-98,-98,-98,-98,-98,-98
1606,1,-98,1,0,0,-98,0,0,1,0,0,0,0,-98,-98,-98,-98,-98,-98,-98,-98,-98
1607,0,-98,0,0,0,-98,0,0,0,0,1,0,0,-98,-98,-98,-98,-98,-98,-98,-98,-98
1608,0,0,0,0,0,0,0,0,0,1,1,1,1,0,0,0,0,0,0,0,0,0
1609,0,0,0,0,0,1,-98,-98,1,0,1,1,1,-98,-98,-98,-98,-98,-98,-98,-98,-98
1610,0,0,0,0,0,1,0,0,1,1,1,0,0,-98,-98,-98,-98,-98,-98,-98,-98,-98
1611,0,0,-98,-98,-98,-98,0,0,1,0,0,0,0,-99,-99,-99,-99,-99,-99,-99,-99,-99
1612,0,0,0,0,0,0,0,0,0,0,0,0,0,-98,-98,-98,-98,-98,-98,-98,-98,-98
1613,1,1,1,0,0,1,0,0,0,0,0,0,0,-98,-98,-98,-98,-98,-98,-98,-98,-98
1614,0,0,0,0,0,0,0,0,1,0,0,0,0,-98,-98,-98,-98,-98,-98,-98,-98,-98
1615,0,0,0,0,0,-98,0,0,-98,-98,0,0,1,-98,-98,-98,-98,-98,-98,-98,-98,-98
1616,1,0,1,0,0,-98,0,0,0,0,0,0,1,-98,-98,-98,-98,-98,-98,-98,-98,-98
1617,0,0,0,0,0,0,0,0,0,0,0,0,0,-98,-98,-98,-98,-98,-98,-98,-98,-98
1618,0,1,0,0,0,0,0,0,0,0,0,0,0,-98,-98,-98,-98,-98,-98,-98,-98,-98
1619,1,1,1,1,0,0,1,1,0,0,0,0,0,-98,-98,-98,-98,-98,-98,-98,-98,-98
1620,0,-98,0,0,-98,-98,-98,-98,0,0,0,0,0,-98,-98,-98,-98,-98,-98,-98,-98,-98
1621,0,-98,-98,-98,-98,-98,0,0,0,0,0,0,0,0,0,0,0,0,0,0,0,0
1622,0,-98,0,0,-98,-98,0,0,0,0,0,1,0,-98,-98,-98,-98,-98,-98,-98,-98,-98
1623,0,0,0,0,-98,-98,0,0,0,0,-98,-98,0,-98,-98,-98,-98,-98,-98,-98,-98,-98
1624,0,0,0,0,0,0,0,1,0,0,1,0,0,-98,-98,-98,-98,-98,-98,-98,-98,-98
1625,0,0,0,0,0,0,0,0,1,0,0,0,0,-98,-98,-98,-98,-98,-98,-98,-98,-98
1626,0,0,0,0,-98,0,1,1,0,0,1,1,1,0,0,1,0,1,0,0,0,0
1627,0,-98,0,0,-98,-98,0,0,0,0,0,0,0,0,0,0,0,0,0,0,1,0
1628,1,0,0,0,0,1,0,0,1,0,0,0,0,-98,-98,-98,-98,-98,-98,-98,-98,-98
1629,0,0,0,0,0,0,0,0,0,0,0,0,0,-98,-98,-98,-98,-98,-98,-98,-98,-98
1630,0,0,0,0,-98,0,0,0,0,0,0,0,1,-98,-98,-98,-98,-98,-98,-98,-98,-98
1631,0,0,1,1,0,0,0,0,1,0,1,1,0,-98,-98,-98,-98,-98,-98,-98,-98,-98
1632,0,-98,-98,-98,-98,-98,0,0,1,0,1,0,-98,-98,-98,-98,-98,-98,-98,-98,-98,-98
1633,0,0,0,0,0,-98,0,0,0,0,0,0,0,-98,-98,-98,-98,-98,-98,-98,-98,-98
1634,0,0,0,0,0,-98,0,0,0,0,0,0,0,0,0,0,0,0,0,0,0,0
1635,1,0,1,1,0,0,0,0,1,0,0,0,0,-98,-98,-98,-98,-98,-98,-98,-98,-98
1636,0,1,0,0,0,0,0,0,0,0,0,0,0,-98,-98,-98,-98,-98,-98,-98,-98,-98
1637,1,1,1,0,0,1,0,0,0,0,0,0,0,-98,-98,-98,-98,-98,-98,-98,-98,-98
1638,1,0,0,0,0,1,0,0,0,0,0,0,1,-98,-98,-98,-98,-98,-98,-98,-98,-98
1639,-98,0,0,0,0,-98,0,0,0,0,0,0,0,-98,-98,-98,-98,-98,-98,-98,-98,-98
1640,0,0,0,0,0,-98,0,0,1,0,1,1,0,0,0,0,0,0,0,0,1,0
1641,0,-98,-98,-98,-98,0,-98,-98,0,0,0,0,0,-98,-98,-98,-98,-98,-98,-98,-98,-98
1642,0,0,0,0,0,0,0,0,1,0,0,0,1,-98,-98,-98,-98,-98,-98,-98,-98,-98
1643,1,0,0,0,-98,-98,0,0,0,0,0,0,0,-98,-98,-98,-98,-98,-98,-98,-98,-98
1644,0,0,1,0,0,0,0,0,0,0,1,0,0,-98,-98,-98,-98,-98,-98,-98,-98,-98
1645,0,0,1,1,0,-98,0,0,1,0,0,0,0,-98,-98,-98,-98,-98,-98,-98,-98,-98
1646,1,0,0,0,0,1,0,0,0,0,0,0,0,-98,-98,-98,-98,-98,-98,-98,-98,-98
1647,0,0,1,0,0,-98,0,0,1,0,1,0,0,-98,-98,-98,-98,-98,-98,-98,-98,-98
1648,1,1,1,1,0,1,0,0,0,0,0,0,0,-98,-98,-98,-98,-98,-98,-98,-98,-98
1649,0,0,0,0,0,0,0,0,0,0,1,1,1,-98,-98,-98,-98,-98,-98,-98,-98,-98
1650,0,0,0,0,0,0,0,0,0,0,0,0,1,-98,-98,-98,-98,-98,-98,-98,-98,-98
1651,0,0,0,0,0,0,-98,-98,0,0,0,0,1,-98,-98,-98,-98,-98,-98,-98,-98,-98
1652,0,0,1,0,0,-98,0,0,0,0,0,0,0,-98,-98,-98,-98,-98,-98,-98,-98,-98
1653,0,0,0,0,0,0,0,0,1,0,0,0,0,-98,-98,-98,-98,-98,-98,-98,-98,-98
1654,0,0,0,0,0,-98,0,0,0,0,-98,-98,0,-98,-98,-98,-98,-98,-98,-98,-98,-98
1655,1,-98,0,0,-98,-98,0,0,0,0,1,0,0,0,0,0,0,0,0,1,1,0
1656,-98,-98,0,0,-98,-98,-98,-98,0,0,1,0,0,0,0,0,0,0,0,0,1,0
1657,1,0,1,0,0,-98,0,0,0,0,0,0,0,-98,-98,-98,-98,-98,-98,-98,-98,-98
1658,0,0,1,0,0,1,0,0,0,0,0,0,0,-98,-98,-98,-98,-98,-98,-98,-98,-98
1659,0,0,0,0,0,-98,0,0,0,0,0,0,1,0,0,0,0,0,0,0,0,0
1660,0,1,0,0,0,-98,0,0,0,0,1,0,0,-98,-98,-98,-98,-98,-98,-98,-98,-98
1661,1,0,0,0,0,0,0,0,0,0,0,0,0,0,0,0,0,0,0,0,0,0
1662,0,0,-98,-98,0,-98,-98,-98,0,0,1,1,0,-98,-98,-98,-98,-98,-98,-98,-98,-98
1663,0,0,0,0,0,0,0,0,0,0,0,0,0,-98,-98,-98,-98,-98,-98,-98,-98,-98
1664,1,0,0,1,0,1,0,0,1,0,0,0,1,-98,-98,-98,-98,-98,-98,-98,-98,-98
1665,0,0,0,0,-98,-98,-98,-98,0,0,0,0,0,-98,-98,-98,-98,-98,-98,-98,-98,-98
1666,0,0,0,0,0,-98,0,0,0,0,0,0,0,0,0,0,0,0,0,0,0,0
1667,0,0,0,0,0,1,0,0,0,0,0,0,0,-98,-98,-98,-98,-98,-98,-98,-98,-98
1668,-98,-98,0,0,-98,-98,0,0,1,1,0,0,0,-98,-98,-98,-98,-98,-98,-98,-98,-98
1669,-98,0,0,0,-98,0,0,0,0,0,0,0,0,-98,-98,-98,-98,-98,-98,-98,-98,-98
1670,0,0,-98,-98,-98,-98,0,0,0,0,-98,-98,0,0,0,1,0,0,0,0,0,0
1671,0,0,0,0,0,1,0,0,1,0,0,0,0,-98,-98,-98,-98,-98,-98,-98,-98,-98
1672,0,0,0,0,-98,-98,0,0,0,0,0,0,0,-98,-98,-98,-98,-98,-98,-98,-98,-98
1673,0,1,0,0,-98,1,0,0,0,0,0,0,0,-98,-98,-98,-98,-98,-98,-98,-98,-98
1674,-98,-98,-98,-98,-98,0,-98,-98,-98,-98,0,0,0,-98,-98,-98,-98,-98,-98,-98,-98,-98
1675,0,0,0,0,0,0,0,0,1,0,0,0,0,-98,-98,-98,-98,-98,-98,-98,-98,-98
1676,0,1,0,0,0,1,0,0,1,1,0,0,1,-98,-98,-98,-98,-98,-98,-98,-98,-98
1677,1,0,0,0,0,1,0,0,0,0,0,0,0,-98,-98,-98,-98,-98,-98,-98,-98,-98
1678,0,0,0,0,0,1,0,0,1,0,0,0,1,-98,-98,-98,-98,-98,-98,-98,-98,-98
1679,0,0,0,0,-98,-98,0,0,0,0,0,0,0,0,0,1,0,0,0,0,1,0
1680,0,1,1,1,0,-98,1,1,0,0,0,0,1,-98,-98,-98,-98,-98,-98,-98,-98,-98
1681,0,1,0,0,0,1,0,0,0,0,0,0,0,-98,-98,-98,-98,-98,-98,-98,-98,-98
1682,0,0,0,0,0,-98,0,0,0,0,1,1,0,-98,-98,-98,-98,-98,-98,-98,-98,-98
1683,0,0,0,0,0,-98,0,0,0,0,1,1,0,0,0,0,0,0,0,0,1,0
1684,0,0,1,1,0,-98,0,0,0,0,0,0,0,-98,-98,-98,-98,-98,-98,-98,-98,-98
1685,1,0,0,0,0,-98,0,0,0,0,0,0,1,0,0,0,1,0,0,0,0,0
1686,0,0,0,0,0,1,0,0,1,0,0,0,1,0,0,0,0,0,0,0,0,0
1687,1,0,0,0,0,0,0,0,0,0,0,0,0,-98,-98,-98,-98,-98,-98,-98,-98,-98
1688,0,0,0,0,0,0,0,0,0,0,0,0,0,-98,-98,-98,-98,-98,-98,-98,-98,-98
1689,1,0,0,0,0,-98,0,0,1,0,0,0,0,-98,-98,-98,-98,-98,-98,-98,-98,-98
1690,0,1,1,1,0,0,0,0,1,0,0,0,0,0,0,0,0,0,0,0,0,0
1691,-98,-98,-98,-98,0,0,0,0,-98,-98,0,0,0,0,0,0,0,0,0,0,1,0
1692,0,0,0,0,0,-98,0,0,0,0,0,0,1,-98,-98,-98,-98,-98,-98,-98,-98,-98
1693,0,0,1,0,0,0,0,0,1,0,0,0,0,0,0,0,0,0,0,0,0,0
1694,-98,0,0,0,-98,1,0,0,0,0,0,0,0,-98,-98,-98,-98,-98,-98,-98,-98,-98
1695,1,0,0,0,0,-98,0,0,1,0,0,0,0,-98,-98,-98,-98,-98,-98,-98,-98,-98
1696,0,0,0,0,0,0,0,0,0,0,0,0,0,-98,-98,-98,-98,-98,-98,-98,-98,-98
1697,1,0,0,0,0,0,0,0,0,0,0,0,0,-98,-98,-98,-98,-98,-98,-98,-98,-98
1698,-98,-98,-98,-98,-98,-98,0,0,0,0,1,0,0,0,0,0,0,0,0,0,0,0
1699,0,0,0,0,-98,0,0,0,0,0,0,0,0,-98,-98,-98,-98,-98,-98,-98,-98,-98
1700,0,0,0,0,0,0,0,0,1,1,1,1,1,-98,-98,-98,-98,-98,-98,-98,-98,-98
1701,0,0,0,0,0,1,0,0,1,0,0,0,0,-98,-98,-98,-98,-98,-98,-98,-98,-98
1702,0,0,0,0,0,0,0,0,0,0,0,0,0,-98,-98,-98,-98,-98,-98,-98,-98,-98
1703,0,0,0,0,0,0,0,0,1,0,0,0,0,0,0,0,0,0,0,0,0,0
1704,0,0,0,0,0,0,0,0,1,0,1,1,1,-98,-98,-98,-98,-98,-98,-98,-98,-98
1705,1,1,1,1,0,1,0,0,0,0,0,0,0,-98,-98,-98,-98,-98,-98,-98,-98,-98
1706,0,0,0,0,0,-98,0,0,1,0,0,0,0,0,0,0,0,0,0,0,0,0
1707,0,0,0,1,0,0,1,1,1,0,0,0,0,-98,-98,-98,-98,-98,-98,-98,-98,-98
1708,-98,0,0,0,-98,-98,0,0,0,0,0,0,0,-98,-98,-98,-98,-98,-98,-98,-98,-98
1709,0,1,0,0,0,1,-98,-98,1,0,1,0,1,-98,-98,-98,-98,-98,-98,-98,-98,-98
1710,1,0,0,0,0,-98,0,0,0,0,0,0,1,-98,-98,-98,-98,-98,-98,-98,-98,-98
1711,0,0,0,0,0,1,0,0,1,0,0,0,0,-98,-98,-98,-98,-98,-98,-98,-98,-98
1712,0,0,0,0,0,0,0,0,1,0,0,0,0,-98,-98,-98,-98,-98,-98,-98,-98,-98
1713,1,0,0,0,-98,-98,0,0,0,0,0,0,0,-98,-98,-98,-98,-98,-98,-98,-98,-98
1714,-98,0,0,0,0,-98,0,0,0,0,1,1,0,-98,-98,-98,-98,-98,-98,-98,-98,-98
1715,1,1,1,1,0,0,0,0,0,0,0,0,0,-98,-98,-98,-98,-98,-98,-98,-98,-98
1716,1,0,0,0,0,-98,0,0,0,0,0,0,0,-98,-98,-98,-98,-98,-98,-98,-98,-98
1717,-98,0,0,0,-98,0,0,0,0,0,0,0,0,-98,-98,-98,-98,-98,-98,-98,-98,-98
1718,0,0,0,0,0,-98,0,0,0,0,0,0,0,-98,-98,-98,-98,-98,-98,-98,-98,-98
1719,0,-98,0,0,0,0,0,0,0,0,0,0,0,0,0,0,0,0,0,0,1,0
1720,0,1,1,0,0,1,0,0,1,0,0,0,0,-98,-98,-98,-98,-98,-98,-98,-98,-98
1721,1,1,0,0,0,1,0,0,0,0,1,1,0,-98,-98,-98,-98,-98,-98,-98,-98,-98
1722,1,0,0,0,0,-98,0,0,0,0,0,0,0,-98,-98,-98,-98,-98,-98,-98,-98,-98
1723,-98,1,-98,-98,-98,0,0,0,0,0,1,1,1,-98,-98,-98,-98,-98,-98,-98,-98,-98
1724,0,0,0,0,-98,-98,0,0,0,0,0,0,0,-98,-98,-98,-98,-98,-98,-98,-98,-98
1725,0,1,0,0,0,-98,0,0,0,0,0,0,0,-98,-98,-98,-98,-98,-98,-98,-98,-98
1726,0,0,0,0,-98,-98,0,0,0,0,0,0,0,-98,-98,-98,-98,-98,-98,-98,-98,-98
1727,0,0,0,0,0,-98,0,0,0,0,0,0,0,0,0,0,0,0,0,0,1,0
1728,0,-98,-98,-98,-98,0,0,0,0,0,0,0,0,0,0,0,0,0,0,0,0,0
1729,0,0,0,0,0,0,1,0,0,0,0,0,1,-98,-98,-98,-98,-98,-98,-98,-98,-98
1730,0,0,1,1,-98,0,1,1,0,0,0,0,0,-98,-98,-98,-98,-98,-98,-98,-98,-98
1731,0,0,0,0,0,0,0,0,1,0,0,0,0,-98,-98,-98,-98,-98,-98,-98,-98,-98
1732,1,0,0,0,0,0,0,0,0,0,0,0,0,-98,-98,-98,-98,-98,-98,-98,-98,-98
1733,0,0,0,1,0,0,0,0,1,0,0,0,0,-98,-98,-98,-98,-98,-98,-98,-98,-98
1734,1,0,0,0,0,0,0,0,1,0,0,0,0,0,0,0,0,0,0,0,0,0
1735,0,1,0,0,0,0,0,0,0,0,0,0,0,-98,-98,-98,-98,-98,-98,-98,-98,-98
1736,1,-98,0,0,0,-98,0,0,1,0,1,1,0,-98,-98,-98,-98,-98,-98,-98,-98,-98
1737,0,0,0,0,-98,-98,-98,-98,0,0,0,0,1,0,0,0,1,0,0,0,0,0
1738,0,0,0,0,-98,-98,0,0,1,0,1,0,0,-98,-98,-98,-98,-98,-98,-98,-98,-98
1739,0,0,0,0,-98,-98,0,0,0,0,1,0,1,0,0,1,1,0,0,0,0,0
1740,0,0,0,0,0,0,0,0,1,0,1,1,0,-98,-98,-98,-98,-98,-98,-98,-98,-98
1741,0,0,0,0,0,-98,0,0,1,0,0,0,0,-98,-98,-98,-98,-98,-98,-98,-98,-98
1742,0,0,1,1,1,-98,1,1,0,0,0,1,1,-98,-98,-98,-98,-98,-98,-98,-98,-98
1743,0,0,0,0,0,0,0,0,0,0,0,0,0,-98,-98,-98,-98,-98,-98,-98,-98,-98
1744,0,0,0,0,-98,-98,0,0,0,0,0,0,0,-98,-98,-98,-98,-98,-98,-98,-98,-98
1745,0,0,0,0,0,0,0,0,0,0,0,0,0,-98,-98,-98,-98,-98,-98,-98,-98,-98
1746,-98,0,0,0,0,-98,-98,-98,0,0,0,0,0,0,0,0,0,1,0,0,0,0
1747,0,0,0,0,0,1,-98,-98,0,0,0,0,0,-98,-98,-98,-98,-98,-98,-98,-98,-98
1748,0,0,0,0,0,0,0,0,0,0,0,0,0,0,0,0,0,0,0,0,0,0
1749,0,0,0,0,0,0,0,0,1,0,1,1,1,0,0,0,0,0,0,0,0,0
1750,1,0,-98,-98,-98,-98,0,0,1,0,1,0,1,-98,-98,-98,-98,-98,-98,-98,-98,-98
1751,0,0,0,0,0,0,0,0,0,0,0,1,0,0,0,0,1,0,0,0,0,0
1752,0,0,0,0,-98,-98,0,0,0,0,1,1,0,0,0,0,1,0,0,0,0,0
1753,0,-98,0,0,0,1,1,1,0,0,0,0,1,-98,-98,-98,-98,-98,-98,-98,-98,-98
1754,1,0,0,0,0,-98,0,0,0,0,1,1,1,-98,-98,-98,-98,-98,-98,-98,-98,-98
1755,0,-98,-98,-98,-98,-98,0,0,1,0,1,1,0,0,0,0,0,0,0,0,0,0
1756,0,0,0,0,-98,0,0,0,0,0,0,0,0,0,0,0,0,0,0,0,0,0
1757,0,0,1,0,0,-97,0,0,0,0,0,0,0,-98,-98,-98,-98,-98,-98,-98,-98,-98
1758,0,1,1,1,1,0,0,0,0,0,0,0,0,0,0,0,0,0,0,0,0,0
1759,0,0,0,0,0,0,0,0,1,0,0,0,0,-98,-98,-98,-98,-98,-98,-98,-98,-98
1760,0,0,0,0,0,0,0,0,0,0,0,0,0,-98,-98,-98,-98,-98,-98,-98,-98,-98
1761,1,0,0,0,0,1,0,0,1,0,1,1,0,0,0,0,0,0,0,0,0,0
1762,0,0,-98,-98,0,-98,1,1,0,0,1,1,0,-98,-98,-98,-98,-98,-98,-98,-98,-98
1763,1,0,0,0,0,0,0,0,1,0,0,0,0,-98,-98,-98,-98,-98,-98,-98,-98,-98
1764,0,0,0,0,0,1,0,0,0,0,0,0,0,-98,-98,-98,-98,-98,-98,-98,-98,-98
1765,0,0,0,0,0,-98,0,0,1,0,0,0,0,-98,-98,-98,-98,-98,-98,-98,-98,-98
1766,0,0,0,0,0,0,0,0,1,1,0,0,1,0,0,0,0,0,0,0,0,0
1767,0,0,0,0,0,-98,0,0,1,0,0,0,0,-98,-98,-98,-98,-98,-98,-98,-98,-98
1768,0,0,0,0,0,0,0,0,0,0,0,0,0,-98,-98,-98,-98,-98,-98,-98,-98,-98
1769,0,0,0,0,0,0,0,0,0,0,1,1,0,-98,-98,-98,-98,-98,-98,-98,-98,-98
1770,1,0,0,0,0,-98,0,0,1,0,0,0,0,0,0,0,0,0,0,0,0,0
1771,1,0,0,0,0,0,0,0,1,0,0,0,0,-98,-98,-98,-98,-98,-98,-98,-98,-98
1772,0,0,1,0,0,1,0,0,0,0,0,0,0,-98,-98,-98,-98,-98,-98,-98,-98,-98
1773,0,0,0,0,0,-98,0,0,1,0,0,0,1,-98,-98,-98,-98,-98,-98,-98,-98,-98
1774,-98,-98,0,0,-98,-98,-98,-98,1,1,0,0,0,0,0,0,1,0,0,0,0,0
1775,0,0,-98,-98,0,-98,0,0,0,0,0,0,0,-98,-98,-98,-98,-98,-98,-98,-98,-98
1776,0,0,0,0,0,0,-98,-98,0,0,1,1,0,0,0,0,0,1,0,0,0,0
1777,-98,-98,-98,-98,-98,0,-98,-98,0,0,0,0,0,-98,-98,-98,-98,-98,-98,-98,-98,-98
1778,0,0,0,0,0,0,0,0,1,0,1,1,0,-98,-98,-98,-98,-98,-98,-98,-98,-98
1779,0,0,1,1,0,0,0,0,1,1,1,1,0,-98,-98,-98,-98,-98,-98,-98,-98,-98
1780,0,0,0,0,0,-98,-98,-98,0,0,0,0,0,-98,-98,-98,-98,-98,-98,-98,-98,-98
1781,0,0,1,0,0,-98,0,0,1,0,0,0,0,-98,-98,-98,-98,-98,-98,-98,-98,-98
1782,0,0,0,0,0,0,0,0,1,0,0,0,0,-98,-98,-98,-98,-98,-98,-98,-98,-98
1783,0,0,0,0,0,0,0,0,1,0,0,0,0,-98,-98,-98,-98,-98,-98,-98,-98,-98
1784,0,0,0,0,0,-98,0,0,1,1,1,0,0,0,0,0,0,0,0,0,1,0
1785,0,0,-98,-98,-98,-98,0,0,0,0,0,0,0,-98,-98,-98,-98,-98,-98,-98,-98,-98
1786,0,0,0,0,0,0,0,0,1,1,0,0,0,-98,-98,-98,-98,-98,-98,-98,-98,-98
1787,-98,-98,0,0,-98,-98,0,0,1,0,1,1,1,0,0,0,0,0,0,0,1,0
1788,0,0,0,0,0,0,0,0,0,0,1,1,0,-98,-98,-98,-98,-98,-98,-98,-98,-98
1789,0,0,0,0,0,1,0,0,0,0,0,0,0,-98,-98,-98,-98,-98,-98,-98,-98,-98
1790,0,0,0,0,0,1,0,0,1,0,0,0,1,-98,-98,-98,-98,-98,-98,-98,-98,-98
1791,0,0,0,0,0,1,0,0,1,0,0,0,0,-98,-98,-98,-98,-98,-98,-98,-98,-98
1792,0,-98,-98,-98,-98,-98,-98,-98,0,0,-98,-98,0,-98,-98,-98,-98,-98,-98,-98,-98,-98
1793,0,1,0,0,0,1,0,0,0,0,0,0,0,-98,-98,-98,-98,-98,-98,-98,-98,-98
1794,-98,0,0,0,0,-98,-98,-98,0,0,0,0,0,-98,-98,-98,-98,-98,-98,-98,-98,-98
1795,0,0,0,0,0,1,0,0,0,0,0,0,0,-98,-98,-98,-98,-98,-98,-98,-98,-98
1796,1,0,0,0,0,-98,0,0,1,0,1,1,0,0,0,0,0,0,0,0,0,0
1797,0,0,-98,-98,-98,-98,-98,-98,0,0,0,0,0,-98,-98,-98,-98,-98,-98,-98,-98,-98
1798,0,0,0,0,-98,-98,0,0,1,1,1,1,1,-98,-98,-98,-98,-98,-98,-98,-98,-98
1799,1,0,0,0,0,1,0,0,1,0,0,0,0,-98,-98,-98,-98,-98,-98,-98,-98,-98
1800,1,1,1,1,0,1,0,0,0,0,0,0,0,0,0,0,0,0,0,0,0,0
1801,0,0,0,0,0,-98,0,0,0,0,0,0,0,-98,-98,-98,-98,-98,-98,-98,-98,-98
1802,0,0,0,0,0,-98,-98,-98,0,0,1,1,0,-98,-98,-98,-98,-98,-98,-98,-98,-98
1803,-98,-98,0,0,-98,-98,-98,-98,0,0,-98,-98,0,0,0,0,0,0,0,0,1,0
1804,0,0,0,0,-98,-98,0,0,0,0,0,0,0,-98,-98,-98,-98,-98,-98,-98,-98,-98
1805,1,1,0,0,0,-98,0,0,0,0,0,0,0,-98,-98,-98,-98,-98,-98,-98,-98,-98
1806,0,1,0,0,0,1,0,0,1,0,0,0,0,0,0,0,0,0,0,0,0,0
1807,0,0,0,0,0,0,0,0,0,0,0,0,0,-98,-98,-98,-98,-98,-98,-98,-98,-98
1808,1,1,0,0,0,0,0,0,0,0,0,0,0,-98,-98,-98,-98,-98,-98,-98,-98,-98
1809,0,0,1,0,0,1,0,0,0,0,0,0,0,0,0,0,0,0,0,0,0,0
1810,0,0,0,0,0,1,0,0,0,0,0,0,0,-98,-98,-98,-98,-98,-98,-98,-98,-98
1811,1,0,1,1,0,1,0,0,1,1,0,0,0,-98,-98,-98,-98,-98,-98,-98,-98,-98
1812,-98,-98,-98,-98,-98,-98,-98,-98,0,0,1,0,0,-98,-98,-98,-98,-98,-98,-98,-98,-98
1813,1,1,0,0,0,1,0,0,1,0,0,0,0,-98,-98,-98,-98,-98,-98,-98,-98,-98
1814,0,0,0,0,0,-98,0,0,0,0,0,0,0,-98,-98,-98,-98,-98,-98,-98,-98,-98
1815,0,0,0,0,0,-98,0,0,0,0,1,1,0,-98,-98,-98,-98,-98,-98,-98,-98,-98
1816,1,1,0,0,0,1,0,0,0,0,0,0,1,-98,-98,-98,-98,-98,-98,-98,-98,-98
1817,0,0,0,0,0,-98,0,0,0,0,1,1,0,0,0,0,1,0,0,0,0,0
1818,0,0,0,0,0,1,0,0,0,0,0,0,1,-98,-98,-98,-98,-98,-98,-98,-98,-98
1819,0,0,0,0,0,0,0,0,1,0,0,0,0,-98,-98,-98,-98,-98,-98,-98,-98,-98
1820,1,1,0,0,0,1,0,0,0,0,0,0,1,0,0,0,0,0,0,0,0,0
1821,1,1,1,0,1,1,0,0,1,0,0,0,0,-98,-98,-98,-98,-98,-98,-98,-98,-98
1822,0,0,0,0,0,-98,0,0,0,0,0,0,0,-98,-98,-98,-98,-98,-98,-98,-98,-98
1823,0,0,0,0,0,0,0,0,1,0,1,1,0,0,0,0,1,0,0,0,0,0
1824,0,0,0,0,0,1,0,0,0,0,0,0,0,-98,-98,-98,-98,-98,-98,-98,-98,-98
1825,0,0,0,0,-98,1,0,0,0,0,1,1,0,0,0,0,0,0,0,0,1,0
1826,0,0,0,0,-98,0,0,1,0,0,1,1,0,-98,-98,-98,-98,-98,-98,-98,-98,-98
1827,-98,-98,-98,-98,-98,-98,-98,-98,1,0,0,0,-98,-98,-98,-98,-98,-98,-98,-98,-98,-98
1828,0,0,0,0,0,1,0,0,1,0,1,1,0,0,0,0,0,0,0,0,0,0
1829,0,0,1,1,0,0,0,0,0,0,0,0,1,-98,-98,-98,-98,-98,-98,-98,-98,-98
1830,0,0,0,0,0,0,0,0,0,0,0,1,0,-98,-98,-98,-98,-98,-98,-98,-98,-98
1831,0,0,0,0,0,0,0,0,1,0,0,0,0,-98,-98,-98,-98,-98,-98,-98,-98,-98
1832,0,0,0,0,0,0,0,0,0,0,0,0,0,-98,-98,-98,-98,-98,-98,-98,-98,-98
1833,0,0,0,0,0,-98,0,0,0,0,0,0,0,-98,-98,-98,-98,-98,-98,-98,-98,-98
1834,0,0,1,1,0,0,1,1,0,0,0,0,0,-98,-98,-98,-98,-98,-98,-98,-98,-98
1835,1,0,0,0,0,0,0,0,1,0,0,0,0,-98,-98,-98,-98,-98,-98,-98,-98,-98
1836,0,0,0,0,-98,0,0,0,0,0,0,0,1,-98,-98,-98,-98,-98,-98,-98,-98,-98
1837,-98,-98,0,0,-98,-98,-98,-98,1,1,0,0,0,-98,-98,-98,-98,-98,-98,-98,-98,-98
1838,0,0,0,0,0,0,0,0,1,0,0,0,0,0,0,0,0,0,0,0,1,0
1839,1,0,0,0,0,0,0,0,0,0,1,1,0,0,0,0,1,0,0,0,0,0
1840,0,0,0,0,0,-98,0,0,0,0,0,0,0,-98,-98,-98,-98,-98,-98,-98,-98,-98
1841,0,0,0,0,0,-98,-98,-98,0,0,0,1,0,0,0,0,0,0,0,0,0,0
1842,0,0,0,0,0,0,0,0,0,0,1,0,1,-98,-98,-98,-98,-98,-98,-98,-98,-98
1843,1,0,1,0,0,1,0,0,0,0,1,0,1,0,0,0,0,0,0,0,1,0
1844,0,0,0,0,0,0,0,0,0,0,0,0,0,-98,-98,-98,-98,-98,-98,-98,-98,-98
1845,0,0,0,0,0,0,0,0,0,0,1,1,0,-98,-98,-98,-98,-98,-98,-98,-98,-98
1846,1,0,1,0,0,1,0,0,0,0,0,0,0,0,0,1,0,0,0,0,0,0
1847,0,0,0,0,-98,-98,0,0,0,0,0,0,0,0,0,0,0,0,0,0,1,0
1848,1,1,1,1,0,-98,0,0,0,0,1,1,1,-98,-98,-98,-98,-98,-98,-98,-98,-98
1849,0,1,0,1,1,0,0,0,0,0,0,0,1,0,0,0,0,0,0,0,0,0
1850,0,0,1,0,0,1,0,0,0,0,1,1,0,-98,-98,-98,-98,-98,-98,-98,-98,-98
1851,0,0,0,0,-98,-98,0,0,0,0,-98,-98,0,-98,-98,-98,-98,-98,-98,-98,-98,-98
1852,1,0,0,0,0,1,0,0,0,0,0,0,0,-98,-98,-98,-98,-98,-98,-98,-98,-98
1853,1,0,0,0,0,-98,0,0,0,0,1,0,0,-98,-98,-98,-98,-98,-98,-98,-98,-98
1854,0,-98,-98,-98,-98,-98,-98,-98,0,0,0,0,0,0,0,0,0,0,0,0,1,0
1855,-98,-98,-98,-98,-98,-98,-98,-98,0,0,0,0,0,0,0,0,0,0,0,0,0,0
1856,0,0,0,0,0,0,0,0,0,0,0,0,0,-98,-98,-98,-98,-98,-98,-98,-98,-98
1857,1,0,0,0,0,1,0,0,1,1,0,0,1,-98,-98,-98,-98,-98,-98,-98,-98,-98
1858,0,-98,-98,-98,-98,-98,-98,-98,0,0,-98,-98,0,-98,-98,-98,-98,-98,-98,-98,-98,-98
1859,-98,-98,0,0,-98,0,0,0,0,0,1,1,0,0,0,0,0,0,0,0,1,0
1860,0,0,0,0,0,0,0,0,1,0,0,0,0,-98,-98,-98,-98,-98,-98,-98,-98,-98
1861,1,1,0,0,0,1,1,1,1,0,1,0,0,-98,-98,-98,-98,-98,-98,-98,-98,-98
1862,0,0,-98,-98,-98,0,-98,-98,0,0,0,0,-98,-98,-98,-98,-98,-98,-98,-98,-98,-98
1863,-98,0,0,0,0,-98,-98,-98,0,0,0,0,0,0,0,0,0,0,0,0,1,0
1864,1,0,0,0,0,1,0,0,0,0,0,0,0,0,0,0,0,0,0,0,0,0
1865,1,0,1,0,0,1,0,0,1,1,1,0,0,-98,-98,-98,-98,-98,-98,-98,-98,-98
1866,0,1,1,1,0,0,0,0,0,0,0,0,0,-98,-98,-98,-98,-98,-98,-98,-98,-98
1867,0,0,-98,-98,-98,-98,-98,-98,0,0,0,0,0,-97,-97,-97,-97,-97,-97,-97,-97,-97
1868,1,0,0,0,0,-98,0,0,0,0,0,0,0,-98,-98,-98,-98,-98,-98,-98,-98,-98
1869,0,0,1,0,0,-98,0,0,0,0,1,0,0,0,0,0,0,1,0,0,0,0
1870,0,0,0,0,0,1,0,0,0,0,0,0,1,-98,-98,-98,-98,-98,-98,-98,-98,-98
1871,0,0,0,0,0,0,-98,-98,0,0,0,0,0,0,0,0,0,0,0,0,1,0
1872,1,0,1,0,0,0,0,0,1,0,1,1,0,-98,-98,-98,-98,-98,-98,-98,-98,-98
1873,0,0,0,0,0,0,0,0,0,0,1,1,0,-98,-98,-98,-98,-98,-98,-98,-98,-98
1874,0,0,0,0,0,-98,0,0,0,0,0,0,0,-98,-98,-98,-98,-98,-98,-98,-98,-98
1875,1,0,0,0,0,0,0,0,1,1,0,0,1,0,0,0,0,0,0,0,0,0
1876,-98,0,0,0,-98,-98,0,0,0,0,0,0,0,-98,-98,-98,-98,-98,-98,-98,-98,-98
1877,0,0,0,0,0,0,0,0,0,0,0,0,0,-98,-98,-98,-98,-98,-98,-98,-98,-98
1878,0,0,0,0,-98,0,0,0,0,0,0,0,0,0,0,0,0,0,0,0,1,1
1879,0,-98,-98,-98,-98,-98,0,0,0,0,-98,-98,-98,-98,-98,-98,-98,-98,-98,-98,-98,-98
1880,0,1,1,0,0,1,0,0,0,0,0,0,1,-98,-98,-98,-98,-98,-98,-98,-98,-98
1881,0,0,0,0,0,0,0,0,0,0,0,0,0,-98,-98,-98,-98,-98,-98,-98,-98,-98
1882,0,1,0,0,0,1,0,0,0,0,0,0,1,-98,-98,-98,-98,-98,-98,-98,-98,-98
1883,0,1,0,0,0,1,0,0,0,0,0,0,1,-98,-98,-98,-98,-98,-98,-98,-98,-98
1884,0,0,0,0,0,-98,0,0,0,0,0,0,1,-98,-98,-98,-98,-98,-98,-98,-98,-98
1885,1,0,0,0,0,1,0,0,1,0,1,0,0,-98,-98,-98,-98,-98,-98,-98,-98,-98
1886,1,1,0,0,0,-98,0,0,0,0,0,0,0,0,0,0,0,0,0,0,0,0
1887,1,0,0,0,0,0,0,0,1,1,1,0,0,-98,-98,-98,-98,-98,-98,-98,-98,-98
1888,0,0,0,0,0,0,0,0,0,0,0,0,0,0,0,0,0,0,0,0,0,0
1889,0,0,0,0,0,0,0,0,1,0,0,0,0,-98,-98,-98,-98,-98,-98,-98,-98,-98
1890,0,0,0,0,0,0,0,0,1,0,0,0,1,-98,-98,-98,-98,-98,-98,-98,-98,-98
1891,0,0,1,1,0,0,0,0,1,0,0,0,0,-98,-98,-98,-98,-98,-98,-98,-98,-98
1892,0,0,0,0,0,0,0,0,1,0,0,0,0,-98,-98,-98,-98,-98,-98,-98,-98,-98
1893,1,0,1,0,0,1,1,1,1,1,0,0,0,-98,-98,-98,-98,-98,-98,-98,-98,-98
1894,0,0,0,0,-98,-98,0,0,1,0,0,0,0,-98,-98,-98,-98,-98,-98,-98,-98,-98
1895,1,1,1,0,0,0,0,0,0,0,1,0,0,-98,-98,-98,-98,-98,-98,-98,-98,-98
1896,1,0,0,0,0,-98,0,0,0,0,0,0,0,-98,-98,-98,-98,-98,-98,-98,-98,-98
1897,0,0,0,0,0,0,0,0,0,0,0,0,0,-98,-98,-98,-98,-98,-98,-98,-98,-98
1898,0,0,0,0,0,1,0,0,0,0,0,0,0,-98,-98,-98,-98,-98,-98,-98,-98,-98
1899,-98,-98,-98,-98,-98,-98,-98,-98,0,0,0,0,0,-98,-98,-98,-98,-98,-98,-98,-98,-98
1900,1,-98,0,0,-98,-98,0,0,1,0,1,1,0,-98,-98,-98,-98,-98,-98,-98,-98,-98
1901,0,0,1,1,0,1,0,0,1,1,0,0,1,0,0,0,0,0,0,0,0,0
1902,0,0,0,0,0,-98,-98,-98,0,0,0,0,0,-98,-98,-98,-98,-98,-98,-98,-98,-98
1903,0,-98,0,0,0,0,0,0,0,0,0,0,0,-98,-98,-98,-98,-98,-98,-98,-98,-98
1904,0,0,0,0,0,-98,0,0,0,0,0,0,0,-98,-98,-98,-98,-98,-98,-98,-98,-98
1905,1,1,0,0,-98,1,0,0,0,0,0,0,1,-98,-98,-98,-98,-98,-98,-98,-98,-98
1906,0,0,1,1,-98,-98,0,0,1,1,0,0,0,0,0,0,0,0,0,0,1,0
1907,1,0,0,0,0,0,0,0,0,0,0,1,0,-98,-98,-98,-98,-98,-98,-98,-98,-98
1908,1,1,0,0,0,1,0,0,0,0,0,0,0,-98,-98,-98,-98,-98,-98,-98,-98,-98
1909,0,1,0,0,-98,-98,0,0,0,0,0,0,0,-98,-98,-98,-98,-98,-98,-98,-98,-98
1910,1,0,0,0,0,0,0,0,1,0,0,0,0,-98,-98,-98,-98,-98,-98,-98,-98,-98
1911,1,0,1,1,1,0,0,0,0,0,0,0,0,-98,-98,-98,-98,-98,-98,-98,-98,-98
1912,0,0,0,0,0,0,0,0,1,0,0,0,0,0,0,0,0,0,0,0,0,0
1913,-98,0,0,0,-98,-98,0,0,0,0,0,0,1,-98,-98,-98,-98,-98,-98,-98,-98,-98
1914,-98,-98,-98,-98,-98,-98,0,0,0,0,0,0,0,-98,-98,-98,-98,-98,-98,-98,-98,-98
1915,0,0,1,0,0,0,0,0,0,0,0,0,0,-98,-98,-98,-98,-98,-98,-98,-98,-98
1916,0,0,0,0,0,0,-98,-98,0,0,1,0,0,-98,-98,-98,-98,-98,-98,-98,-98,-98
1917,0,0,0,0,0,0,0,0,0,0,0,0,0,-98,-98,-98,-98,-98,-98,-98,-98,-98
1918,1,1,0,0,0,-98,0,0,1,0,0,0,0,-98,-98,-98,-98,-98,-98,-98,-98,-98
1919,-98,-98,-98,-98,-98,-98,-98,-98,0,0,0,0,0,0,0,0,0,0,0,0,1,0
1920,0,0,0,0,0,-98,0,0,0,0,0,0,0,-98,-98,-98,-98,-98,-98,-98,-98,-98
1921,1,0,1,0,-98,0,0,0,1,0,0,0,0,-98,-98,-98,-98,-98,-98,-98,-98,-98
1922,1,1,1,1,0,0,0,0,0,0,0,0,0,0,0,0,0,0,0,0,0,0
1923,0,0,0,0,0,-98,0,0,0,0,0,0,0,-98,-98,-98,-98,-98,-98,-98,-98,-98
1924,0,1,1,1,0,0,0,0,0,0,0,0,0,0,0,0,0,0,0,0,0,0
1925,0,0,0,0,0,1,0,0,1,0,0,0,0,-98,-98,-98,-98,-98,-98,-98,-98,-98
1926,0,0,0,0,0,0,1,1,1,0,1,1,0,-98,-98,-98,-98,-98,-98,-98,-98,-98
1927,0,0,0,0,0,0,0,0,0,0,0,1,0,-98,-98,-98,-98,-98,-98,-98,-98,-98
1928,0,0,0,0,0,0,0,0,1,0,0,0,0,0,0,0,0,0,0,0,0,0
1929,0,0,0,0,0,-98,0,0,1,0,-98,-98,-98,-98,-98,-98,-98,-98,-98,-98,-98,-98
1930,1,0,0,0,0,1,0,0,0,0,1,0,0,0,0,0,1,0,0,0,0,0
1931,0,0,0,0,0,1,0,0,0,0,0,0,0,-98,-98,-98,-98,-98,-98,-98,-98,-98
1932,1,0,0,0,0,0,0,0,1,0,0,0,0,-98,-98,-98,-98,-98,-98,-98,-98,-98
1933,0,1,0,0,0,-98,0,0,1,0,0,0,0,-98,-98,-98,-98,-98,-98,-98,-98,-98
1934,0,0,0,0,0,0,0,0,1,1,0,0,1,-98,-98,-98,-98,-98,-98,-98,-98,-98
1935,0,0,0,0,0,-98,0,0,1,0,0,1,0,0,0,0,0,0,0,0,0,0
1936,0,0,0,0,0,-98,0,0,0,0,0,1,0,-98,-98,-98,-98,-98,-98,-98,-98,-98
1937,1,0,0,0,0,1,0,0,1,0,1,1,1,-98,-98,-98,-98,-98,-98,-98,-98,-98
1938,0,0,0,0,0,0,0,0,1,0,0,0,0,-98,-98,-98,-98,-98,-98,-98,-98,-98
1939,0,0,0,0,0,0,0,0,0,0,1,1,0,-98,-98,-98,-98,-98,-98,-98,-98,-98
1940,0,0,-98,-98,-98,-98,-98,-98,0,0,0,0,1,-98,-98,-98,-98,-98,-98,-98,-98,-98
1941,-98,-98,-98,-98,-98,-98,0,0,0,0,0,0,0,-98,-98,-98,-98,-98,-98,-98,-98,-98
1942,0,0,0,0,0,0,0,1,0,0,0,0,0,-98,-98,-98,-98,-98,-98,-98,-98,-98
1943,0,0,0,0,-98,-98,0,0,0,0,1,1,0,0,0,0,0,0,0,0,0,0
1944,0,0,0,0,0,0,0,0,0,0,0,0,0,-98,-98,-98,-98,-98,-98,-98,-98,-98
1945,0,0,0,0,0,-98,0,0,0,0,0,0,0,-98,-98,-98,-98,-98,-98,-98,-98,-98
1946,1,1,1,1,0,1,0,0,0,0,0,0,0,-98,-98,-98,-98,-98,-98,-98,-98,-98
1947,1,0,0,0,0,0,0,0,0,0,0,0,0,-98,-98,-98,-98,-98,-98,-98,-98,-98
1948,0,-98,0,0,0,0,-98,-98,0,0,0,0,0,-98,-98,-98,-98,-98,-98,-98,-98,-98
1949,0,1,0,0,-98,-98,0,0,0,0,0,0,0,-98,-98,-98,-98,-98,-98,-98,-98,-98
1950,0,1,0,0,0,-98,0,0,1,0,1,1,0,-98,-98,-98,-98,-98,-98,-98,-98,-98
1951,-98,0,0,0,-98,-98,0,0,0,0,1,1,1,-98,-98,-98,-98,-98,-98,-98,-98,-98
1952,0,0,-98,-98,-98,0,-98,-98,-98,-98,0,0,0,-98,-98,-98,-98,-98,-98,-98,-98,-98
1953,1,0,1,1,0,-98,0,0,1,0,1,1,0,-98,-98,-98,-98,-98,-98,-98,-98,-98
1954,1,0,0,0,0,0,0,0,1,0,0,0,0,0,0,0,0,0,0,0,0,0
1955,0,0,0,0,0,0,0,0,1,0,0,0,0,-98,-98,-98,-98,-98,-98,-98,-98,-98
1956,0,1,1,1,0,-98,1,1,0,0,0,0,0,-98,-98,-98,-98,-98,-98,-98,-98,-98
1957,0,0,0,0,0,0,0,0,1,0,0,0,0,-98,-98,-98,-98,-98,-98,-98,-98,-98
1958,0,-98,1,0,-98,-98,-98,-98,0,0,-98,-98,0,-98,-98,-98,-98,-98,-98,-98,-98,-98
1959,1,0,0,0,0,0,0,0,0,0,1,1,0,0,0,0,1,1,0,0,0,0
1960,1,1,1,1,0,-98,0,0,1,0,0,0,0,-98,-98,-98,-98,-98,-98,-98,-98,-98
1961,0,0,0,0,0,-98,0,0,0,0,0,1,0,-98,-98,-98,-98,-98,-98,-98,-98,-98
1962,0,1,1,1,0,0,1,1,0,0,0,0,0,0,0,0,0,0,0,0,1,0
1963,-98,-98,-98,-98,-98,-98,-98,-98,0,0,-98,-98,-98,-98,-98,-98,-98,-98,-98,-98,-98,-98
1964,0,0,1,0,-98,-98,0,0,1,0,0,0,0,-98,-98,-98,-98,-98,-98,-98,-98,-98
1965,1,0,1,0,0,-98,0,0,1,0,0,0,1,-98,-98,-98,-98,-98,-98,-98,-98,-98
1966,0,0,0,0,-98,0,0,0,0,0,0,0,0,-98,-98,-98,-98,-98,-98,-98,-98,-98
1967,1,0,0,0,0,0,0,0,0,0,0,0,0,-98,-98,-98,-98,-98,-98,-98,-98,-98
1968,0,0,0,0,-98,-98,0,0,0,0,0,0,1,-98,-98,-98,-98,-98,-98,-98,-98,-98
1969,1,0,0,0,0,0,0,0,0,0,1,1,0,-98,-98,-98,-98,-98,-98,-98,-98,-98
1970,0,1,0,0,0,1,0,0,0,0,0,0,0,-98,-98,-98,-98,-98,-98,-98,-98,-98
1971,0,0,0,0,0,-98,0,0,0,0,0,0,0,-98,-98,-98,-98,-98,-98,-98,-98,-98
1972,0,0,0,0,0,-98,0,0,0,0,1,1,0,-98,-98,-98,-98,-98,-98,-98,-98,-98
1973,-98,-98,-98,-98,-98,-98,-98,-98,0,0,0,0,0,0,0,0,0,0,0,0,0,0
1974,0,0,0,0,0,1,0,0,0,0,0,0,0,0,0,0,0,0,0,0,1,0
1975,0,1,0,0,0,0,0,0,1,0,0,0,0,-98,-98,-98,-98,-98,-98,-98,-98,-98
1976,0,-98,-98,-98,-98,-98,-98,-98,0,0,-98,-98,0,-98,-98,-98,-98,-98,-98,-98,-98,-98
1977,1,1,0,0,0,0,0,0,0,0,0,0,0,0,0,0,0,0,0,0,0,0
1978,0,0,0,0,0,-98,0,0,0,0,0,0,1,-98,-98,-98,-98,-98,-98,-98,-98,-98
1979,0,0,0,0,-98,-98,0,0,0,0,1,0,0,0,0,0,0,0,0,0,1,0
1980,1,0,1,0,0,-98,0,0,1,0,0,0,0,-98,-98,-98,-98,-98,-98,-98,-98,-98
1981,0,0,0,0,-98,-98,0,0,0,0,1,1,0,0,0,0,0,0,0,0,1,0
1982,0,0,0,0,0,-98,-98,-98,0,0,0,0,0,-98,-98,-98,-98,-98,-98,-98,-98,-98
1983,0,0,0,0,0,-98,0,0,1,0,0,0,0,0,0,0,0,0,0,0,0,0
1984,-98,-98,0,0,-98,-98,0,0,0,0,0,0,0,0,0,0,0,0,0,0,0,1
1985,0,0,0,0,0,0,0,0,0,0,1,1,0,-98,-98,-98,-98,-98,-98,-98,-98,-98
1986,0,0,0,0,0,-98,0,0,0,0,1,1,0,-98,-98,-98,-98,-98,-98,-98,-98,-98
1987,1,0,0,0,0,0,0,0,1,0,0,0,0,-98,-98,-98,-98,-98,-98,-98,-98,-98
1988,0,0,0,0,0,0,0,0,0,0,0,0,0,0,0,0,0,0,1,0,1,0
1989,0,-98,-98,-98,-98,-98,0,0,1,1,0,0,0,-98,-98,-98,-98,-98,-98,-98,-98,-98
1990,0,0,0,0,0,0,0,0,1,1,0,0,0,-98,-98,-98,-98,-98,-98,-98,-98,-98
1991,1,0,0,0,0,-98,0,0,1,0,0,0,0,-98,-98,-98,-98,-98,-98,-98,-98,-98
1992,0,0,1,0,0,0,0,0,0,0,1,0,0,0,0,0,0,0,0,0,0,0
1993,0,1,0,0,0,1,0,0,1,0,1,1,0,0,0,0,0,0,0,0,0,0
1994,1,0,0,0,0,0,0,0,0,0,0,0,0,-98,-98,-98,-98,-98,-98,-98,-98,-98
1995,-98,-98,-98,-98,-98,-98,-98,-98,0,0,-98,-98,-98,-98,-98,-98,-98,-98,-98,-98,-98,-98
1996,0,0,0,0,0,-98,0,0,0,0,0,0,0,-98,-98,-98,-98,-98,-98,-98,-98,-98
1997,0,0,0,0,-98,0,0,0,0,0,0,0,0,-98,-98,-98,-98,-98,-98,-98,-98,-98
1998,1,0,0,0,0,1,0,0,0,0,0,0,1,-98,-98,-98,-98,-98,-98,-98,-98,-98
1999,1,1,1,1,0,-98,0,0,0,0,1,1,0,-98,-98,-98,-98,-98,-98,-98,-98,-98
2000,0,-98,0,0,0,0,0,0,0,0,0,0,0,-98,-98,-98,-98,-98,-98,-98,-98,-98
2001,0,-98,-98,-98,-98,-98,0,0,0,0,-98,-98,1,0,0,0,0,0,0,0,0,0
2002,-98,-98,-98,-98,-98,-98,1,0,0,0,1,0,0,-98,-98,-98,-98,-98,-98,-98,-98,-98
2003,1,1,1,1,0,0,0,0,1,1,0,0,0,-98,-98,-98,-98,-98,-98,-98,-98,-98
2004,0,0,0,0,0,0,0,0,0,0,0,0,0,-98,-98,-98,-98,-98,-98,-98,-98,-98
2005,-98,0,0,0,-98,0,1,1,0,0,0,0,0,-98,-98,-98,-98,-98,-98,-98,-98,-98
2006,0,0,0,0,0,-98,0,0,0,0,0,0,0,-98,-98,-98,-98,-98,-98,-98,-98,-98
2007,0,0,0,0,0,0,0,0,0,0,0,0,0,-98,-98,-98,-98,-98,-98,-98,-98,-98
2008,0,1,0,0,0,-98,-98,-98,0,0,0,0,0,0,0,0,0,0,0,0,0,0
2009,0,0,0,0,0,0,0,0,0,0,0,0,0,-98,-98,-98,-98,-98,-98,-98,-98,-98
2010,1,1,1,1,1,-98,0,0,-98,-98,0,0,1,-98,-98,-98,-98,-98,-98,-98,-98,-98
2011,0,0,0,0,0,1,0,0,1,1,0,0,0,-98,-98,-98,-98,-98,-98,-98,-98,-98
2012,0,0,0,0,0,0,0,0,0,0,0,0,0,0,0,0,0,0,0,0,0,0
2013,0,0,0,0,0,1,0,0,0,0,0,0,0,-98,-98,-98,-98,-98,-98,-98,-98,-98
2014,0,0,0,0,0,0,0,0,0,0,0,0,0,-98,-98,-98,-98,-98,-98,-98,-98,-98
2015,0,0,0,0,0,-98,0,0,0,0,0,0,0,0,0,0,1,0,0,0,0,0
2016,0,0,0,0,-98,0,0,0,0,0,0,0,0,-98,-98,-98,-98,-98,-98,-98,-98,-98
2017,0,0,0,0,0,-98,0,0,0,0,0,0,0,-98,-98,-98,-98,-98,-98,-98,-98,-98
2018,0,0,0,0,-98,0,0,0,0,0,0,0,0,-98,-98,-98,-98,-98,-98,-98,-98,-98
2019,-98,-98,-98,-98,-98,-98,0,0,0,0,0,0,1,-98,-98,-98,-98,-98,-98,-98,-98,-98
2020,-98,-98,0,0,-98,0,0,0,0,1,0,0,0,0,0,0,0,1,0,0,0,0
2021,0,0,0,0,-98,-98,0,0,0,0,0,0,0,0,0,0,0,0,0,0,0,0
2022,0,0,0,0,0,-98,0,0,0,0,0,0,0,-98,-98,-98,-98,-98,-98,-98,-98,-98
2023,-98,0,-98,-98,-98,1,0,0,0,0,1,1,0,0,0,0,0,0,0,0,0,0
2024,0,0,0,0,0,0,0,0,1,0,0,0,0,-98,-98,-98,-98,-98,-98,-98,-98,-98
2025,0,0,0,0,0,-98,0,0,1,0,0,0,0,-98,-98,-98,-98,-98,-98,-98,-98,-98
2026,0,0,0,0,0,-98,0,0,1,0,0,0,0,-98,-98,-98,-98,-98,-98,-98,-98,-98
2027,0,0,0,0,0,-98,0,0,0,0,0,0,0,0,0,0,0,0,0,0,0,0
2028,0,1,1,1,0,0,1,1,0,0,0,0,0,0,0,0,0,1,0,0,0,0
2029,0,0,1,1,0,1,0,0,1,0,0,0,0,-98,-98,-98,-98,-98,-98,-98,-98,-98
2030,0,1,0,0,0,1,0,0,1,0,0,0,0,-98,-98,-98,-98,-98,-98,-98,-98,-98
2031,0,-98,0,0,-98,0,0,0,0,0,0,0,0,-98,-98,-98,-98,-98,-98,-98,-98,-98
2032,0,1,0,1,0,-98,0,0,1,0,0,0,0,-98,-98,-98,-98,-98,-98,-98,-98,-98
2033,0,0,1,0,0,-98,0,0,0,0,0,0,0,-98,-98,-98,-98,-98,-98,-98,-98,-98
2034,-98,0,1,0,0,-98,0,0,0,0,1,0,-97,-98,-98,-98,-98,-98,-98,-98,-98,-98
2035,0,0,0,1,0,0,0,1,0,0,1,1,0,-98,-98,-98,-98,-98,-98,-98,-98,-98
2036,0,-98,0,0,-98,0,0,0,0,0,0,0,0,0,0,0,0,0,0,0,0,0
2037,0,0,0,0,0,0,1,1,1,0,1,1,0,-98,-98,-98,-98,-98,-98,-98,-98,-98
2038,0,0,0,0,0,-98,1,0,0,0,0,0,0,0,0,0,1,0,0,0,0,0
2039,0,0,0,0,0,0,0,0,1,0,0,0,0,-98,-98,-98,-98,-98,-98,-98,-98,-98
2040,0,0,0,0,0,0,0,0,0,0,0,0,0,-98,-98,-98,-98,-98,-98,-98,-98,-98
2041,1,0,0,0,0,0,0,0,1,0,1,1,0,-98,-98,-98,-98,-98,-98,-98,-98,-98
2042,-98,0,0,0,0,-98,-98,-98,-98,-98,0,0,0,-98,-98,-98,-98,-98,-98,-98,-98,-98
2043,1,0,0,0,0,0,0,0,0,1,0,0,0,-98,-98,-98,-98,-98,-98,-98,-98,-98
2044,-98,0,0,0,-98,-98,0,0,0,0,0,0,0,-98,-98,-98,-98,-98,-98,-98,-98,-98
2045,0,0,0,0,-98,0,0,0,0,0,0,0,0,-98,-98,-98,-98,-98,-98,-98,-98,-98
2046,-98,-98,0,0,-98,-98,0,0,0,0,-98,-98,0,0,0,0,0,0,0,0,0,0
2047,0,0,0,0,0,-98,0,0,0,0,1,0,0,-98,-98,-98,-98,-98,-98,-98,-98,-98
2048,-98,-98,0,0,-98,-98,0,0,0,0,0,0,0,-98,-98,-98,-98,-98,-98,-98,-98,-98
2049,-98,-98,-98,-98,-98,0,0,0,0,0,0,0,0,-98,-98,-98,-98,-98,-98,-98,-98,-98
2050,0,0,0,0,0,-98,0,0,0,0,0,0,0,-98,-98,-98,-98,-98,-98,-98,-98,-98
2051,0,0,0,0,0,0,0,0,1,0,0,0,0,-98,-98,-98,-98,-98,-98,-98,-98,-98
2052,0,0,0,0,-98,-98,0,0,0,0,0,0,0,-98,-98,-98,-98,-98,-98,-98,-98,-98
2053,0,1,0,0,0,0,0,0,0,0,0,0,0,-98,-98,-98,-98,-98,-98,-98,-98,-98
2054,-98,-98,-98,-98,-98,-98,-98,-98,0,0,1,0,0,0,0,0,0,0,0,0,1,0
2055,-98,-98,-98,-98,-98,-98,-98,-98,-98,-98,-98,-98,-98,-98,-98,-98,-98,-98,-98,-98,-98,-98
2056,1,0,0,0,0,0,0,0,1,0,0,1,0,-98,-98,-98,-98,-98,-98,-98,-98,-98
2057,1,1,1,0,0,0,0,0,1,0,0,0,0,-98,-98,-98,-98,-98,-98,-98,-98,-98
2058,0,0,1,1,-98,-98,0,0,1,0,0,0,0,-98,-98,-98,-98,-98,-98,-98,-98,-98
2059,0,0,0,0,-98,0,0,0,1,0,0,0,1,-98,-98,-98,-98,-98,-98,-98,-98,-98
2060,1,1,1,1,-98,-98,0,0,1,0,0,0,0,-98,-98,-98,-98,-98,-98,-98,-98,-98
2061,-98,-98,-98,-98,-98,-98,0,0,0,0,0,0,1,0,0,0,0,0,0,0,0,1
2062,0,0,0,0,0,0,0,0,1,0,0,0,0,0,0,0,0,0,0,0,0,0
2063,0,0,0,0,0,-98,0,0,1,0,1,1,0,-98,-98,-98,-98,-98,-98,-98,-98,-98
2064,0,0,0,0,0,0,0,0,0,0,0,0,0,-98,-98,-98,-98,-98,-98,-98,-98,-98
2065,0,0,1,0,0,0,0,0,0,0,0,0,0,-98,-98,-98,-98,-98,-98,-98,-98,-98
2066,0,0,0,0,0,-98,0,0,0,0,0,0,0,0,0,0,0,0,0,0,1,0
2067,0,0,0,0,0,0,0,0,0,0,0,0,0,-98,-98,-98,-98,-98,-98,-98,-98,-98
2068,0,0,1,0,0,1,0,0,1,0,0,0,0,0,0,0,0,0,0,0,0,0
2069,0,0,0,0,0,-98,0,0,1,0,0,0,0,0,0,0,0,0,0,0,0,0
2070,0,0,0,0,-98,0,0,0,1,0,0,0,0,-98,-98,-98,-98,-98,-98,-98,-98,-98
2071,1,1,1,0,0,1,0,0,0,0,0,0,0,-98,-98,-98,-98,-98,-98,-98,-98,-98
2072,1,0,1,1,0,0,0,0,1,1,0,0,1,-98,-98,-98,-98,-98,-98,-98,-98,-98
2073,1,0,1,0,0,0,0,0,0,0,0,0,0,-98,-98,-98,-98,-98,-98,-98,-98,-98
2074,0,0,0,0,0,0,0,0,1,0,0,0,1,0,0,0,1,0,0,0,1,1
2075,0,0,1,0,0,0,1,1,0,0,0,0,0,-98,-98,-98,-98,-98,-98,-98,-98,-98
2076,0,1,1,1,0,1,0,0,1,0,0,0,0,-98,-98,-98,-98,-98,-98,-98,-98,-98
2077,1,1,1,0,-98,-98,1,1,0,0,-98,-98,-98,-98,-98,-98,-98,-98,-98,-98,-98,-98
2078,-98,-98,-98,-98,-98,-98,-98,-98,-5,1,-98,-98,-98,0,0,0,0,0,0,0,0,0
2079,1,1,1,1,0,1,0,0,0,0,0,0,0,-98,-98,-98,-98,-98,-98,-98,-98,-98
2080,0,0,0,0,0,0,-98,-98,0,0,0,0,-98,-98,-98,-98,-98,-98,-98,-98,-98,-98
2081,0,-98,0,0,-98,-98,0,0,0,0,0,0,0,-98,-98,-98,-98,-98,-98,-98,-98,-98
2082,0,0,0,0,0,-98,0,0,0,0,0,0,0,-98,-98,-98,-98,-98,-98,-98,-98,-98
2083,0,1,1,0,0,0,0,0,0,0,0,0,1,-98,-98,-98,-98,-98,-98,-98,-98,-98
2084,1,1,1,0,0,1,0,0,1,0,0,0,1,-98,-98,-98,-98,-98,-98,-98,-98,-98
2085,0,-98,-98,-98,-98,-98,-98,-98,0,0,0,0,0,-98,-98,-98,-98,-98,-98,-98,-98,-98
2086,1,0,0,0,0,1,0,0,1,0,1,1,0,-98,-98,-98,-98,-98,-98,-98,-98,-98
2087,1,0,1,1,0,0,0,0,1,0,1,1,0,0,0,0,0,0,0,0,0,0
2088,0,0,0,0,0,-98,0,0,1,0,0,0,1,-98,-98,-98,-98,-98,-98,-98,-98,-98
2089,1,0,0,0,0,0,0,0,0,0,0,0,0,0,0,0,0,0,0,0,0,0
2090,0,0,1,0,0,1,0,0,1,0,0,0,0,-98,-98,-98,-98,-98,-98,-98,-98,-98
2091,0,0,0,0,-98,0,-98,-98,0,0,0,0,0,-98,-98,-98,-98,-98,-98,-98,-98,-98
2092,-98,-98,-98,-98,0,-98,0,0,0,0,0,0,0,0,0,0,0,0,0,0,1,0
2093,0,0,0,0,0,-98,1,1,0,0,1,1,1,0,0,0,0,0,0,0,1,0
2094,1,0,0,0,0,-98,0,0,1,0,1,1,0,-98,-98,-98,-98,-98,-98,-98,-98,-98
2095,0,1,0,0,1,0,0,0,0,0,0,0,0,-98,-98,-98,-98,-98,-98,-98,-98,-98
2096,0,0,0,0,-98,-98,0,0,0,0,0,0,0,-98,-98,-98,-98,-98,-98,-98,-98,-98
2097,-98,-98,-98,-98,-98,-98,0,0,0,0,-98,-98,-98,-98,-98,-98,-98,-98,-98,-98,-98,-98
2098,-98,-98,-98,-98,-98,-98,-98,-98,0,0,-98,-98,0,0,0,0,0,0,0,0,1,0
2099,0,1,0,0,0,-98,1,1,1,0,1,0,0,0,0,0,0,0,0,0,0,1
2100,-98,0,0,0,0,-98,0,0,0,0,0,1,0,-98,-98,-98,-98,-98,-98,-98,-98,-98
2101,-98,-98,-98,-98,-98,0,-98,-98,0,0,0,0,0,0,0,0,0,0,0,0,0,0
2102,1,0,1,0,0,0,0,0,1,0,1,1,1,-98,-98,-98,-98,-98,-98,-98,-98,-98
2103,0,0,0,0,-98,0,0,0,0,0,0,0,0,0,0,0,0,0,0,0,0,0
2104,1,0,0,0,0,-98,0,0,0,0,0,0,0,0,0,0,0,0,0,0,0,0
2105,1,0,0,0,0,-98,-98,-98,1,0,0,0,0,-98,-98,-98,-98,-98,-98,-98,-98,-98
2106,0,0,0,0,0,-98,0,0,0,0,0,0,0,0,0,0,0,0,0,0,0,0
2107,1,0,1,1,0,1,0,0,0,0,0,0,0,-98,-98,-98,-98,-98,-98,-98,-98,-98
2108,1,0,0,0,0,-98,0,0,1,0,0,0,0,-98,-98,-98,-98,-98,-98,-98,-98,-98
2109,0,0,0,0,0,-98,0,0,0,0,0,0,0,-98,-98,-98,-98,-98,-98,-98,-98,-98
2110,0,0,0,0,0,1,1,1,0,0,0,0,1,-98,-98,-98,-98,-98,-98,-98,-98,-98
2111,0,0,0,0,0,0,-98,-98,0,0,0,0,0,-98,-98,-98,-98,-98,-98,-98,-98,-98
2112,0,0,0,0,0,0,0,1,1,0,0,0,0,-98,-98,-98,-98,-98,-98,-98,-98,-98
2113,-98,-98,0,0,-98,-98,0,0,0,0,-98,-98,0,-98,-98,-98,-98,-98,-98,-98,-98,-98
2114,1,0,0,0,0,-98,0,0,0,0,1,1,0,-98,-98,-98,-98,-98,-98,-98,-98,-98
2115,0,-98,-98,-98,-98,-98,-98,-98,0,0,1,0,0,0,0,0,0,0,0,0,0,0
2116,0,0,0,0,0,0,0,0,0,0,1,0,0,-98,-98,-98,-98,-98,-98,-98,-98,-98
2117,0,0,0,0,0,0,0,0,1,0,0,0,0,0,0,0,1,0,0,0,0,0
2118,0,0,0,0,0,-98,0,0,0,0,0,0,0,-98,-98,-98,-98,-98,-98,-98,-98,-98
2119,0,0,0,0,0,-98,-98,-98,0,0,1,1,0,0,0,0,0,0,0,0,1,0
2120,0,0,0,0,0,0,0,0,0,0,0,0,0,0,0,0,0,0,0,0,1,0
2121,0,0,0,0,0,-98,0,0,0,0,0,0,0,-98,-98,-98,-98,-98,-98,-98,-98,-98
2122,1,0,1,1,0,1,0,0,0,0,0,0,0,-98,-98,-98,-98,-98,-98,-98,-98,-98
2123,0,0,1,1,0,0,0,0,1,0,0,0,0,-98,-98,-98,-98,-98,-98,-98,-98,-98
2124,0,0,0,0,0,0,0,0,0,0,0,0,1,0,0,0,0,0,0,0,0,0
2125,0,0,0,0,0,0,0,0,0,0,0,1,0,0,0,0,0,0,0,0,1,0
2126,0,0,0,0,0,0,0,0,0,0,0,0,0,-98,-98,-98,-98,-98,-98,-98,-98,-98
2127,0,0,0,0,-98,1,0,0,1,0,0,0,0,-98,-98,-98,-98,-98,-98,-98,-98,-98
2128,0,0,0,0,0,1,-98,-98,0,0,0,0,0,0,0,0,0,0,0,0,0,1
2129,1,0,0,0,0,0,0,0,1,0,0,0,1,-98,-98,-98,-98,-98,-98,-98,-98,-98
2130,0,0,0,0,0,0,0,0,1,0,0,1,0,-98,-98,-98,-98,-98,-98,-98,-98,-98
2131,0,0,0,0,0,0,0,0,0,0,0,0,0,-98,-98,-98,-98,-98,-98,-98,-98,-98
2132,1,0,1,0,0,1,0,0,1,0,0,0,0,-98,-98,-98,-98,-98,-98,-98,-98,-98
2133,0,0,-98,-98,0,0,0,0,0,0,0,0,0,-98,-98,-98,-98,-98,-98,-98,-98,-98
2134,0,0,0,0,0,-98,0,0,1,0,1,0,0,-98,-98,-98,-98,-98,-98,-98,-98,-98
2135,0,0,0,0,-98,-98,0,0,1,0,1,0,1,0,0,0,0,0,0,0,0,0
2136,0,0,0,0,-98,-98,0,0,0,0,1,1,1,-98,-98,-98,-98,-98,-98,-98,-98,-98
2137,0,0,0,0,0,0,0,0,0,0,0,0,0,-98,-98,-98,-98,-98,-98,-98,-98,-98
2138,0,0,0,0,0,1,0,0,0,0,0,0,1,-98,-98,-98,-98,-98,-98,-98,-98,-98
2139,0,0,0,0,0,0,0,0,0,0,0,0,0,-98,-98,-98,-98,-98,-98,-98,-98,-98
2140,0,1,1,0,0,-98,0,0,-98,-98,0,0,0,-98,-98,-98,-98,-98,-98,-98,-98,-98
2141,-98,-98,-98,-98,-98,-98,-98,-98,0,0,1,1,0,-98,-98,-98,-98,-98,-98,-98,-98,-98
2142,0,0,0,0,-98,-98,-98,-98,0,0,0,0,0,0,0,0,0,0,0,0,0,0
2143,0,0,0,0,-98,-98,0,0,0,0,-98,-98,0,-98,-98,-98,-98,-98,-98,-98,-98,-98
2144,0,1,1,0,0,0,0,0,0,0,0,0,0,-98,-98,-98,-98,-98,-98,-98,-98,-98
2145,0,0,0,0,0,1,0,0,0,0,0,0,0,-98,-98,-98,-98,-98,-98,-98,-98,-98
2146,1,1,1,1,0,0,-98,-98,1,1,0,0,0,-98,-98,-98,-98,-98,-98,-98,-98,-98
2147,0,0,1,0,0,0,0,0,0,0,0,0,0,-98,-98,-98,-98,-98,-98,-98,-98,-98
2148,0,0,0,0,0,0,1,1,0,0,0,0,1,-98,-98,-98,-98,-98,-98,-98,-98,-98
2149,0,0,0,0,0,-98,0,0,0,0,0,0,0,-98,-98,-98,-98,-98,-98,-98,-98,-98
2150,-98,-98,-98,-98,0,-98,-98,-98,-98,-98,-98,-98,0,0,0,0,0,0,0,0,0,0
2151,-98,-98,-98,-98,0,0,-98,-98,-98,-98,-98,-98,0,-98,-98,-98,-98,-98,-98,-98,-98,-98
2152,0,0,0,0,0,0,0,0,0,0,1,1,1,0,0,0,0,0,0,0,1,0
2153,0,0,0,0,0,-98,0,0,1,0,1,1,0,0,0,1,0,0,0,0,0,0
2154,1,0,0,0,0,1,0,0,0,0,0,0,0,-98,-98,-98,-98,-98,-98,-98,-98,-98
2155,0,-98,0,0,-98,0,0,0,0,0,0,0,-98,-98,-98,-98,-98,-98,-98,-98,-98,-98
2156,0,0,0,0,-98,-98,0,0,0,0,0,0,0,-98,-98,-98,-98,-98,-98,-98,-98,-98
2157,0,0,0,0,0,0,0,1,0,0,0,0,1,-98,-98,-98,-98,-98,-98,-98,-98,-98
2158,-98,-98,-98,-98,-98,-98,0,0,0,0,0,1,0,-98,-98,-98,-98,-98,-98,-98,-98,-98
2159,1,0,1,0,-98,1,-98,-98,1,0,1,0,0,0,0,1,0,0,0,0,1,0
2160,0,-98,0,0,-98,-98,0,0,0,0,0,0,0,-98,-98,-98,-98,-98,-98,-98,-98,-98
2161,0,1,0,0,0,1,0,0,0,0,0,0,0,-98,-98,-98,-98,-98,-98,-98,-98,-98
2162,0,0,0,0,0,-98,0,0,0,0,0,0,0,-98,-98,-98,-98,-98,-98,-98,-98,-98
2163,1,0,0,0,0,0,0,0,1,0,1,0,0,-98,-98,-98,-98,-98,-98,-98,-98,-98
2164,0,0,0,0,0,0,0,0,0,0,0,0,0,-98,-98,-98,-98,-98,-98,-98,-98,-98
2165,0,0,0,0,-98,1,0,0,0,0,0,0,0,0,0,0,0,0,0,0,1,0
2166,0,0,0,0,-98,0,0,0,0,0,0,0,1,-98,-98,-98,-98,-98,-98,-98,-98,-98
2167,0,0,0,0,0,0,0,0,1,0,0,0,0,-98,-98,-98,-98,-98,-98,-98,-98,-98
2168,0,1,1,0,0,1,0,0,0,0,0,0,0,-98,-98,-98,-98,-98,-98,-98,-98,-98
2169,0,1,0,0,0,1,0,1,0,0,0,0,0,-98,-98,-98,-98,-98,-98,-98,-98,-98
2170,0,0,0,0,-98,0,0,0,0,0,0,0,1,0,0,0,0,0,0,0,1,0
2171,0,1,0,0,-98,-98,1,1,1,0,0,0,0,-98,-98,-98,-98,-98,-98,-98,-98,-98
2172,1,0,0,0,0,0,0,0,1,0,1,1,0,-98,-98,-98,-98,-98,-98,-98,-98,-98
2173,1,0,0,0,0,-98,0,0,0,0,0,0,0,-98,-98,-98,-98,-98,-98,-98,-98,-98
2174,-98,-98,-98,-98,-98,0,0,0,0,0,0,0,0,-98,-98,-98,-98,-98,-98,-98,-98,-98
2175,0,0,1,0,0,0,0,0,0,0,0,0,0,-98,-98,-98,-98,-98,-98,-98,-98,-98
2176,1,1,0,0,0,0,0,0,1,0,0,0,0,-98,-98,-98,-98,-98,-98,-98,-98,-98
2177,0,0,0,0,0,0,0,0,0,0,0,0,0,-98,-98,-98,-98,-98,-98,-98,-98,-98
2178,-98,-98,-98,-98,-98,-98,-98,-98,-98,-98,-98,-98,-98,-98,-98,-98,-98,-98,-98,-98,-98,-98
2179,0,0,0,0,0,-98,0,0,1,0,1,0,0,0,0,0,0,0,0,0,0,0
2180,1,1,-98,-98,-98,-98,-98,-98,1,0,0,0,0,-98,-98,-98,-98,-98,-98,-98,-98,-98
2181,0,0,0,0,0,-98,0,0,0,0,0,0,1,-98,-98,-98,-98,-98,-98,-98,-98,-98
2182,0,-98,-98,-98,-98,-98,0,0,0,0,0,0,0,-98,-98,-98,-98,-98,-98,-98,-98,-98
2183,1,0,1,0,0,1,0,0,0,0,0,0,0,-98,-98,-98,-98,-98,-98,-98,-98,-98
2184,1,0,0,0,-98,0,-98,-98,0,0,0,0,0,-98,-98,-98,-98,-98,-98,-98,-98,-98
2185,1,0,0,0,0,1,0,0,1,0,0,0,0,-98,-98,-98,-98,-98,-98,-98,-98,-98
2186,0,0,0,0,0,1,0,0,0,0,0,1,0,-98,-98,-98,-98,-98,-98,-98,-98,-98
2187,0,0,0,0,-98,-98,0,0,1,0,1,0,0,0,0,0,0,0,0,0,0,0
2188,0,1,1,0,0,1,-98,-98,1,0,0,0,0,-98,-98,-98,-98,-98,-98,-98,-98,-98
2189,0,0,0,0,0,0,0,0,1,0,0,0,0,0,0,0,0,0,0,0,0,0
2190,0,0,0,0,-98,-98,-98,-98,0,0,0,0,0,-98,-98,-98,-98,-98,-98,-98,-98,-98
2191,0,1,0,0,0,-98,0,0,0,0,0,0,0,-98,-98,-98,-98,-98,-98,-98,-98,-98
2192,0,0,0,0,0,-98,0,0,1,0,0,1,0,0,0,0,0,0,0,0,0,0
2193,0,0,0,0,0,1,0,0,0,0,0,0,0,-98,-98,-98,-98,-98,-98,-98,-98,-98
2194,1,0,0,0,0,1,0,0,1,1,0,0,0,-98,-98,-98,-98,-98,-98,-98,-98,-98
2195,0,1,-98,-98,0,1,-98,-98,0,0,0,0,0,-98,-98,-98,-98,-98,-98,-98,-98,-98
2196,0,0,0,0,0,0,0,0,0,0,0,0,1,-98,-98,-98,-98,-98,-98,-98,-98,-98
2197,1,0,0,0,0,-98,0,0,1,0,1,1,0,-98,-98,-98,-98,-98,-98,-98,-98,-98
2198,0,0,1,1,0,-98,0,0,0,0,0,0,0,-98,-98,-98,-98,-98,-98,-98,-98,-98
2199,0,0,0,0,0,0,1,1,0,0,0,0,0,-98,-98,-98,-98,-98,-98,-98,-98,-98
2200,0,0,0,0,-98,-98,0,0,1,0,1,1,1,0,0,0,1,0,0,0,1,0
2201,0,0,0,0,-98,-98,0,0,0,0,0,0,1,0,0,0,0,0,0,0,0,0
2202,0,0,0,0,-98,0,0,0,0,0,0,0,0,-98,-98,-98,-98,-98,-98,-98,-98,-98
2203,0,0,1,0,0,-98,0,0,0,0,0,0,0,0,0,0,0,0,0,0,0,0
2204,0,0,0,0,0,-98,0,0,0,0,0,0,0,-98,-98,-98,-98,-98,-98,-98,-98,-98
2205,1,-98,0,0,0,-98,-98,-98,0,0,1,1,0,-98,-98,-98,-98,-98,-98,-98,-98,-98
2206,0,1,0,0,1,-98,0,0,1,0,0,0,0,-98,-98,-98,-98,-98,-98,-98,-98,-98
2207,0,0,0,0,-98,-98,0,0,0,0,-98,-98,0,-98,-98,-98,-98,-98,-98,-98,-98,-98
2208,0,0,0,0,-98,0,0,0,0,0,0,0,0,-98,-98,-98,-98,-98,-98,-98,-98,-98
2209,1,1,1,1,0,0,0,0,0,0,0,0,0,-98,-98,-98,-98,-98,-98,-98,-98,-98
2210,0,0,0,0,0,0,0,0,0,0,0,0,0,-98,-98,-98,-98,-98,-98,-98,-98,-98
2211,0,0,1,0,0,0,0,0,0,0,0,0,0,-98,-98,-98,-98,-98,-98,-98,-98,-98
2212,0,-98,0,0,0,0,-98,-98,0,0,0,0,0,-98,-98,-98,-98,-98,-98,-98,-98,-98
2213,0,-98,-98,-98,-98,0,-98,-98,1,1,0,0,1,-98,-98,-98,-98,-98,-98,-98,-98,-98
2214,0,-98,0,0,0,-98,0,0,0,0,0,0,0,-98,-98,-98,-98,-98,-98,-98,-98,-98
2215,1,-98,0,0,-98,-98,0,0,0,0,1,0,0,-98,-98,-98,-98,-98,-98,-98,-98,-98
2216,0,0,0,0,0,0,0,0,0,0,1,1,0,-98,-98,-98,-98,-98,-98,-98,-98,-98
2217,0,1,1,1,0,-98,0,0,0,0,0,0,0,-98,-98,-98,-98,-98,-98,-98,-98,-98
2218,1,1,1,1,0,0,0,0,0,0,0,0,1,-98,-98,-98,-98,-98,-98,-98,-98,-98
2219,1,-98,-5,-5,-98,0,-5,-5,1,0,0,0,0,-98,-98,-98,-98,-98,-98,-98,-98,-98
2220,0,0,0,0,-98,0,0,0,0,0,0,0,1,-98,-98,-98,-98,-98,-98,-98,-98,-98
2221,0,0,0,0,-5,0,0,0,0,0,0,0,0,-98,-98,-98,-98,-98,-98,-98,-98,-98
2222,0,0,0,0,0,0,0,0,1,0,1,1,0,0,0,0,0,0,0,0,0,0
2223,1,1,1,0,0,-98,0,0,1,0,0,0,0,0,0,0,0,0,0,0,0,0
2224,0,0,0,0,0,0,0,0,0,0,0,0,0,-98,-98,-98,-98,-98,-98,-98,-98,-98
2225,0,0,0,0,0,0,0,0,0,0,0,0,0,-98,-98,-98,-98,-98,-98,-98,-98,-98
2226,1,0,1,0,0,0,0,0,1,0,0,0,0,-98,-98,-98,-98,-98,-98,-98,-98,-98
2227,0,0,1,0,0,1,0,0,0,0,0,0,0,-98,-98,-98,-98,-98,-98,-98,-98,-98
2228,-98,-98,0,0,-98,0,0,0,-98,-98,0,0,0,-98,-98,-98,-98,-98,-98,-98,-98,-98
2229,0,0,0,0,0,-98,0,0,1,0,0,0,0,-98,-98,-98,-98,-98,-98,-98,-98,-98
2230,1,0,0,0,-98,1,0,0,0,0,0,0,0,-98,-98,-98,-98,-98,-98,-98,-98,-98
2231,1,0,0,0,-98,-98,0,0,0,0,0,0,0,-98,-98,-98,-98,-98,-98,-98,-98,-98
2232,1,0,0,0,0,-98,0,0,0,0,0,0,0,0,0,0,0,0,0,0,0,0
2233,1,0,0,0,0,1,0,0,1,1,0,0,0,-98,-98,-98,-98,-98,-98,-98,-98,-98
2234,0,0,0,0,0,0,0,0,0,0,0,0,0,-98,-98,-98,-98,-98,-98,-98,-98,-98
2235,0,0,0,0,0,-98,0,0,0,0,0,0,0,-98,-98,-98,-98,-98,-98,-98,-98,-98
2236,0,0,0,0,0,-98,0,0,0,0,0,0,0,-98,-98,-98,-98,-98,-98,-98,-98,-98
2237,-98,0,0,0,0,-98,1,1,1,1,0,0,0,-98,-98,-98,-98,-98,-98,-98,-98,-98
2238,-98,-98,-98,-98,-98,-98,-98,-98,0,0,-98,-98,0,-98,-98,-98,-98,-98,-98,-98,-98,-98
2239,-98,-98,-98,-98,-98,-98,0,0,0,0,0,0,1,0,0,1,0,0,0,0,0,0
2240,0,0,0,0,0,-98,1,0,1,0,1,1,0,0,0,0,0,0,0,0,1,0
2241,-98,-98,-98,-98,-98,-98,-98,-98,-98,-98,0,0,0,0,0,0,0,0,0,0,0,0
2242,1,1,1,1,0,1,0,0,1,1,0,0,0,-98,-98,-98,-98,-98,-98,-98,-98,-98
2243,0,0,0,0,0,0,0,0,0,0,0,0,1,0,0,0,0,0,0,0,1,1
2244,0,0,0,0,0,0,0,0,0,0,0,0,0,-98,-98,-98,-98,-98,-98,-98,-98,-98
2245,1,0,1,1,0,-98,0,0,1,0,0,0,0,-98,-98,-98,-98,-98,-98,-98,-98,-98
2246,0,0,0,0,0,-98,0,0,1,0,1,0,0,0,0,0,1,0,0,0,0,0
2247,0,0,0,0,0,0,0,0,1,0,0,0,0,-98,-98,-98,-98,-98,-98,-98,-98,-98
2248,-98,-98,0,0,-98,-98,0,0,0,0,1,1,0,0,0,0,0,1,0,0,0,0
2249,1,0,0,0,0,0,0,0,0,0,1,1,0,-98,-98,-98,-98,-98,-98,-98,-98,-98
2250,0,0,1,-5,0,0,0,0,0,0,0,0,0,-98,-98,-98,-98,-98,-98,-98,-98,-98
2251,0,0,1,0,0,0,0,0,1,0,0,0,0,0,0,0,0,0,0,0,0,0
2252,0,0,0,0,0,-98,0,0,0,0,0,0,0,0,0,0,0,0,0,0,0,0
2253,1,0,0,0,0,1,0,0,1,1,1,0,0,-98,-98,-98,-98,-98,-98,-98,-98,-98
2254,0,0,0,0,0,-98,0,0,1,0,0,0,0,0,0,0,0,0,0,0,0,0
2255,1,0,0,0,0,-98,0,0,0,0,0,0,0,-98,-98,-98,-98,-98,-98,-98,-98,-98
2256,-98,-98,-98,-98,-98,-98,-98,-98,0,0,-98,-98,0,-98,-98,-98,-98,-98,-98,-98,-98,-98
2257,0,0,0,1,0,0,1,1,0,0,0,1,0,-98,-98,-98,-98,-98,-98,-98,-98,-98
2258,1,0,0,0,0,0,0,0,1,0,0,0,0,-98,-98,-98,-98,-98,-98,-98,-98,-98
2259,1,0,1,0,0,1,0,0,1,0,0,0,0,-98,-98,-98,-98,-98,-98,-98,-98,-98
2260,0,0,0,0,0,0,0,0,0,0,1,0,0,-98,-98,-98,-98,-98,-98,-98,-98,-98
2261,0,0,0,0,0,0,-98,-98,1,0,0,0,0,-98,-98,-98,-98,-98,-98,-98,-98,-98
2262,1,0,0,0,0,1,1,1,0,0,0,0,1,-98,-98,-98,-98,-98,-98,-98,-98,-98
2263,0,0,0,0,0,-98,0,0,1,0,0,0,0,-98,-98,-98,-98,-98,-98,-98,-98,-98
2264,0,0,0,0,-98,0,1,1,0,0,0,0,0,-98,-98,-98,-98,-98,-98,-98,-98,-98
2265,0,0,1,1,0,1,1,1,0,0,0,0,0,-98,-98,-98,-98,-98,-98,-98,-98,-98
2266,0,1,-98,-98,-98,1,-98,-98,0,0,0,0,0,-98,-98,-98,-98,-98,-98,-98,-98,-98
2267,0,0,0,0,0,-98,0,0,0,0,0,0,0,-98,-98,-98,-98,-98,-98,-98,-98,-98
2268,1,0,0,0,0,-98,0,0,1,0,0,0,0,-98,-98,-98,-98,-98,-98,-98,-98,-98
2269,0,0,0,0,0,0,0,0,0,1,1,1,1,0,0,0,0,0,0,0,1,0
2270,0,0,1,1,-98,-98,0,0,0,0,0,0,0,-98,-98,-98,-98,-98,-98,-98,-98,-98
2271,0,-98,0,0,0,-98,0,0,0,0,0,0,0,0,0,0,0,0,0,0,0,0
2272,1,0,0,0,0,-98,0,0,1,0,0,0,0,-98,-98,-98,-98,-98,-98,-98,-98,-98
2273,0,1,0,0,-98,-98,0,0,0,0,0,0,1,-98,-98,-98,-98,-98,-98,-98,-98,-98
2274,1,-98,0,0,0,-98,0,0,0,0,0,0,0,-98,-98,-98,-98,-98,-98,-98,-98,-98
2275,0,0,0,0,0,0,0,0,0,0,0,1,0,-98,-98,-98,-98,-98,-98,-98,-98,-98
2276,0,0,0,0,0,-98,0,0,0,0,1,1,0,0,0,1,0,0,0,0,0,0
2277,-98,-98,-98,-98,-98,-98,0,0,1,0,1,0,1,0,0,0,1,0,0,0,0,0
2278,0,0,0,1,0,1,0,0,0,0,0,0,0,-98,-98,-98,-98,-98,-98,-98,-98,-98
2279,-98,0,0,0,-98,0,-98,-98,1,0,-98,-98,1,-98,-98,-98,-98,-98,-98,-98,-98,-98
2280,0,0,1,0,0,-98,0,0,0,0,-98,-98,1,0,0,0,0,0,0,0,1,0
2281,0,0,0,0,0,0,0,0,0,0,0,1,1,-98,-98,-98,-98,-98,-98,-98,-98,-98
2282,0,0,0,0,0,-98,0,0,1,0,0,0,0,-98,-98,-98,-98,-98,-98,-98,-98,-98
2283,0,0,0,0,0,-98,-98,-98,0,0,0,0,0,0,0,0,1,0,0,0,0,0
2284,0,0,0,0,0,-98,-98,-98,0,0,0,0,0,-98,-98,-98,-98,-98,-98,-98,-98,-98
2285,0,0,0,0,0,-98,0,0,0,0,0,0,0,-98,-98,-98,-98,-98,-98,-98,-98,-98
2286,0,0,0,0,0,0,0,0,0,0,1,1,0,0,0,0,0,1,0,0,0,0
2287,0,0,0,0,0,0,0,0,0,0,0,0,0,-98,-98,-98,-98,-98,-98,-98,-98,-98
2288,1,0,0,0,0,0,0,0,0,0,0,0,0,-98,-98,-98,-98,-98,-98,-98,-98,-98
2289,0,-98,0,0,-98,0,0,0,0,0,0,0,0,-98,-98,-98,-98,-98,-98,-98,-98,-98
2290,0,0,1,0,0,0,0,0,0,0,0,0,0,-98,-98,-98,-98,-98,-98,-98,-98,-98
2291,-98,0,0,0,0,-98,0,0,1,0,0,0,0,0,0,0,0,0,0,0,0,0
2292,0,0,0,0,0,0,0,0,0,0,1,1,0,-98,-98,-98,-98,-98,-98,-98,-98,-98
2293,1,1,1,1,-98,1,0,0,0,0,-98,-98,0,-98,-98,-98,-98,-98,-98,-98,-98,-98
2294,1,0,0,0,0,-98,0,0,0,0,0,0,0,-98,-98,-98,-98,-98,-98,-98,-98,-98
2295,1,0,0,0,0,0,1,1,0,0,0,0,0,-98,-98,-98,-98,-98,-98,-98,-98,-98
2296,1,0,0,0,0,0,0,0,1,0,0,0,0,-98,-98,-98,-98,-98,-98,-98,-98,-98
2297,-98,0,0,0,-98,-98,-98,-98,1,0,0,0,0,0,0,0,0,0,0,0,1,0
2298,1,1,0,0,0,1,0,0,1,0,0,0,0,-98,-98,-98,-98,-98,-98,-98,-98,-98
2299,0,0,0,0,0,0,0,0,1,0,0,0,0,-98,-98,-98,-98,-98,-98,-98,-98,-98
2300,0,0,0,0,0,-98,0,0,0,0,0,0,0,-98,-98,-98,-98,-98,-98,-98,-98,-98
2301,1,0,0,0,0,0,0,0,0,0,1,1,1,-98,-98,-98,-98,-98,-98,-98,-98,-98
2302,1,0,1,1,0,1,1,1,1,1,0,0,0,-98,-98,-98,-98,-98,-98,-98,-98,-98
2303,0,0,0,0,-98,-98,0,1,-98,-98,0,0,0,-98,-98,-98,-98,-98,-98,-98,-98,-98
2304,0,0,0,0,0,0,0,0,0,0,0,0,0,0,0,0,0,0,0,0,0,0
2305,0,0,1,0,0,0,0,0,1,0,0,0,1,0,0,0,1,0,0,0,1,0
2306,1,0,0,0,0,1,0,0,1,0,0,0,0,0,0,0,0,1,0,0,0,0
2307,0,0,1,1,0,0,0,0,1,1,1,1,1,-98,-98,-98,-98,-98,-98,-98,-98,-98
2308,1,0,0,0,0,1,0,0,1,0,0,0,1,-98,-98,-98,-98,-98,-98,-98,-98,-98
2309,0,0,0,0,0,0,0,0,1,0,0,0,0,-98,-98,-98,-98,-98,-98,-98,-98,-98
2310,-98,-98,0,0,0,-98,0,0,0,0,1,1,0,0,0,0,0,0,0,0,0,0
2311,1,1,0,0,0,1,0,0,0,0,0,0,0,-98,-98,-98,-98,-98,-98,-98,-98,-98
2312,0,0,0,0,0,0,0,0,0,0,0,0,0,-98,-98,-98,-98,-98,-98,-98,-98,-98
2313,-98,0,0,0,0,-98,0,0,0,0,0,0,0,0,0,0,0,0,0,0,0,0
2314,-98,0,-98,-98,-98,-98,0,0,1,0,0,0,0,-98,-98,-98,-98,-98,-98,-98,-98,-98
2315,1,0,0,0,1,1,0,0,1,0,0,0,1,-98,-98,-98,-98,-98,-98,-98,-98,-98
2316,0,0,0,0,0,-99,0,0,1,0,0,0,1,-98,-98,-98,-98,-98,-98,-98,-98,-98
2317,0,0,0,0,0,-98,0,0,0,0,0,0,1,-98,-98,-98,-98,-98,-98,-98,-98,-98
2318,0,0,0,0,0,-98,0,0,1,0,1,0,0,-98,-98,-98,-98,-98,-98,-98,-98,-98
2319,1,0,-98,-98,0,-98,0,0,0,0,0,0,1,0,0,0,1,0,0,0,0,0
2320,0,-98,-98,-98,-98,-98,0,0,0,0,0,0,0,-98,-98,-98,-98,-98,-98,-98,-98,-98
2321,0,0,0,0,-98,0,0,0,0,0,0,0,0,-98,-98,-98,-98,-98,-98,-98,-98,-98
2322,0,0,0,0,0,0,-98,-98,0,0,0,0,0,0,0,0,0,0,0,0,1,0
2323,0,0,0,0,-98,-98,-98,-98,0,0,0,0,0,-98,-98,-98,-98,-98,-98,-98,-98,-98
2324,0,0,0,0,0,-98,0,0,0,0,0,0,0,-98,-98,-98,-98,-98,-98,-98,-98,-98
2325,0,0,0,0,0,-98,-98,-98,0,0,0,0,0,-98,-98,-98,-98,-98,-98,-98,-98,-98
2326,0,0,0,0,0,-98,0,0,0,0,0,0,0,-98,-98,-98,-98,-98,-98,-98,-98,-98
2327,0,-98,0,0,-98,1,0,0,0,0,0,0,1,-98,-98,-98,-98,-98,-98,-98,-98,-98
2328,0,0,0,0,0,0,0,0,0,0,0,1,0,-98,-98,-98,-98,-98,-98,-98,-98,-98
2329,0,0,0,0,0,0,0,0,1,0,0,0,0,0,0,0,0,0,0,0,1,0
2330,-98,0,0,0,-98,-98,0,1,0,0,0,0,1,-98,-98,-98,-98,-98,-98,-98,-98,-98
2331,0,0,0,0,-98,-98,-98,-98,0,0,0,0,0,-98,-98,-98,-98,-98,-98,-98,-98,-98
2332,1,0,0,0,0,1,0,0,1,0,0,0,0,-98,-98,-98,-98,-98,-98,-98,-98,-98
2333,0,-98,0,0,0,-98,-98,-98,0,0,0,0,1,-98,-98,-98,-98,-98,-98,-98,-98,-98
2334,0,0,-98,-98,-98,-98,0,0,0,0,1,1,0,0,0,1,1,0,0,0,0,1
2335,1,-98,0,0,-98,0,-98,-98,1,0,0,0,1,0,0,0,1,0,0,0,0,0
2336,1,0,0,0,0,1,0,0,0,0,0,0,0,-98,-98,-98,-98,-98,-98,-98,-98,-98
2337,0,0,0,0,0,-98,0,0,1,0,1,1,1,0,0,0,1,0,0,0,0,0
2338,0,0,0,0,0,-98,0,0,0,0,1,0,0,-98,-98,-98,-98,-98,-98,-98,-98,-98
2339,0,0,-98,-98,-98,-98,-98,-98,0,0,-98,-98,0,-98,-98,-98,-98,-98,-98,-98,-98,-98
2340,0,0,0,0,0,-98,0,0,0,0,1,1,0,0,0,0,0,0,0,0,0,0
2341,1,0,0,0,0,-98,0,0,0,0,1,1,0,0,0,0,0,0,0,0,0,0
2342,0,0,0,0,0,-98,0,0,1,0,1,1,1,0,0,1,1,1,0,0,0,0
2343,0,0,0,0,0,0,0,0,0,0,0,0,0,-98,-98,-98,-98,-98,-98,-98,-98,-98
2344,1,0,0,0,0,1,0,0,1,0,0,1,1,-98,-98,-98,-98,-98,-98,-98,-98,-98
2345,1,1,-97,-97,0,1,0,0,0,0,0,0,0,-98,-98,-98,-98,-98,-98,-98,-98,-98
2346,1,0,0,0,0,0,0,0,0,0,1,1,0,-98,-98,-98,-98,-98,-98,-98,-98,-98
2347,0,0,0,0,0,-98,0,0,0,0,0,0,0,-98,-98,-98,-98,-98,-98,-98,-98,-98
2348,1,0,0,0,0,0,0,0,1,0,1,0,0,-98,-98,-98,-98,-98,-98,-98,-98,-98
2349,0,0,0,0,0,0,0,0,1,0,0,0,0,-98,-98,-98,-98,-98,-98,-98,-98,-98
2350,0,0,0,0,0,0,0,0,0,0,0,0,0,-98,-98,-98,-98,-98,-98,-98,-98,-98
2351,1,1,0,0,0,1,1,1,1,0,0,0,0,-98,-98,-98,-98,-98,-98,-98,-98,-98
2352,0,0,0,0,0,0,0,0,1,0,1,0,0,0,0,0,0,0,0,0,0,0
2353,1,1,0,0,0,0,0,0,1,0,0,0,0,-98,-98,-98,-98,-98,-98,-98,-98,-98
2354,1,0,1,1,0,1,0,0,0,1,0,0,0,-98,-98,-98,-98,-98,-98,-98,-98,-98
2355,0,0,0,0,-98,-98,0,0,0,0,0,0,0,-98,-98,-98,-98,-98,-98,-98,-98,-98
2356,0,0,0,0,0,0,0,0,0,0,0,0,1,-98,-98,-98,-98,-98,-98,-98,-98,-98
2357,0,0,0,0,0,-98,0,0,0,0,0,0,0,-98,-98,-98,-98,-98,-98,-98,-98,-98
2358,1,0,0,0,0,0,0,0,0,0,0,1,0,-98,-98,-98,-98,-98,-98,-98,-98,-98
2359,0,0,0,0,0,0,0,0,0,0,0,0,0,-98,-98,-98,-98,-98,-98,-98,-98,-98
2360,0,0,0,0,-98,-98,0,0,1,0,0,0,0,0,0,0,0,0,0,0,0,0
2361,1,-98,-98,-98,-98,-98,1,1,1,0,1,1,0,0,0,0,0,0,0,0,0,0
2362,0,0,1,0,0,0,0,0,1,1,1,1,0,-98,-98,-98,-98,-98,-98,-98,-98,-98
2363,0,0,1,1,0,0,0,1,0,0,1,1,0,-98,-98,-98,-98,-98,-98,-98,-98,-98
2364,0,0,0,0,-98,0,0,0,0,0,0,0,0,-98,-98,-98,-98,-98,-98,-98,-98,-98
2365,0,0,1,1,0,0,0,0,1,0,0,0,0,-98,-98,-98,-98,-98,-98,-98,-98,-98
2366,0,0,0,0,0,0,0,0,0,0,0,0,0,-98,-98,-98,-98,-98,-98,-98,-98,-98
2367,1,0,1,0,0,1,0,0,1,0,0,0,0,0,0,0,0,0,0,0,0,0
2368,-98,-98,0,0,-98,-98,-98,-98,-98,-98,0,0,0,-98,-98,-98,-98,-98,-98,-98,-98,-98
2369,0,0,0,0,0,-98,0,0,0,0,0,0,1,-98,-98,-98,-98,-98,-98,-98,-98,-98
2370,-98,-98,-98,-98,-98,-98,-98,-98,-98,-98,1,0,-98,-98,-98,-98,-98,-98,-98,-98,-98,-98
2371,0,0,0,0,0,-98,0,0,1,0,1,0,0,-98,-98,-98,-98,-98,-98,-98,-98,-98
2372,0,-98,0,0,-98,0,-98,-98,0,0,0,0,0,-98,-98,-98,-98,-98,-98,-98,-98,-98
2373,0,0,0,0,0,-98,0,0,0,0,1,1,0,-98,-98,-98,-98,-98,-98,-98,-98,-98
2374,0,0,0,0,0,0,0,0,0,0,0,0,1,-98,-98,-98,-98,-98,-98,-98,-98,-98
2375,0,0,-98,-98,0,-98,0,0,0,0,0,0,0,-98,-98,-98,-98,-98,-98,-98,-98,-98
2376,0,0,1,0,0,1,0,0,0,0,1,1,0,-98,-98,-98,-98,-98,-98,-98,-98,-98
2377,0,0,0,0,0,0,0,0,0,0,0,0,0,-98,-98,-98,-98,-98,-98,-98,-98,-98
2378,-98,-98,0,0,-98,-98,0,0,0,0,1,1,0,0,0,0,0,0,0,0,1,0
2379,0,0,0,0,0,1,0,0,0,0,0,0,0,-98,-98,-98,-98,-98,-98,-98,-98,-98
2380,1,0,0,0,0,0,0,0,1,0,0,0,0,0,0,0,0,0,0,1,0,0
2381,0,0,0,0,-98,-98,0,0,1,0,0,0,0,0,0,0,0,0,0,0,0,0
2382,1,1,1,1,0,0,0,0,0,0,0,0,0,-98,-98,-98,-98,-98,-98,-98,-98,-98
2383,0,0,0,0,0,0,0,0,0,0,0,0,0,-98,-98,-98,-98,-98,-98,-98,-98,-98
2384,0,0,1,0,0,0,0,0,0,0,0,0,1,-98,-98,-98,-98,-98,-98,-98,-98,-98
2385,1,1,1,1,0,1,0,0,0,0,0,0,0,-98,-98,-98,-98,-98,-98,-98,-98,-98
2386,0,0,0,0,0,1,0,0,1,0,0,0,0,-98,-98,-98,-98,-98,-98,-98,-98,-98
2387,1,0,0,0,0,1,0,0,0,0,0,0,0,0,0,0,0,0,0,0,0,0
2388,1,1,1,0,0,-98,0,0,0,0,0,0,0,-98,-98,-98,-98,-98,-98,-98,-98,-98
2389,-98,-98,-98,-98,-98,-98,-98,-98,-98,-98,-98,-98,0,-98,-98,-98,-98,-98,-98,-98,-98,-98
2390,0,0,-98,-98,-98,0,0,0,0,0,0,0,0,-98,-98,-98,-98,-98,-98,-98,-98,-98
2391,0,-98,-98,-98,-98,0,-98,-98,0,0,0,0,0,0,0,0,0,0,0,0,1,0
2392,1,0,0,0,0,0,0,0,1,1,1,0,1,0,0,0,0,0,0,0,0,0
2393,0,0,0,0,0,-98,0,0,0,0,1,0,0,0,0,0,0,0,0,0,0,0
2394,0,0,1,1,0,1,0,0,0,0,0,0,0,-98,-98,-98,-98,-98,-98,-98,-98,-98
2395,1,0,0,0,0,0,0,0,1,0,0,0,0,0,0,0,1,0,0,0,1,0
2396,0,-98,0,0,-98,0,0,0,0,0,1,1,1,-98,-98,-98,-98,-98,-98,-98,-98,-98
2397,0,1,0,0,1,1,0,1,0,0,0,0,0,-98,-98,-98,-98,-98,-98,-98,-98,-98
2398,0,0,0,0,-98,0,0,0,0,0,0,1,0,-98,-98,-98,-98,-98,-98,-98,-98,-98
2399,0,0,0,0,0,0,1,1,0,0,0,0,1,-98,-98,-98,-98,-98,-98,-98,-98,-98
2400,0,0,0,0,-98,0,0,0,0,0,0,0,0,-98,-98,-98,-98,-98,-98,-98,-98,-98
2401,0,1,1,1,0,0,0,0,0,0,0,0,0,-98,-98,-98,-98,-98,-98,-98,-98,-98
2402,0,0,0,0,0,0,0,0,1,0,0,0,0,-98,-98,-98,-98,-98,-98,-98,-98,-98
2403,0,0,1,0,0,1,0,0,1,0,0,0,1,-98,-98,-98,-98,-98,-98,-98,-98,-98
2404,-98,-98,0,0,-98,-98,0,0,0,0,0,0,0,-98,-98,-98,-98,-98,-98,-98,-98,-98
2405,0,0,0,0,0,-98,0,0,0,0,0,0,0,-98,-98,-98,-98,-98,-98,-98,-98,-98
2406,0,0,0,0,0,0,0,0,1,0,1,0,0,0,0,0,0,0,0,0,0,0
2407,0,-98,-98,-98,0,-98,0,0,0,0,0,0,0,-98,-98,-98,-98,-98,-98,-98,-98,-98
2408,1,0,1,1,0,0,0,0,0,0,0,0,1,0,0,0,0,0,0,0,0,0
2409,1,0,0,0,0,-98,0,0,0,0,0,0,0,-98,-98,-98,-98,-98,-98,-98,-98,-98
2410,1,1,1,1,0,-98,0,0,0,0,0,0,0,-98,-98,-98,-98,-98,-98,-98,-98,-98
2411,1,1,1,0,0,0,0,0,1,0,0,1,1,-98,-98,-98,-98,-98,-98,-98,-98,-98
2412,1,0,0,0,0,0,0,0,0,0,0,0,0,-98,-98,-98,-98,-98,-98,-98,-98,-98
2413,0,0,0,0,0,1,0,0,1,0,1,1,1,-98,-98,-98,-98,-98,-98,-98,-98,-98
2414,0,0,1,0,0,0,0,0,1,0,0,0,0,-98,-98,-98,-98,-98,-98,-98,-98,-98
2415,0,0,0,0,0,0,0,0,0,0,0,0,0,-98,-98,-98,-98,-98,-98,-98,-98,-98
2416,1,0,0,0,-98,-98,-98,-98,0,0,-98,-98,0,-98,-98,-98,-98,-98,-98,-98,-98,-98
2417,0,0,0,0,0,0,0,0,0,0,1,1,1,0,0,0,1,0,0,0,0,0
2418,0,0,0,0,0,-98,0,0,1,0,1,0,0,-98,-98,-98,-98,-98,-98,-98,-98,-98
2419,0,-98,0,0,-98,-98,0,0,0,0,0,0,0,-98,-98,-98,-98,-98,-98,-98,-98,-98
2420,1,1,1,0,0,0,0,0,0,0,0,0,1,-98,-98,-98,-98,-98,-98,-98,-98,-98
2421,0,0,0,0,0,0,0,0,1,0,1,1,0,0,0,0,1,0,0,0,0,0
2422,1,0,0,0,0,1,0,0,0,0,0,0,0,-98,-98,-98,-98,-98,-98,-98,-98,-98
2423,0,0,0,0,0,0,0,0,0,0,0,0,0,-98,-98,-98,-98,-98,-98,-98,-98,-98
2424,0,0,0,0,0,0,0,0,1,0,0,0,0,-98,-98,-98,-98,-98,-98,-98,-98,-98
2425,0,0,0,0,0,0,0,0,1,0,0,0,0,-98,-98,-98,-98,-98,-98,-98,-98,-98
2426,0,0,0,0,0,-98,0,0,1,1,0,0,1,-98,-98,-98,-98,-98,-98,-98,-98,-98
2427,0,0,0,0,0,0,0,0,0,0,0,0,0,-98,-98,-98,-98,-98,-98,-98,-98,-98
2428,0,0,1,0,0,0,0,0,1,1,0,0,1,-98,-98,-98,-98,-98,-98,-98,-98,-98
2429,0,0,0,0,0,-98,-98,-98,0,0,0,0,0,0,0,0,0,0,0,0,1,0
2430,1,0,0,0,0,0,1,0,1,0,1,1,0,0,0,0,0,0,0,0,0,0
2431,-98,0,0,0,-98,0,0,0,0,0,0,0,0,0,0,0,0,0,0,0,1,1
2432,0,0,1,1,0,0,0,0,0,0,0,0,0,-98,-98,-98,-98,-98,-98,-98,-98,-98
2433,0,0,-98,-98,-98,0,0,0,0,0,0,1,0,0,0,0,0,1,0,0,0,0
2434,0,0,0,0,0,1,0,0,1,0,1,0,0,0,0,0,0,0,0,0,0,0
2435,0,0,0,0,0,0,0,0,0,0,0,0,1,-98,-98,-98,-98,-98,-98,-98,-98,-98
2436,-98,-98,-98,-98,-98,-98,0,0,1,0,0,0,0,0,0,0,0,0,0,0,0,0
2437,-98,-98,-98,-98,-98,-98,0,0,1,0,0,0,0,0,0,0,0,0,0,0,1,0
2438,0,0,0,0,0,-98,0,0,0,0,1,1,0,-98,-98,-98,-98,-98,-98,-98,-98,-98
2439,1,0,0,0,0,0,0,0,1,0,1,1,1,-98,-98,-98,-98,-98,-98,-98,-98,-98
2440,0,0,0,0,-98,0,-98,-98,1,0,1,0,0,-98,-98,-98,-98,-98,-98,-98,-98,-98
2441,1,0,0,0,0,-98,0,0,0,0,0,0,1,-98,-98,-98,-98,-98,-98,-98,-98,-98
2442,-98,-98,-98,-98,-98,-98,-98,-98,0,0,-98,-98,-98,-98,-98,-98,-98,-98,-98,-98,-98,-98
2443,0,0,0,0,-98,-98,1,1,0,0,-98,-98,0,-98,-98,-98,-98,-98,-98,-98,-98,-98
2444,1,1,1,1,0,1,1,1,1,0,0,0,1,-98,-98,-98,-98,-98,-98,-98,-98,-98
2445,0,1,0,0,-98,-98,-98,-98,0,0,0,0,0,-98,-98,-98,-98,-98,-98,-98,-98,-98
2446,1,0,0,0,0,-98,0,0,1,0,0,0,0,-98,-98,-98,-98,-98,-98,-98,-98,-98
2447,0,0,1,0,0,-98,0,0,1,0,1,0,0,0,0,0,0,0,0,0,0,0
2448,0,0,0,0,0,-98,0,0,0,0,0,0,0,0,0,0,0,0,0,0,0,0
2449,0,0,1,0,0,-98,0,0,0,0,0,0,0,-98,-98,-98,-98,-98,-98,-98,-98,-98
2450,0,-98,0,0,0,1,0,0,0,0,0,0,0,-98,-98,-98,-98,-98,-98,-98,-98,-98
2451,-98,-98,-98,-98,-98,-98,-98,-98,-98,-98,-98,-98,0,-98,-98,-98,-98,-98,-98,-98,-98,-98
2452,0,0,0,0,-98,0,0,0,0,0,0,0,1,-98,-98,-98,-98,-98,-98,-98,-98,-98
2453,0,0,1,0,0,1,0,0,0,0,0,0,0,0,0,0,0,0,0,0,0,0
2454,0,0,0,0,0,-98,0,0,1,0,0,0,0,-98,-98,-98,-98,-98,-98,-98,-98,-98
2455,0,1,0,0,0,1,0,0,0,0,0,0,1,-98,-98,-98,-98,-98,-98,-98,-98,-98
2456,-98,0,0,0,-98,-98,0,0,1,0,0,0,0,-98,-98,-98,-98,-98,-98,-98,-98,-98
2457,0,0,0,0,-98,-98,0,0,1,0,0,0,0,0,0,0,0,0,0,0,1,0
2458,0,0,0,0,0,0,0,0,1,0,0,0,0,-98,-98,-98,-98,-98,-98,-98,-98,-98
2459,0,0,0,0,-98,-98,-98,-98,0,0,0,0,0,-98,-98,-98,-98,-98,-98,-98,-98,-98
2460,1,0,0,0,0,-98,0,0,1,0,0,0,1,0,0,0,0,0,0,0,0,0
2461,-98,-98,-98,-98,-98,-98,-98,-98,-98,-98,0,0,-98,-98,-98,-98,-98,-98,-98,-98,-98,-98
2462,0,0,0,0,0,0,-98,-98,1,0,0,0,0,-98,-98,-98,-98,-98,-98,-98,-98,-98
2463,1,1,0,0,0,-97,0,0,0,0,0,0,1,-98,-98,-98,-98,-98,-98,-98,-98,-98
2464,0,1,0,0,0,0,1,1,0,0,0,0,0,-98,-98,-98,-98,-98,-98,-98,-98,-98
2465,0,0,0,0,0,0,1,1,0,0,0,0,0,-98,-98,-98,-98,-98,-98,-98,-98,-98
2466,0,0,0,0,0,1,0,0,1,0,1,1,0,-98,-98,-98,-98,-98,-98,-98,-98,-98
2467,1,1,0,0,-98,0,-98,-98,1,0,-98,-98,0,-98,-98,-98,-98,-98,-98,-98,-98,-98
2468,-98,0,0,0,-98,0,0,0,0,0,0,0,1,-98,-98,-98,-98,-98,-98,-98,-98,-98
2469,1,1,1,0,0,-98,0,0,0,0,0,0,0,-98,-98,-98,-98,-98,-98,-98,-98,-98
2470,0,0,0,0,0,-98,0,0,0,0,0,0,0,0,0,0,0,0,0,0,0,0
2471,0,0,0,0,0,-98,0,0,0,0,0,0,0,-98,-98,-98,-98,-98,-98,-98,-98,-98
2472,0,-98,-98,-98,-98,-98,-98,-98,0,0,-98,-98,0,-98,-98,-98,-98,-98,-98,-98,-98,-98
2473,0,0,0,0,0,0,0,0,0,0,0,0,0,-98,-98,-98,-98,-98,-98,-98,-98,-98
2474,1,0,0,0,0,0,0,0,1,0,0,1,1,-98,-98,-98,-98,-98,-98,-98,-98,-98
2475,0,0,0,0,-98,0,0,0,0,0,0,0,0,-98,-98,-98,-98,-98,-98,-98,-98,-98
2476,0,1,1,1,0,1,0,0,0,0,0,0,0,-98,-98,-98,-98,-98,-98,-98,-98,-98
2477,0,0,0,0,0,-98,0,0,0,0,0,0,0,-98,-98,-98,-98,-98,-98,-98,-98,-98
2478,0,0,0,0,0,0,0,0,1,1,1,1,1,-98,-98,-98,-98,-98,-98,-98,-98,-98
2479,0,0,0,0,0,0,0,0,1,1,0,0,0,-98,-98,-98,-98,-98,-98,-98,-98,-98
2480,0,0,0,0,0,-98,0,0,0,0,0,0,1,-98,-98,-98,-98,-98,-98,-98,-98,-98
2481,1,0,0,0,0,0,0,0,0,0,0,0,1,-98,-98,-98,-98,-98,-98,-98,-98,-98
2482,1,0,0,0,0,-98,0,0,0,0,0,0,0,-98,-98,-98,-98,-98,-98,-98,-98,-98
2483,0,0,0,0,0,0,0,0,1,0,0,0,0,-98,-98,-98,-98,-98,-98,-98,-98,-98
2484,0,-98,0,0,0,-98,-98,-98,0,0,0,0,0,-98,-98,-98,-98,-98,-98,-98,-98,-98
2485,1,1,0,0,0,1,0,0,1,0,0,0,0,-98,-98,-98,-98,-98,-98,-98,-98,-98
2486,0,0,0,0,0,-98,0,0,0,0,1,0,0,-98,-98,-98,-98,-98,-98,-98,-98,-98
2487,0,0,0,0,-98,0,0,0,0,0,0,0,0,-98,-98,-98,-98,-98,-98,-98,-98,-98
2488,0,0,0,0,0,0,0,0,0,0,0,0,0,-98,-98,-98,-98,-98,-98,-98,-98,-98
2489,0,0,0,0,0,0,0,0,0,0,0,0,1,-98,-98,-98,-98,-98,-98,-98,-98,-98
2490,0,0,0,0,0,-98,0,0,1,0,1,1,1,0,0,0,0,1,1,0,0,0
2491,0,0,0,0,0,-98,0,0,0,0,0,0,0,-98,-98,-98,-98,-98,-98,-98,-98,-98
2492,0,0,0,0,0,-98,-98,-98,0,0,0,0,0,-98,-98,-98,-98,-98,-98,-98,-98,-98
2493,1,1,0,0,0,0,0,0,0,0,0,0,0,-98,-98,-98,-98,-98,-98,-98,-98,-98
2494,0,0,0,0,0,0,0,0,1,0,0,0,0,-98,-98,-98,-98,-98,-98,-98,-98,-98
2495,-98,-98,-98,-98,-98,-98,-98,-98,0,0,0,0,-98,-98,-98,-98,-98,-98,-98,-98,-98,-98
2496,0,0,0,0,0,-98,0,0,0,0,0,0,0,0,0,0,0,1,1,0,1,0
2497,-98,0,0,0,-98,1,0,0,0,0,0,0,1,-98,-98,-98,-98,-98,-98,-98,-98,-98
2498,0,1,1,0,0,1,0,0,0,0,0,0,0,-98,-98,-98,-98,-98,-98,-98,-98,-98
2499,0,0,1,0,0,0,0,0,0,0,0,0,0,-98,-98,-98,-98,-98,-98,-98,-98,-98
2500,0,1,0,0,0,1,0,0,0,0,0,0,0,-98,-98,-98,-98,-98,-98,-98,-98,-98
2501,0,-98,0,0,-98,0,0,0,0,0,0,0,0,-98,-98,-98,-98,-98,-98,-98,-98,-98
2502,1,0,0,0,0,-98,0,0,0,0,1,0,0,-98,-98,-98,-98,-98,-98,-98,-98,-98
2503,0,0,0,0,0,0,-98,-98,0,0,0,0,0,-98,-98,-98,-98,-98,-98,-98,-98,-98
2504,1,0,1,0,0,1,0,0,1,0,0,0,0,-98,-98,-98,-98,-98,-98,-98,-98,-98
2505,-98,-98,-98,-98,-98,-98,-98,-98,0,0,0,0,0,-98,-98,-98,-98,-98,-98,-98,-98,-98
2506,1,0,1,0,0,0,0,0,1,0,0,0,0,0,0,0,0,0,0,0,0,0
2507,0,0,0,0,0,1,0,0,0,0,0,0,0,-98,-98,-98,-98,-98,-98,-98,-98,-98
2508,0,0,0,0,-98,-98,0,0,0,0,1,0,0,0,0,0,0,0,0,0,1,0
2509,0,0,0,0,0,0,0,0,0,0,1,0,1,-98,-98,-98,-98,-98,-98,-98,-98,-98
2510,1,0,0,1,0,1,0,1,1,1,0,0,0,-98,-98,-98,-98,-98,-98,-98,-98,-98
2511,0,0,0,0,0,-98,0,0,0,0,0,0,0,-98,-98,-98,-98,-98,-98,-98,-98,-98
2512,0,0,0,0,0,0,0,0,1,0,1,1,0,-98,-98,-98,-98,-98,-98,-98,-98,-98
2513,-98,0,0,0,-98,-98,0,0,0,0,-98,-98,1,0,0,0,0,0,0,0,1,0
2514,0,0,0,0,0,1,0,0,1,0,0,0,0,-98,-98,-98,-98,-98,-98,-98,-98,-98
2515,-98,-98,-98,-98,-98,0,-98,-98,0,0,-98,-98,0,-98,-98,-98,-98,-98,-98,-98,-98,-98
2516,-98,-98,-98,-98,-98,-98,-98,-98,0,0,-98,-98,0,0,0,0,0,0,0,0,1,0
2517,0,0,0,0,0,-98,0,0,1,1,0,0,0,-98,-98,-98,-98,-98,-98,-98,-98,-98
2518,0,1,1,1,0,0,1,1,0,0,0,0,1,-98,-98,-98,-98,-98,-98,-98,-98,-98
2519,0,0,0,0,-98,0,0,0,0,0,1,1,0,0,0,1,1,1,0,0,1,1
2520,0,0,1,0,0,1,0,0,1,0,0,1,1,-98,-98,-98,-98,-98,-98,-98,-98,-98
2521,1,0,0,0,0,0,0,0,1,0,0,0,0,0,0,0,0,0,0,0,1,0
2522,0,0,0,0,0,0,-98,-98,0,0,0,0,0,-98,-98,-98,-98,-98,-98,-98,-98,-98
2523,-98,-98,-98,-98,-98,-98,0,0,1,0,1,0,0,-98,-98,-98,-98,-98,-98,-98,-98,-98
2524,0,0,1,1,0,1,0,0,1,0,0,0,0,-98,-98,-98,-98,-98,-98,-98,-98,-98
2525,0,0,0,0,-98,0,0,0,0,0,0,0,0,-98,-98,-98,-98,-98,-98,-98,-98,-98
2526,0,0,1,0,-98,0,0,0,0,0,0,0,0,-98,-98,-98,-98,-98,-98,-98,-98,-98
2527,-98,0,0,0,-98,0,0,0,0,0,0,0,0,-98,-98,-98,-98,-98,-98,-98,-98,-98
2528,1,0,0,0,0,0,0,0,0,0,0,0,1,-98,-98,-98,-98,-98,-98,-98,-98,-98
2529,1,0,0,0,0,0,0,0,0,0,0,0,0,-98,-98,-98,-98,-98,-98,-98,-98,-98
2530,0,0,0,0,0,0,0,0,1,0,0,0,0,-98,-98,-98,-98,-98,-98,-98,-98,-98
2531,0,0,0,0,0,0,0,0,0,0,1,0,0,0,0,0,1,0,0,0,0,0
2532,0,0,0,0,0,1,0,0,1,0,0,0,0,0,0,0,0,0,0,0,0,0
2533,0,0,0,0,0,1,0,0,0,0,0,0,0,0,0,0,0,0,0,0,0,0
2534,0,0,0,0,0,0,0,0,0,0,0,0,0,-98,-98,-98,-98,-98,-98,-98,-98,-98
2535,1,0,0,0,0,0,0,0,1,0,0,0,0,-98,-98,-98,-98,-98,-98,-98,-98,-98
2536,0,0,0,0,0,0,0,0,1,0,1,1,0,0,0,1,0,0,0,0,0,0
2537,0,0,0,0,0,1,1,1,0,0,0,0,0,-98,-98,-98,-98,-98,-98,-98,-98,-98
2538,-98,1,0,0,0,-98,0,0,0,0,-98,-98,1,0,0,0,0,0,0,0,0,0
2539,0,0,0,0,0,0,0,0,0,0,0,0,0,-98,-98,-98,-98,-98,-98,-98,-98,-98
2540,0,0,1,0,-98,0,0,0,1,0,1,1,0,-98,-98,-98,-98,-98,-98,-98,-98,-98
2541,0,0,0,0,0,0,0,0,1,1,0,0,0,-98,-98,-98,-98,-98,-98,-98,-98,-98
2542,0,0,0,0,0,0,0,0,1,0,0,0,0,-98,-98,-98,-98,-98,-98,-98,-98,-98
2543,0,0,0,0,0,-98,0,0,0,0,0,0,0,-98,-98,-98,-98,-98,-98,-98,-98,-98
2544,0,0,0,0,0,1,0,0,0,0,0,0,0,-98,-98,-98,-98,-98,-98,-98,-98,-98
2545,0,0,0,0,0,-98,0,0,0,0,1,1,0,-98,-98,-98,-98,-98,-98,-98,-98,-98
2546,0,0,0,0,0,-98,0,0,1,0,1,1,0,-98,-98,-98,-98,-98,-98,-98,-98,-98
2547,1,0,0,0,0,0,-98,-98,0,0,1,1,1,-98,-98,-98,-98,-98,-98,-98,-98,-98
2548,1,0,0,0,0,1,0,0,0,0,0,0,0,-98,-98,-98,-98,-98,-98,-98,-98,-98
2549,1,0,1,0,0,0,0,0,0,0,0,0,1,-98,-98,-98,-98,-98,-98,-98,-98,-98
2550,0,0,0,0,0,0,0,0,0,0,0,0,0,-98,-98,-98,-98,-98,-98,-98,-98,-98
2551,1,0,0,0,0,-98,0,0,1,0,0,0,0,-98,-98,-98,-98,-98,-98,-98,-98,-98
2552,-98,-98,-98,-98,-98,-98,-98,-98,-98,-98,-98,-98,0,-98,-98,-98,-98,-98,-98,-98,-98,-98
2553,0,0,0,0,0,0,-98,-98,0,0,0,0,0,-98,-98,-98,-98,-98,-98,-98,-98,-98
2554,0,0,0,0,-98,0,-98,-98,0,0,1,1,0,-98,-98,-98,-98,-98,-98,-98,-98,-98
2555,0,0,0,0,0,0,0,0,1,0,0,0,0,0,0,0,0,0,0,0,1,0
2556,0,0,0,0,0,0,0,0,1,1,0,0,1,-98,-98,-98,-98,-98,-98,-98,-98,-98
2557,0,-5,-98,-98,-98,-98,1,0,0,0,0,0,1,0,0,0,0,0,0,0,0,1
2558,0,0,1,1,0,0,0,0,0,0,0,0,0,-98,-98,-98,-98,-98,-98,-98,-98,-98
2559,-98,0,0,0,0,-98,0,0,1,0,0,0,0,-98,-98,-98,-98,-98,-98,-98,-98,-98
2560,0,0,0,0,0,-98,-98,-98,0,0,0,0,0,-98,-98,-98,-98,-98,-98,-98,-98,-98
2561,1,0,0,0,0,0,0,0,0,0,0,0,0,0,0,0,0,0,0,0,0,0
2562,0,0,1,0,0,1,0,0,0,0,0,0,1,-98,-98,-98,-98,-98,-98,-98,-98,-98
2563,0,0,0,1,0,1,0,0,0,0,0,0,1,-98,-98,-98,-98,-98,-98,-98,-98,-98
2564,-98,0,0,0,-98,0,0,0,1,0,1,0,0,-98,-98,-98,-98,-98,-98,-98,-98,-98
2565,-98,-98,-98,-98,-98,-98,-98,-98,-98,-98,-98,-98,0,-98,-98,-98,-98,-98,-98,-98,-98,-98
2566,0,0,0,0,0,-98,0,0,1,0,1,1,0,0,0,0,0,0,0,0,0,0
2567,0,0,0,0,0,1,0,0,0,0,1,1,0,0,0,0,0,0,0,0,0,0
2568,1,0,1,1,0,0,0,0,1,0,0,0,0,-98,-98,-98,-98,-98,-98,-98,-98,-98
2569,-98,-98,-98,-98,-98,-98,-98,-98,0,0,0,0,0,-98,-98,-98,-98,-98,-98,-98,-98,-98
2570,1,1,1,0,0,1,0,0,0,0,0,0,0,-98,-98,-98,-98,-98,-98,-98,-98,-98
2571,1,0,0,0,0,-98,-98,-98,0,0,1,0,0,-98,-98,-98,-98,-98,-98,-98,-98,-98
2572,-98,0,0,0,-98,-98,-98,-98,0,0,0,0,0,0,0,0,0,0,0,0,0,0
2573,0,0,0,0,0,-98,0,0,0,0,1,1,0,0,0,0,0,1,0,0,0,0
2574,0,0,0,0,0,0,-98,-98,0,0,0,0,0,-98,-98,-98,-98,-98,-98,-98,-98,-98
2575,0,1,1,0,0,-98,0,0,0,0,0,0,0,-98,-98,-98,-98,-98,-98,-98,-98,-98
2576,1,0,0,0,0,0,0,0,1,0,0,0,1,-98,-98,-98,-98,-98,-98,-98,-98,-98
2577,-98,0,0,0,-98,0,1,1,0,0,0,0,1,-98,-98,-98,-98,-98,-98,-98,-98,-98
2578,0,0,0,0,-98,0,0,0,0,0,0,0,0,-98,-98,-98,-98,-98,-98,-98,-98,-98
2579,1,0,1,0,0,-98,0,0,0,0,0,0,0,-98,-98,-98,-98,-98,-98,-98,-98,-98
2580,1,1,0,0,0,0,0,0,0,0,0,0,0,-98,-98,-98,-98,-98,-98,-98,-98,-98
2581,-98,0,0,0,-98,0,0,0,0,0,0,0,0,0,0,0,0,0,0,0,0,0
2582,0,0,0,0,0,0,0,0,0,0,0,0,0,-98,-98,-98,-98,-98,-98,-98,-98,-98
2583,1,1,0,0,0,-98,0,0,0,0,0,0,0,-98,-98,-98,-98,-98,-98,-98,-98,-98
2584,0,0,0,0,0,1,0,0,1,1,0,0,0,-98,-98,-98,-98,-98,-98,-98,-98,-98
2585,0,0,0,0,0,-98,-98,-98,1,1,1,1,1,0,0,0,0,0,0,0,1,0
2586,0,0,0,0,-98,0,-98,-98,1,1,1,1,0,-98,-98,-98,-98,-98,-98,-98,-98,-98
2587,1,0,1,0,0,-98,0,0,0,0,0,0,1,-98,-98,-98,-98,-98,-98,-98,-98,-98
2588,0,0,0,0,0,-98,0,0,1,0,0,0,0,-98,-98,-98,-98,-98,-98,-98,-98,-98
2589,0,0,0,0,0,0,0,0,1,0,1,0,0,-98,-98,-98,-98,-98,-98,-98,-98,-98
2590,0,0,0,0,0,-98,0,0,0,0,1,0,1,-98,-98,-98,-98,-98,-98,-98,-98,-98
2591,0,0,0,0,0,0,0,0,1,0,1,1,1,-98,-98,-98,-98,-98,-98,-98,-98,-98
2592,0,0,0,0,0,1,0,0,1,0,0,0,0,-98,-98,-98,-98,-98,-98,-98,-98,-98
2593,0,0,0,0,0,0,0,0,0,0,0,0,0,0,0,0,0,0,0,0,0,0
2594,0,0,0,0,0,0,0,0,0,0,1,0,0,-98,-98,-98,-98,-98,-98,-98,-98,-98
2595,0,1,1,0,0,1,0,0,0,0,0,0,0,0,0,0,0,0,0,0,0,1
2596,0,0,0,0,-98,-98,-98,-98,0,0,0,0,0,-98,-98,-98,-98,-98,-98,-98,-98,-98
2597,0,0,0,0,0,-98,0,0,0,0,0,0,0,-98,-98,-98,-98,-98,-98,-98,-98,-98
2598,0,0,0,0,0,0,0,0,1,0,0,0,1,0,0,0,0,0,0,0,0,0
2599,0,0,0,0,0,0,0,0,0,0,0,0,1,0,0,0,0,0,0,0,0,0
2600,1,0,0,0,-98,1,0,0,1,0,1,1,0,-98,-98,-98,-98,-98,-98,-98,-98,-98
2601,0,1,0,0,0,0,0,0,0,0,0,0,0,-98,-98,-98,-98,-98,-98,-98,-98,-98
2602,1,0,1,0,0,0,0,0,0,0,0,0,0,-98,-98,-98,-98,-98,-98,-98,-98,-98
2603,-98,-98,0,0,-98,-98,0,0,0,0,1,1,0,-98,-98,-98,-98,-98,-98,-98,-98,-98
2604,0,0,0,0,0,-98,-98,-98,0,0,0,0,0,0,0,0,0,0,0,0,0,0
2605,0,0,0,0,0,0,0,0,0,0,0,0,0,0,0,0,0,0,0,0,0,0
2606,1,1,0,0,0,-98,0,0,0,0,0,0,0,-98,-98,-98,-98,-98,-98,-98,-98,-98
2607,1,0,0,0,0,0,0,0,0,0,1,0,0,-98,-98,-98,-98,-98,-98,-98,-98,-98
2608,1,0,0,0,0,0,0,0,0,0,0,0,0,-98,-98,-98,-98,-98,-98,-98,-98,-98
2609,1,0,0,0,0,0,0,0,0,0,1,1,0,-98,-98,-98,-98,-98,-98,-98,-98,-98
2610,0,0,0,0,0,-98,0,0,1,1,0,1,0,-98,-98,-98,-98,-98,-98,-98,-98,-98
2611,1,0,0,0,0,1,-98,-98,1,0,1,0,0,-98,-98,-98,-98,-98,-98,-98,-98,-98
2612,0,0,0,0,0,1,0,0,1,0,1,0,1,0,0,0,0,0,0,0,0,0
2613,-98,-98,-98,-98,-98,-98,-98,-98,0,0,0,0,0,0,0,0,0,0,0,0,1,0
2614,0,0,0,0,0,0,-98,-98,1,0,0,0,0,-98,-98,-98,-98,-98,-98,-98,-98,-98
2615,1,1,1,0,0,1,0,0,0,0,0,0,0,-98,-98,-98,-98,-98,-98,-98,-98,-98
2616,0,0,0,0,0,0,0,0,0,0,0,0,0,-98,-98,-98,-98,-98,-98,-98,-98,-98
2617,0,0,0,0,0,-98,0,0,0,0,0,0,0,-98,-98,-98,-98,-98,-98,-98,-98,-98
2618,0,0,0,0,0,-98,0,0,0,0,0,0,0,-98,-98,-98,-98,-98,-98,-98,-98,-98
2619,0,0,0,0,0,0,0,0,1,0,0,0,0,-98,-98,-98,-98,-98,-98,-98,-98,-98
2620,0,0,0,0,0,-98,0,0,0,0,0,0,0,-98,-98,-98,-98,-98,-98,-98,-98,-98
2621,0,-98,0,0,0,-98,0,0,0,0,-98,-98,0,-98,-98,-98,-98,-98,-98,-98,-98,-98
2622,-98,-98,0,0,-98,-98,0,0,-98,-98,-98,-98,-98,0,0,0,0,0,0,0,0,0
2623,0,-98,-98,-98,-98,-98,0,0,0,0,1,1,0,-98,-98,-98,-98,-98,-98,-98,-98,-98
2624,0,1,0,0,0,-98,0,0,0,0,0,0,0,-98,-98,-98,-98,-98,-98,-98,-98,-98
2625,-98,0,-98,-98,-98,-98,-98,-98,-98,-98,0,0,0,-98,-98,-98,-98,-98,-98,-98,-98,-98
2626,1,0,0,0,0,0,0,0,0,0,1,1,0,-98,-98,-98,-98,-98,-98,-98,-98,-98
2627,0,0,0,0,0,-98,0,0,0,0,0,0,-98,-98,-98,-98,-98,-98,-98,-98,-98,-98
2628,1,0,0,0,0,-98,0,0,0,0,1,1,1,0,0,1,0,1,0,0,0,0
2629,0,0,0,0,0,-98,-98,-98,0,0,0,0,0,-98,-98,-98,-98,-98,-98,-98,-98,-98
2630,0,0,0,1,0,-98,0,0,1,1,1,1,1,-98,-98,-98,-98,-98,-98,-98,-98,-98
2631,0,0,0,0,0,0,0,0,1,0,0,0,0,-98,-98,-98,-98,-98,-98,-98,-98,-98
2632,0,0,0,0,0,1,-98,-98,0,0,0,0,0,-98,-98,-98,-98,-98,-98,-98,-98,-98
2633,0,0,0,0,-98,-98,0,0,0,0,-98,-98,-98,-98,-98,-98,-98,-98,-98,-98,-98,-98
2634,-98,0,0,1,-98,0,1,1,0,0,1,0,0,-98,-98,-98,-98,-98,-98,-98,-98,-98
2635,0,0,0,0,0,0,0,0,0,0,1,1,0,-98,-98,-98,-98,-98,-98,-98,-98,-98
2636,1,0,0,0,0,1,0,0,0,0,0,0,0,-98,-98,-98,-98,-98,-98,-98,-98,-98
2637,0,-98,-98,-98,-98,-98,-98,-98,0,0,0,0,0,-98,-98,-98,-98,-98,-98,-98,-98,-98
2638,0,0,0,0,-98,0,0,0,1,0,1,1,0,0,0,0,0,0,0,0,0,0
2639,0,-98,-98,-98,-98,0,0,0,1,0,0,0,0,-98,-98,-98,-98,-98,-98,-98,-98,-98
2640,1,0,1,0,0,1,0,0,0,0,0,0,0,0,0,0,0,0,0,0,0,0
2641,0,-98,-98,-98,-98,-98,0,0,0,0,-98,-98,0,-98,-98,-98,-98,-98,-98,-98,-98,-98
2642,1,0,0,0,0,1,0,0,1,1,0,0,0,0,0,0,0,0,0,0,0,0
2643,0,0,0,0,0,-98,0,0,1,0,1,1,0,-98,-98,-98,-98,-98,-98,-98,-98,-98
2644,0,0,0,0,0,-98,1,1,0,0,0,0,0,-98,-98,-98,-98,-98,-98,-98,-98,-98
2645,0,0,0,0,0,-98,0,0,0,0,0,0,1,-98,-98,-98,-98,-98,-98,-98,-98,-98
2646,0,0,0,0,0,0,0,0,0,0,1,0,0,-98,-98,-98,-98,-98,-98,-98,-98,-98
2647,0,0,0,0,-98,0,-98,-98,1,0,0,0,0,-98,-98,-98,-98,-98,-98,-98,-98,-98
2648,0,1,0,0,0,0,0,0,0,0,0,0,0,-98,-98,-98,-98,-98,-98,-98,-98,-98
2649,1,0,1,1,0,-98,0,0,1,0,0,0,0,-98,-98,-98,-98,-98,-98,-98,-98,-98
2650,0,0,0,0,0,0,0,0,1,0,1,0,0,0,0,0,0,0,0,0,0,0
2651,0,0,1,1,0,1,0,0,0,0,0,0,0,-98,-98,-98,-98,-98,-98,-98,-98,-98
2652,-98,-98,0,0,-98,-98,-98,-98,1,0,0,0,0,0,0,0,0,0,0,0,0,0
2653,0,0,0,0,0,0,0,0,1,0,1,1,1,-98,-98,-98,-98,-98,-98,-98,-98,-98
2654,0,0,0,0,-98,-98,0,0,1,0,0,0,1,-98,-98,-98,-98,-98,-98,-98,-98,-98
2655,0,0,-98,-98,-98,-98,0,0,1,0,0,0,0,0,0,0,0,0,0,0,0,0
2656,-98,-98,-98,-98,-98,-98,0,0,0,0,0,0,0,-98,-98,-98,-98,-98,-98,-98,-98,-98
2657,0,0,0,0,0,0,0,0,0,0,0,0,1,-98,-98,-98,-98,-98,-98,-98,-98,-98
2658,0,0,0,0,0,1,0,0,1,0,0,0,0,0,0,0,0,0,0,0,0,0
2659,0,0,0,0,0,0,0,0,0,0,0,0,0,-98,-98,-98,-98,-98,-98,-98,-98,-98
2660,0,0,0,0,0,0,0,0,0,0,0,0,0,-98,-98,-98,-98,-98,-98,-98,-98,-98
2661,0,0,0,0,0,0,0,0,0,0,0,0,0,-98,-98,-98,-98,-98,-98,-98,-98,-98
2662,0,0,0,0,0,0,0,0,0,0,0,0,1,-98,-98,-98,-98,-98,-98,-98,-98,-98
2663,0,0,0,0,0,-98,-98,-98,0,0,0,0,1,-98,-98,-98,-98,-98,-98,-98,-98,-98
2664,0,0,0,0,0,-98,-98,-98,0,0,0,0,0,-98,-98,-98,-98,-98,-98,-98,-98,-98
2665,0,1,1,0,0,1,0,0,0,0,0,0,0,-98,-98,-98,-98,-98,-98,-98,-98,-98
2666,0,0,1,1,0,0,0,0,1,0,0,0,0,-98,-98,-98,-98,-98,-98,-98,-98,-98
2667,0,0,0,0,-98,-98,0,0,1,0,1,1,0,0,0,0,0,0,0,0,0,0
2668,1,1,1,0,0,0,0,0,0,0,0,0,0,-98,-98,-98,-98,-98,-98,-98,-98,-98
2669,-98,-98,-98,-98,-98,-98,-98,-98,-98,-98,-98,-98,-98,0,0,0,0,0,0,0,1,0
2670,0,0,0,0,-98,-98,0,0,0,0,0,0,0,-98,-98,-98,-98,-98,-98,-98,-98,-98
2671,0,0,0,0,0,-98,0,0,1,1,1,1,0,-98,-98,-98,-98,-98,-98,-98,-98,-98
2672,0,0,0,0,0,0,0,0,0,0,1,0,0,0,0,0,0,0,0,0,1,0
2673,0,0,-98,-98,-98,-98,-98,-98,0,0,-98,-98,0,-98,-98,-98,-98,-98,-98,-98,-98,-98
2674,0,0,0,0,0,0,-98,-98,0,0,0,0,0,-98,-98,-98,-98,-98,-98,-98,-98,-98
2675,0,0,0,0,0,0,0,0,0,0,1,1,0,-98,-98,-98,-98,-98,-98,-98,-98,-98
2676,-98,-98,-98,-98,-98,-98,-98,-98,1,0,0,0,0,-98,-98,-98,-98,-98,-98,-98,-98,-98
2677,0,0,0,0,0,-98,0,0,0,0,0,0,0,0,0,0,0,0,0,0,0,0
2678,0,-98,-98,-98,-98,-98,0,0,-98,-98,0,0,0,0,0,0,0,0,0,0,0,0
2679,-98,0,0,0,-98,-98,-98,-98,1,0,-98,-98,0,0,0,0,0,0,0,0,1,0
2680,1,1,1,0,0,1,0,0,0,0,0,0,0,-98,-98,-98,-98,-98,-98,-98,-98,-98
2681,0,0,1,0,0,-98,0,0,0,0,1,1,0,-98,-98,-98,-98,-98,-98,-98,-98,-98
2682,0,0,1,0,0,1,0,0,1,0,0,0,0,-98,-98,-98,-98,-98,-98,-98,-98,-98
2683,1,0,0,0,0,0,-98,-98,0,0,0,0,0,-98,-98,-98,-98,-98,-98,-98,-98,-98
2684,0,0,0,0,0,0,0,0,1,1,1,1,0,-98,-98,-98,-98,-98,-98,-98,-98,-98
2685,0,0,1,0,0,-98,0,0,0,0,1,1,0,-98,-98,-98,-98,-98,-98,-98,-98,-98
2686,1,0,0,0,0,-98,0,0,0,0,0,0,0,-98,-98,-98,-98,-98,-98,-98,-98,-98
2687,0,1,1,0,0,1,1,0,0,0,0,0,0,-98,-98,-98,-98,-98,-98,-98,-98,-98
2688,0,0,0,0,0,0,0,0,0,0,0,0,0,0,0,0,0,0,0,0,0,1
2689,0,0,0,0,0,0,0,0,0,0,0,0,1,-98,-98,-98,-98,-98,-98,-98,-98,-98
2690,-98,-98,-98,-98,-98,-98,-98,-98,1,0,0,0,0,-98,-98,-98,-98,-98,-98,-98,-98,-98
2691,1,0,1,0,0,0,0,0,1,1,1,1,1,-98,-98,-98,-98,-98,-98,-98,-98,-98
2692,0,0,0,0,0,-98,0,0,1,0,0,0,0,-98,-98,-98,-98,-98,-98,-98,-98,-98
2693,0,0,0,0,0,0,0,0,0,0,0,0,0,-98,-98,-98,-98,-98,-98,-98,-98,-98
2694,0,0,0,0,0,0,-98,-98,1,0,0,0,0,-98,-98,-98,-98,-98,-98,-98,-98,-98
2695,1,0,0,0,0,-98,0,0,0,0,0,0,0,-98,-98,-98,-98,-98,-98,-98,-98,-98
2696,1,0,0,0,0,1,0,0,1,0,0,0,0,-98,-98,-98,-98,-98,-98,-98,-98,-98
2697,1,0,1,0,0,-98,0,0,1,0,0,0,0,-98,-98,-98,-98,-98,-98,-98,-98,-98
2698,0,0,0,0,0,0,0,0,0,0,0,0,1,0,0,0,1,0,0,0,1,1
2699,0,0,0,0,-98,-98,0,0,1,0,0,0,0,-98,-98,-98,-98,-98,-98,-98,-98,-98
2700,1,1,1,0,0,-98,0,0,0,0,0,0,0,-98,-98,-98,-98,-98,-98,-98,-98,-98
2701,0,0,1,1,0,1,0,0,1,0,0,0,0,-98,-98,-98,-98,-98,-98,-98,-98,-98
2702,0,0,-98,-98,-98,-98,1,1,0,0,0,0,0,-98,-98,-98,-98,-98,-98,-98,-98,-98
2703,0,0,0,0,0,0,0,0,0,0,0,0,0,-98,-98,-98,-98,-98,-98,-98,-98,-98
2704,0,0,1,0,0,0,0,0,0,0,1,1,1,0,0,0,1,1,0,0,0,0
2705,-98,-98,-98,-98,-98,-98,0,0,1,0,0,0,0,-98,-98,-98,-98,-98,-98,-98,-98,-98
2706,0,0,0,0,0,0,0,0,1,0,1,1,0,-98,-98,-98,-98,-98,-98,-98,-98,-98
2707,0,0,0,0,0,0,0,0,1,0,0,0,0,-98,-98,-98,-98,-98,-98,-98,-98,-98
2708,1,0,0,0,0,0,0,0,0,0,0,0,0,-98,-98,-98,-98,-98,-98,-98,-98,-98
2709,0,-98,0,0,-98,0,0,0,0,0,0,0,0,-98,-98,-98,-98,-98,-98,-98,-98,-98
2710,0,0,0,0,0,0,0,0,1,0,1,0,0,-98,-98,-98,-98,-98,-98,-98,-98,-98
2711,0,0,0,0,0,0,1,1,0,0,0,0,0,-98,-98,-98,-98,-98,-98,-98,-98,-98
2712,0,0,0,0,0,0,0,0,1,0,1,1,0,0,0,0,0,1,0,0,0,0
2713,0,-98,0,0,-98,-98,0,0,0,0,0,0,0,-98,-98,-98,-98,-98,-98,-98,-98,-98
2714,1,-98,-98,-98,-98,1,-98,-98,1,0,0,0,0,0,0,0,0,0,0,0,0,0
2715,0,0,0,0,-98,0,0,0,0,0,0,0,0,-98,-98,-98,-98,-98,-98,-98,-98,-98
2716,0,1,1,0,0,1,1,1,0,0,0,0,0,-98,-98,-98,-98,-98,-98,-98,-98,-98
2717,1,0,0,0,0,1,1,1,0,0,1,0,0,-98,-98,-98,-98,-98,-98,-98,-98,-98
2718,0,0,0,0,0,0,0,0,0,0,0,0,0,-98,-98,-98,-98,-98,-98,-98,-98,-98
2719,1,0,0,0,0,0,-98,-98,1,0,0,0,0,-98,-98,-98,-98,-98,-98,-98,-98,-98
2720,1,0,0,0,0,0,0,0,1,1,0,0,1,-98,-98,-98,-98,-98,-98,-98,-98,-98
2721,1,0,0,0,0,0,0,0,0,0,1,1,1,-98,-98,-98,-98,-98,-98,-98,-98,-98
2722,0,-98,0,0,0,-98,0,0,0,0,0,0,0,0,0,1,1,0,0,0,0,0
2723,0,0,0,0,0,1,0,0,0,0,0,0,0,-98,-98,-98,-98,-98,-98,-98,-98,-98
2724,1,1,1,0,0,-98,0,0,1,0,0,0,0,-98,-98,-98,-98,-98,-98,-98,-98,-98
2725,0,0,0,0,-98,0,0,0,1,0,0,0,0,-98,-98,-98,-98,-98,-98,-98,-98,-98
2726,0,0,0,0,0,0,-98,-98,1,0,1,0,1,0,0,0,0,0,0,0,1,0
2727,1,1,1,0,0,1,0,0,0,0,0,0,0,-98,-98,-98,-98,-98,-98,-98,-98,-98
2728,-98,0,0,0,0,0,0,0,1,1,0,0,0,0,0,1,0,0,0,0,0,0
2729,1,0,0,0,0,1,0,0,1,0,0,0,0,-98,-98,-98,-98,-98,-98,-98,-98,-98
2730,0,1,0,0,0,0,0,0,1,0,0,0,0,-98,-98,-98,-98,-98,-98,-98,-98,-98
2731,0,-98,-98,-98,-98,0,0,0,0,0,0,0,0,-98,-98,-98,-98,-98,-98,-98,-98,-98
2732,0,0,0,0,-98,1,0,0,0,0,1,0,0,-98,-98,-98,-98,-98,-98,-98,-98,-98
2733,0,0,0,0,-98,0,0,0,0,0,0,0,0,-98,-98,-98,-98,-98,-98,-98,-98,-98
2734,0,0,0,0,0,-98,0,0,1,0,0,0,1,-98,-98,-98,-98,-98,-98,-98,-98,-98
2735,0,0,0,0,0,1,1,1,0,0,0,0,0,-98,-98,-98,-98,-98,-98,-98,-98,-98
2736,-98,-98,-98,-98,-98,0,0,0,0,0,0,0,0,-98,-98,-98,-98,-98,-98,-98,-98,-98
2737,-98,0,0,0,0,-98,-98,-98,0,0,0,0,0,0,0,0,0,0,0,0,0,0
2738,0,0,0,0,0,0,0,0,0,0,0,0,0,-98,-98,-98,-98,-98,-98,-98,-98,-98
2739,1,0,0,0,0,-98,0,0,1,0,0,0,0,-98,-98,-98,-98,-98,-98,-98,-98,-98
2740,-98,-98,0,0,-98,-98,-98,-98,0,0,0,0,-98,-98,-98,-98,-98,-98,-98,-98,-98,-98
2741,0,0,0,0,-98,-98,0,0,0,0,0,0,0,-98,-98,-98,-98,-98,-98,-98,-98,-98
2742,0,-98,0,0,-98,0,0,0,0,0,0,1,1,-98,-98,-98,-98,-98,-98,-98,-98,-98
2743,0,0,0,0,-98,-98,-98,-98,0,0,0,0,0,-98,-98,-98,-98,-98,-98,-98,-98,-98
2744,0,0,0,0,-98,-98,0,0,0,0,-98,-98,0,-98,-98,-98,-98,-98,-98,-98,-98,-98
2745,-98,-98,-98,-98,-98,-98,-98,-98,0,0,-98,-98,0,-98,-98,-98,-98,-98,-98,-98,-98,-98
2746,0,0,0,0,0,0,0,0,0,0,0,0,0,-98,-98,-98,-98,-98,-98,-98,-98,-98
2747,1,0,0,0,0,0,0,0,0,0,0,0,0,-98,-98,-98,-98,-98,-98,-98,-98,-98
2748,0,0,0,0,0,1,0,0,0,0,0,0,0,-98,-98,-98,-98,-98,-98,-98,-98,-98
2749,-98,0,0,0,0,0,-98,-98,1,0,1,0,0,-98,-98,-98,-98,-98,-98,-98,-98,-98
2750,0,0,0,0,0,-98,-98,-98,1,0,1,0,0,-98,-98,-98,-98,-98,-98,-98,-98,-98
2751,0,0,0,0,-98,0,0,0,1,1,0,0,0,-98,-98,-98,-98,-98,-98,-98,-98,-98
2752,1,0,0,0,0,0,0,0,0,0,0,0,1,-98,-98,-98,-98,-98,-98,-98,-98,-98
2753,0,0,0,0,0,0,0,0,0,0,0,0,0,-98,-98,-98,-98,-98,-98,-98,-98,-98
2754,1,1,1,0,0,1,0,0,0,0,0,0,0,-98,-98,-98,-98,-98,-98,-98,-98,-98
2755,0,0,0,0,0,0,1,1,0,0,0,0,1,-98,-98,-98,-98,-98,-98,-98,-98,-98
2756,1,0,0,0,0,-98,0,0,0,0,0,0,0,-98,-98,-98,-98,-98,-98,-98,-98,-98
2757,0,0,1,1,0,0,0,0,1,0,1,1,0,-98,-98,-98,-98,-98,-98,-98,-98,-98
2758,1,0,0,0,0,0,0,0,0,0,0,0,0,-98,-98,-98,-98,-98,-98,-98,-98,-98
2759,-98,0,0,0,0,-98,0,0,0,0,1,1,0,-98,-98,-98,-98,-98,-98,-98,-98,-98
2760,-98,0,0,0,-98,-98,-98,-98,0,0,-98,-98,0,-98,-98,-98,-98,-98,-98,-98,-98,-98
2761,0,0,0,1,0,1,0,0,1,1,0,0,1,-98,-98,-98,-98,-98,-98,-98,-98,-98
2762,1,0,0,0,0,1,0,0,1,0,0,0,0,-98,-98,-98,-98,-98,-98,-98,-98,-98
2763,0,0,1,1,0,1,0,0,0,0,0,0,0,-98,-98,-98,-98,-98,-98,-98,-98,-98
2764,0,0,0,0,0,0,0,0,0,0,0,0,1,-98,-98,-98,-98,-98,-98,-98,-98,-98
2765,0,0,0,0,0,-98,0,0,1,0,1,1,0,-98,-98,-98,-98,-98,-98,-98,-98,-98
2766,0,0,0,0,0,0,0,0,0,0,1,1,0,-98,-98,-98,-98,-98,-98,-98,-98,-98
2767,1,1,0,1,0,1,1,1,0,0,0,0,0,-98,-98,-98,-98,-98,-98,-98,-98,-98
2768,-98,0,0,0,-98,0,0,0,0,0,0,0,0,0,0,0,0,0,0,0,0,0
2769,1,-98,0,0,0,-98,0,0,0,0,0,0,0,-98,-98,-98,-98,-98,-98,-98,-98,-98
2770,0,0,0,0,0,0,0,0,1,0,0,0,0,-98,-98,-98,-98,-98,-98,-98,-98,-98
2771,1,-98,-98,-98,-98,-98,0,0,1,1,0,0,0,-98,-98,-98,-98,-98,-98,-98,-98,-98
2772,-98,-98,-98,-98,-98,-98,-98,-98,-98,-98,-98,-98,-98,-98,-98,-98,-98,-98,-98,-98,-98,-98
2773,0,-98,-98,-98,-98,1,0,0,1,0,0,0,1,-98,-98,-98,-98,-98,-98,-98,-98,-98
2774,0,0,0,0,0,0,0,0,1,0,0,0,0,-98,-98,-98,-98,-98,-98,-98,-98,-98
2775,0,0,0,0,0,1,0,0,0,0,0,0,1,-98,-98,-98,-98,-98,-98,-98,-98,-98
2776,0,0,0,0,0,-98,0,0,0,0,0,0,0,-98,-98,-98,-98,-98,-98,-98,-98,-98
2777,1,0,0,0,0,1,0,0,0,0,0,0,0,-98,-98,-98,-98,-98,-98,-98,-98,-98
2778,0,-98,0,0,0,0,0,0,0,0,0,0,0,-98,-98,-98,-98,-98,-98,-98,-98,-98
2779,0,1,1,0,0,-98,0,0,0,0,0,0,0,0,0,0,0,0,0,0,0,0
2780,1,-98,0,0,-98,1,0,0,1,0,0,0,0,0,0,0,0,0,0,0,0,0
2781,-98,-98,-98,-98,-98,-98,-98,-98,-98,-98,-98,-98,-98,-98,-98,-98,-98,-98,-98,-98,-98,-98
2782,0,0,0,0,0,0,0,0,0,0,0,0,0,-98,-98,-98,-98,-98,-98,-98,-98,-98
2783,0,0,-98,-98,-98,-98,0,0,0,0,0,0,0,-98,-98,-98,-98,-98,-98,-98,-98,-98
2784,0,0,0,0,-98,-98,0,0,1,0,1,0,0,-98,-98,-98,-98,-98,-98,-98,-98,-98
2785,1,0,0,0,1,1,0,0,1,0,1,1,0,-98,-98,-98,-98,-98,-98,-98,-98,-98
2786,-98,-98,0,0,-98,-98,-98,-98,0,0,0,0,0,-98,-98,-98,-98,-98,-98,-98,-98,-98
2787,-98,0,0,0,0,-98,-98,-98,0,0,1,0,0,-98,-98,-98,-98,-98,-98,-98,-98,-98
2788,1,1,1,1,0,0,0,0,1,0,1,1,1,0,0,0,0,0,0,0,0,0
2789,0,0,0,0,0,0,1,1,1,1,0,1,0,-98,-98,-98,-98,-98,-98,-98,-98,-98
2790,0,0,0,0,0,-98,0,0,0,0,0,0,0,-98,-98,-98,-98,-98,-98,-98,-98,-98
2791,0,0,0,0,0,0,0,0,1,0,1,0,0,0,0,1,0,0,0,0,0,0
2792,0,1,1,1,0,0,0,0,0,0,0,0,1,-98,-98,-98,-98,-98,-98,-98,-98,-98
2793,1,0,0,0,0,0,-98,-98,1,0,0,0,0,-98,-98,-98,-98,-98,-98,-98,-98,-98
2794,0,0,1,0,0,-98,0,0,0,0,0,0,0,-98,-98,-98,-98,-98,-98,-98,-98,-98
2795,1,1,0,0,0,1,0,0,0,0,0,0,0,-98,-98,-98,-98,-98,-98,-98,-98,-98
2796,0,0,0,0,0,0,0,0,0,0,0,0,0,-98,-98,-98,-98,-98,-98,-98,-98,-98
2797,-98,0,0,0,-98,-98,-98,-98,0,0,0,0,0,-98,-98,-98,-98,-98,-98,-98,-98,-98
2798,0,0,0,0,0,0,0,0,0,0,0,0,0,-98,-98,-98,-98,-98,-98,-98,-98,-98
2799,0,0,0,0,-98,-98,0,0,0,0,0,0,0,0,0,0,0,0,0,0,1,0
2800,0,0,1,0,0,1,-98,-98,0,0,0,0,0,-98,-98,-98,-98,-98,-98,-98,-98,-98
2801,0,0,1,0,0,1,0,0,0,0,0,0,0,-98,-98,-98,-98,-98,-98,-98,-98,-98
2802,1,0,0,0,0,0,0,0,0,0,0,0,0,-98,-98,-98,-98,-98,-98,-98,-98,-98
2803,0,0,0,0,0,0,0,0,0,0,0,0,0,-98,-98,-98,-98,-98,-98,-98,-98,-98
2804,1,0,0,0,0,0,0,0,0,0,0,0,0,-98,-98,-98,-98,-98,-98,-98,-98,-98
2805,-98,0,-98,-98,-98,-98,0,0,0,0,0,0,1,-98,-98,-98,-98,-98,-98,-98,-98,-98
2806,0,0,0,0,-98,0,0,0,0,0,0,0,0,0,0,0,0,0,0,0,0,0
2807,0,-98,0,0,-98,-98,-98,-98,0,0,0,0,0,-98,-98,-98,-98,-98,-98,-98,-98,-98
2808,0,0,0,0,0,0,0,0,0,0,0,0,0,-98,-98,-98,-98,-98,-98,-98,-98,-98
2809,0,0,-98,-98,-98,-98,0,0,0,0,0,0,0,-98,-98,-98,-98,-98,-98,-98,-98,-98
2810,-98,-98,-98,-98,0,-98,-98,-98,0,0,0,0,0,0,0,0,0,0,0,0,1,0
2811,0,0,0,0,0,-98,0,0,0,0,0,0,0,0,0,0,0,0,0,0,1,0
2812,0,0,1,0,-98,0,-98,-98,0,0,0,0,0,-98,-98,-98,-98,-98,-98,-98,-98,-98
2813,1,1,0,0,0,0,0,0,0,0,0,0,1,-98,-98,-98,-98,-98,-98,-98,-98,-98
2814,0,0,0,0,-98,0,0,0,1,0,1,1,1,0,0,0,1,0,0,0,1,0
2815,0,0,0,0,0,-98,0,0,0,0,0,0,0,-98,-98,-98,-98,-98,-98,-98,-98,-98
2816,0,0,0,0,0,0,0,0,1,1,0,0,0,0,0,0,0,0,0,0,0,0
2817,0,0,0,0,0,-98,1,1,0,0,0,0,0,-98,-98,-98,-98,-98,-98,-98,-98,-98
2818,0,0,0,0,0,0,0,0,0,0,1,1,0,0,0,0,0,0,0,0,0,0
2819,0,0,0,0,0,0,0,0,0,0,0,0,1,-98,-98,-98,-98,-98,-98,-98,-98,-98
2820,0,0,0,0,0,-98,0,0,1,0,1,1,1,0,0,0,0,0,0,0,0,0
2821,-98,0,-98,-98,-98,0,0,0,0,0,0,0,0,-98,-98,-98,-98,-98,-98,-98,-98,-98
2822,1,0,0,0,0,-98,0,0,1,0,0,0,0,-98,-98,-98,-98,-98,-98,-98,-98,-98
2823,0,0,0,0,0,0,1,0,1,1,0,0,0,-98,-98,-98,-98,-98,-98,-98,-98,-98
2824,0,0,0,0,0,-98,-98,-98,0,0,0,0,0,-98,-98,-98,-98,-98,-98,-98,-98,-98
2825,0,-98,0,0,-98,-98,0,0,0,0,0,0,0,-98,-98,-98,-98,-98,-98,-98,-98,-98
2826,1,0,0,0,0,0,0,0,1,0,0,0,0,0,0,0,0,0,0,0,0,0
2827,0,0,1,0,0,0,0,0,0,0,0,0,0,-98,-98,-98,-98,-98,-98,-98,-98,-98
2828,0,0,1,0,-98,-98,0,0,1,0,-98,-98,0,-98,-98,-98,-98,-98,-98,-98,-98,-98
2829,0,0,0,0,0,0,0,0,0,0,0,0,0,0,0,0,0,0,0,0,0,0
2830,0,-98,-98,-98,-98,-98,-98,-98,0,0,0,0,-98,-98,-98,-98,-98,-98,-98,-98,-98,-98
2831,0,0,0,0,0,0,0,0,0,0,1,1,0,-98,-98,-98,-98,-98,-98,-98,-98,-98
2832,1,0,0,0,0,0,-98,-98,0,0,0,0,0,0,0,0,0,0,0,0,0,1
2833,0,0,0,0,0,0,0,0,0,0,0,0,0,-98,-98,-98,-98,-98,-98,-98,-98,-98
2834,0,0,0,0,0,1,0,0,0,0,0,0,0,0,0,0,0,0,0,0,0,0
2835,0,0,1,0,0,0,0,0,0,0,0,0,0,-98,-98,-98,-98,-98,-98,-98,-98,-98
2836,0,0,1,0,0,0,0,0,1,1,0,0,0,-98,-98,-98,-98,-98,-98,-98,-98,-98
2837,0,0,0,0,-98,1,0,0,0,0,1,0,0,-98,-98,-98,-98,-98,-98,-98,-98,-98
2838,0,0,0,0,0,-98,0,0,1,1,0,0,0,-98,-98,-98,-98,-98,-98,-98,-98,-98
2839,1,0,0,0,0,0,0,0,0,0,0,0,0,-98,-98,-98,-98,-98,-98,-98,-98,-98
2840,0,0,0,0,-98,-98,0,0,0,0,0,0,0,-98,-98,-98,-98,-98,-98,-98,-98,-98
2841,0,0,0,0,-98,-98,-98,-98,0,0,0,0,0,-98,-98,-98,-98,-98,-98,-98,-98,-98
2842,1,0,0,0,0,1,0,0,0,0,0,0,1,-98,-98,-98,-98,-98,-98,-98,-98,-98
2843,0,0,0,1,0,0,1,1,1,0,0,0,0,-98,-98,-98,-98,-98,-98,-98,-98,-98
2844,0,0,0,0,0,-98,0,0,0,0,0,0,1,-98,-98,-98,-98,-98,-98,-98,-98,-98
2845,0,0,0,0,0,-98,0,0,0,0,0,0,0,-98,-98,-98,-98,-98,-98,-98,-98,-98
2846,0,0,1,0,0,1,0,0,0,0,0,0,0,-98,-98,-98,-98,-98,-98,-98,-98,-98
2847,1,0,0,0,0,0,0,0,0,0,0,0,0,0,0,0,0,0,0,0,0,0
2848,0,1,0,0,1,1,0,0,0,0,0,0,0,-98,-98,-98,-98,-98,-98,-98,-98,-98
2849,0,-98,-98,-98,-98,-98,0,0,0,0,0,0,0,0,0,0,0,0,0,0,0,0
2850,1,1,1,0,0,1,0,0,1,1,0,0,0,-98,-98,-98,-98,-98,-98,-98,-98,-98
2851,0,1,0,0,-98,-98,0,0,0,0,0,0,1,-98,-98,-98,-98,-98,-98,-98,-98,-98
2852,0,0,0,0,0,0,0,0,0,0,0,0,0,-98,-98,-98,-98,-98,-98,-98,-98,-98
2853,0,0,0,0,0,0,0,0,0,0,0,0,1,-98,-98,-98,-98,-98,-98,-98,-98,-98
2854,0,1,0,0,-98,1,0,0,0,0,1,0,0,0,0,1,0,0,0,0,1,0
2855,0,0,0,0,0,1,0,0,1,0,0,0,0,-98,-98,-98,-98,-98,-98,-98,-98,-98
2856,0,0,1,0,0,0,0,0,1,0,0,0,0,-98,-98,-98,-98,-98,-98,-98,-98,-98
2857,0,-98,-98,-98,-98,-98,0,0,0,0,0,0,1,0,0,0,0,0,0,0,0,0
2858,0,0,0,0,0,-98,0,0,1,0,0,0,0,-98,-98,-98,-98,-98,-98,-98,-98,-98
2859,0,0,0,0,0,0,0,0,0,0,0,0,0,0,0,0,0,0,0,0,0,0
2860,0,0,0,0,-98,0,0,0,0,0,1,1,0,-98,-98,-98,-98,-98,-98,-98,-98,-98
2861,0,0,0,0,0,0,0,0,0,0,0,0,1,-98,-98,-98,-98,-98,-98,-98,-98,-98
2862,0,0,0,0,0,0,0,0,0,0,0,1,0,-98,-98,-98,-98,-98,-98,-98,-98,-98
2863,0,-98,-98,-98,-98,-98,-98,-98,1,0,0,0,-98,-98,-98,-98,-98,-98,-98,-98,-98,-98
2864,0,0,0,0,0,0,0,0,0,0,0,0,0,-98,-98,-98,-98,-98,-98,-98,-98,-98
2865,0,0,0,0,0,-98,0,0,0,0,0,0,0,-98,-98,-98,-98,-98,-98,-98,-98,-98
2866,1,0,1,1,0,-98,0,0,1,1,0,0,0,-98,-98,-98,-98,-98,-98,-98,-98,-98
2867,0,0,0,0,0,-98,0,0,0,0,1,1,0,0,0,0,0,0,0,0,1,0
2868,0,0,0,0,-98,-98,0,0,0,0,1,1,0,-98,-98,-98,-98,-98,-98,-98,-98,-98
2869,0,1,0,0,0,0,0,0,0,0,1,1,0,-98,-98,-98,-98,-98,-98,-98,-98,-98
2870,1,-98,-98,-98,-98,-98,0,0,0,0,0,1,0,0,0,0,0,0,0,0,0,0
2871,0,0,0,0,-98,0,0,0,0,0,-98,-98,1,0,0,0,0,0,0,0,0,0
2872,0,0,-98,-98,-98,-98,0,0,0,0,0,0,1,-98,-98,-98,-98,-98,-98,-98,-98,-98
2873,0,-98,0,0,0,0,-98,-98,0,0,0,0,0,0,0,0,0,0,0,0,0,0
2874,-98,0,0,0,0,-98,0,0,0,0,1,0,0,-98,-98,-98,-98,-98,-98,-98,-98,-98
2875,-98,-98,-98,-98,-98,-98,-98,-98,0,0,0,0,-98,-98,-98,-98,-98,-98,-98,-98,-98,-98
2876,0,0,0,0,0,0,0,0,0,0,0,0,0,-98,-98,-98,-98,-98,-98,-98,-98,-98
2877,0,0,0,0,0,0,0,0,0,0,0,0,0,0,0,0,0,0,0,0,0,0
2878,0,0,0,0,0,1,0,0,1,0,0,0,0,-98,-98,-98,-98,-98,-98,-98,-98,-98
2879,-98,0,0,0,0,0,-98,-98,0,0,0,0,0,0,0,0,0,0,0,0,0,1
2880,0,0,-98,-98,0,0,-98,-98,0,0,0,0,0,-97,-97,-97,-97,-97,-97,-97,-97,-97
2881,-98,-98,-98,-98,-98,1,-98,-98,0,0,1,1,0,-98,-98,-98,-98,-98,-98,-98,-98,-98
2882,0,0,0,0,0,0,0,0,0,0,0,0,0,0,0,0,0,0,0,0,1,0
2883,0,0,1,0,0,-98,0,1,1,0,0,0,1,-98,-98,-98,-98,-98,-98,-98,-98,-98
2884,0,0,0,0,0,0,0,0,0,0,0,0,0,-98,-98,-98,-98,-98,-98,-98,-98,-98
2885,0,0,0,0,0,-98,1,1,0,0,1,1,0,-98,-98,-98,-98,-98,-98,-98,-98,-98
2886,0,0,0,0,-98,-98,0,0,0,0,0,0,0,0,0,0,0,0,0,0,1,0
2887,0,0,1,0,0,0,0,0,0,0,0,0,1,-98,-98,-98,-98,-98,-98,-98,-98,-98
2888,0,0,1,1,0,0,0,0,0,0,0,0,0,-98,-98,-98,-98,-98,-98,-98,-98,-98
2889,0,0,0,0,0,0,0,0,0,0,0,0,0,-98,-98,-98,-98,-98,-98,-98,-98,-98
2890,0,-98,-98,-98,-98,-98,0,0,0,0,0,0,-98,-98,-98,-98,-98,-98,-98,-98,-98,-98
2891,1,0,0,0,0,0,0,0,1,1,0,1,0,-98,-98,-98,-98,-98,-98,-98,-98,-98
2892,0,0,1,0,0,0,0,0,1,0,0,0,0,-98,-98,-98,-98,-98,-98,-98,-98,-98
2893,-98,-98,-98,-98,-98,-98,-98,-98,1,1,0,0,1,0,1,0,1,0,0,0,0,0
2894,0,0,0,0,0,-98,0,0,0,0,0,1,0,-98,-98,-98,-98,-98,-98,-98,-98,-98
2895,0,1,0,1,0,1,1,1,0,0,0,0,0,-98,-98,-98,-98,-98,-98,-98,-98,-98
2896,-98,0,0,0,0,-98,0,0,0,0,1,1,0,-98,-98,-98,-98,-98,-98,-98,-98,-98
2897,0,0,1,0,0,0,0,0,1,0,1,1,0,-98,-98,-98,-98,-98,-98,-98,-98,-98
2898,0,0,0,0,0,0,0,0,1,0,0,0,0,-98,-98,-98,-98,-98,-98,-98,-98,-98
2899,1,-98,-98,-98,-98,-98,-98,-98,0,0,0,0,0,0,0,0,0,0,0,0,0,0
2900,0,0,0,0,0,1,0,0,0,0,0,0,0,-98,-98,-98,-98,-98,-98,-98,-98,-98
2901,0,0,0,0,0,0,0,0,0,0,0,0,1,-98,-98,-98,-98,-98,-98,-98,-98,-98
2902,-98,-98,0,0,-98,-98,-98,-98,0,0,0,0,-98,-98,-98,-98,-98,-98,-98,-98,-98,-98
2903,1,0,1,1,0,1,0,0,1,0,1,0,0,-98,-98,-98,-98,-98,-98,-98,-98,-98
2904,0,0,0,0,0,0,0,0,1,0,0,1,0,-98,-98,-98,-98,-98,-98,-98,-98,-98
2905,-98,-98,-98,-98,-98,-98,0,0,-98,-98,-98,-98,0,-98,-98,-98,-98,-98,-98,-98,-98,-98
2906,0,0,0,0,0,1,1,0,0,0,0,0,0,0,0,1,1,0,0,0,0,0
2907,1,1,0,0,0,0,0,0,1,0,0,0,0,-98,-98,-98,-98,-98,-98,-98,-98,-98
2908,1,0,0,0,0,-98,0,0,0,0,1,1,0,0,0,0,0,0,0,0,0,0
2909,1,1,1,0,0,1,0,0,0,0,0,0,0,-98,-98,-98,-98,-98,-98,-98,-98,-98
2910,0,0,0,0,0,0,0,0,1,0,0,0,1,-98,-98,-98,-98,-98,-98,-98,-98,-98
2911,0,-98,-98,-98,-98,0,0,0,1,0,0,0,-98,0,0,0,0,0,0,0,0,0
2912,0,0,0,0,0,1,0,0,0,0,1,0,0,-98,-98,-98,-98,-98,-98,-98,-98,-98
2913,1,0,0,0,0,1,0,0,0,0,0,0,0,-98,-98,-98,-98,-98,-98,-98,-98,-98
2914,0,0,1,1,0,1,1,1,0,0,1,1,1,0,0,0,0,0,0,0,0,0
2915,0,1,0,0,-98,0,0,0,0,0,0,0,0,0,0,0,0,0,0,0,0,0
2916,0,0,0,0,0,0,0,0,1,0,0,0,0,-98,-98,-98,-98,-98,-98,-98,-98,-98
2917,0,1,0,0,0,0,0,0,0,0,0,0,0,-98,-98,-98,-98,-98,-98,-98,-98,-98
2918,1,0,0,0,0,1,0,0,0,0,0,0,0,-98,-98,-98,-98,-98,-98,-98,-98,-98
2919,-98,0,0,0,-98,1,0,0,0,0,-98,-98,1,-98,-98,-98,-98,-98,-98,-98,-98,-98
2920,0,0,0,0,0,0,0,0,1,0,1,0,0,-98,-98,-98,-98,-98,-98,-98,-98,-98
2921,0,-98,0,0,0,1,0,0,0,0,0,0,0,-98,-98,-98,-98,-98,-98,-98,-98,-98
2922,1,1,1,1,0,0,0,0,1,0,0,0,0,-98,-98,-98,-98,-98,-98,-98,-98,-98
2923,0,0,0,0,0,-98,0,0,0,0,0,0,1,-98,-98,-98,-98,-98,-98,-98,-98,-98
2924,0,0,0,0,0,0,0,0,0,0,1,0,0,0,0,0,1,0,0,0,0,0
2925,0,0,0,0,0,0,0,0,1,0,0,0,0,-98,-98,-98,-98,-98,-98,-98,-98,-98
2926,0,0,1,1,0,1,0,0,1,0,0,1,0,-98,-98,-98,-98,-98,-98,-98,-98,-98
2927,-98,-98,0,0,-98,0,-98,-98,0,0,0,0,0,-98,-98,-98,-98,-98,-98,-98,-98,-98
2928,0,0,0,0,0,0,-98,-98,1,0,-99,-99,-99,-98,-98,-98,-98,-98,-98,-98,-98,-98
2929,0,0,0,0,-98,0,0,0,0,0,0,0,0,-98,-98,-98,-98,-98,-98,-98,-98,-98
2930,0,0,0,0,0,0,0,0,0,0,1,1,0,-98,-98,-98,-98,-98,-98,-98,-98,-98
2931,0,0,1,0,0,0,0,0,0,0,0,0,0,0,0,0,0,0,0,0,0,0
2932,1,1,0,0,0,1,0,1,0,0,0,0,1,-98,-98,-98,-98,-98,-98,-98,-98,-98
2933,1,1,1,1,0,-98,0,0,0,0,0,0,1,-98,-98,-98,-98,-98,-98,-98,-98,-98
2934,1,0,1,1,0,-98,1,1,0,0,0,0,0,-98,-98,-98,-98,-98,-98,-98,-98,-98
2935,1,0,1,0,0,0,0,0,0,0,0,0,1,-98,-98,-98,-98,-98,-98,-98,-98,-98
2936,0,0,0,0,0,0,0,0,0,0,0,0,0,-98,-98,-98,-98,-98,-98,-98,-98,-98
2937,0,0,1,-97,-98,1,0,0,1,0,0,0,0,-98,-98,-98,-98,-98,-98,-98,-98,-98
2938,0,0,0,0,0,0,0,0,0,0,0,0,0,-98,-98,-98,-98,-98,-98,-98,-98,-98
2939,0,0,0,0,0,0,0,0,1,0,1,0,0,0,0,0,0,0,0,0,0,0
2940,0,0,0,0,0,0,0,0,0,0,0,0,1,-98,-98,-98,-98,-98,-98,-98,-98,-98
2941,0,-98,-98,-98,-98,0,-98,-98,0,0,0,0,1,0,0,0,0,0,0,0,1,0
2942,0,0,0,0,-98,-98,0,0,0,0,0,0,0,-98,-98,-98,-98,-98,-98,-98,-98,-98
2943,0,0,0,0,-98,0,0,0,0,0,-98,-98,0,-98,-98,-98,-98,-98,-98,-98,-98,-98
2944,0,0,0,0,0,0,0,0,1,0,0,0,0,0,0,0,0,0,0,0,1,0
2945,1,0,0,0,0,-98,0,0,0,0,1,1,0,-98,-98,-98,-98,-98,-98,-98,-98,-98
2946,0,0,0,0,0,0,0,0,0,0,0,0,0,-98,-98,-98,-98,-98,-98,-98,-98,-98
2947,-98,-98,0,0,-98,-98,0,0,0,0,0,0,0,-98,-98,-98,-98,-98,-98,-98,-98,-98
2948,1,1,0,0,-99,0,0,0,0,0,0,0,0,-98,-98,-98,-98,-98,-98,-98,-98,-98
2949,1,0,1,0,0,0,0,0,1,0,0,0,0,-98,-98,-98,-98,-98,-98,-98,-98,-98
2950,1,1,1,1,0,0,0,0,1,0,0,0,0,-98,-98,-98,-98,-98,-98,-98,-98,-98
2951,1,0,0,0,0,0,0,0,0,0,0,0,0,-98,-98,-98,-98,-98,-98,-98,-98,-98
2952,0,0,1,0,0,1,0,0,1,0,0,1,0,0,0,0,1,0,0,0,0,0
2953,1,-98,0,0,0,1,0,0,1,0,1,1,0,0,0,0,0,0,0,0,0,0
2954,1,0,0,0,0,0,0,0,0,0,0,0,0,0,0,0,0,0,0,0,0,0
2955,0,0,0,0,0,0,1,1,-98,-98,-98,-98,0,-98,-98,-98,-98,-98,-98,-98,-98,-98
2956,0,0,0,0,0,0,0,0,1,0,1,1,0,0,0,0,0,0,0,0,1,0
2957,0,-98,-98,-98,-98,-98,-98,-98,0,0,0,0,0,-98,-98,-98,-98,-98,-98,-98,-98,-98
2958,0,0,1,1,0,0,0,0,1,1,0,0,0,-98,-98,-98,-98,-98,-98,-98,-98,-98
2959,1,0,1,0,0,0,0,0,1,1,1,1,1,-98,-98,-98,-98,-98,-98,-98,-98,-98
2960,0,1,1,0,0,1,0,0,1,0,0,0,0,-98,-98,-98,-98,-98,-98,-98,-98,-98
2961,0,0,0,0,0,-98,0,0,0,0,0,1,0,-98,-98,-98,-98,-98,-98,-98,-98,-98
2962,0,0,-98,-98,-98,-98,0,0,0,0,1,1,0,0,0,0,0,0,0,0,1,0
2963,0,0,0,0,0,0,0,0,0,0,0,0,0,-98,-98,-98,-98,-98,-98,-98,-98,-98
2964,0,0,0,0,0,0,0,0,1,0,1,1,0,-98,-98,-98,-98,-98,-98,-98,-98,-98
2965,0,0,0,0,-98,0,0,0,0,0,0,0,0,-98,-98,-98,-98,-98,-98,-98,-98,-98
2966,0,0,0,0,0,-98,0,0,0,0,0,0,0,0,0,0,0,0,0,0,0,0
2967,1,1,0,0,0,-98,0,0,0,0,0,1,1,-98,-98,-98,-98,-98,-98,-98,-98,-98
2968,0,0,0,0,0,0,0,0,0,0,0,0,0,-98,-98,-98,-98,-98,-98,-98,-98,-98
2969,0,0,0,0,-98,0,0,0,0,0,1,1,1,0,0,1,0,0,0,0,0,0
2970,0,0,0,0,0,0,0,0,0,0,1,0,0,0,0,0,0,0,0,0,1,0
2971,1,1,0,0,0,0,0,0,1,0,0,0,1,-98,-98,-98,-98,-98,-98,-98,-98,-98
2972,0,0,0,0,0,-98,1,1,0,0,0,0,1,-98,-98,-98,-98,-98,-98,-98,-98,-98
2973,0,0,0,0,0,0,0,0,1,0,1,0,0,-98,-98,-98,-98,-98,-98,-98,-98,-98
2974,0,0,0,0,-98,0,-98,-98,0,0,0,0,0,-98,-98,-98,-98,-98,-98,-98,-98,-98
2975,0,0,0,0,0,0,0,0,1,0,1,0,0,-98,-98,-98,-98,-98,-98,-98,-98,-98
2976,0,0,0,0,0,0,0,0,0,0,0,0,0,0,0,0,0,0,0,0,1,0
2977,0,-98,-98,-98,-98,-98,-98,-98,0,0,-98,-98,0,-99,-99,-99,-99,-99,-99,-99,-99,-99
2978,0,0,0,0,0,0,0,0,0,0,1,1,0,0,0,0,0,0,0,0,0,0
2979,0,0,0,0,-98,1,-98,-98,0,0,-98,-98,0,-98,-98,-98,-98,-98,-98,-98,-98,-98
2980,0,1,0,0,0,-98,0,0,0,0,0,0,0,-98,-98,-98,-98,-98,-98,-98,-98,-98
2981,0,0,0,0,0,0,0,0,1,0,0,0,0,-98,-98,-98,-98,-98,-98,-98,-98,-98
2982,-98,-98,-98,-98,-98,-98,0,0,0,0,0,0,0,-98,-98,-98,-98,-98,-98,-98,-98,-98
2983,0,0,0,0,0,0,0,0,0,0,0,0,0,-98,-98,-98,-98,-98,-98,-98,-98,-98
2984,0,0,-98,-98,-98,0,0,0,0,0,0,0,0,0,0,0,0,0,0,0,0,0
2985,0,0,0,0,0,0,0,0,1,0,0,0,0,-98,-98,-98,-98,-98,-98,-98,-98,-98
2986,0,0,0,0,-98,-98,-98,-98,0,0,0,0,0,-98,-98,-98,-98,-98,-98,-98,-98,-98
2987,0,0,1,0,0,-98,0,0,1,0,0,0,0,0,0,0,0,0,0,0,1,0
2988,1,1,0,0,0,1,0,0,0,0,0,0,0,0,0,0,0,0,0,0,0,0
2989,1,0,1,0,0,0,0,0,1,0,0,0,0,-98,-98,-98,-98,-98,-98,-98,-98,-98
2990,0,1,0,0,0,1,0,0,1,1,1,1,0,-98,-98,-98,-98,-98,-98,-98,-98,-98
2991,1,1,0,0,0,-98,0,0,1,0,0,0,0,-98,-98,-98,-98,-98,-98,-98,-98,-98
2992,0,0,0,0,0,-98,0,0,0,0,0,0,1,0,0,0,0,0,0,0,0,0
2993,0,0,0,0,0,0,0,0,1,0,1,0,0,-98,-98,-98,-98,-98,-98,-98,-98,-98
2994,0,0,0,0,-98,-98,-98,-98,0,0,-98,-98,0,-98,-98,-98,-98,-98,-98,-98,-98,-98
2995,0,0,0,0,0,1,-98,-98,0,1,0,0,0,-98,-98,-98,-98,-98,-98,-98,-98,-98
2996,-98,0,0,0,-98,0,1,1,1,0,0,0,1,-98,-98,-98,-98,-98,-98,-98,-98,-98
2997,0,0,0,0,0,1,0,0,1,0,1,1,0,-98,-98,-98,-98,-98,-98,-98,-98,-98
2998,0,0,0,0,-98,0,0,0,0,0,0,1,0,-98,-98,-98,-98,-98,-98,-98,-98,-98
2999,0,0,0,0,0,-98,0,0,0,0,0,0,0,-98,-98,-98,-98,-98,-98,-98,-98,-98
3000,1,0,0,0,0,0,0,0,0,0,0,0,0,-98,-98,-98,-98,-98,-98,-98,-98,-98
3001,0,0,0,0,0,0,0,0,0,0,1,1,1,-98,-98,-98,-98,-98,-98,-98,-98,-98
3002,0,0,1,0,0,0,0,0,1,0,1,1,0,0,0,0,0,0,0,0,0,0
3003,0,0,0,0,0,0,1,1,1,0,0,0,0,-98,-98,-98,-98,-98,-98,-98,-98,-98
3004,0,0,0,0,0,0,0,0,0,0,0,0,0,-98,-98,-98,-98,-98,-98,-98,-98,-98
3005,0,0,0,0,-98,-98,0,0,0,0,0,0,0,-98,-98,-98,-98,-98,-98,-98,-98,-98
3006,1,1,0,0,0,-98,0,0,0,0,0,0,-97,-98,-98,-98,-98,-98,-98,-98,-98,-98
3007,0,0,0,0,0,-98,0,0,0,0,0,0,0,0,0,0,0,0,0,0,1,0
3008,0,0,1,0,-98,-98,0,0,0,0,1,0,0,-98,-98,-98,-98,-98,-98,-98,-98,-98
3009,0,0,1,0,0,1,0,0,0,0,0,0,0,-98,-98,-98,-98,-98,-98,-98,-98,-98
3010,0,0,0,0,0,0,0,0,1,1,0,0,1,-98,-98,-98,-98,-98,-98,-98,-98,-98
3011,0,0,0,0,0,0,0,0,0,0,0,0,0,-98,-98,-98,-98,-98,-98,-98,-98,-98
3012,0,0,0,0,0,0,0,0,0,0,0,0,0,-98,-98,-98,-98,-98,-98,-98,-98,-98
3013,0,0,0,0,0,-98,0,0,1,0,0,0,0,-98,-98,-98,-98,-98,-98,-98,-98,-98
3014,0,1,0,0,0,1,-98,-98,0,0,0,0,0,-98,-98,-98,-98,-98,-98,-98,-98,-98
3015,-98,-98,-98,-98,-98,-98,-98,-98,1,0,-98,-98,0,-98,-98,-98,-98,-98,-98,-98,-98,-98
3016,0,0,0,0,-98,0,0,0,0,0,0,0,0,-98,-98,-98,-98,-98,-98,-98,-98,-98
3017,0,0,0,0,0,-98,0,0,1,0,0,0,1,-98,-98,-98,-98,-98,-98,-98,-98,-98
3018,0,0,0,0,0,-98,0,0,0,0,0,0,0,-98,-98,-98,-98,-98,-98,-98,-98,-98
3019,-98,0,-98,-98,-98,-98,0,0,0,0,0,0,0,-98,-98,-98,-98,-98,-98,-98,-98,-98
3020,-98,0,-98,-98,-98,0,0,0,0,0,0,0,0,-98,-98,-98,-98,-98,-98,-98,-98,-98
3021,0,0,0,0,0,-98,0,0,0,0,1,0,0,0,0,1,0,0,0,0,0,0
3022,0,-98,0,0,-98,-98,-98,-98,0,0,0,0,0,0,0,0,0,0,0,0,1,0
3023,1,0,0,0,0,0,0,0,1,0,1,0,0,0,0,0,0,0,0,0,0,0
3024,0,1,0,0,0,0,0,0,0,0,0,0,1,-98,-98,-98,-98,-98,-98,-98,-98,-98
3025,0,0,0,0,0,0,0,0,0,0,0,0,0,-98,-98,-98,-98,-98,-98,-98,-98,-98
3026,0,-98,0,0,0,1,0,0,1,0,1,1,0,-98,-98,-98,-98,-98,-98,-98,-98,-98
3027,0,0,0,0,0,0,0,0,0,0,1,1,1,-98,-98,-98,-98,-98,-98,-98,-98,-98
3028,-98,-98,-98,-98,-98,-98,-98,-98,-98,-98,1,1,0,-98,-98,-98,-98,-98,-98,-98,-98,-98
3029,0,0,0,0,0,-98,-98,-98,1,0,0,0,0,-98,-98,-98,-98,-98,-98,-98,-98,-98
3030,-98,-98,-98,-98,-98,-98,-98,-98,1,0,-98,-98,-98,0,0,0,0,0,0,0,0,0
3031,0,0,0,0,0,-98,0,0,0,0,-98,-98,1,-98,-98,-98,-98,-98,-98,-98,-98,-98
3032,0,0,0,0,0,-98,0,0,0,0,0,0,0,0,0,0,0,0,0,0,0,0
3033,0,0,1,0,0,0,0,0,0,0,0,0,1,-98,-98,-98,-98,-98,-98,-98,-98,-98
3034,0,-98,0,0,0,-98,-98,-98,0,0,1,1,0,0,0,0,0,1,0,0,0,0
3035,1,0,0,0,0,0,0,0,0,0,0,0,0,-98,-98,-98,-98,-98,-98,-98,-98,-98
3036,-98,1,0,0,0,1,0,0,0,0,0,0,0,-98,-98,-98,-98,-98,-98,-98,-98,-98
3037,1,1,0,0,0,1,0,0,0,0,0,0,1,-98,-98,-98,-98,-98,-98,-98,-98,-98
3038,0,0,0,0,0,0,0,0,1,0,0,0,0,-98,-98,-98,-98,-98,-98,-98,-98,-98
3039,0,0,0,0,0,-98,0,0,0,0,1,1,0,-98,-98,-98,-98,-98,-98,-98,-98,-98
3040,-98,0,0,0,0,-98,0,0,0,0,0,0,0,0,0,0,0,0,0,0,1,0
3041,0,0,0,0,0,0,0,0,0,0,0,0,0,-98,-98,-98,-98,-98,-98,-98,-98,-98
3042,0,0,0,0,0,0,-98,-98,0,0,0,0,0,-98,-98,-98,-98,-98,-98,-98,-98,-98
3043,0,0,0,0,-98,0,0,0,0,0,0,0,0,-98,-98,-98,-98,-98,-98,-98,-98,-98
3044,0,0,0,0,0,0,0,0,0,0,0,0,1,-98,-98,-98,-98,-98,-98,-98,-98,-98
3045,0,0,0,0,0,0,0,0,0,0,1,1,0,-98,-98,-98,-98,-98,-98,-98,-98,-98
3046,0,0,1,1,0,-98,1,1,0,0,0,0,0,-98,-98,-98,-98,-98,-98,-98,-98,-98
3047,0,0,0,0,0,0,0,0,0,0,0,0,0,-98,-98,-98,-98,-98,-98,-98,-98,-98
3048,1,1,0,0,0,-98,0,0,1,0,0,0,0,-98,-98,-98,-98,-98,-98,-98,-98,-98
3049,0,0,0,0,-98,-98,0,0,1,0,0,0,0,-98,-98,-98,-98,-98,-98,-98,-98,-98
3050,1,0,0,0,0,0,0,0,1,0,1,1,0,-98,-98,-98,-98,-98,-98,-98,-98,-98
3051,0,1,0,0,0,0,0,0,0,0,0,0,0,-98,-98,-98,-98,-98,-98,-98,-98,-98
3052,0,0,0,0,0,0,0,0,0,0,0,0,0,-98,-98,-98,-98,-98,-98,-98,-98,-98
3053,0,1,1,1,1,0,0,0,0,0,0,0,0,-98,-98,-98,-98,-98,-98,-98,-98,-98
3054,0,0,0,0,0,-98,0,0,1,0,0,0,0,-98,-98,-98,-98,-98,-98,-98,-98,-98
3055,0,0,0,0,0,0,0,0,1,1,0,0,1,-98,-98,-98,-98,-98,-98,-98,-98,-98
3056,0,1,1,1,0,1,0,0,0,0,0,0,0,-98,-98,-98,-98,-98,-98,-98,-98,-98
3057,-98,0,0,0,-98,0,0,0,0,0,-98,-98,1,-98,-98,-98,-98,-98,-98,-98,-98,-98
3058,0,0,0,0,0,0,-98,-98,0,0,0,0,0,-98,-98,-98,-98,-98,-98,-98,-98,-98
3059,1,1,1,1,0,0,0,0,0,0,1,1,1,-98,-98,-98,-98,-98,-98,-98,-98,-98
3060,-98,-98,-98,-98,-98,-98,-98,-98,-98,-98,0,0,0,-98,-98,-98,-98,-98,-98,-98,-98,-98
3061,0,0,1,1,0,-98,0,0,1,0,1,1,1,-98,-98,-98,-98,-98,-98,-98,-98,-98
3062,0,-98,-98,-98,-98,-98,-98,-98,0,0,0,0,0,-98,-98,-98,-98,-98,-98,-98,-98,-98
3063,0,0,0,0,0,-98,0,0,0,0,0,0,0,0,0,0,0,0,0,0,1,0
3064,-98,-98,-98,-98,-98,-98,-98,-98,0,0,-98,-98,-98,0,0,0,0,0,0,0,1,0
3065,0,0,0,0,0,0,0,0,0,0,0,0,0,-98,-98,-98,-98,-98,-98,-98,-98,-98
3066,0,0,0,0,0,-98,0,0,0,0,0,0,0,-98,-98,-98,-98,-98,-98,-98,-98,-98
3067,1,1,0,0,0,0,0,0,0,0,1,1,1,-98,-98,-98,-98,-98,-98,-98,-98,-98
3068,0,-98,-98,-98,0,0,0,0,0,0,0,0,0,-98,-98,-98,-98,-98,-98,-98,-98,-98
3069,0,-98,0,0,0,-98,-98,-98,0,0,0,0,0,-98,-98,-98,-98,-98,-98,-98,-98,-98
3070,1,0,0,0,0,0,0,0,1,0,0,0,1,-98,-98,-98,-98,-98,-98,-98,-98,-98
3071,0,0,1,0,0,-98,0,0,0,0,0,0,0,-98,-98,-98,-98,-98,-98,-98,-98,-98
3072,0,0,0,0,-98,1,0,0,0,0,0,0,1,-98,-98,-98,-98,-98,-98,-98,-98,-98
3073,0,0,0,0,0,-98,-98,-98,1,0,0,0,0,0,0,0,0,0,0,0,0,0
3074,0,0,0,0,-98,0,0,0,0,0,0,0,0,-98,-98,-98,-98,-98,-98,-98,-98,-98
3075,0,1,0,0,0,1,0,0,0,0,0,0,0,-98,-98,-98,-98,-98,-98,-98,-98,-98
3076,0,1,1,0,0,-98,-98,-98,1,0,0,0,0,-98,-98,-98,-98,-98,-98,-98,-98,-98
3077,1,0,0,0,-98,-98,0,0,1,1,0,0,1,-98,-98,-98,-98,-98,-98,-98,-98,-98
3078,0,0,0,0,0,0,0,0,1,0,1,1,1,-98,-98,-98,-98,-98,-98,-98,-98,-98
3079,0,0,0,1,0,0,1,1,0,0,0,0,0,-98,-98,-98,-98,-98,-98,-98,-98,-98
3080,0,0,-98,-98,0,0,-98,-98,0,0,0,0,0,-98,-98,-98,-98,-98,-98,-98,-98,-98
3081,-98,-98,-98,-98,-98,-98,0,0,0,0,0,0,0,-98,-98,-98,-98,-98,-98,-98,-98,-98
3082,0,0,0,0,0,0,0,0,0,0,0,0,0,-98,-98,-98,-98,-98,-98,-98,-98,-98
3083,0,0,0,0,0,0,-98,-98,1,1,0,0,1,-98,-98,-98,-98,-98,-98,-98,-98,-98
3084,0,0,0,0,0,-98,-98,-98,0,0,0,0,0,-98,-98,-98,-98,-98,-98,-98,-98,-98
3085,0,-98,1,0,-98,-98,0,0,0,0,0,0,0,-98,-98,-98,-98,-98,-98,-98,-98,-98
3086,0,0,0,0,-98,-98,0,0,0,0,0,0,0,-98,-98,-98,-98,-98,-98,-98,-98,-98
3087,0,0,0,0,-98,0,0,0,0,0,-98,-98,0,-97,-97,-97,-97,-97,-97,-97,-97,-97
3088,-98,-98,-98,-98,-98,-98,-98,-98,1,0,0,0,0,0,0,0,0,0,0,0,0,0
3089,0,0,0,0,0,1,0,0,0,0,0,0,0,-98,-98,-98,-98,-98,-98,-98,-98,-98
3090,1,0,0,0,-98,0,0,0,1,1,0,0,1,-98,-98,-98,-98,-98,-98,-98,-98,-98
3091,0,0,0,0,0,0,0,0,1,0,0,0,0,-98,-98,-98,-98,-98,-98,-98,-98,-98
3092,0,0,0,0,0,0,0,0,0,0,0,0,0,-98,-98,-98,-98,-98,-98,-98,-98,-98
3093,0,0,0,0,0,-98,0,0,0,0,0,0,0,0,0,0,0,0,0,0,0,0
3094,0,0,0,0,-98,0,0,0,0,0,0,0,0,0,0,0,0,0,0,0,0,0
3095,-98,-98,-98,-98,-98,-98,-98,-98,0,0,-98,-98,0,-98,-98,-98,-98,-98,-98,-98,-98,-98
3096,0,0,0,0,0,-98,0,0,1,0,0,0,0,-98,-98,-98,-98,-98,-98,-98,-98,-98
3097,0,0,1,1,-98,-98,0,0,1,1,0,0,1,0,0,0,0,0,0,0,0,0
3098,1,0,0,0,-98,-98,0,0,0,0,0,0,0,-98,-98,-98,-98,-98,-98,-98,-98,-98
3099,0,0,1,1,0,1,0,0,0,0,0,0,0,-98,-98,-98,-98,-98,-98,-98,-98,-98
3100,1,0,0,0,0,1,0,0,0,0,1,1,0,-98,-98,-98,-98,-98,-98,-98,-98,-98
3101,1,1,1,0,1,0,0,0,1,0,0,0,0,-98,-98,-98,-98,-98,-98,-98,-98,-98
3102,0,0,0,0,0,-98,0,0,0,0,0,0,0,-98,-98,-98,-98,-98,-98,-98,-98,-98
3103,-98,-98,0,0,-98,-98,0,0,0,0,0,0,0,-98,-98,-98,-98,-98,-98,-98,-98,-98
3104,0,0,0,0,0,0,0,0,0,0,0,0,0,-98,-98,-98,-98,-98,-98,-98,-98,-98
3105,0,0,0,0,0,-98,-98,-98,0,0,1,0,0,-98,-98,-98,-98,-98,-98,-98,-98,-98
3106,1,0,1,1,0,0,0,0,0,0,0,0,0,-98,-98,-98,-98,-98,-98,-98,-98,-98
3107,0,0,-98,-98,-98,-98,0,0,0,0,1,0,0,-98,-98,-98,-98,-98,-98,-98,-98,-98
3108,0,0,0,0,0,0,0,0,1,0,1,1,0,0,0,1,0,1,0,0,0,0
3109,0,0,-98,-98,-98,-98,0,0,0,0,0,0,0,0,0,0,0,0,0,0,1,0
3110,0,0,0,0,-98,1,0,0,1,0,0,0,0,-98,-98,-98,-98,-98,-98,-98,-98,-98
3111,1,0,0,0,0,0,0,0,1,0,0,0,0,-98,-98,-98,-98,-98,-98,-98,-98,-98
3112,1,0,0,0,0,1,0,0,0,0,0,0,0,-98,-98,-98,-98,-98,-98,-98,-98,-98
3113,1,0,0,0,0,1,0,0,0,0,0,0,1,-98,-98,-98,-98,-98,-98,-98,-98,-98
3114,0,0,0,0,0,0,0,0,0,0,0,0,0,-98,-98,-98,-98,-98,-98,-98,-98,-98
3115,0,0,0,0,0,1,0,0,1,0,0,0,1,-98,-98,-98,-98,-98,-98,-98,-98,-98
3116,0,0,-98,-98,0,1,0,0,1,0,0,0,0,-98,-98,-98,-98,-98,-98,-98,-98,-98
3117,1,0,1,0,0,1,0,0,1,0,1,1,0,-98,-98,-98,-98,-98,-98,-98,-98,-98
3118,0,0,0,0,-98,0,0,0,1,1,0,0,1,-98,-98,-98,-98,-98,-98,-98,-98,-98
3119,-98,0,0,0,-98,-98,0,0,0,0,-98,-98,1,-98,-98,-98,-98,-98,-98,-98,-98,-98
3120,-98,-98,-98,-98,-98,-98,-98,-98,0,0,-98,-98,0,0,0,0,0,0,0,0,0,0
3121,0,0,0,0,-98,0,0,0,0,0,0,0,0,-98,-98,-98,-98,-98,-98,-98,-98,-98
3122,0,0,0,0,0,0,0,0,1,0,1,1,0,-98,-98,-98,-98,-98,-98,-98,-98,-98
3123,0,0,0,0,-98,1,0,0,0,0,0,0,0,-98,-98,-98,-98,-98,-98,-98,-98,-98
3124,0,0,0,0,0,-98,0,0,0,0,0,0,0,0,0,0,0,0,0,0,0,0
3125,0,0,1,0,0,0,0,0,0,0,0,0,0,-98,-98,-98,-98,-98,-98,-98,-98,-98
3126,0,0,0,0,-98,0,-98,-98,1,0,0,0,0,-98,-98,-98,-98,-98,-98,-98,-98,-98
3127,0,0,0,0,0,-98,0,0,1,0,1,1,0,0,0,0,0,0,0,0,0,0
3128,0,1,0,0,0,-98,0,0,0,0,-98,-98,0,-98,-98,-98,-98,-98,-98,-98,-98,-98
3129,0,0,0,0,0,1,0,0,1,0,0,0,0,-98,-98,-98,-98,-98,-98,-98,-98,-98
3130,0,0,1,0,0,0,0,0,1,0,0,0,0,0,0,0,0,0,0,0,0,0
3131,0,0,0,0,0,0,0,0,1,0,0,0,0,-98,-98,-98,-98,-98,-98,-98,-98,-98
3132,0,0,0,0,0,-98,0,0,0,0,0,0,0,-98,-98,-98,-98,-98,-98,-98,-98,-98
3133,0,0,0,0,0,-98,0,0,0,0,0,0,0,-98,-98,-98,-98,-98,-98,-98,-98,-98
3134,0,0,0,0,0,-98,0,0,0,0,0,0,0,-98,-98,-98,-98,-98,-98,-98,-98,-98
3135,0,0,0,0,0,0,0,0,1,1,0,0,0,-98,-98,-98,-98,-98,-98,-98,-98,-98
3136,-98,-98,-98,-98,-98,-98,-98,-98,0,0,0,0,0,-98,-98,-98,-98,-98,-98,-98,-98,-98
3137,0,0,0,0,0,-98,0,0,0,0,0,0,0,-98,-98,-98,-98,-98,-98,-98,-98,-98
3138,0,0,0,0,0,-98,1,1,0,0,-98,-98,0,-98,-98,-98,-98,-98,-98,-98,-98,-98
3139,0,0,0,1,0,0,0,1,0,0,0,1,0,-98,-98,-98,-98,-98,-98,-98,-98,-98
3140,1,0,0,0,0,0,0,0,1,0,0,0,0,-98,-98,-98,-98,-98,-98,-98,-98,-98
3141,0,0,0,0,0,0,1,1,0,0,0,0,0,-98,-98,-98,-98,-98,-98,-98,-98,-98
3142,1,0,0,0,0,1,0,0,1,0,1,1,0,-98,-98,-98,-98,-98,-98,-98,-98,-98
3143,0,0,1,0,-98,1,0,0,0,0,0,0,1,-98,-98,-98,-98,-98,-98,-98,-98,-98
3144,1,0,0,0,0,0,0,0,0,0,0,0,0,0,0,0,0,0,1,0,0,0
3145,1,0,0,0,0,-98,0,0,0,0,0,0,1,0,0,0,1,0,0,0,0,0
3146,0,0,0,0,0,0,0,0,0,0,0,0,0,-98,-98,-98,-98,-98,-98,-98,-98,-98
3147,0,0,0,0,-98,0,1,1,0,0,0,1,1,-98,-98,-98,-98,-98,-98,-98,-98,-98
3148,0,0,0,0,0,0,0,0,1,0,0,0,0,-98,-98,-98,-98,-98,-98,-98,-98,-98
3149,0,1,1,1,0,1,0,0,0,0,0,0,1,-98,-98,-98,-98,-98,-98,-98,-98,-98
3150,0,0,0,0,0,-98,-98,-98,0,0,0,0,0,-98,-98,-98,-98,-98,-98,-98,-98,-98
3151,0,0,0,0,-98,-98,0,0,0,0,0,0,0,-98,-98,-98,-98,-98,-98,-98,-98,-98
3152,1,0,1,1,0,0,0,0,0,0,0,0,0,-98,-98,-98,-98,-98,-98,-98,-98,-98
3153,1,1,1,0,0,1,0,0,0,0,0,0,1,-98,-98,-98,-98,-98,-98,-98,-98,-98
3154,0,0,0,0,0,1,1,1,0,0,1,1,0,0,0,0,0,0,0,0,0,0
3155,1,1,1,0,1,0,0,0,0,0,1,0,0,-98,-98,-98,-98,-98,-98,-98,-98,-98
3156,0,0,0,0,0,-98,0,0,0,0,1,1,0,-98,-98,-98,-98,-98,-98,-98,-98,-98
3157,0,0,1,0,0,-98,-98,-98,0,0,0,0,0,-98,-98,-98,-98,-98,-98,-98,-98,-98
3158,0,0,0,0,0,0,0,0,0,0,0,0,0,-98,-98,-98,-98,-98,-98,-98,-98,-98
3159,0,0,0,0,0,-98,0,0,0,0,1,1,0,-98,-98,-98,-98,-98,-98,-98,-98,-98
3160,-98,-98,-98,-98,-98,-98,-98,-98,0,0,0,0,0,0,0,0,0,0,0,0,0,0
3161,0,0,1,0,0,1,0,0,1,0,1,1,0,-98,-98,-98,-98,-98,-98,-98,-98,-98
3162,0,0,1,0,-98,0,0,0,0,0,0,0,0,0,0,0,0,0,0,0,0,0
3163,0,0,0,0,0,0,0,0,0,0,0,0,0,-98,-98,-98,-98,-98,-98,-98,-98,-98
3164,0,0,0,0,-98,0,0,0,0,0,0,0,0,-98,-98,-98,-98,-98,-98,-98,-98,-98
3165,1,0,0,0,0,1,0,0,1,0,0,0,1,-98,-98,-98,-98,-98,-98,-98,-98,-98
3166,0,0,0,0,1,1,0,0,0,0,0,0,0,-98,-98,-98,-98,-98,-98,-98,-98,-98
3167,0,0,0,0,0,0,0,0,0,0,0,0,0,-98,-98,-98,-98,-98,-98,-98,-98,-98
3168,0,0,0,1,0,0,1,1,0,0,0,0,1,0,0,0,0,0,0,0,0,1
3169,0,0,0,0,0,0,0,0,0,0,0,1,0,-98,-98,-98,-98,-98,-98,-98,-98,-98
3170,-98,0,0,0,-98,-98,0,0,0,0,0,-97,0,-98,-98,-98,-98,-98,-98,-98,-98,-98
3171,0,0,0,0,0,0,0,0,0,0,0,0,0,-98,-98,-98,-98,-98,-98,-98,-98,-98
3172,1,1,1,1,0,0,1,1,0,0,1,0,0,-98,-98,-98,-98,-98,-98,-98,-98,-98
3173,0,0,0,0,0,0,-98,-98,0,0,0,0,0,-98,-98,-98,-98,-98,-98,-98,-98,-98
3174,-98,-98,-98,-98,0,-98,0,0,-98,-98,0,0,0,0,0,0,0,0,0,0,0,0
3175,0,0,0,1,0,-98,0,0,0,0,0,0,0,-98,-98,-98,-98,-98,-98,-98,-98,-98
3176,0,0,0,0,-98,-98,0,0,0,0,0,0,0,-98,-98,-98,-98,-98,-98,-98,-98,-98
3177,0,0,1,1,0,-98,0,0,0,0,0,0,1,-98,-98,-98,-98,-98,-98,-98,-98,-98
3178,1,1,0,0,0,1,0,0,0,0,0,0,0,0,0,0,0,0,0,0,0,0
3179,0,0,0,0,0,0,0,0,0,0,1,1,1,-98,-98,-98,-98,-98,-98,-98,-98,-98
3180,0,0,0,0,-98,0,0,0,0,0,0,0,1,-98,-98,-98,-98,-98,-98,-98,-98,-98
3181,0,0,0,0,0,1,0,0,0,0,0,0,0,-98,-98,-98,-98,-98,-98,-98,-98,-98
3182,0,-98,0,0,-98,-98,-98,-98,1,0,0,0,0,-98,-98,-98,-98,-98,-98,-98,-98,-98
3183,-98,-98,-98,-98,-98,-98,-98,-98,0,0,-98,-98,0,-98,-98,-98,-98,-98,-98,-98,-98,-98
3184,1,1,1,0,0,1,0,0,0,0,0,0,0,-98,-98,-98,-98,-98,-98,-98,-98,-98
3185,0,0,0,0,0,1,0,0,0,0,1,0,0,-98,-98,-98,-98,-98,-98,-98,-98,-98
3186,0,0,0,0,0,1,0,0,0,0,0,0,0,-98,-98,-98,-98,-98,-98,-98,-98,-98
3187,0,0,0,0,-98,0,0,0,0,0,0,0,0,-98,-98,-98,-98,-98,-98,-98,-98,-98
3188,-98,0,0,0,-98,-98,0,0,0,0,0,0,0,-98,-98,-98,-98,-98,-98,-98,-98,-98
3189,0,1,1,1,0,1,1,1,0,0,0,0,0,0,0,0,0,0,0,0,1,0
3190,0,0,0,0,0,0,0,0,0,0,1,1,1,0,0,0,0,0,0,0,0,0
3191,0,0,0,0,-98,0,0,0,0,0,0,0,0,-98,-98,-98,-98,-98,-98,-98,-98,-98
3192,0,0,0,0,-98,-98,0,0,0,0,0,0,0,-98,-98,-98,-98,-98,-98,-98,-98,-98
3193,1,0,0,0,0,1,0,0,0,0,0,0,1,-98,-98,-98,-98,-98,-98,-98,-98,-98
3194,0,0,0,0,-98,0,0,0,0,0,0,0,0,-98,-98,-98,-98,-98,-98,-98,-98,-98
3195,0,1,0,0,-98,-98,-98,-98,0,0,0,0,0,-98,-98,-98,-98,-98,-98,-98,-98,-98
3196,0,0,0,0,-98,0,0,0,0,0,0,0,1,-98,-98,-98,-98,-98,-98,-98,-98,-98
3197,0,1,1,0,0,0,0,0,0,0,0,0,0,-98,-98,-98,-98,-98,-98,-98,-98,-98
3198,0,0,0,0,0,0,0,0,1,0,0,0,0,-98,-98,-98,-98,-98,-98,-98,-98,-98
3199,0,0,0,0,-98,0,0,0,0,0,0,0,0,-98,-98,-98,-98,-98,-98,-98,-98,-98
3200,0,0,0,0,0,0,0,0,1,0,0,0,0,-98,-98,-98,-98,-98,-98,-98,-98,-98
3201,0,-98,0,0,-98,-98,-98,-98,0,0,-98,-98,0,-98,-98,-98,-98,-98,-98,-98,-98,-98
3202,1,0,1,0,0,0,0,0,0,0,0,0,0,0,0,0,0,0,0,0,0,0
3203,0,0,0,0,-98,-98,0,1,0,0,0,0,0,-98,-98,-98,-98,-98,-98,-98,-98,-98
3204,0,0,0,1,1,1,0,0,1,0,0,1,0,-98,-98,-98,-98,-98,-98,-98,-98,-98
3205,0,0,0,0,0,-98,0,0,0,0,0,0,1,-98,-98,-98,-98,-98,-98,-98,-98,-98
3206,-98,-98,-98,-98,-98,-98,-98,-98,-98,-98,0,0,0,-98,-98,-98,-98,-98,-98,-98,-98,-98
3207,0,0,1,1,0,0,0,0,1,0,1,1,0,-98,-98,-98,-98,-98,-98,-98,-98,-98
3208,1,1,0,0,0,0,0,0,1,0,0,0,1,-98,-98,-98,-98,-98,-98,-98,-98,-98
3209,0,0,0,0,0,0,0,0,1,1,0,0,1,-98,-98,-98,-98,-98,-98,-98,-98,-98
3210,0,0,0,0,0,-98,0,0,0,0,0,0,0,-98,-98,-98,-98,-98,-98,-98,-98,-98
3211,0,1,0,0,0,-98,0,0,0,0,0,0,0,-98,-98,-98,-98,-98,-98,-98,-98,-98
3212,0,0,0,0,0,0,0,0,0,0,1,1,1,-98,-98,-98,-98,-98,-98,-98,-98,-98
3213,0,1,1,0,0,1,1,0,0,0,0,1,0,-98,-98,-98,-98,-98,-98,-98,-98,-98
3214,-98,0,0,0,-98,-98,0,0,0,0,0,0,0,0,0,0,0,0,0,0,0,0
3215,0,0,0,0,0,0,-98,-98,0,0,0,0,0,-98,-98,-98,-98,-98,-98,-98,-98,-98
3216,-98,0,0,0,0,0,0,0,1,0,1,1,0,-98,-98,-98,-98,-98,-98,-98,-98,-98
3217,0,0,0,0,-98,0,0,0,0,0,0,0,0,0,0,0,0,0,0,0,1,0
3218,-98,-98,0,0,-98,-98,0,0,0,0,-98,-98,0,-98,-98,-98,-98,-98,-98,-98,-98,-98
3219,0,0,0,0,0,0,0,0,0,0,0,0,0,-98,-98,-98,-98,-98,-98,-98,-98,-98
3220,0,0,0,0,0,-98,0,0,0,0,1,1,0,-98,-98,-98,-98,-98,-98,-98,-98,-98
3221,0,-98,-98,-98,-98,0,0,0,0,0,-98,-98,0,-98,-98,-98,-98,-98,-98,-98,-98,-98
3222,0,-98,0,0,0,0,0,0,0,0,0,0,0,-98,-98,-98,-98,-98,-98,-98,-98,-98
3223,0,0,0,0,0,0,0,0,1,0,0,0,0,-98,-98,-98,-98,-98,-98,-98,-98,-98
3224,0,0,0,0,-98,1,0,0,1,0,1,1,0,-98,-98,-98,-98,-98,-98,-98,-98,-98
3225,0,0,0,0,0,-98,0,0,0,0,0,0,0,0,0,0,0,0,0,0,0,0
3226,0,0,0,0,0,1,0,0,0,0,0,0,1,-98,-98,-98,-98,-98,-98,-98,-98,-98
3227,1,0,1,1,0,1,0,0,0,0,0,1,0,-98,-98,-98,-98,-98,-98,-98,-98,-98
3228,0,0,0,0,0,0,0,0,1,0,0,0,0,0,0,0,0,0,0,0,1,0
3229,0,0,1,0,0,0,-98,-98,0,0,0,0,0,-98,-98,-98,-98,-98,-98,-98,-98,-98
3230,0,0,0,0,0,0,0,0,0,0,0,0,0,-98,-98,-98,-98,-98,-98,-98,-98,-98
3231,0,0,0,0,0,0,0,0,0,0,0,0,0,-98,-98,-98,-98,-98,-98,-98,-98,-98
3232,0,0,1,0,0,-98,0,0,0,0,0,0,0,-98,-98,-98,-98,-98,-98,-98,-98,-98
3233,0,0,0,0,0,0,0,0,0,0,1,0,0,-98,-98,-98,-98,-98,-98,-98,-98,-98
3234,1,0,1,0,0,1,0,0,0,0,0,0,0,-98,-98,-98,-98,-98,-98,-98,-98,-98
3235,0,0,0,0,0,1,0,0,0,0,1,1,0,-98,-98,-98,-98,-98,-98,-98,-98,-98
3236,0,0,0,0,0,0,0,0,0,0,0,0,0,-98,-98,-98,-98,-98,-98,-98,-98,-98
3237,0,0,0,0,0,-98,0,0,0,0,1,0,0,-98,-98,-98,-98,-98,-98,-98,-98,-98
3238,0,0,0,0,0,0,0,0,0,0,0,0,0,-98,-98,-98,-98,-98,-98,-98,-98,-98
3239,1,0,0,0,0,0,0,0,1,0,1,1,0,-98,-98,-98,-98,-98,-98,-98,-98,-98
3240,0,0,0,0,0,1,-98,-98,0,0,0,0,0,-98,-98,-98,-98,-98,-98,-98,-98,-98
3241,1,0,0,0,0,1,0,0,1,0,1,0,0,-98,-98,-98,-98,-98,-98,-98,-98,-98
3242,0,-98,0,0,0,-98,-98,-98,1,0,0,0,0,0,0,0,0,0,0,0,1,0
3243,1,0,0,0,0,0,0,0,0,0,1,1,1,0,0,0,0,1,0,0,0,0
3244,-98,-98,-98,-98,-98,-98,0,0,0,0,0,0,0,-98,-98,-98,-98,-98,-98,-98,-98,-98
3245,0,0,0,0,0,-98,0,0,0,0,0,0,1,0,0,0,0,0,0,0,0,0
3246,0,0,0,0,0,-98,0,0,0,0,0,0,0,-98,-98,-98,-98,-98,-98,-98,-98,-98
3247,0,0,-98,-98,-98,0,0,0,1,1,0,0,0,-98,-98,-98,-98,-98,-98,-98,-98,-98
3248,0,-98,0,0,0,1,-98,-98,1,0,0,0,0,0,0,0,0,0,0,0,0,0
3249,0,0,1,1,0,1,0,0,0,0,1,1,1,-98,-98,-98,-98,-98,-98,-98,-98,-98
3250,0,0,0,0,0,1,0,0,0,0,0,0,0,-98,-98,-98,-98,-98,-98,-98,-98,-98
3251,1,0,1,0,0,-98,0,0,0,0,1,0,0,-98,-98,-98,-98,-98,-98,-98,-98,-98
3252,0,0,0,0,0,0,0,0,1,0,1,1,0,-98,-98,-98,-98,-98,-98,-98,-98,-98
3253,0,-98,-98,-98,-98,0,0,0,0,0,1,1,0,0,0,1,1,1,0,0,0,1
3254,0,0,0,0,0,0,-98,-98,0,0,1,1,1,-98,-98,-98,-98,-98,-98,-98,-98,-98
3255,1,0,0,0,-98,-98,0,0,1,0,0,0,0,-98,-98,-98,-98,-98,-98,-98,-98,-98
3256,0,0,0,0,0,0,0,0,0,0,0,0,0,-98,-98,-98,-98,-98,-98,-98,-98,-98
3257,0,0,0,0,0,-98,0,0,1,0,0,0,0,-98,-98,-98,-98,-98,-98,-98,-98,-98
3258,1,1,1,1,0,0,0,0,0,0,0,0,0,-98,-98,-98,-98,-98,-98,-98,-98,-98
3259,0,1,1,0,0,1,-98,-98,1,0,0,0,0,-98,-98,-98,-98,-98,-98,-98,-98,-98
3260,1,0,0,0,0,0,0,0,1,0,0,0,0,-98,-98,-98,-98,-98,-98,-98,-98,-98
3261,0,0,1,1,0,1,0,0,1,1,0,0,0,0,0,0,0,0,0,0,0,0
3262,1,1,1,0,0,1,0,0,0,0,0,0,0,-98,-98,-98,-98,-98,-98,-98,-98,-98
3263,0,0,0,0,-98,0,0,0,0,0,1,1,0,0,0,0,0,0,0,0,1,0
3264,0,0,0,0,0,1,0,0,1,0,1,1,0,0,0,0,0,0,0,0,1,0
3265,0,0,0,0,0,-98,0,0,0,0,0,0,0,-99,-99,-99,-99,-99,-99,-99,-99,-99
3266,0,0,0,0,0,0,0,0,0,0,0,0,0,-98,-98,-98,-98,-98,-98,-98,-98,-98
3267,1,1,0,0,0,1,0,0,1,0,0,0,0,-98,-98,-98,-98,-98,-98,-98,-98,-98
3268,0,0,0,0,0,1,0,0,0,0,0,0,0,-98,-98,-98,-98,-98,-98,-98,-98,-98
3269,0,0,0,0,0,0,0,0,0,0,0,0,0,-98,-98,-98,-98,-98,-98,-98,-98,-98
3270,1,0,0,0,0,-98,0,0,1,0,1,0,0,-98,-98,-98,-98,-98,-98,-98,-98,-98
3271,0,0,0,0,0,0,1,1,0,0,0,0,0,-98,-98,-98,-98,-98,-98,-98,-98,-98
3272,0,1,0,0,0,0,0,0,0,0,0,0,0,-98,-98,-98,-98,-98,-98,-98,-98,-98
3273,-98,0,0,0,-98,-98,0,0,0,0,0,0,0,0,0,0,0,0,0,0,0,1
3274,-98,-98,-98,-98,0,-98,0,0,1,0,0,0,0,-98,-98,-98,-98,-98,-98,-98,-98,-98
3275,1,1,0,0,0,1,0,0,1,0,0,0,0,-98,-98,-98,-98,-98,-98,-98,-98,-98
3276,0,0,-98,-98,-98,-98,0,0,0,0,0,0,0,-98,-98,-98,-98,-98,-98,-98,-98,-98
3277,0,0,0,0,0,0,0,0,0,0,1,0,0,-98,-98,-98,-98,-98,-98,-98,-98,-98
3278,1,0,0,0,0,-98,0,0,0,0,0,0,0,-98,-98,-98,-98,-98,-98,-98,-98,-98
3279,0,1,0,1,1,1,0,0,0,0,0,0,0,0,0,0,0,0,0,0,0,0
3280,0,0,0,0,0,0,0,0,0,0,0,0,0,0,0,0,0,0,0,0,0,0
3281,-98,-98,-98,-98,-98,-98,-98,-98,0,0,-98,-98,0,-98,-98,-98,-98,-98,-98,-98,-98,-98
3282,1,0,1,1,0,0,0,0,0,0,0,1,0,-98,-98,-98,-98,-98,-98,-98,-98,-98
3283,0,0,0,0,0,-98,0,0,0,0,0,0,0,0,0,0,0,0,0,0,1,1
3284,0,0,0,0,0,0,-98,-98,0,0,0,0,0,0,0,0,0,0,0,0,0,0
3285,0,1,0,0,0,1,0,0,0,0,0,0,0,-98,-98,-98,-98,-98,-98,-98,-98,-98
3286,0,0,0,0,0,0,0,0,0,0,1,1,0,-98,-98,-98,-98,-98,-98,-98,-98,-98
3287,0,0,0,0,0,-98,-98,-98,0,0,0,0,0,-98,-98,-98,-98,-98,-98,-98,-98,-98
3288,0,0,0,0,0,-98,0,0,0,0,0,0,0,-98,-98,-98,-98,-98,-98,-98,-98,-98
3289,0,0,0,0,-98,0,0,0,0,0,0,1,0,-98,-98,-98,-98,-98,-98,-98,-98,-98
3290,0,-98,0,0,-98,-98,0,0,1,0,0,0,0,-98,-98,-98,-98,-98,-98,-98,-98,-98
3291,1,0,0,0,0,1,1,1,1,0,0,0,0,-98,-98,-98,-98,-98,-98,-98,-98,-98
3292,0,0,1,0,0,0,0,0,0,0,0,0,0,-98,-98,-98,-98,-98,-98,-98,-98,-98
3293,0,0,0,0,0,1,0,0,0,0,1,0,0,-98,-98,-98,-98,-98,-98,-98,-98,-98
3294,-98,0,-98,-98,-98,0,0,0,0,0,0,0,0,0,0,1,1,0,0,0,1,1
3295,-98,-98,-98,-98,-98,-98,0,0,0,0,0,0,0,-98,-98,-98,-98,-98,-98,-98,-98,-98
3296,0,0,0,0,0,0,0,0,0,0,0,1,0,-98,-98,-98,-98,-98,-98,-98,-98,-98
3297,0,0,1,0,0,0,0,0,0,0,0,0,0,-98,-98,-98,-98,-98,-98,-98,-98,-98
3298,-98,-98,0,0,-98,1,0,0,0,0,0,0,-98,-98,-98,-98,-98,-98,-98,-98,-98,-98
3299,0,0,0,0,0,1,0,0,0,0,1,0,1,-98,-98,-98,-98,-98,-98,-98,-98,-98
3300,0,0,0,0,0,-98,-98,-98,1,0,0,0,0,-98,-98,-98,-98,-98,-98,-98,-98,-98
3301,1,1,1,1,0,-98,0,0,0,0,0,0,0,-98,-98,-98,-98,-98,-98,-98,-98,-98
3302,-98,-98,0,0,-98,1,0,0,1,0,1,1,0,-98,-98,-98,-98,-98,-98,-98,-98,-98
3303,0,1,0,0,0,-97,0,0,0,0,0,0,0,-98,-98,-98,-98,-98,-98,-98,-98,-98
3304,1,0,1,0,0,1,0,0,1,0,0,0,0,-98,-98,-98,-98,-98,-98,-98,-98,-98
3305,1,1,1,0,0,1,0,0,0,0,0,1,1,-98,-98,-98,-98,-98,-98,-98,-98,-98
3306,1,1,1,0,0,0,0,0,1,1,1,1,0,0,0,0,0,0,0,0,0,0
3307,0,0,0,1,-98,0,0,1,0,0,-98,-98,0,-98,-98,-98,-98,-98,-98,-98,-98,-98
3308,1,0,1,0,0,-98,0,0,0,0,0,0,0,0,0,0,0,0,0,0,0,0
3309,0,0,0,0,-98,-98,-98,-98,0,0,1,0,0,-98,-98,-98,-98,-98,-98,-98,-98,-98
3310,-98,0,0,0,-98,-98,0,0,0,0,0,0,0,-98,-98,-98,-98,-98,-98,-98,-98,-98
3311,1,1,1,0,0,0,0,0,1,0,0,0,0,0,0,0,0,0,0,0,0,0
3312,-98,-98,-98,-98,-98,-98,-98,-98,0,0,0,0,0,-98,-98,-98,-98,-98,-98,-98,-98,-98
3313,0,-98,0,0,0,0,0,0,0,0,0,0,0,-98,-98,-98,-98,-98,-98,-98,-98,-98
3314,0,0,0,0,0,1,0,0,0,0,0,0,0,0,0,0,0,0,0,0,0,0
3315,0,0,0,0,0,0,0,0,0,0,0,0,0,-98,-98,-98,-98,-98,-98,-98,-98,-98
3316,-98,0,0,0,0,-98,0,0,1,0,0,0,0,-98,-98,-98,-98,-98,-98,-98,-98,-98
3317,1,0,0,0,0,0,0,0,0,0,0,0,0,-98,-98,-98,-98,-98,-98,-98,-98,-98
3318,0,0,0,0,0,1,0,0,0,0,0,0,1,-98,-98,-98,-98,-98,-98,-98,-98,-98
3319,0,0,0,0,0,0,0,0,1,1,0,0,0,-98,-98,-98,-98,-98,-98,-98,-98,-98
3320,0,0,0,0,0,-98,1,1,0,0,1,1,0,-98,-98,-98,-98,-98,-98,-98,-98,-98
3321,0,0,0,0,0,0,0,0,1,0,0,0,0,-98,-98,-98,-98,-98,-98,-98,-98,-98
3322,0,0,0,0,0,0,0,0,0,0,1,1,0,-98,-98,-98,-98,-98,-98,-98,-98,-98
3323,0,0,0,0,-98,0,0,0,1,0,0,0,0,0,0,0,0,0,0,0,1,0
3324,1,1,0,0,0,0,0,0,0,0,1,1,0,-98,-98,-98,-98,-98,-98,-98,-98,-98
3325,0,0,0,0,0,0,0,0,0,0,0,0,0,-98,-98,-98,-98,-98,-98,-98,-98,-98
3326,1,1,1,1,1,-98,0,0,0,0,1,0,0,-98,-98,-98,-98,-98,-98,-98,-98,-98
3327,1,0,0,0,0,0,0,0,1,0,0,0,0,-98,-98,-98,-98,-98,-98,-98,-98,-98
3328,0,0,0,0,0,0,0,0,1,0,1,0,0,-98,-98,-98,-98,-98,-98,-98,-98,-98
3329,-98,-98,0,0,-98,-98,-98,-98,0,0,1,0,0,0,0,0,0,0,0,0,0,0
3330,0,0,0,0,0,0,0,0,0,0,0,0,0,0,0,0,0,0,0,0,0,0
3331,0,0,0,0,0,1,0,0,0,0,0,0,0,-98,-98,-98,-98,-98,-98,-98,-98,-98
3332,-98,0,0,0,0,0,0,0,-98,-98,0,0,0,-98,-98,-98,-98,-98,-98,-98,-98,-98
3333,-98,-98,0,0,-98,-98,-98,-98,0,0,1,1,0,0,0,0,0,0,0,0,0,0
3334,1,1,1,1,1,1,0,0,0,0,0,0,0,-98,-98,-98,-98,-98,-98,-98,-98,-98
3335,0,0,0,0,0,0,0,0,0,0,0,0,0,-98,-98,-98,-98,-98,-98,-98,-98,-98
3336,1,1,0,0,0,0,0,0,1,0,1,0,0,-98,-98,-98,-98,-98,-98,-98,-98,-98
3337,1,1,1,0,0,1,0,0,0,0,1,1,0,-98,-98,-98,-98,-98,-98,-98,-98,-98
3338,0,0,0,0,0,0,0,0,1,0,0,0,0,0,0,0,0,0,0,0,0,0
3339,0,0,0,0,0,-98,0,0,0,0,0,0,0,-98,-98,-98,-98,-98,-98,-98,-98,-98
3340,0,0,0,0,-98,-98,0,0,0,0,0,0,0,-98,-98,-98,-98,-98,-98,-98,-98,-98
3341,0,0,1,0,0,1,-98,-98,0,0,0,0,0,-98,-98,-98,-98,-98,-98,-98,-98,-98
3342,1,1,1,0,0,0,0,0,0,0,0,0,1,-98,-98,-98,-98,-98,-98,-98,-98,-98
3343,0,-98,0,0,1,0,0,0,1,0,0,0,0,-98,-98,-98,-98,-98,-98,-98,-98,-98
3344,0,0,0,0,0,0,0,0,1,0,0,0,0,0,0,0,0,0,0,0,0,0
3345,0,0,0,0,0,0,0,0,0,0,0,0,0,-98,-98,-98,-98,-98,-98,-98,-98,-98
3346,0,-98,-98,-98,0,-98,-98,-98,0,0,-98,-98,0,0,0,0,0,0,0,0,1,0
3347,1,0,0,0,0,-98,-98,-98,0,0,0,0,0,0,0,0,0,0,0,0,0,0
3348,0,0,0,0,-98,-98,0,0,0,0,-98,-98,0,0,0,0,0,0,0,0,0,0
3349,1,0,0,0,0,-98,0,0,0,0,0,0,0,-98,-98,-98,-98,-98,-98,-98,-98,-98
3350,0,0,0,0,0,1,0,0,0,0,0,0,1,-98,-98,-98,-98,-98,-98,-98,-98,-98
3351,-98,0,0,0,0,-98,0,0,0,0,0,0,0,0,0,0,1,0,0,0,1,0
3352,0,0,0,0,0,0,0,0,1,0,0,0,0,-98,-98,-98,-98,-98,-98,-98,-98,-98
3353,-98,-98,0,0,0,-98,0,0,0,0,0,0,0,-98,-98,-98,-98,-98,-98,-98,-98,-98
3354,1,0,0,0,0,-98,0,0,1,0,0,0,0,0,0,0,0,0,0,0,1,0
3355,1,0,1,0,0,1,0,0,0,0,0,0,0,-98,-98,-98,-98,-98,-98,-98,-98,-98
3356,0,1,0,0,0,1,0,0,0,0,0,0,0,-98,-98,-98,-98,-98,-98,-98,-98,-98
3357,0,0,0,0,0,0,0,0,1,0,0,0,0,0,0,0,0,0,0,0,0,0
3358,1,1,0,0,0,-98,0,0,0,0,0,0,0,0,0,0,0,0,0,0,0,0
3359,0,0,0,0,0,0,0,0,1,0,1,0,1,-98,-98,-98,-98,-98,-98,-98,-98,-98
3360,0,0,0,0,0,-98,0,0,0,0,0,0,0,-98,-98,-98,-98,-98,-98,-98,-98,-98
3361,0,0,1,0,0,0,0,0,1,0,0,0,0,0,0,0,0,0,0,0,0,0
3362,0,1,0,0,0,0,0,0,0,0,0,0,0,-98,-98,-98,-98,-98,-98,-98,-98,-98
3363,1,1,1,1,0,0,0,0,1,0,0,0,0,-98,-98,-98,-98,-98,-98,-98,-98,-98
3364,0,0,0,0,0,-98,0,0,0,0,0,0,0,-98,-98,-98,-98,-98,-98,-98,-98,-98
3365,1,0,0,0,0,0,0,0,0,0,0,1,0,0,0,0,0,0,0,0,0,0
3366,0,0,0,0,0,0,0,0,0,0,0,0,0,-98,-98,-98,-98,-98,-98,-98,-98,-98
3367,0,-98,-98,-98,-98,0,-98,-98,1,0,0,0,0,-98,-98,-98,-98,-98,-98,-98,-98,-98
3368,-98,0,0,0,0,-98,0,0,0,0,0,0,0,0,0,0,0,0,0,0,0,0
3369,0,0,0,0,0,0,0,0,0,0,-98,-98,1,-98,-98,-98,-98,-98,-98,-98,-98,-98
3370,-98,-98,-98,-98,-98,-98,0,0,0,0,0,0,0,-98,-98,-98,-98,-98,-98,-98,-98,-98
3371,1,0,0,0,0,1,0,0,1,0,0,0,0,0,0,0,0,0,0,0,0,0
3372,0,0,0,0,0,0,0,0,0,0,0,0,0,-98,-98,-98,-98,-98,-98,-98,-98,-98
3373,0,0,0,0,0,0,0,0,0,0,1,1,0,0,0,0,1,0,0,0,1,0
3374,1,0,1,0,0,0,0,0,0,0,0,0,0,-98,-98,-98,-98,-98,-98,-98,-98,-98
3375,0,0,0,0,0,-98,0,0,0,0,0,0,0,-98,-98,-98,-98,-98,-98,-98,-98,-98
3376,0,0,0,0,-98,-98,0,0,0,0,-98,-98,0,-98,-98,-98,-98,-98,-98,-98,-98,-98
3377,1,0,1,1,0,0,0,0,0,0,0,0,0,-98,-98,-98,-98,-98,-98,-98,-98,-98
3378,1,0,0,0,0,0,0,0,1,0,0,0,0,-98,-98,-98,-98,-98,-98,-98,-98,-98
3379,0,0,0,0,0,0,0,0,0,0,0,0,0,-98,-98,-98,-98,-98,-98,-98,-98,-98
3380,0,0,0,0,0,-98,-98,-98,0,0,1,1,0,0,0,0,0,1,0,0,1,0
3381,0,1,0,0,0,1,0,0,1,0,0,0,0,-98,-98,-98,-98,-98,-98,-98,-98,-98
3382,0,0,0,0,-98,-98,0,0,0,0,1,1,0,0,0,0,0,0,0,0,0,0
3383,0,0,0,0,0,-98,0,0,1,0,1,1,1,-98,-98,-98,-98,-98,-98,-98,-98,-98
3384,0,0,0,0,0,0,0,0,1,1,0,0,0,-98,-98,-98,-98,-98,-98,-98,-98,-98
3385,1,1,1,1,-98,1,0,0,0,0,0,0,0,-98,-98,-98,-98,-98,-98,-98,-98,-98
3386,0,1,0,0,0,0,0,0,0,0,0,0,0,-98,-98,-98,-98,-98,-98,-98,-98,-98
3387,1,0,0,0,0,0,0,0,1,0,0,0,0,-98,-98,-98,-98,-98,-98,-98,-98,-98
3388,-98,-98,-98,-98,-98,-98,0,0,0,0,1,1,0,0,0,0,0,0,0,0,0,0
3389,0,1,1,0,0,1,0,0,0,0,0,0,0,-98,-98,-98,-98,-98,-98,-98,-98,-98
3390,0,0,0,0,-98,-98,0,0,1,1,0,0,1,-98,-98,-98,-98,-98,-98,-98,-98,-98
3391,0,-98,-98,-98,-98,-98,-98,-98,0,0,0,0,-98,0,0,0,0,0,0,0,1,0
3392,-98,0,0,0,-98,0,-98,-98,1,0,1,1,0,-98,-98,-98,-98,-98,-98,-98,-98,-98
3393,0,0,0,0,0,-98,0,0,1,0,0,0,0,-98,-98,-98,-98,-98,-98,-98,-98,-98
3394,1,0,0,0,0,1,0,0,1,0,0,1,1,-98,-98,-98,-98,-98,-98,-98,-98,-98
3395,0,0,0,0,0,-98,0,0,0,0,0,0,0,-98,-98,-98,-98,-98,-98,-98,-98,-98
3396,0,1,1,0,0,-98,0,0,1,0,0,0,0,-98,-98,-98,-98,-98,-98,-98,-98,-98
3397,1,0,0,0,0,1,0,0,1,0,0,0,0,-98,-98,-98,-98,-98,-98,-98,-98,-98
3398,0,-98,0,0,-98,0,1,0,0,0,0,0,0,0,0,0,0,0,0,0,0,0
3399,0,0,0,0,0,0,0,0,0,0,0,0,0,-98,-98,-98,-98,-98,-98,-98,-98,-98
3400,0,0,0,0,-98,-98,0,0,1,0,0,0,0,-98,-98,-98,-98,-98,-98,-98,-98,-98
3401,0,0,-98,-98,-98,-98,-98,-98,0,0,-98,-98,0,-98,-98,-98,-98,-98,-98,-98,-98,-98
3402,1,0,0,0,0,0,0,0,0,0,0,0,1,-98,-98,-98,-98,-98,-98,-98,-98,-98
3403,0,0,0,1,0,0,0,1,0,0,0,0,0,-98,-98,-98,-98,-98,-98,-98,-98,-98
3404,-98,0,0,0,0,-98,0,0,1,0,0,0,0,-98,-98,-98,-98,-98,-98,-98,-98,-98
3405,-98,-98,0,0,0,-98,-98,-98,0,0,0,0,0,-98,-98,-98,-98,-98,-98,-98,-98,-98
3406,0,0,0,0,0,-98,-98,-98,0,0,0,0,0,-98,-98,-98,-98,-98,-98,-98,-98,-98
3407,0,0,0,0,-98,-98,-98,-98,0,0,0,0,0,-98,-98,-98,-98,-98,-98,-98,-98,-98
3408,0,0,1,0,-98,1,0,0,0,0,0,0,0,-98,-98,-98,-98,-98,-98,-98,-98,-98
3409,1,1,0,0,0,0,0,0,1,0,0,1,0,-98,-98,-98,-98,-98,-98,-98,-98,-98
3410,0,0,0,0,-98,-98,1,0,1,0,1,1,0,-98,-98,-98,-98,-98,-98,-98,-98,-98
3411,0,0,1,0,0,-98,0,0,0,0,0,0,0,-98,-98,-98,-98,-98,-98,-98,-98,-98
3412,-98,0,0,0,0,1,0,0,0,0,0,0,0,-98,-98,-98,-98,-98,-98,-98,-98,-98
3413,0,0,0,0,0,0,0,0,0,0,0,0,0,-98,-98,-98,-98,-98,-98,-98,-98,-98
3414,0,0,0,0,0,0,0,0,0,0,1,0,0,0,0,0,0,0,0,0,1,1
3415,0,0,0,0,0,1,0,0,0,0,0,0,0,-98,-98,-98,-98,-98,-98,-98,-98,-98
3416,0,0,0,0,0,0,0,0,0,0,1,0,1,0,0,0,0,1,0,1,0,0
3417,0,0,1,0,0,0,0,0,0,0,0,0,0,-98,-98,-98,-98,-98,-98,-98,-98,-98
3418,0,0,1,0,0,0,0,0,0,0,0,0,0,-98,-98,-98,-98,-98,-98,-98,-98,-98
3419,0,0,0,0,0,0,0,0,0,0,0,0,0,-98,-98,-98,-98,-98,-98,-98,-98,-98
3420,0,0,0,0,0,0,0,0,1,0,0,0,0,-98,-98,-98,-98,-98,-98,-98,-98,-98
3421,0,0,0,0,-98,0,0,0,0,0,0,0,0,-98,-98,-98,-98,-98,-98,-98,-98,-98
3422,1,0,1,1,0,1,0,0,0,0,1,0,0,-98,-98,-98,-98,-98,-98,-98,-98,-98
3423,0,0,0,0,0,-98,0,0,1,0,0,0,0,0,0,0,0,0,0,0,0,0
3424,0,0,0,0,-98,-98,-98,-98,0,0,0,0,0,-98,-98,-98,-98,-98,-98,-98,-98,-98
3425,0,0,0,0,0,0,0,0,0,0,1,0,0,0,0,0,0,0,0,0,1,0
3426,0,0,0,0,-98,-98,0,0,0,0,1,1,0,-98,-98,-98,-98,-98,-98,-98,-98,-98
3427,0,0,0,0,0,-98,0,0,1,0,1,1,1,0,0,1,1,1,0,0,0,0
3428,0,1,0,0,0,1,0,0,0,0,0,0,0,-98,-98,-98,-98,-98,-98,-98,-98,-98
3429,0,0,1,0,0,-98,0,0,0,0,1,0,0,-98,-98,-98,-98,-98,-98,-98,-98,-98
3430,0,-98,0,0,-98,-98,0,0,0,0,0,0,0,0,0,0,0,0,0,0,1,0
3431,-98,0,0,0,-98,-98,0,0,0,0,0,0,0,-98,-98,-98,-98,-98,-98,-98,-98,-98
3432,0,0,1,0,0,0,0,0,0,0,0,0,0,-98,-98,-98,-98,-98,-98,-98,-98,-98
3433,-98,-98,0,0,-98,-98,0,0,0,0,0,0,0,0,0,0,0,0,0,0,1,0
3434,0,0,0,0,0,0,0,0,0,0,1,1,0,-98,-98,-98,-98,-98,-98,-98,-98,-98
3435,0,0,0,0,0,0,0,0,1,0,0,0,0,0,0,0,1,0,0,0,0,0
3436,0,0,1,0,0,0,0,0,0,0,1,1,1,0,0,1,0,1,0,0,0,0
3437,1,0,1,0,0,0,0,0,1,0,1,1,0,-98,-98,-98,-98,-98,-98,-98,-98,-98
3438,1,1,1,1,0,-98,-98,-98,0,0,0,0,0,-98,-98,-98,-98,-98,-98,-98,-98,-98
3439,0,0,0,0,0,-98,0,0,0,0,0,0,0,-98,-98,-98,-98,-98,-98,-98,-98,-98
3440,0,0,0,0,-98,0,-98,-98,0,0,1,0,0,-98,-98,-98,-98,-98,-98,-98,-98,-98
3441,0,0,0,0,0,0,0,0,1,0,1,0,0,-98,-98,-98,-98,-98,-98,-98,-98,-98
3442,0,0,0,0,0,0,0,0,0,0,0,0,0,-98,-98,-98,-98,-98,-98,-98,-98,-98
3443,0,0,0,0,0,0,-98,-98,0,0,0,0,0,-98,-98,-98,-98,-98,-98,-98,-98,-98
3444,0,0,0,0,0,-98,-98,-98,0,0,0,0,0,-98,-98,-98,-98,-98,-98,-98,-98,-98
3445,0,0,1,0,0,0,0,0,1,0,0,0,0,0,0,0,0,0,0,0,0,0
3446,1,0,0,0,0,0,0,0,0,0,0,0,0,-98,-98,-98,-98,-98,-98,-98,-98,-98
3447,0,0,1,0,0,0,0,0,0,0,0,0,0,-98,-98,-98,-98,-98,-98,-98,-98,-98
3448,1,1,1,0,0,-98,0,0,1,1,0,0,0,-98,-98,-98,-98,-98,-98,-98,-98,-98
3449,0,-98,0,0,0,-98,0,1,0,0,1,1,0,0,0,0,0,0,0,0,1,0
3450,1,0,0,0,0,0,0,0,1,0,1,1,0,0,0,0,0,0,0,0,0,0
3451,0,0,0,0,0,0,0,0,1,0,0,0,0,-98,-98,-98,-98,-98,-98,-98,-98,-98
3452,1,1,1,0,0,1,0,0,1,0,1,1,0,-98,-98,-98,-98,-98,-98,-98,-98,-98
3453,0,0,1,1,0,0,0,0,0,0,1,1,1,-98,-98,-98,-98,-98,-98,-98,-98,-98
3454,0,1,0,0,0,-98,0,0,0,0,1,1,0,-98,-98,-98,-98,-98,-98,-98,-98,-98
3455,0,0,0,0,0,1,0,0,0,0,0,0,0,-98,-98,-98,-98,-98,-98,-98,-98,-98
3456,0,1,-98,-98,0,-98,-98,-98,0,0,0,0,1,-98,-98,-98,-98,-98,-98,-98,-98,-98
3457,0,0,1,0,-98,0,0,0,1,1,0,0,0,-98,-98,-98,-98,-98,-98,-98,-98,-98
3458,0,0,0,0,0,1,0,0,0,0,0,0,0,-98,-98,-98,-98,-98,-98,-98,-98,-98
3459,1,0,0,0,-98,0,0,0,1,0,0,0,1,-98,-98,-98,-98,-98,-98,-98,-98,-98
3460,0,1,1,0,0,-98,0,0,0,0,0,0,0,-98,-98,-98,-98,-98,-98,-98,-98,-98
3461,0,0,1,1,0,1,0,0,1,1,0,0,0,-98,-98,-98,-98,-98,-98,-98,-98,-98
3462,0,0,0,0,0,-98,0,0,0,0,0,0,0,-98,-98,-98,-98,-98,-98,-98,-98,-98
3463,0,0,0,0,0,0,0,0,1,0,0,0,0,-98,-98,-98,-98,-98,-98,-98,-98,-98
3464,0,0,0,0,-98,-98,0,0,1,0,1,1,0,-98,-98,-98,-98,-98,-98,-98,-98,-98
3465,1,0,0,0,0,-98,0,0,1,0,1,1,0,-98,-98,-98,-98,-98,-98,-98,-98,-98
3466,0,0,1,1,0,1,0,0,1,0,1,0,0,-98,-98,-98,-98,-98,-98,-98,-98,-98
3467,0,1,0,0,1,1,0,0,1,1,0,0,1,-98,-98,-98,-98,-98,-98,-98,-98,-98
3468,-98,-98,0,0,-98,-98,0,0,0,0,0,0,0,-98,-98,-98,-98,-98,-98,-98,-98,-98
3469,0,0,0,0,0,-98,-98,-98,0,0,0,0,0,0,0,0,1,0,0,0,0,0
3470,0,0,0,0,-98,0,0,0,0,0,0,0,0,0,0,0,0,1,0,0,0,0
3471,0,0,0,0,0,-98,0,0,0,0,0,0,-97,-98,-98,-98,-98,-98,-98,-98,-98,-98
3472,0,1,0,0,1,0,0,0,0,0,0,0,0,-98,-98,-98,-98,-98,-98,-98,-98,-98
3473,0,0,0,0,0,1,0,0,1,0,0,0,0,0,0,0,0,0,0,0,0,0
3474,0,0,0,0,0,0,0,0,0,0,1,0,0,-98,-98,-98,-98,-98,-98,-98,-98,-98
3475,0,0,0,0,0,0,0,0,0,0,0,0,0,-98,-98,-98,-98,-98,-98,-98,-98,-98
3476,0,0,0,0,0,1,0,0,1,0,0,0,1,-98,-98,-98,-98,-98,-98,-98,-98,-98
3477,1,0,1,0,0,-98,0,0,0,0,0,0,1,-98,-98,-98,-98,-98,-98,-98,-98,-98
3478,0,0,0,0,0,0,0,0,0,0,1,1,0,-98,-98,-98,-98,-98,-98,-98,-98,-98
3479,0,0,0,0,0,-98,0,0,0,0,1,0,0,0,0,0,0,0,0,0,0,0
3480,1,0,0,0,0,-98,0,0,0,0,0,0,0,-98,-98,-98,-98,-98,-98,-98,-98,-98
3481,0,0,0,0,0,-98,0,0,1,1,0,0,0,-98,-98,-98,-98,-98,-98,-98,-98,-98
3482,-98,-98,0,0,-98,-98,0,0,0,0,0,0,0,-98,-98,-98,-98,-98,-98,-98,-98,-98
3483,0,0,0,0,0,0,1,1,0,0,0,0,0,0,0,0,0,0,0,0,1,0
3484,0,0,0,0,0,-98,-98,-98,1,0,0,0,0,0,0,0,0,0,0,1,1,0
3485,0,0,0,0,0,0,0,0,1,0,1,1,0,0,0,0,1,0,0,0,1,0
3486,-98,-98,0,0,0,-98,0,0,0,0,-98,-98,0,-98,-98,-98,-98,-98,-98,-98,-98,-98
3487,1,0,0,0,-98,0,0,0,0,0,0,0,0,-98,-98,-98,-98,-98,-98,-98,-98,-98
3488,0,1,1,1,0,0,1,1,0,0,0,0,0,-98,-98,-98,-98,-98,-98,-98,-98,-98
3489,0,0,0,0,-98,0,0,0,0,0,1,1,1,-98,-98,-98,-98,-98,-98,-98,-98,-98
3490,0,0,0,0,0,-98,0,0,0,0,0,0,0,-98,-98,-98,-98,-98,-98,-98,-98,-98
3491,1,0,0,0,-98,1,1,0,0,0,1,1,1,0,0,0,0,0,0,0,1,0
3492,0,0,0,0,0,0,0,0,0,0,0,0,0,0,0,0,0,0,0,0,1,1
3493,1,0,1,0,0,0,0,0,1,1,1,1,0,0,0,0,0,1,0,0,0,0
3494,0,0,0,0,0,0,0,0,1,0,1,1,0,-98,-98,-98,-98,-98,-98,-98,-98,-98
3495,1,0,0,0,0,0,0,0,0,0,1,1,0,-98,-98,-98,-98,-98,-98,-98,-98,-98
3496,0,0,0,0,0,0,0,0,0,0,1,1,1,0,0,0,0,0,0,0,1,0
3497,0,0,0,0,0,0,-98,-98,0,0,1,1,0,0,0,0,0,1,0,0,1,0
3498,0,0,0,0,0,0,0,0,0,0,0,0,0,-98,-98,-98,-98,-98,-98,-98,-98,-98
3499,0,0,0,0,-98,0,0,0,0,0,0,0,1,-98,-98,-98,-98,-98,-98,-98,-98,-98
3500,1,0,0,0,0,0,-98,-98,0,0,0,0,0,-98,-98,-98,-98,-98,-98,-98,-98,-98
3501,0,0,0,0,-98,-98,0,0,0,0,-98,-98,0,-98,-98,-98,-98,-98,-98,-98,-98,-98
3502,0,-98,0,0,-98,-98,0,0,0,0,0,0,-98,0,0,0,0,0,0,0,0,0
3503,0,0,0,0,-98,0,0,0,0,0,0,0,1,-98,-98,-98,-98,-98,-98,-98,-98,-98
3504,0,0,0,0,-98,-98,0,0,0,0,0,0,0,0,0,0,0,0,0,0,0,0
3505,0,0,0,0,-98,0,0,0,0,0,0,0,1,0,0,0,0,0,0,0,0,0
3506,-98,1,0,0,-98,0,0,0,0,0,0,0,1,-98,-98,-98,-98,-98,-98,-98,-98,-98
3507,1,0,0,0,0,1,0,0,0,0,1,1,0,-98,-98,-98,-98,-98,-98,-98,-98,-98
3508,1,0,1,0,0,-98,0,0,1,1,-98,-98,0,-98,-98,-98,-98,-98,-98,-98,-98,-98
3509,1,1,1,0,1,-98,0,0,0,0,0,0,0,-98,-98,-98,-98,-98,-98,-98,-98,-98
3510,1,1,1,1,0,0,0,0,1,0,0,0,0,-98,-98,-98,-98,-98,-98,-98,-98,-98
3511,1,1,1,1,0,0,0,0,1,0,0,0,1,-98,-98,-98,-98,-98,-98,-98,-98,-98
3512,0,0,0,0,0,0,0,0,0,0,0,0,1,-98,-98,-98,-98,-98,-98,-98,-98,-98
3513,0,0,0,0,0,-98,0,0,0,0,1,0,0,-98,-98,-98,-98,-98,-98,-98,-98,-98
3514,-98,-98,-98,-98,0,-98,0,0,0,0,0,0,0,-98,-98,-98,-98,-98,-98,-98,-98,-98
3515,0,0,1,0,0,0,-98,-98,0,0,0,0,0,-98,-98,-98,-98,-98,-98,-98,-98,-98
3516,0,0,-98,-98,-98,1,0,0,0,0,0,0,0,-98,-98,-98,-98,-98,-98,-98,-98,-98
3517,0,0,0,0,0,-98,0,0,1,0,1,1,0,-98,-98,-98,-98,-98,-98,-98,-98,-98
3518,1,0,0,0,0,-98,0,0,1,0,0,0,0,-98,-98,-98,-98,-98,-98,-98,-98,-98
3519,0,0,0,0,0,0,0,0,0,1,0,0,0,-98,-98,-98,-98,-98,-98,-98,-98,-98
3520,0,0,0,0,0,-98,-98,-98,0,0,0,0,0,-98,-98,-98,-98,-98,-98,-98,-98,-98
3521,1,0,0,0,0,0,1,1,1,1,0,0,0,-98,-98,-98,-98,-98,-98,-98,-98,-98
3522,0,1,0,0,-98,1,0,0,0,0,0,0,0,-98,-98,-98,-98,-98,-98,-98,-98,-98
3523,1,1,0,0,0,1,0,0,1,0,0,0,0,-98,-98,-98,-98,-98,-98,-98,-98,-98
3524,-98,-98,-98,-98,-98,-98,-98,-98,1,0,0,0,0,-98,-98,-98,-98,-98,-98,-98,-98,-98
3525,0,0,0,0,0,1,0,0,0,0,0,0,0,-98,-98,-98,-98,-98,-98,-98,-98,-98
3526,0,0,0,0,0,0,0,0,0,0,0,0,0,-98,-98,-98,-98,-98,-98,-98,-98,-98
3527,0,0,0,0,0,0,0,0,1,0,0,0,0,-98,-98,-98,-98,-98,-98,-98,-98,-98
3528,1,0,0,0,0,0,0,0,0,0,0,0,0,-98,-98,-98,-98,-98,-98,-98,-98,-98
3529,0,0,0,0,0,1,0,0,0,0,0,0,0,-98,-98,-98,-98,-98,-98,-98,-98,-98
3530,0,0,0,0,0,0,0,0,1,1,0,0,1,-98,-98,-98,-98,-98,-98,-98,-98,-98
3531,0,-98,-98,-98,-98,0,0,0,0,0,0,0,0,-98,-98,-98,-98,-98,-98,-98,-98,-98
3532,0,0,0,0,0,0,0,0,1,1,1,0,0,-98,-98,-98,-98,-98,-98,-98,-98,-98
3533,0,0,0,0,0,-98,0,0,1,0,0,0,0,-98,-98,-98,-98,-98,-98,-98,-98,-98
3534,-98,0,0,0,-98,1,1,1,1,0,1,0,0,-98,-98,-98,-98,-98,-98,-98,-98,-98
3535,0,0,0,0,0,-98,0,0,0,0,0,0,0,-98,-98,-98,-98,-98,-98,-98,-98,-98
3536,0,0,0,0,-98,-98,-98,-98,1,0,0,0,0,0,0,0,0,0,0,0,1,0
3537,1,1,0,0,0,1,0,0,1,0,0,0,0,-98,-98,-98,-98,-98,-98,-98,-98,-98
3538,0,-98,-98,-98,-98,-98,0,0,1,1,0,0,1,-98,-98,-98,-98,-98,-98,-98,-98,-98
3539,0,0,0,0,0,0,0,0,0,0,0,0,0,-98,-98,-98,-98,-98,-98,-98,-98,-98
3540,0,0,0,0,0,0,0,0,0,0,0,0,1,0,0,0,0,0,0,0,0,0
3541,0,0,0,0,0,0,0,0,0,0,1,1,0,-98,-98,-98,-98,-98,-98,-98,-98,-98
3542,0,0,1,0,0,0,0,0,0,0,0,0,1,-98,-98,-98,-98,-98,-98,-98,-98,-98
3543,0,0,0,0,0,0,-98,-98,0,0,0,0,0,-98,-98,-98,-98,-98,-98,-98,-98,-98
3544,-98,-98,0,0,-98,-98,0,0,1,1,-98,-98,-98,0,0,0,0,0,0,0,0,1
3545,0,0,0,0,0,-98,0,0,0,0,1,1,0,-98,-98,-98,-98,-98,-98,-98,-98,-98
3546,0,0,1,1,0,0,1,1,0,0,0,0,0,-98,-98,-98,-98,-98,-98,-98,-98,-98
3547,0,0,0,0,-98,-98,-98,-98,0,0,0,0,0,-98,-98,-98,-98,-98,-98,-98,-98,-98
3548,0,0,0,0,0,0,0,0,0,0,1,1,1,-98,-98,-98,-98,-98,-98,-98,-98,-98
3549,0,0,0,0,0,1,0,0,1,1,0,0,1,0,1,0,0,0,0,0,0,0
3550,-98,-98,-98,-98,-98,-98,0,0,1,0,-98,-98,1,-98,-98,-98,-98,-98,-98,-98,-98,-98
3551,0,0,0,0,0,0,1,1,0,0,0,1,1,-98,-98,-98,-98,-98,-98,-98,-98,-98
3552,0,0,0,0,-98,-98,-98,-98,0,0,0,0,0,-98,-98,-98,-98,-98,-98,-98,-98,-98
3553,0,0,0,0,0,1,0,0,0,0,0,0,0,-98,-98,-98,-98,-98,-98,-98,-98,-98
3554,0,0,0,0,-98,0,0,0,0,0,0,0,0,-98,-98,-98,-98,-98,-98,-98,-98,-98
3555,1,1,1,1,-97,-98,0,0,0,0,0,0,1,-98,-98,-98,-98,-98,-98,-98,-98,-98
3556,0,0,0,1,-98,0,0,0,0,0,0,0,0,0,0,0,0,0,0,0,1,0
3557,0,0,0,0,-98,0,0,0,0,0,0,0,0,-98,-98,-98,-98,-98,-98,-98,-98,-98
3558,1,1,0,0,0,1,0,0,1,0,0,0,1,-98,-98,-98,-98,-98,-98,-98,-98,-98
3559,-98,-98,0,0,-98,0,-98,-98,0,0,1,1,0,0,0,0,0,0,0,0,1,0
3560,0,0,0,0,0,0,0,0,0,0,0,0,0,-98,-98,-98,-98,-98,-98,-98,-98,-98
3561,1,0,0,0,0,0,0,0,1,1,1,1,0,-98,-98,-98,-98,-98,-98,-98,-98,-98
3562,1,0,1,0,0,-98,0,0,1,0,0,0,0,-98,-98,-98,-98,-98,-98,-98,-98,-98
3563,0,0,0,0,-98,-98,0,0,0,0,0,0,0,-98,-98,-98,-98,-98,-98,-98,-98,-98
3564,0,0,0,0,0,0,0,0,0,0,0,0,0,0,0,0,0,0,0,0,0,0
3565,0,0,0,0,0,-98,0,0,0,0,0,0,0,-98,-98,-98,-98,-98,-98,-98,-98,-98
3566,0,0,1,0,0,-98,0,0,0,0,0,0,0,-98,-98,-98,-98,-98,-98,-98,-98,-98
3567,-98,-98,0,0,-98,-98,0,0,0,0,0,0,0,-98,-98,-98,-98,-98,-98,-98,-98,-98
3568,0,0,0,0,0,-98,0,0,0,0,0,0,1,0,0,0,0,0,0,0,0,0
3569,0,0,0,0,0,0,0,0,0,0,0,0,0,-98,-98,-98,-98,-98,-98,-98,-98,-98
3570,1,0,0,0,0,0,1,1,1,0,1,1,0,-98,-98,-98,-98,-98,-98,-98,-98,-98
3571,0,-98,0,0,-98,-98,0,0,0,0,0,0,0,1,0,0,0,1,0,0,1,0
3572,-98,-98,-98,-98,-98,-98,0,0,-98,-98,-98,-98,1,-98,-98,-98,-98,-98,-98,-98,-98,-98
3573,0,0,0,0,0,-98,0,0,1,0,0,0,0,0,0,0,0,0,0,0,0,0
3574,0,0,1,1,0,1,1,1,0,0,0,0,1,-98,-98,-98,-98,-98,-98,-98,-98,-98
3575,0,0,0,0,0,0,0,0,0,0,1,1,0,-98,-98,-98,-98,-98,-98,-98,-98,-98
3576,0,0,0,0,0,0,0,0,0,0,0,0,1,-98,-98,-98,-98,-98,-98,-98,-98,-98
3577,-98,-98,-98,-98,-98,-98,-98,-98,0,0,1,1,0,-98,-98,-98,-98,-98,-98,-98,-98,-98
3578,0,0,1,1,0,-98,0,0,1,0,0,0,0,-98,-98,-98,-98,-98,-98,-98,-98,-98
3579,0,0,0,0,0,0,0,0,0,0,0,0,0,-98,-98,-98,-98,-98,-98,-98,-98,-98
3580,0,0,0,0,0,1,1,1,1,1,1,1,1,-98,-98,-98,-98,-98,-98,-98,-98,-98
3581,0,-98,0,0,-98,-98,0,0,0,0,0,0,0,-98,-98,-98,-98,-98,-98,-98,-98,-98
3582,0,-98,-98,-98,0,-98,-98,-98,0,0,0,0,0,0,0,0,0,0,0,0,0,0
3583,0,0,0,0,0,0,-98,-98,1,0,1,1,0,-98,-98,-98,-98,-98,-98,-98,-98,-98
3584,0,0,1,0,0,1,0,0,0,0,0,0,0,-98,-98,-98,-98,-98,-98,-98,-98,-98
3585,0,0,0,0,0,-98,0,0,1,1,0,0,0,-98,-98,-98,-98,-98,-98,-98,-98,-98
3586,0,0,0,0,0,0,-98,-98,0,0,1,0,1,0,0,0,1,0,0,0,0,0
3587,0,0,0,0,0,-98,0,0,0,0,0,0,0,-98,-98,-98,-98,-98,-98,-98,-98,-98
3588,0,0,0,0,-98,0,0,0,0,0,0,0,0,-98,-98,-98,-98,-98,-98,-98,-98,-98
3589,0,0,0,0,0,0,0,0,1,1,1,1,1,-98,-98,-98,-98,-98,-98,-98,-98,-98
3590,0,0,1,0,0,0,0,0,1,0,0,0,0,0,0,0,0,0,0,0,1,0
3591,0,0,0,0,0,0,0,0,0,0,0,0,0,-98,-98,-98,-98,-98,-98,-98,-98,-98
3592,0,0,0,0,0,0,0,0,0,0,0,0,0,-98,-98,-98,-98,-98,-98,-98,-98,-98
3593,1,0,0,0,0,1,-98,-98,0,0,1,0,0,-98,-98,-98,-98,-98,-98,-98,-98,-98
3594,1,0,0,0,0,-98,0,0,0,0,1,0,1,0,0,1,0,0,0,1,0,0
3595,0,0,0,0,0,0,0,0,1,0,1,0,0,0,0,0,0,0,0,0,0,0
3596,0,0,0,0,0,-98,0,0,0,0,0,0,0,-98,-98,-98,-98,-98,-98,-98,-98,-98
3597,1,0,1,0,0,-98,0,0,0,0,0,0,0,-98,-98,-98,-98,-98,-98,-98,-98,-98
3598,0,0,0,0,0,0,0,0,0,0,0,0,0,-98,-98,-98,-98,-98,-98,-98,-98,-98
3599,1,0,0,0,0,0,0,0,1,0,1,0,0,-98,-98,-98,-98,-98,-98,-98,-98,-98
3600,1,0,0,0,0,0,0,0,1,0,0,0,1,-98,-98,-98,-98,-98,-98,-98,-98,-98
3601,0,0,0,0,0,-98,0,0,0,0,0,0,0,0,0,0,0,0,0,0,0,0
3602,0,0,0,0,0,-98,0,0,0,0,0,0,0,-98,-98,-98,-98,-98,-98,-98,-98,-98
3603,0,0,0,0,0,-98,0,0,0,0,1,1,0,0,0,1,0,0,0,0,0,0
3604,0,0,0,0,0,0,0,0,0,0,0,0,0,-98,-98,-98,-98,-98,-98,-98,-98,-98
3605,1,0,0,0,0,-98,0,0,1,0,0,0,0,-98,-98,-98,-98,-98,-98,-98,-98,-98
3606,1,0,0,0,0,0,0,0,1,0,0,0,0,-98,-98,-98,-98,-98,-98,-98,-98,-98
3607,0,0,0,0,0,-98,0,0,0,0,0,0,0,-98,-98,-98,-98,-98,-98,-98,-98,-98
3608,-98,0,-98,-98,-98,0,-98,-98,0,0,-98,-98,0,-98,-98,-98,-98,-98,-98,-98,-98,-98
3609,1,0,0,0,0,-98,-98,-98,0,0,0,0,0,-98,-98,-98,-98,-98,-98,-98,-98,-98
3610,-98,-98,-98,-98,-98,0,-98,-98,0,0,0,1,1,0,0,0,0,0,0,0,0,1
3611,0,0,0,0,-98,0,0,0,0,0,0,0,0,-98,-98,-98,-98,-98,-98,-98,-98,-98
3612,0,0,0,0,0,0,0,0,1,1,1,1,0,0,0,0,0,0,0,0,1,0
3613,0,0,0,0,-98,-98,0,0,0,0,-98,-98,0,0,0,0,0,0,0,0,0,0
3614,1,0,0,0,0,1,0,0,0,0,1,1,0,-98,-98,-98,-98,-98,-98,-98,-98,-98
3615,-98,0,0,0,0,0,0,0,1,0,1,0,0,0,0,0,1,0,0,0,0,0
3616,0,0,0,0,0,0,0,0,1,0,1,1,0,0,0,0,0,0,0,0,0,0
3617,0,0,0,0,0,0,0,0,1,0,1,0,0,-98,-98,-98,-98,-98,-98,-98,-98,-98
3618,1,0,1,1,0,0,0,0,1,1,0,0,1,0,0,0,0,0,0,0,0,0
3619,1,0,1,0,0,0,0,0,0,0,0,0,0,-98,-98,-98,-98,-98,-98,-98,-98,-98
3620,0,0,0,0,0,0,0,0,0,0,0,0,0,0,0,0,0,0,0,0,0,0
3621,0,1,0,0,0,0,1,1,0,0,0,0,0,-98,-98,-98,-98,-98,-98,-98,-98,-98
3622,0,0,0,0,0,-98,0,0,0,0,0,0,1,-98,-98,-98,-98,-98,-98,-98,-98,-98
3623,0,0,1,1,0,0,0,0,0,0,1,1,0,-98,-98,-98,-98,-98,-98,-98,-98,-98
3624,0,0,0,0,0,0,0,0,0,0,0,0,0,-98,-98,-98,-98,-98,-98,-98,-98,-98
3625,0,0,0,0,-98,0,-98,-98,0,0,0,0,0,-98,-98,-98,-98,-98,-98,-98,-98,-98
3626,-98,0,0,0,-98,-98,0,0,0,0,0,0,1,-98,-98,-98,-98,-98,-98,-98,-98,-98
3627,1,0,0,0,0,1,0,0,1,0,0,0,0,-98,-98,-98,-98,-98,-98,-98,-98,-98
3628,0,0,0,0,0,-98,0,0,1,0,0,0,0,0,0,0,0,0,0,0,0,0
3629,-98,0,0,0,0,0,0,0,0,0,1,1,1,-98,-98,-98,-98,-98,-98,-98,-98,-98
3630,0,0,1,1,0,0,0,0,1,0,0,0,0,-98,-98,-98,-98,-98,-98,-98,-98,-98
3631,0,-98,0,0,-98,-98,-98,-98,1,0,0,0,0,-98,-98,-98,-98,-98,-98,-98,-98,-98
3632,0,0,0,0,0,0,-98,-98,0,0,0,0,0,-98,-98,-98,-98,-98,-98,-98,-98,-98
3633,0,0,0,0,-98,0,0,0,0,0,0,0,0,-98,-98,-98,-98,-98,-98,-98,-98,-98
3634,0,0,0,0,0,0,0,0,0,0,0,0,0,-98,-98,-98,-98,-98,-98,-98,-98,-98
3635,1,0,0,0,0,-98,0,0,0,0,0,0,0,-98,-98,-98,-98,-98,-98,-98,-98,-98
3636,1,0,0,0,0,0,0,0,1,0,0,0,0,-98,-98,-98,-98,-98,-98,-98,-98,-98
3637,0,-98,0,0,0,1,0,0,0,0,0,0,0,-98,-98,-98,-98,-98,-98,-98,-98,-98
3638,0,0,0,0,0,1,0,0,0,0,0,0,0,-98,-98,-98,-98,-98,-98,-98,-98,-98
3639,0,-98,0,0,-98,-98,0,0,0,0,0,0,0,-98,-98,-98,-98,-98,-98,-98,-98,-98
3640,0,1,0,0,0,1,0,0,0,0,0,0,0,-98,-98,-98,-98,-98,-98,-98,-98,-98
3641,-98,-98,-98,-98,-98,-98,0,0,0,0,-98,-98,1,0,0,0,0,0,0,0,0,0
3642,1,0,0,0,0,-98,0,0,0,0,0,0,0,0,0,0,0,0,0,0,0,0
3643,1,0,-98,-98,0,0,0,0,0,0,0,0,0,-98,-98,-98,-98,-98,-98,-98,-98,-98
3644,-98,-98,-98,-98,-98,-98,-98,-98,0,0,0,0,0,0,0,0,0,0,0,0,1,0
3645,1,1,1,0,0,1,0,0,1,0,1,0,0,-98,-98,-98,-98,-98,-98,-98,-98,-98
3646,0,0,0,0,-98,0,0,0,0,0,0,0,0,-98,-98,-98,-98,-98,-98,-98,-98,-98
3647,0,0,0,0,0,-98,0,0,0,0,0,0,0,-98,-98,-98,-98,-98,-98,-98,-98,-98
3648,0,0,0,0,0,0,0,0,1,0,1,1,0,-98,-98,-98,-98,-98,-98,-98,-98,-98
3649,0,0,0,0,-98,0,0,0,0,0,0,0,1,0,0,0,0,0,0,0,0,0
3650,1,0,0,0,0,0,0,0,0,0,1,0,1,-98,-98,-98,-98,-98,-98,-98,-98,-98
3651,-98,0,0,0,0,0,0,0,0,0,0,0,0,-98,-98,-98,-98,-98,-98,-98,-98,-98
3652,0,0,0,0,0,-98,0,0,0,0,0,0,0,-98,-98,-98,-98,-98,-98,-98,-98,-98
3653,-98,0,-98,-98,-98,1,0,0,0,0,0,1,0,0,0,0,0,0,0,0,0,1
3654,1,0,0,0,0,-98,0,0,1,0,0,0,0,-98,-98,-98,-98,-98,-98,-98,-98,-98
3655,0,0,0,0,-98,1,1,1,0,0,0,0,0,-98,-98,-98,-98,-98,-98,-98,-98,-98
3656,0,0,0,0,0,0,0,0,0,0,1,1,0,-98,-98,-98,-98,-98,-98,-98,-98,-98
3657,0,0,0,0,0,1,0,0,1,0,1,1,0,0,0,0,1,0,0,0,1,0
3658,0,0,0,0,0,-98,0,0,0,0,-98,-98,0,-98,-98,-98,-98,-98,-98,-98,-98,-98
3659,0,1,1,1,0,1,0,0,1,0,0,0,0,-98,-98,-98,-98,-98,-98,-98,-98,-98
3660,1,1,1,0,0,0,0,0,1,0,0,0,0,-98,-98,-98,-98,-98,-98,-98,-98,-98
3661,0,0,0,0,0,-98,0,0,1,0,0,0,0,-98,-98,-98,-98,-98,-98,-98,-98,-98
3662,0,0,0,0,0,-98,0,0,1,0,1,0,0,0,0,0,0,0,0,0,0,1
3663,0,0,1,1,0,0,0,0,1,0,0,0,0,-98,-98,-98,-98,-98,-98,-98,-98,-98
3664,-98,0,0,0,-98,-98,-98,-98,0,0,0,0,0,0,0,0,0,0,0,0,1,0
3665,0,0,0,0,0,0,0,0,0,0,0,1,0,-98,-98,-98,-98,-98,-98,-98,-98,-98
3666,0,0,0,0,0,1,0,0,1,0,1,0,0,-98,-98,-98,-98,-98,-98,-98,-98,-98
3667,1,0,0,0,0,-98,0,0,1,0,0,0,0,-98,-98,-98,-98,-98,-98,-98,-98,-98
3668,-98,0,0,0,-98,0,0,0,0,0,0,1,1,0,0,0,0,1,0,0,0,0
3669,0,0,0,0,0,0,0,0,1,0,0,0,0,-98,-98,-98,-98,-98,-98,-98,-98,-98
3670,-98,-98,-98,-98,-98,0,0,0,0,0,0,0,1,-98,-98,-98,-98,-98,-98,-98,-98,-98
3671,0,0,1,0,0,1,0,0,-98,-98,0,0,0,-98,-98,-98,-98,-98,-98,-98,-98,-98
3672,0,0,1,0,0,1,0,0,0,0,0,0,0,-98,-98,-98,-98,-98,-98,-98,-98,-98
3673,1,0,1,0,0,0,0,0,0,0,0,0,0,-98,-98,-98,-98,-98,-98,-98,-98,-98
3674,1,0,0,0,0,1,0,0,0,0,0,0,0,-98,-98,-98,-98,-98,-98,-98,-98,-98
3675,0,0,0,0,0,1,0,0,0,0,1,1,0,0,0,0,0,0,0,0,0,0
3676,1,0,0,0,0,-98,0,0,0,0,1,1,0,0,0,0,0,1,0,0,0,0
3677,0,0,1,0,0,1,0,0,1,0,0,0,0,-98,-98,-98,-98,-98,-98,-98,-98,-98
3678,0,0,0,0,0,0,0,0,0,0,1,1,1,-98,-98,-98,-98,-98,-98,-98,-98,-98
3679,0,0,0,0,0,0,0,0,0,0,0,0,0,-98,-98,-98,-98,-98,-98,-98,-98,-98
3680,0,0,0,0,-98,0,0,0,0,0,0,0,0,-98,-98,-98,-98,-98,-98,-98,-98,-98
3681,0,1,1,0,0,1,0,0,0,0,0,0,0,-98,-98,-98,-98,-98,-98,-98,-98,-98
3682,1,0,0,0,0,1,0,0,0,0,0,0,0,-98,-98,-98,-98,-98,-98,-98,-98,-98
3683,0,0,1,0,0,0,0,0,0,0,0,0,0,-98,-98,-98,-98,-98,-98,-98,-98,-98
3684,0,0,0,0,0,0,0,0,0,0,0,0,0,0,0,0,0,0,0,0,0,0
3685,-98,0,0,0,0,0,0,0,0,0,0,0,0,-98,-98,-98,-98,-98,-98,-98,-98,-98
3686,0,0,0,0,0,-98,0,0,-98,-98,0,0,1,-98,-98,-98,-98,-98,-98,-98,-98,-98
3687,0,1,0,0,-98,1,0,0,0,0,0,0,0,-98,-98,-98,-98,-98,-98,-98,-98,-98
3688,0,0,0,0,-98,1,0,0,0,0,0,0,1,0,0,0,0,0,0,0,1,0
3689,0,0,-98,-98,0,-98,0,0,0,0,0,0,0,-98,-98,-98,-98,-98,-98,-98,-98,-98
3690,0,-98,0,0,-98,0,-98,-98,1,0,0,0,0,0,0,0,0,0,0,0,0,0
3691,0,0,0,0,0,0,0,0,0,0,0,0,0,-98,-98,-98,-98,-98,-98,-98,-98,-98
3692,0,0,0,0,0,-98,0,0,0,0,-98,-98,0,-98,-98,-98,-98,-98,-98,-98,-98,-98
3693,1,0,1,1,0,1,0,0,1,0,0,0,0,-98,-98,-98,-98,-98,-98,-98,-98,-98
3694,1,0,0,0,-98,1,0,0,0,0,1,1,1,-98,-98,-98,-98,-98,-98,-98,-98,-98
3695,0,1,0,0,0,1,0,0,1,0,0,0,0,-98,-98,-98,-98,-98,-98,-98,-98,-98
3696,-98,-98,-98,-98,-98,-98,-98,-98,1,0,0,0,0,-98,-98,-98,-98,-98,-98,-98,-98,-98
3697,1,0,1,0,0,1,0,0,0,0,1,0,0,-98,-98,-98,-98,-98,-98,-98,-98,-98
3698,0,0,0,0,0,-98,0,0,0,0,0,0,0,-98,-98,-98,-98,-98,-98,-98,-98,-98
3699,0,0,0,0,-98,0,1,1,0,0,0,0,0,-98,-98,-98,-98,-98,-98,-98,-98,-98
3700,0,-98,0,0,-98,-98,0,0,0,0,1,0,0,0,0,0,0,0,0,0,1,0
3701,0,0,-98,-98,-98,-98,-98,-98,0,0,0,0,0,0,0,0,0,0,0,0,1,0
3702,0,0,0,0,0,-98,0,0,0,0,0,0,1,-98,-98,-98,-98,-98,-98,-98,-98,-98
3703,-98,-98,-98,-98,-98,-98,0,0,0,0,0,0,0,-98,-98,-98,-98,-98,-98,-98,-98,-98
3704,0,0,0,0,-98,-98,0,0,0,0,0,0,0,-98,-98,-98,-98,-98,-98,-98,-98,-98
3705,0,-98,-98,-98,-98,0,0,0,0,0,1,0,1,-98,-98,-98,-98,-98,-98,-98,-98,-98
3706,0,0,0,0,0,0,0,0,1,0,0,0,0,-98,-98,-98,-98,-98,-98,-98,-98,-98
3707,0,1,0,0,0,-98,-98,-98,0,0,0,0,0,-98,-98,-98,-98,-98,-98,-98,-98,-98
3708,-98,-98,-98,-98,-98,-98,-98,-98,0,0,0,0,0,0,0,0,0,0,0,0,1,0
3709,0,0,1,0,0,0,0,0,0,0,1,0,0,-98,-98,-98,-98,-98,-98,-98,-98,-98
3710,0,0,0,0,-98,0,0,0,1,0,0,0,0,-98,-98,-98,-98,-98,-98,-98,-98,-98
3711,0,1,1,1,-98,-98,0,0,0,0,0,0,0,0,0,0,0,0,0,0,0,0
3712,1,-98,0,0,0,-98,-98,-98,0,0,1,1,0,-98,-98,-98,-98,-98,-98,-98,-98,-98
3713,1,-97,0,0,-98,0,0,0,0,0,0,0,0,-98,-98,-98,-98,-98,-98,-98,-98,-98
3714,0,0,0,0,0,0,0,0,0,0,0,0,0,-98,-98,-98,-98,-98,-98,-98,-98,-98
3715,1,1,1,0,0,-98,0,0,0,0,0,0,0,-98,-98,-98,-98,-98,-98,-98,-98,-98
3716,0,0,0,0,0,-98,0,0,0,0,1,1,1,0,0,0,0,1,0,0,0,0
3717,0,0,0,0,-98,0,0,0,1,0,1,1,0,-98,-98,-98,-98,-98,-98,-98,-98,-98
3718,0,0,0,0,0,1,0,0,0,0,0,0,0,-98,-98,-98,-98,-98,-98,-98,-98,-98
3719,0,0,0,0,0,0,0,0,0,0,0,0,0,0,0,0,0,0,0,0,0,0
3720,-98,-98,0,0,-98,1,0,0,0,0,0,0,0,0,0,0,0,0,0,0,1,0
3721,0,0,0,0,0,1,0,0,1,0,0,0,0,-98,-98,-98,-98,-98,-98,-98,-98,-98
3722,1,0,1,0,0,-98,0,0,0,0,1,1,0,-98,-98,-98,-98,-98,-98,-98,-98,-98
3723,0,0,0,0,-98,-98,0,0,0,0,0,0,0,-98,-98,-98,-98,-98,-98,-98,-98,-98
3724,1,0,0,0,0,1,1,1,1,0,1,1,0,-98,-98,-98,-98,-98,-98,-98,-98,-98
3725,0,0,0,0,0,0,-98,-98,0,0,0,0,0,-98,-98,-98,-98,-98,-98,-98,-98,-98
3726,0,0,0,0,0,0,-98,-98,1,0,0,0,0,-98,-98,-98,-98,-98,-98,-98,-98,-98
3727,1,1,1,1,0,0,0,0,0,0,0,0,0,-98,-98,-98,-98,-98,-98,-98,-98,-98
3728,1,-98,0,0,-98,-98,1,1,-98,-98,-98,-98,1,0,0,0,0,0,0,0,1,0
3729,1,1,1,1,0,0,1,1,1,1,0,0,0,-98,-98,-98,-98,-98,-98,-98,-98,-98
3730,0,0,0,0,0,-98,0,0,1,1,1,1,1,-98,-98,-98,-98,-98,-98,-98,-98,-98
3731,1,0,0,0,0,0,0,0,1,1,1,0,0,-98,-98,-98,-98,-98,-98,-98,-98,-98
3732,1,0,0,0,0,-98,0,0,0,0,1,0,0,-98,-98,-98,-98,-98,-98,-98,-98,-98
3733,0,0,1,1,0,1,0,0,1,0,1,1,0,0,0,0,0,1,0,0,0,0
3734,0,0,0,0,0,0,0,0,0,0,1,1,1,-98,-98,-98,-98,-98,-98,-98,-98,-98
3735,1,0,0,0,1,0,0,0,0,0,0,0,0,-98,-98,-98,-98,-98,-98,-98,-98,-98
3736,0,0,0,0,0,0,0,0,1,0,1,1,0,-98,-98,-98,-98,-98,-98,-98,-98,-98
3737,0,0,0,0,0,0,0,0,1,0,1,0,0,-98,-98,-98,-98,-98,-98,-98,-98,-98
3738,0,0,0,0,0,0,0,0,0,0,0,0,0,-98,-98,-98,-98,-98,-98,-98,-98,-98
3739,0,0,0,0,0,0,0,0,1,0,0,0,0,0,0,0,1,0,0,0,0,0
3740,0,0,0,0,-98,0,0,0,0,0,0,0,0,0,0,0,1,0,0,0,0,0
3741,0,0,0,0,0,1,0,0,0,0,0,0,0,-98,-98,-98,-98,-98,-98,-98,-98,-98
3742,1,0,0,0,0,1,0,0,0,0,1,0,0,-98,-98,-98,-98,-98,-98,-98,-98,-98
3743,0,0,0,0,0,0,0,0,1,0,0,0,1,-98,-98,-98,-98,-98,-98,-98,-98,-98
3744,0,0,0,0,0,-98,0,0,1,0,0,0,0,-98,-98,-98,-98,-98,-98,-98,-98,-98
3745,0,1,0,0,0,0,0,0,0,0,1,1,0,0,0,0,0,1,0,1,1,0
3746,0,0,0,0,0,0,0,0,1,0,0,0,0,-98,-98,-98,-98,-98,-98,-98,-98,-98
3747,0,0,0,0,0,-98,0,0,0,0,0,0,0,-98,-98,-98,-98,-98,-98,-98,-98,-98
3748,1,0,1,1,0,0,0,0,0,0,0,0,1,-98,-98,-98,-98,-98,-98,-98,-98,-98
3749,-98,-98,0,0,-98,-98,0,0,0,0,-98,-98,0,-98,-98,-98,-98,-98,-98,-98,-98,-98
3750,0,0,0,0,-98,0,0,0,0,0,0,0,0,0,0,0,0,0,0,0,1,0
3751,0,0,0,0,-98,0,-98,-98,0,0,0,0,0,0,0,0,0,0,0,0,0,0
3752,0,0,0,0,-98,0,-98,-98,0,0,0,0,0,-98,-98,-98,-98,-98,-98,-98,-98,-98
3753,0,0,0,0,0,-98,0,0,0,0,0,0,0,-98,-98,-98,-98,-98,-98,-98,-98,-98
3754,0,0,1,1,0,0,0,0,1,1,0,0,0,-98,-98,-98,-98,-98,-98,-98,-98,-98
3755,-98,0,0,0,0,-98,0,0,0,0,1,1,0,0,0,0,0,0,0,0,1,1
3756,-98,0,0,1,-98,0,0,0,0,0,0,0,0,0,0,0,0,0,0,0,0,0
3757,0,0,0,0,0,-98,0,0,0,0,0,0,0,-98,-98,-98,-98,-98,-98,-98,-98,-98
3758,1,0,1,1,0,-98,0,0,0,0,1,1,0,-98,-98,-98,-98,-98,-98,-98,-98,-98
3759,0,0,0,0,0,-98,0,0,0,0,0,0,0,-98,-98,-98,-98,-98,-98,-98,-98,-98
3760,0,0,0,0,0,-98,0,0,0,0,0,0,0,-98,-98,-98,-98,-98,-98,-98,-98,-98
3761,1,0,1,0,1,1,-98,-98,0,0,0,0,0,0,0,0,0,0,0,0,0,0
3762,1,0,0,0,0,1,0,0,1,0,0,0,0,-98,-98,-98,-98,-98,-98,-98,-98,-98
3763,1,0,1,1,0,0,0,0,0,0,0,0,0,-98,-98,-98,-98,-98,-98,-98,-98,-98
3764,0,0,0,0,0,0,0,0,0,0,0,0,1,-98,-98,-98,-98,-98,-98,-98,-98,-98
3765,1,0,1,0,1,1,0,0,0,0,0,0,0,-98,-98,-98,-98,-98,-98,-98,-98,-98
3766,0,0,0,0,0,0,0,0,1,0,0,0,1,0,0,0,0,0,0,0,1,0
3767,0,0,0,0,0,-98,0,0,0,0,0,0,0,-98,-98,-98,-98,-98,-98,-98,-98,-98
3768,0,1,1,0,0,-98,0,0,0,0,0,0,0,-98,-98,-98,-98,-98,-98,-98,-98,-98
3769,0,0,-98,-98,-98,0,-98,-98,0,0,1,1,0,-98,-98,-98,-98,-98,-98,-98,-98,-98
3770,0,1,0,0,0,-98,-98,-98,0,0,0,0,0,-98,-98,-98,-98,-98,-98,-98,-98,-98
3771,0,0,0,0,0,-98,-98,-98,0,0,1,0,0,0,0,0,0,0,0,0,0,1
3772,0,1,0,0,0,-98,0,0,0,0,0,0,0,-98,-98,-98,-98,-98,-98,-98,-98,-98
3773,0,0,1,0,0,0,0,0,0,0,1,1,0,-98,-98,-98,-98,-98,-98,-98,-98,-98
3774,0,1,1,1,0,0,0,0,1,1,0,0,0,0,0,0,0,0,0,0,0,0
3775,-98,-98,-98,-98,-98,-98,-98,-98,-98,-98,0,0,0,0,0,0,0,0,0,0,1,0
3776,1,1,0,0,0,0,0,0,0,0,0,0,0,-98,-98,-98,-98,-98,-98,-98,-98,-98
3777,1,1,1,1,0,1,0,0,1,0,0,0,0,-98,-98,-98,-98,-98,-98,-98,-98,-98
3778,1,0,1,0,0,-98,0,0,1,0,0,0,0,-98,-98,-98,-98,-98,-98,-98,-98,-98
3779,1,0,0,0,0,0,0,0,0,0,0,0,0,-98,-98,-98,-98,-98,-98,-98,-98,-98
3780,1,1,0,0,-98,0,0,0,0,0,0,0,0,-98,-98,-98,-98,-98,-98,-98,-98,-98
3781,0,0,0,0,-98,0,0,0,0,0,0,0,0,-98,-98,-98,-98,-98,-98,-98,-98,-98
3782,0,-98,0,0,-98,-98,0,0,0,0,0,0,0,0,0,0,0,0,0,0,0,0
3783,0,0,0,0,0,1,0,0,0,0,0,0,0,-98,-98,-98,-98,-98,-98,-98,-98,-98
3784,0,0,0,0,0,0,0,0,0,0,1,0,0,0,0,0,0,0,0,0,0,0
3785,0,0,0,0,0,0,0,0,1,1,0,0,0,-98,-98,-98,-98,-98,-98,-98,-98,-98
3786,0,-98,-98,-98,-98,0,-98,-98,0,0,1,0,0,-98,-98,-98,-98,-98,-98,-98,-98,-98
3787,0,0,1,0,0,0,0,0,1,0,0,0,1,-98,-98,-98,-98,-98,-98,-98,-98,-98
3788,-98,-98,-98,-98,-98,-98,0,0,1,0,0,1,0,-98,-98,-98,-98,-98,-98,-98,-98,-98
3789,0,0,0,0,0,0,0,0,0,0,0,0,0,0,0,0,0,0,0,0,1,0
3790,1,0,0,0,0,1,0,0,1,0,0,0,0,-98,-98,-98,-98,-98,-98,-98,-98,-98
3791,0,0,0,0,0,0,0,0,1,0,1,1,0,0,0,0,0,0,0,0,0,0
3792,0,1,0,0,0,0,0,0,0,0,0,0,1,-98,-98,-98,-98,-98,-98,-98,-98,-98
3793,0,1,1,0,0,1,0,0,0,0,0,0,0,-98,-98,-98,-98,-98,-98,-98,-98,-98
3794,0,-98,-98,-98,-98,-98,0,0,0,0,0,0,0,-98,-98,-98,-98,-98,-98,-98,-98,-98
3795,0,0,0,0,0,-98,0,0,0,0,0,0,0,0,0,0,0,0,0,0,0,0
3796,0,0,0,0,0,1,0,0,1,0,1,0,0,-98,-98,-98,-98,-98,-98,-98,-98,-98
3797,1,1,0,0,0,1,0,0,1,0,0,0,0,-98,-98,-98,-98,-98,-98,-98,-98,-98
3798,0,0,0,0,0,0,0,0,0,0,1,0,0,-98,-98,-98,-98,-98,-98,-98,-98,-98
3799,0,0,0,0,0,0,0,0,0,0,0,0,1,-98,-98,-98,-98,-98,-98,-98,-98,-98
3800,0,0,0,0,0,-98,0,0,1,0,1,0,0,0,0,0,0,0,0,0,1,0
3801,0,-98,-98,-98,-98,-98,-98,-98,0,0,1,1,0,-98,-98,-98,-98,-98,-98,-98,-98,-98
3802,0,0,0,0,-98,-98,0,0,0,0,0,0,0,0,0,0,0,0,0,0,1,0
3803,1,0,0,0,0,0,0,0,1,0,0,0,0,-98,-98,-98,-98,-98,-98,-98,-98,-98
3804,0,-98,-98,-98,0,-98,0,0,0,0,0,0,0,-98,-98,-98,-98,-98,-98,-98,-98,-98
3805,1,0,0,0,0,0,0,0,0,0,1,1,0,-98,-98,-98,-98,-98,-98,-98,-98,-98
3806,0,0,0,0,0,1,1,1,1,1,0,0,1,-98,-98,-98,-98,-98,-98,-98,-98,-98
3807,0,0,1,0,0,0,0,0,0,0,0,1,0,-98,-98,-98,-98,-98,-98,-98,-98,-98
3808,-98,-98,-98,-98,-98,-98,-98,-98,0,0,-98,-98,-98,0,0,0,0,0,0,0,1,0
3809,0,0,0,0,0,0,0,0,0,0,0,0,0,-98,-98,-98,-98,-98,-98,-98,-98,-98
3810,-98,-98,-98,-98,-98,-98,-98,-98,0,0,1,1,0,-98,-98,-98,-98,-98,-98,-98,-98,-98
3811,0,0,0,0,0,-98,0,0,-98,-98,0,0,0,0,0,0,0,0,0,0,0,0
3812,0,1,1,0,1,-98,0,0,0,0,0,0,1,-98,-98,-98,-98,-98,-98,-98,-98,-98
3813,0,1,0,0,0,1,0,0,0,0,0,0,0,-98,-98,-98,-98,-98,-98,-98,-98,-98
3814,1,0,0,0,0,0,0,0,1,0,0,0,0,0,0,0,0,0,0,0,0,0
3815,-98,-98,-98,-98,-98,-98,-98,-98,0,0,-98,-98,0,0,0,0,0,0,0,0,0,0
3816,0,0,0,0,-98,-98,0,0,0,0,0,0,1,0,0,0,0,0,0,0,0,0
3817,0,0,0,0,0,-98,0,0,0,0,0,0,0,-98,-98,-98,-98,-98,-98,-98,-98,-98
3818,1,0,0,0,0,1,0,0,0,0,0,0,0,0,0,0,0,0,0,0,0,0
3819,1,1,1,1,0,-98,0,0,1,0,0,0,1,-98,-98,-98,-98,-98,-98,-98,-98,-98
3820,0,0,0,0,0,0,0,0,0,0,0,0,0,-98,-98,-98,-98,-98,-98,-98,-98,-98
3821,0,0,0,0,0,0,0,0,0,0,1,0,0,0,0,0,0,0,0,0,0,0
3822,0,0,0,0,0,-98,-98,-98,0,0,0,0,0,0,0,0,0,0,0,0,0,0
3823,0,0,0,0,-98,-98,-98,-98,1,0,0,0,0,-98,-98,-98,-98,-98,-98,-98,-98,-98
3824,0,0,0,0,-98,1,0,0,0,0,1,1,0,0,0,0,0,0,0,0,0,0
3825,0,0,0,0,0,-98,0,0,0,0,0,0,0,0,0,0,0,0,0,0,0,0
3826,-98,0,0,0,-98,-98,0,0,0,0,0,0,0,-98,-98,-98,-98,-98,-98,-98,-98,-98
3827,1,0,0,0,-98,-98,0,0,1,1,1,1,1,0,0,0,0,1,0,0,0,0
3828,0,1,0,1,0,-98,0,0,0,0,0,0,0,-98,-98,-98,-98,-98,-98,-98,-98,-98
3829,-98,-98,-98,-98,-98,-98,-98,-98,-98,-98,1,1,-98,0,0,0,0,0,0,0,0,0
3830,0,0,0,0,0,-98,0,0,1,0,1,1,0,-98,-98,-98,-98,-98,-98,-98,-98,-98
3831,0,0,0,0,0,0,-98,-98,0,0,0,0,0,-98,-98,-98,-98,-98,-98,-98,-98,-98
3832,1,1,1,0,0,0,0,0,0,0,0,0,0,0,0,0,0,0,0,0,0,0
3833,0,0,0,0,0,0,0,0,0,0,0,0,0,-98,-98,-98,-98,-98,-98,-98,-98,-98
3834,0,-98,0,0,-98,-98,0,0,0,0,0,0,1,-98,-98,-98,-98,-98,-98,-98,-98,-98
3835,1,0,0,0,0,1,-98,-98,0,0,0,0,0,-98,-98,-98,-98,-98,-98,-98,-98,-98
3836,0,0,0,0,0,0,0,0,0,0,0,0,0,-98,-98,-98,-98,-98,-98,-98,-98,-98
3837,0,-98,0,0,-98,-98,0,0,0,0,0,0,0,-98,-98,-98,-98,-98,-98,-98,-98,-98
3838,1,0,1,0,0,0,0,0,1,0,1,1,0,-98,-98,-98,-98,-98,-98,-98,-98,-98
3839,0,0,1,0,0,1,0,0,1,0,1,1,0,-98,-98,-98,-98,-98,-98,-98,-98,-98
3840,1,0,0,0,0,1,0,0,0,0,1,1,0,-98,-98,-98,-98,-98,-98,-98,-98,-98
3841,0,0,0,0,-98,-98,0,0,0,0,0,0,1,-98,-98,-98,-98,-98,-98,-98,-98,-98
3842,0,0,1,0,0,1,0,0,1,0,0,0,0,-98,-98,-98,-98,-98,-98,-98,-98,-98
3843,0,0,0,0,-98,0,0,0,0,0,1,0,0,-98,-98,-98,-98,-98,-98,-98,-98,-98
3844,0,0,-98,-98,0,1,0,0,0,0,0,0,1,-98,-98,-98,-98,-98,-98,-98,-98,-98
3845,0,0,0,0,0,-98,0,0,0,0,0,0,0,-98,-98,-98,-98,-98,-98,-98,-98,-98
3846,0,0,0,0,0,-98,0,0,0,0,0,0,1,0,0,0,0,0,0,0,0,1
3847,0,0,1,0,0,0,0,0,1,0,0,0,0,-98,-98,-98,-98,-98,-98,-98,-98,-98
3848,0,0,0,0,0,0,0,0,1,0,0,0,0,-98,-98,-98,-98,-98,-98,-98,-98,-98
3849,0,0,0,0,0,-98,-98,-98,1,0,0,0,0,-98,-98,-98,-98,-98,-98,-98,-98,-98
3850,0,0,0,0,0,1,0,0,1,0,0,0,0,-98,-98,-98,-98,-98,-98,-98,-98,-98
3851,1,0,0,0,0,-98,0,0,0,0,0,0,0,-98,-98,-98,-98,-98,-98,-98,-98,-98
3852,0,0,0,0,-98,0,0,0,0,0,0,0,1,-98,-98,-98,-98,-98,-98,-98,-98,-98
3853,0,0,0,0,0,-98,0,0,1,0,0,0,0,-98,-98,-98,-98,-98,-98,-98,-98,-98
3854,0,0,0,0,0,-98,0,0,1,0,0,0,0,-98,-98,-98,-98,-98,-98,-98,-98,-98
3855,0,0,1,0,0,1,0,0,0,0,0,0,0,-98,-98,-98,-98,-98,-98,-98,-98,-98
3856,0,-98,0,0,0,-98,0,0,0,0,1,1,0,0,0,0,0,0,0,0,0,1
3857,-98,0,0,0,-98,-98,1,1,0,0,-98,-98,0,0,0,0,0,0,0,0,1,0
3858,1,0,0,0,0,-98,0,0,1,0,0,0,0,-98,-98,-98,-98,-98,-98,-98,-98,-98
3859,1,0,0,0,0,-98,0,0,1,0,1,1,1,0,0,0,0,0,0,0,1,0
3860,0,0,0,0,0,0,0,0,1,0,1,1,1,0,0,0,0,0,0,0,0,0
3861,1,0,0,0,0,0,0,0,1,1,0,0,0,-98,-98,-98,-98,-98,-98,-98,-98,-98
3862,1,0,0,0,0,1,0,0,0,0,0,0,0,-98,-98,-98,-98,-98,-98,-98,-98,-98
3863,0,0,0,0,0,0,0,0,0,0,0,1,0,-98,-98,-98,-98,-98,-98,-98,-98,-98
3864,0,0,-98,-98,-98,1,0,0,0,0,0,0,0,-98,-98,-98,-98,-98,-98,-98,-98,-98
3865,0,0,0,0,0,0,0,0,1,1,1,1,0,-98,-98,-98,-98,-98,-98,-98,-98,-98
3866,0,0,0,0,0,0,0,0,1,0,1,1,0,0,0,0,0,1,0,0,0,0
3867,1,0,0,0,0,0,0,0,0,0,0,0,1,-98,-98,-98,-98,-98,-98,-98,-98,-98
3868,0,0,0,0,0,-98,-98,-98,0,0,0,0,0,-98,-98,-98,-98,-98,-98,-98,-98,-98
3869,0,-98,0,0,-98,-98,0,0,0,0,0,0,0,-98,-98,-98,-98,-98,-98,-98,-98,-98
3870,0,0,0,0,-98,0,1,1,0,0,0,0,1,-98,-98,-98,-98,-98,-98,-98,-98,-98
3871,1,0,0,0,0,0,0,0,1,1,0,0,1,-98,-98,-98,-98,-98,-98,-98,-98,-98
3872,0,0,0,0,-98,-98,0,0,0,0,1,1,1,-98,-98,-98,-98,-98,-98,-98,-98,-98
3873,0,0,0,0,0,0,0,0,1,0,1,1,0,-98,-98,-98,-98,-98,-98,-98,-98,-98
3874,0,-98,0,0,-98,-98,-98,-98,0,0,0,0,0,-98,-98,-98,-98,-98,-98,-98,-98,-98
3875,0,0,0,0,0,0,0,0,0,0,1,1,0,-98,-98,-98,-98,-98,-98,-98,-98,-98
3876,0,0,0,0,0,0,0,0,0,0,0,1,0,-98,-98,-98,-98,-98,-98,-98,-98,-98
3877,1,1,0,0,0,0,0,0,0,0,1,1,0,-98,-98,-98,-98,-98,-98,-98,-98,-98
3878,-98,-98,-98,-98,-98,-98,0,0,0,0,1,0,0,-98,-98,-98,-98,-98,-98,-98,-98,-98
3879,0,0,0,0,-98,-98,0,0,0,0,0,0,0,-98,-98,-98,-98,-98,-98,-98,-98,-98
3880,0,0,0,0,-98,-98,0,0,0,0,0,0,0,-98,-98,-98,-98,-98,-98,-98,-98,-98
3881,-98,-98,0,0,-98,-98,0,0,0,0,0,0,0,-98,-98,-98,-98,-98,-98,-98,-98,-98
3882,0,0,0,0,0,0,0,0,1,0,0,0,0,0,0,0,0,0,0,0,0,0
3883,0,0,0,0,0,-98,0,0,0,0,0,0,1,-98,-98,-98,-98,-98,-98,-98,-98,-98
3884,1,0,0,0,0,1,0,0,1,1,0,0,1,-98,-98,-98,-98,-98,-98,-98,-98,-98
3885,1,0,1,1,0,1,0,0,1,1,0,0,1,-98,-98,-98,-98,-98,-98,-98,-98,-98
3886,0,0,1,1,0,0,0,0,1,0,1,1,0,-98,-98,-98,-98,-98,-98,-98,-98,-98
3887,0,0,0,0,-98,0,0,0,0,0,0,0,0,-98,-98,-98,-98,-98,-98,-98,-98,-98
3888,1,0,0,0,0,0,0,0,1,0,0,0,0,-98,-98,-98,-98,-98,-98,-98,-98,-98
3889,0,0,1,0,0,0,0,0,0,0,0,0,0,-98,-98,-98,-98,-98,-98,-98,-98,-98
3890,-98,0,0,0,-98,-98,0,0,0,0,0,0,0,-98,-98,-98,-98,-98,-98,-98,-98,-98
3891,-98,-98,0,0,0,-98,-98,-98,0,0,0,0,0,-98,-98,-98,-98,-98,-98,-98,-98,-98
3892,0,0,0,0,0,0,0,0,0,0,0,0,0,-98,-98,-98,-98,-98,-98,-98,-98,-98
3893,0,1,0,0,0,-98,-98,-98,0,0,0,0,0,-98,-98,-98,-98,-98,-98,-98,-98,-98
3894,0,-98,0,0,-98,0,0,0,0,0,1,1,0,0,0,0,0,0,0,0,1,0
3895,-98,-98,-98,-98,-98,0,-98,-98,-98,-98,-98,-98,0,0,0,0,0,0,0,0,0,0
3896,0,0,0,0,0,0,0,0,0,0,0,0,0,-98,-98,-98,-98,-98,-98,-98,-98,-98
3897,0,0,1,0,0,1,0,0,1,0,1,0,1,-98,-98,-98,-98,-98,-98,-98,-98,-98
3898,0,0,1,1,0,1,0,0,1,0,0,0,0,-98,-98,-98,-98,-98,-98,-98,-98,-98
3899,1,1,1,1,0,1,0,0,1,0,1,1,0,-98,-98,-98,-98,-98,-98,-98,-98,-98
3900,0,0,0,0,0,-98,1,1,1,0,0,0,0,-98,-98,-98,-98,-98,-98,-98,-98,-98
3901,0,0,0,0,0,-98,0,0,1,0,0,0,0,-98,-98,-98,-98,-98,-98,-98,-98,-98
3902,-98,0,-98,-98,-98,0,0,0,1,0,0,0,0,-98,-98,-98,-98,-98,-98,-98,-98,-98
3903,0,0,0,0,0,0,0,0,1,0,1,1,0,0,0,0,0,0,0,0,0,0
3904,0,1,1,0,-97,-98,0,0,0,0,0,0,0,-98,-98,-98,-98,-98,-98,-98,-98,-98
3905,0,0,0,0,0,-98,0,0,0,0,0,0,0,-98,-98,-98,-98,-98,-98,-98,-98,-98
3906,0,0,0,0,0,-98,0,0,1,0,1,0,0,-98,-98,-98,-98,-98,-98,-98,-98,-98
3907,0,0,0,0,0,-98,0,0,0,0,1,1,0,0,0,0,1,0,0,0,1,0
3908,1,0,0,0,0,0,0,0,0,0,0,0,1,-98,-98,-98,-98,-98,-98,-98,-98,-98
3909,-98,-98,-98,-98,-98,-98,0,0,1,0,0,0,0,-98,-98,-98,-98,-98,-98,-98,-98,-98
3910,1,0,0,0,0,1,0,0,-99,-99,0,0,0,-98,-98,-98,-98,-98,-98,-98,-98,-98
3911,1,1,1,0,0,1,0,0,0,0,0,0,0,-98,-98,-98,-98,-98,-98,-98,-98,-98
3912,0,0,0,0,0,0,0,0,1,1,0,0,1,0,0,0,0,0,0,0,1,0
3913,0,0,0,0,0,-98,-98,-98,0,0,0,0,1,-98,-98,-98,-98,-98,-98,-98,-98,-98
3914,0,0,0,0,0,0,0,0,0,0,1,1,0,-98,-98,-98,-98,-98,-98,-98,-98,-98
3915,0,0,0,0,-98,-98,0,0,0,0,1,0,0,0,0,0,0,0,0,0,0,0
3916,0,0,0,0,0,-98,0,0,0,0,0,0,1,-98,-98,-98,-98,-98,-98,-98,-98,-98
3917,1,1,0,0,0,0,0,0,0,0,0,0,0,-98,-98,-98,-98,-98,-98,-98,-98,-98
3918,0,0,0,0,-98,0,0,0,0,0,0,0,0,0,0,0,0,0,0,0,0,0
3919,-98,0,0,0,-98,-98,0,0,1,0,1,1,0,-98,-98,-98,-98,-98,-98,-98,-98,-98
3920,0,0,0,0,-98,-98,-98,-98,0,0,0,0,0,0,0,0,0,0,0,0,1,0
3921,0,0,0,0,0,0,0,0,1,0,0,0,1,-98,-98,-98,-98,-98,-98,-98,-98,-98
3922,1,1,0,0,0,1,0,0,0,0,0,0,0,-98,-98,-98,-98,-98,-98,-98,-98,-98
3923,0,0,0,0,0,0,0,0,0,0,0,0,0,-98,-98,-98,-98,-98,-98,-98,-98,-98
3924,0,0,1,0,0,-98,1,1,1,0,0,0,0,-98,-98,-98,-98,-98,-98,-98,-98,-98
3925,1,1,1,0,1,0,1,1,0,0,1,1,0,0,0,1,0,1,0,0,1,0
3926,0,0,0,0,0,-98,0,0,1,0,1,0,0,-98,-98,-98,-98,-98,-98,-98,-98,-98
3927,0,0,0,0,0,0,-98,-98,0,0,0,0,0,-98,-98,-98,-98,-98,-98,-98,-98,-98
3928,-98,-98,-98,-98,-98,-98,0,0,1,1,0,0,0,-98,-98,-98,-98,-98,-98,-98,-98,-98
3929,0,0,0,0,0,1,0,0,0,0,1,1,0,-98,-98,-98,-98,-98,-98,-98,-98,-98
3930,0,0,0,0,0,-98,0,0,1,0,0,0,0,-98,-98,-98,-98,-98,-98,-98,-98,-98
3931,-98,0,0,0,-98,-98,0,0,0,0,0,0,0,0,0,0,0,0,0,0,1,1
3932,1,1,1,0,0,-98,0,0,0,0,0,0,1,-98,-98,-98,-98,-98,-98,-98,-98,-98
3933,1,0,0,0,0,1,0,0,1,0,0,0,1,-98,-98,-98,-98,-98,-98,-98,-98,-98
3934,0,0,0,0,0,-98,1,1,1,0,0,0,0,-98,-98,-98,-98,-98,-98,-98,-98,-98
3935,1,0,0,0,0,0,0,0,1,0,0,0,0,-98,-98,-98,-98,-98,-98,-98,-98,-98
3936,1,0,0,0,0,-98,0,0,1,1,0,0,0,0,0,0,0,0,0,0,0,0
3937,-98,-98,-98,-98,-98,0,0,0,0,0,0,0,0,-98,-98,-98,-98,-98,-98,-98,-98,-98
3938,0,0,0,0,0,-98,0,0,0,0,0,0,0,-98,-98,-98,-98,-98,-98,-98,-98,-98
3939,1,1,0,0,0,1,-98,-98,0,0,0,0,0,-98,-98,-98,-98,-98,-98,-98,-98,-98
3940,1,0,1,0,0,-98,0,0,1,0,1,1,1,-98,-98,-98,-98,-98,-98,-98,-98,-98
3941,1,0,0,0,0,0,0,0,0,0,0,0,0,-98,-98,-98,-98,-98,-98,-98,-98,-98
3942,1,0,0,0,0,0,0,0,1,0,0,0,0,0,0,0,0,0,0,0,0,0
3943,0,0,0,0,0,0,0,0,0,0,0,0,1,-98,-98,-98,-98,-98,-98,-98,-98,-98
3944,1,0,0,0,0,0,0,0,0,0,1,1,1,-98,-98,-98,-98,-98,-98,-98,-98,-98
3945,0,0,0,0,0,1,0,0,0,0,0,0,0,-98,-98,-98,-98,-98,-98,-98,-98,-98
3946,0,0,1,0,0,-98,0,0,0,0,0,0,1,-98,-98,-98,-98,-98,-98,-98,-98,-98
3947,0,0,0,0,-98,0,0,0,0,0,0,0,0,-97,-97,-97,-97,-97,-97,-97,-97,-97
3948,0,0,0,0,0,0,0,0,0,0,0,0,0,-98,-98,-98,-98,-98,-98,-98,-98,-98
3949,0,-98,0,0,0,0,0,0,0,0,0,0,0,-98,-98,-98,-98,-98,-98,-98,-98,-98
3950,0,0,0,0,-98,0,0,0,1,0,0,0,0,0,0,0,0,0,0,0,0,0
3951,0,0,0,0,0,-98,0,0,0,0,0,0,0,-98,-98,-98,-98,-98,-98,-98,-98,-98
3952,0,0,0,0,-98,0,0,0,0,0,-98,-98,0,-98,-98,-98,-98,-98,-98,-98,-98,-98
3953,0,0,0,0,0,-98,0,0,0,0,0,0,0,0,0,0,0,0,0,0,0,0
3954,0,0,0,0,0,0,0,0,0,0,0,0,1,-98,-98,-98,-98,-98,-98,-98,-98,-98
3955,0,1,0,0,0,0,0,0,0,0,0,0,0,-98,-98,-98,-98,-98,-98,-98,-98,-98
3956,0,0,1,0,0,-98,0,0,1,1,0,0,0,0,0,0,0,0,0,0,0,0
3957,0,0,0,0,0,-98,0,0,1,1,0,0,0,0,0,0,0,0,0,0,0,0
3958,0,0,1,0,0,0,0,0,0,0,0,0,1,0,0,0,0,0,0,0,0,0
3959,0,0,0,0,0,0,0,0,0,0,0,0,0,-98,-98,-98,-98,-98,-98,-98,-98,-98
3960,1,0,0,0,0,0,0,0,1,0,0,0,1,0,0,0,1,0,0,0,1,0
3961,1,0,0,0,0,0,0,0,0,0,1,1,0,-98,-98,-98,-98,-98,-98,-98,-98,-98
3962,1,1,1,0,0,1,0,0,0,0,0,0,0,-98,-98,-98,-98,-98,-98,-98,-98,-98
3963,1,0,0,0,0,1,0,0,0,0,0,0,0,-98,-98,-98,-98,-98,-98,-98,-98,-98
3964,1,0,1,0,0,0,0,0,0,0,1,1,0,0,0,0,0,0,0,0,0,0
3965,0,0,0,0,0,0,0,0,0,0,1,1,0,-98,-98,-98,-98,-98,-98,-98,-98,-98
3966,1,0,0,0,0,1,-98,-98,0,0,0,0,1,-98,-98,-98,-98,-98,-98,-98,-98,-98
3967,0,0,0,0,0,0,0,0,0,0,0,0,0,-98,-98,-98,-98,-98,-98,-98,-98,-98
3968,0,0,0,0,0,0,0,0,1,0,0,0,0,-98,-98,-98,-98,-98,-98,-98,-98,-98
3969,0,0,0,0,0,1,0,0,0,0,1,1,0,-98,-98,-98,-98,-98,-98,-98,-98,-98
3970,0,1,0,0,0,0,0,0,0,0,1,0,0,-98,-98,-98,-98,-98,-98,-98,-98,-98
3971,0,0,0,0,-98,0,0,0,0,0,0,0,0,-98,-98,-98,-98,-98,-98,-98,-98,-98
3972,0,0,0,0,0,-98,0,0,1,0,0,0,0,-98,-98,-98,-98,-98,-98,-98,-98,-98
3973,0,-98,0,0,0,0,0,0,0,0,0,0,0,-98,-98,-98,-98,-98,-98,-98,-98,-98
3974,1,0,1,1,-98,0,0,0,0,0,0,0,0,0,0,0,0,0,0,0,0,0
3975,0,0,0,0,-98,1,0,0,1,1,0,0,0,-98,-98,-98,-98,-98,-98,-98,-98,-98
3976,1,1,0,1,0,0,0,0,0,0,0,0,1,-98,-98,-98,-98,-98,-98,-98,-98,-98
3977,0,0,0,0,0,0,-98,-98,0,0,0,0,1,-98,-98,-98,-98,-98,-98,-98,-98,-98
3978,0,0,0,0,0,-98,0,0,1,0,1,1,0,0,0,0,0,0,0,0,0,0
3979,1,0,0,0,0,-98,0,0,0,0,0,0,0,-98,-98,-98,-98,-98,-98,-98,-98,-98
3980,-98,-98,0,0,-98,0,-98,-98,0,0,-98,-98,0,-98,-98,-98,-98,-98,-98,-98,-98,-98
3981,0,-98,0,0,-98,0,0,0,0,0,0,0,1,-98,-98,-98,-98,-98,-98,-98,-98,-98
3982,0,0,0,0,0,0,0,0,1,1,0,1,1,0,0,0,1,0,0,0,1,0
3983,0,0,0,0,-98,-98,0,0,0,0,0,0,0,0,0,0,0,0,0,0,0,0
3984,0,0,0,0,0,0,0,0,1,0,0,0,0,0,0,0,0,0,0,0,0,0
3985,0,0,0,0,0,0,0,0,0,0,0,0,0,-98,-98,-98,-98,-98,-98,-98,-98,-98
3986,0,0,0,0,0,-98,0,0,1,0,0,0,1,-98,-98,-98,-98,-98,-98,-98,-98,-98
3987,0,0,0,0,0,-98,-98,-98,0,0,0,0,0,-98,-98,-98,-98,-98,-98,-98,-98,-98
3988,0,0,0,0,0,-98,0,0,0,0,0,0,0,-98,-98,-98,-98,-98,-98,-98,-98,-98
3989,0,1,0,0,0,1,0,0,0,0,0,0,1,-98,-98,-98,-98,-98,-98,-98,-98,-98
3990,-98,-98,0,0,0,-98,0,0,0,0,1,0,0,-99,-99,-99,-99,-99,-99,-99,-99,-99
3991,-98,-98,-98,-98,0,-98,0,0,-98,-98,0,0,0,0,0,0,0,0,0,0,1,1
3992,1,1,0,0,0,1,0,0,1,0,1,0,0,-98,-98,-98,-98,-98,-98,-98,-98,-98
3993,0,0,0,0,0,-98,0,0,1,0,1,0,0,0,0,0,0,0,0,0,0,0
3994,0,0,0,0,-98,1,-98,-98,0,0,0,0,0,-98,-98,-98,-98,-98,-98,-98,-98,-98
3995,0,0,0,0,0,-98,0,0,0,0,0,0,0,-98,-98,-98,-98,-98,-98,-98,-98,-98
3996,-98,-98,-98,-98,-98,-98,0,0,0,0,0,0,0,-98,-98,-98,-98,-98,-98,-98,-98,-98
3997,0,0,0,0,0,0,0,0,0,0,0,1,0,-98,-98,-98,-98,-98,-98,-98,-98,-98
3998,1,0,0,0,0,-98,0,0,0,0,1,0,0,-98,-98,-98,-98,-98,-98,-98,-98,-98
3999,0,0,0,0,0,-98,0,0,1,0,0,0,1,-98,-98,-98,-98,-98,-98,-98,-98,-98
4000,1,0,1,1,-98,1,0,0,0,0,-98,-98,0,-98,-98,-98,-98,-98,-98,-98,-98,-98
4001,-98,0,0,0,-98,0,0,0,0,0,0,0,1,-98,-98,-98,-98,-98,-98,-98,-98,-98
4002,0,0,0,0,0,-98,0,0,0,0,0,0,0,-98,-98,-98,-98,-98,-98,-98,-98,-98
4003,0,0,0,0,0,0,-98,-98,0,0,0,0,0,0,0,0,0,0,0,0,1,0
4004,1,0,0,0,0,0,0,0,0,0,0,0,0,-98,-98,-98,-98,-98,-98,-98,-98,-98
4005,0,0,0,0,-98,-98,0,0,0,0,0,0,0,0,0,0,0,0,0,0,0,0
4006,-98,-98,-98,-98,-98,-98,0,0,0,0,0,0,-98,0,0,0,0,0,0,0,0,0
4007,0,0,0,0,0,0,0,0,1,1,0,0,1,0,0,0,0,0,0,0,0,0
4008,0,0,0,0,0,0,0,0,0,0,0,0,0,-98,-98,-98,-98,-98,-98,-98,-98,-98
4009,0,0,0,0,-98,0,0,0,0,0,0,0,1,-98,-98,-98,-98,-98,-98,-98,-98,-98
4010,0,0,0,0,0,0,0,0,0,0,-98,-98,0,-98,-98,-98,-98,-98,-98,-98,-98,-98
4011,0,0,0,0,-98,-98,0,0,0,0,0,0,0,-98,-98,-98,-98,-98,-98,-98,-98,-98
4012,0,0,0,0,0,0,0,0,0,0,0,0,0,0,0,0,0,0,0,0,0,0
4013,0,0,0,0,0,0,0,0,0,0,0,0,0,-98,-98,-98,-98,-98,-98,-98,-98,-98
4014,0,0,1,0,0,0,0,0,0,0,1,0,0,-98,-98,-98,-98,-98,-98,-98,-98,-98
4015,1,0,0,0,0,0,0,0,1,0,0,0,0,0,0,0,0,0,0,0,0,0
4016,0,0,0,0,-98,0,-98,-98,1,0,0,0,0,0,0,0,1,0,0,0,0,0
4017,1,0,0,0,-98,0,0,0,1,0,1,0,0,-98,-98,-98,-98,-98,-98,-98,-98,-98
4018,1,0,1,1,0,1,0,0,0,0,0,0,0,-98,-98,-98,-98,-98,-98,-98,-98,-98
4019,0,0,0,0,0,0,0,1,0,0,0,0,0,-98,-98,-98,-98,-98,-98,-98,-98,-98
4020,0,1,1,0,0,-98,0,0,0,0,0,0,0,-98,-98,-98,-98,-98,-98,-98,-98,-98
4021,0,0,1,0,0,-98,0,0,1,0,0,1,0,0,0,0,0,1,0,0,0,0
4022,1,0,0,0,-98,-98,1,1,0,0,0,0,0,-98,-98,-98,-98,-98,-98,-98,-98,-98
4023,0,0,0,0,0,1,0,0,0,0,0,0,0,-98,-98,-98,-98,-98,-98,-98,-98,-98
4024,0,0,0,0,-98,0,0,0,0,0,0,0,1,-98,-98,-98,-98,-98,-98,-98,-98,-98
4025,0,0,0,0,0,-98,0,0,0,0,0,0,0,-98,-98,-98,-98,-98,-98,-98,-98,-98
4026,-98,-98,0,0,-98,-98,0,0,0,0,0,0,0,-98,-98,-98,-98,-98,-98,-98,-98,-98
4027,0,0,0,0,0,-98,0,0,0,0,0,0,0,-98,-98,-98,-98,-98,-98,-98,-98,-98
4028,0,0,0,0,0,0,0,0,0,0,0,0,0,0,0,0,0,0,0,0,0,0
4029,0,0,0,0,0,0,0,0,0,0,0,0,0,-98,-98,-98,-98,-98,-98,-98,-98,-98
4030,0,0,0,0,0,0,0,0,0,0,0,0,0,-98,-98,-98,-98,-98,-98,-98,-98,-98
4031,0,0,0,0,-98,-98,-98,-98,1,0,1,0,0,0,0,0,0,0,0,0,0,0
4032,0,0,0,0,0,0,0,0,0,0,0,0,0,-98,-98,-98,-98,-98,-98,-98,-98,-98
4033,-98,-98,-98,-98,-98,-98,0,0,0,0,0,0,1,-98,-98,-98,-98,-98,-98,-98,-98,-98
4034,1,0,1,0,0,0,0,0,0,0,0,0,0,-98,-98,-98,-98,-98,-98,-98,-98,-98
4035,1,1,1,1,0,0,0,0,1,0,1,1,0,-98,-98,-98,-98,-98,-98,-98,-98,-98
4036,0,1,0,0,0,1,0,0,1,1,1,1,1,-98,-98,-98,-98,-98,-98,-98,-98,-98
4037,1,1,1,0,0,0,0,0,1,0,0,0,0,-98,-98,-98,-98,-98,-98,-98,-98,-98
4038,0,0,1,0,0,0,0,0,0,0,0,0,1,-98,-98,-98,-98,-98,-98,-98,-98,-98
4039,0,0,0,0,0,-98,0,0,0,0,0,0,0,-98,-98,-98,-98,-98,-98,-98,-98,-98
4040,0,0,0,0,-98,0,0,0,0,0,1,0,1,-98,-98,-98,-98,-98,-98,-98,-98,-98
4041,0,0,0,0,0,-98,0,0,0,0,1,0,0,-98,-98,-98,-98,-98,-98,-98,-98,-98
4042,1,1,1,1,0,0,0,0,0,0,0,0,0,-98,-98,-98,-98,-98,-98,-98,-98,-98
4043,0,0,1,0,0,-98,0,0,-98,-98,1,1,0,-98,-98,-98,-98,-98,-98,-98,-98,-98
4044,0,1,0,1,-98,-98,0,0,0,1,0,0,0,-98,-98,-98,-98,-98,-98,-98,-98,-98
4045,0,-98,-98,-98,-98,-98,-98,-98,0,0,0,0,0,0,0,0,1,0,0,0,1,0
4046,0,0,0,0,0,0,0,0,0,0,0,0,0,0,0,0,0,0,0,0,0,0
4047,1,0,0,0,0,-98,0,0,1,1,1,1,1,-98,-98,-98,-98,-98,-98,-98,-98,-98
4048,0,-98,-97,1,-98,-98,0,0,1,0,0,0,0,0,0,0,1,0,0,0,0,0
4049,0,0,0,0,0,-98,-98,-98,1,0,1,0,0,-99,-99,-99,-99,-99,-99,-99,-99,-99
4050,0,0,0,0,-98,0,0,0,0,0,0,1,0,0,0,0,0,0,0,0,0,0
4051,0,0,0,0,-98,1,0,0,0,0,0,0,0,-98,-98,-98,-98,-98,-98,-98,-98,-98
4052,0,0,0,0,0,-98,0,0,1,0,1,0,0,-98,-98,-98,-98,-98,-98,-98,-98,-98
4053,1,1,0,0,1,1,0,0,0,0,0,0,0,-98,-98,-98,-98,-98,-98,-98,-98,-98
4054,0,0,0,0,-98,0,0,0,0,0,0,0,0,0,0,0,0,0,0,0,0,0
4055,-98,-98,-98,-98,-98,0,-98,-98,1,0,0,0,0,0,0,0,0,0,0,0,1,0
4056,0,0,0,0,0,0,0,0,1,0,0,0,0,-98,-98,-98,-98,-98,-98,-98,-98,-98
4057,0,0,0,0,0,1,0,0,0,0,0,0,0,-98,-98,-98,-98,-98,-98,-98,-98,-98
4058,-98,-98,-98,-98,-98,-98,-98,-98,0,0,-98,-98,1,-98,-98,-98,-98,-98,-98,-98,-98,-98
4059,0,0,0,0,0,0,0,0,0,0,0,0,0,-98,-98,-98,-98,-98,-98,-98,-98,-98
4060,1,0,0,0,0,-98,0,0,0,0,1,0,0,-98,-98,-98,-98,-98,-98,-98,-98,-98
4061,0,0,-98,-98,0,-98,0,0,0,0,0,0,0,-98,-98,-98,-98,-98,-98,-98,-98,-98
4062,1,1,1,1,0,1,0,0,0,0,0,0,0,-98,-98,-98,-98,-98,-98,-98,-98,-98
4063,0,0,0,0,0,0,0,0,1,1,0,0,0,0,0,0,0,0,0,0,1,0
4064,0,0,0,0,0,0,0,0,1,0,0,0,0,-98,-98,-98,-98,-98,-98,-98,-98,-98
4065,0,0,0,0,0,0,0,0,0,0,0,0,1,-98,-98,-98,-98,-98,-98,-98,-98,-98
4066,0,0,0,0,0,0,0,0,0,1,1,1,0,-98,-98,-98,-98,-98,-98,-98,-98,-98
4067,1,1,1,1,0,-98,0,0,0,0,0,0,0,-98,-98,-98,-98,-98,-98,-98,-98,-98
4068,1,0,0,0,-98,-98,-98,-98,0,0,1,1,0,0,0,0,0,1,0,0,0,0
4069,0,0,0,0,0,-98,0,0,0,0,0,0,0,0,0,0,0,0,0,0,0,0
4070,0,0,0,0,0,0,0,0,0,0,1,0,0,-98,-98,-98,-98,-98,-98,-98,-98,-98
4071,0,0,-98,-98,0,0,-98,-98,0,0,0,0,0,-98,-98,-98,-98,-98,-98,-98,-98,-98
4072,0,-98,-98,-98,-98,-98,0,0,1,0,1,1,0,-98,-98,-98,-98,-98,-98,-98,-98,-98
4073,-98,-98,-98,-98,-98,-98,-98,-98,-98,-98,-98,-98,-98,-98,-98,-98,-98,-98,-98,-98,-98,-98
4074,1,0,0,0,0,1,0,0,1,1,1,1,0,-98,-98,-98,-98,-98,-98,-98,-98,-98
4075,1,1,1,1,0,1,0,0,1,0,0,0,0,-98,-98,-98,-98,-98,-98,-98,-98,-98
4076,-98,-98,-98,-98,-98,-98,0,0,-98,-98,-98,-98,0,-98,-98,-98,-98,-98,-98,-98,-98,-98
4077,0,0,1,0,0,-98,0,0,0,0,0,0,0,-98,-98,-98,-98,-98,-98,-98,-98,-98
4078,0,0,1,1,0,0,0,1,0,0,0,0,0,-98,-98,-98,-98,-98,-98,-98,-98,-98
4079,0,0,0,0,0,0,0,0,1,0,0,0,0,-98,-98,-98,-98,-98,-98,-98,-98,-98
4080,1,1,1,0,0,1,0,0,1,0,1,0,0,0,0,0,0,0,0,0,0,0
4081,0,0,0,0,0,0,0,0,1,0,0,0,0,0,0,0,0,0,0,0,0,0
4082,0,-98,0,0,0,-98,0,0,1,0,0,0,0,-98,-98,-98,-98,-98,-98,-98,-98,-98
4083,0,0,0,0,0,-98,0,0,0,0,1,1,0,-98,-98,-98,-98,-98,-98,-98,-98,-98
4084,0,1,0,0,0,0,0,0,1,0,0,0,0,0,0,0,0,0,0,0,0,0
4085,0,1,1,1,0,1,0,0,0,0,0,0,0,-98,-98,-98,-98,-98,-98,-98,-98,-98
4086,0,0,0,0,0,0,0,0,0,0,0,0,0,-98,-98,-98,-98,-98,-98,-98,-98,-98
4087,0,0,0,0,-98,0,0,0,0,0,0,0,0,-98,-98,-98,-98,-98,-98,-98,-98,-98
4088,1,0,1,1,0,-98,0,0,1,1,-98,-98,1,-98,-98,-98,-98,-98,-98,-98,-98,-98
4089,0,0,0,0,0,0,0,0,1,0,0,0,0,-98,-98,-98,-98,-98,-98,-98,-98,-98
4090,0,0,0,0,0,1,0,0,0,0,0,0,0,0,0,0,0,0,0,0,0,0
4091,-98,-98,-98,-98,-98,-98,-98,-98,1,0,-98,-98,-98,-98,-98,-98,-98,-98,-98,-98,-98,-98
4092,-98,0,0,0,0,-98,0,0,1,0,0,0,0,-98,-98,-98,-98,-98,-98,-98,-98,-98
4093,1,0,0,1,0,1,0,0,1,0,0,0,0,-98,-98,-98,-98,-98,-98,-98,-98,-98
4094,0,0,0,0,0,-98,0,0,0,0,0,0,0,-98,-98,-98,-98,-98,-98,-98,-98,-98
4095,1,0,0,0,0,0,0,0,1,0,1,0,0,-98,-98,-98,-98,-98,-98,-98,-98,-98
4096,0,0,0,0,0,-98,0,0,0,0,0,1,1,-98,-98,-98,-98,-98,-98,-98,-98,-98
4097,1,0,0,0,0,0,0,0,0,0,0,0,0,-98,-98,-98,-98,-98,-98,-98,-98,-98
4098,0,0,1,0,0,0,0,0,0,0,0,0,0,-98,-98,-98,-98,-98,-98,-98,-98,-98
4099,0,0,0,0,0,-98,0,0,0,0,0,0,1,-98,-98,-98,-98,-98,-98,-98,-98,-98
4100,0,0,0,0,0,0,0,0,0,0,1,0,0,0,0,0,0,1,0,0,0,0
4101,1,0,0,0,0,1,0,0,1,0,0,0,0,-98,-98,-98,-98,-98,-98,-98,-98,-98
4102,1,0,0,0,0,-98,0,0,0,0,1,0,0,-98,-98,-98,-98,-98,-98,-98,-98,-98
4103,0,0,0,0,-98,-98,0,0,0,0,0,0,0,-98,-98,-98,-98,-98,-98,-98,-98,-98
4104,0,1,0,0,0,1,0,0,0,0,0,0,0,-98,-98,-98,-98,-98,-98,-98,-98,-98
4105,-98,0,0,0,0,-98,0,0,0,0,-98,-98,0,-98,-98,-98,-98,-98,-98,-98,-98,-98
4106,0,0,0,0,0,0,0,0,1,0,1,1,0,-98,-98,-98,-98,-98,-98,-98,-98,-98
4107,0,0,0,0,0,0,0,0,0,0,0,0,0,-98,-98,-98,-98,-98,-98,-98,-98,-98
4108,1,0,0,0,0,1,0,0,0,0,0,0,0,-98,-98,-98,-98,-98,-98,-98,-98,-98
4109,0,0,0,0,0,0,0,0,0,0,0,0,1,-98,-98,-98,-98,-98,-98,-98,-98,-98
4110,1,0,0,0,0,0,0,0,1,1,0,0,0,0,0,0,0,0,0,0,0,0
4111,0,0,1,0,0,1,0,0,1,1,0,0,0,-98,-98,-98,-98,-98,-98,-98,-98,-98
4112,1,0,1,1,0,0,0,0,0,0,0,1,0,-98,-98,-98,-98,-98,-98,-98,-98,-98
4113,0,0,0,0,0,-98,0,0,0,0,0,0,0,-98,-98,-98,-98,-98,-98,-98,-98,-98
4114,1,0,1,1,0,0,0,0,0,0,1,1,0,-98,-98,-98,-98,-98,-98,-98,-98,-98
4115,0,1,0,0,0,0,0,0,1,0,0,0,1,-98,-98,-98,-98,-98,-98,-98,-98,-98
4116,0,0,0,0,0,1,1,1,0,0,0,1,1,-98,-98,-98,-98,-98,-98,-98,-98,-98
4117,1,-98,0,0,0,-98,0,0,1,0,0,0,1,-98,-98,-98,-98,-98,-98,-98,-98,-98
4118,0,-98,-98,-98,-98,-98,0,0,1,0,-98,-98,0,-98,-98,-98,-98,-98,-98,-98,-98,-98
4119,-98,0,0,0,0,1,-98,-98,0,0,0,0,0,-98,-98,-98,-98,-98,-98,-98,-98,-98
4120,0,-98,-98,-98,-98,-98,-98,-98,0,0,-98,-98,0,0,0,0,0,0,0,0,1,0
4121,0,0,1,0,0,1,0,0,1,0,0,0,0,-98,-98,-98,-98,-98,-98,-98,-98,-98
4122,0,0,0,0,0,0,0,0,1,0,1,1,1,0,0,0,0,0,0,0,0,0
4123,1,0,0,0,0,-98,1,1,0,0,0,0,0,0,0,0,0,0,0,0,0,1
4124,0,0,-98,-98,0,0,0,0,1,0,1,0,0,-98,-98,-98,-98,-98,-98,-98,-98,-98
4125,0,0,1,1,0,-98,0,0,0,1,0,0,1,-98,-98,-98,-98,-98,-98,-98,-98,-98
4126,1,1,1,0,0,1,-98,-98,0,0,0,0,0,-98,-98,-98,-98,-98,-98,-98,-98,-98
4127,0,0,0,0,0,-98,-98,-98,1,0,0,0,0,-98,-98,-98,-98,-98,-98,-98,-98,-98
4128,1,-98,-98,-98,-98,1,0,0,1,0,0,0,0,-98,-98,-98,-98,-98,-98,-98,-98,-98
4129,0,-98,-98,-98,-98,-98,-98,-98,0,0,-98,-98,0,-98,-98,-98,-98,-98,-98,-98,-98,-98
4130,0,0,0,0,0,0,0,0,1,0,0,0,0,-98,-98,-98,-98,-98,-98,-98,-98,-98
4131,0,0,0,0,0,0,0,0,0,0,0,0,0,-98,-98,-98,-98,-98,-98,-98,-98,-98
4132,-98,-98,0,0,-98,-98,0,0,0,0,0,0,0,-98,-98,-98,-98,-98,-98,-98,-98,-98
4133,0,1,0,0,0,-98,0,0,0,0,-98,-98,0,-98,-98,-98,-98,-98,-98,-98,-98,-98
4134,0,1,0,0,0,0,0,0,1,0,-98,-98,0,-98,-98,-98,-98,-98,-98,-98,-98,-98
4135,0,0,0,0,0,0,0,0,1,0,0,0,1,-98,-98,-98,-98,-98,-98,-98,-98,-98
4136,-98,-98,0,0,0,1,0,0,1,0,0,0,1,-98,-98,-98,-98,-98,-98,-98,-98,-98
4137,1,0,1,1,0,0,0,0,0,0,0,0,0,-98,-98,-98,-98,-98,-98,-98,-98,-98
4138,0,0,0,0,0,-98,0,0,0,0,0,0,0,-98,-98,-98,-98,-98,-98,-98,-98,-98
4139,0,0,0,0,-98,0,0,0,0,0,0,0,0,-98,-98,-98,-98,-98,-98,-98,-98,-98
4140,0,1,0,0,0,1,0,0,1,0,0,0,0,-98,-98,-98,-98,-98,-98,-98,-98,-98
4141,0,0,1,0,0,1,1,1,0,0,0,0,0,-98,-98,-98,-98,-98,-98,-98,-98,-98
4142,1,0,1,1,0,-98,1,0,0,0,0,0,0,-98,-98,-98,-98,-98,-98,-98,-98,-98
4143,0,0,0,0,0,1,0,0,0,0,1,1,0,-98,-98,-98,-98,-98,-98,-98,-98,-98
4144,0,0,0,0,0,0,0,0,0,0,0,0,0,-98,-98,-98,-98,-98,-98,-98,-98,-98
4145,0,0,0,0,0,-98,0,0,0,0,0,0,0,0,0,0,0,0,0,0,0,0
4146,0,0,0,0,0,-98,0,0,1,1,0,0,0,-98,-98,-98,-98,-98,-98,-98,-98,-98
4147,-98,-98,0,0,0,-98,-98,-98,0,0,-98,-98,0,0,0,0,0,0,0,0,0,0
4148,1,0,0,1,0,-98,0,1,1,0,1,1,0,-98,-98,-98,-98,-98,-98,-98,-98,-98
4149,1,0,1,0,0,-98,0,0,1,1,0,0,0,-98,-98,-98,-98,-98,-98,-98,-98,-98
4150,0,1,0,0,0,1,1,1,0,0,0,0,1,-98,-98,-98,-98,-98,-98,-98,-98,-98
4151,0,0,0,0,-98,0,0,0,0,0,0,0,0,0,0,0,0,0,0,0,1,0
4152,1,0,1,0,0,0,0,0,1,0,1,0,0,-98,-98,-98,-98,-98,-98,-98,-98,-98
4153,0,0,0,0,0,0,0,0,0,0,0,0,0,-98,-98,-98,-98,-98,-98,-98,-98,-98
4154,1,0,0,0,0,0,0,0,1,0,0,0,1,-98,-98,-98,-98,-98,-98,-98,-98,-98
4155,0,0,0,0,0,0,0,0,0,0,0,1,1,-98,-98,-98,-98,-98,-98,-98,-98,-98
4156,1,0,0,1,0,1,0,0,1,0,1,1,0,-98,-98,-98,-98,-98,-98,-98,-98,-98
4157,1,0,1,0,0,-98,1,1,1,0,0,0,0,-98,-98,-98,-98,-98,-98,-98,-98,-98
4158,-98,0,0,0,0,-98,0,0,0,0,0,0,1,-98,-98,-98,-98,-98,-98,-98,-98,-98
4159,0,-98,-98,-98,-98,-98,-98,-98,-98,-98,-98,-98,-98,0,0,0,0,0,0,0,0,0
4160,0,0,0,0,-98,-98,0,0,0,0,0,0,0,-98,-98,-98,-98,-98,-98,-98,-98,-98
4161,1,-98,-98,-98,-98,-98,0,0,0,0,0,0,0,-98,-98,-98,-98,-98,-98,-98,-98,-98
4162,0,0,0,0,0,1,1,0,1,1,0,0,0,-98,-98,-98,-98,-98,-98,-98,-98,-98
4163,1,0,0,0,0,1,0,0,0,0,0,0,0,-98,-98,-98,-98,-98,-98,-98,-98,-98
4164,0,0,0,0,0,0,0,0,0,0,0,0,0,-98,-98,-98,-98,-98,-98,-98,-98,-98
4165,-98,-98,0,0,-98,-98,0,0,0,0,0,0,0,0,0,0,0,0,0,1,0,0
4166,1,0,1,1,0,1,0,0,0,0,0,0,0,-98,-98,-98,-98,-98,-98,-98,-98,-98
4167,1,0,0,0,0,-98,0,0,0,0,0,0,0,-98,-98,-98,-98,-98,-98,-98,-98,-98
4168,0,0,0,0,0,0,0,0,0,0,0,0,0,-98,-98,-98,-98,-98,-98,-98,-98,-98
4169,0,1,0,0,0,-98,0,0,1,0,0,0,0,-98,-98,-98,-98,-98,-98,-98,-98,-98
4170,0,0,0,0,0,0,0,0,0,0,0,0,0,-98,-98,-98,-98,-98,-98,-98,-98,-98
4171,1,0,0,0,0,0,0,0,1,0,0,0,0,-98,-98,-98,-98,-98,-98,-98,-98,-98
4172,0,0,0,0,-98,0,0,0,0,0,0,0,0,0,0,0,0,0,0,0,0,0
4173,-98,-98,0,0,-98,-98,0,0,0,0,0,0,0,-98,-98,-98,-98,-98,-98,-98,-98,-98
4174,0,0,1,0,0,0,0,0,0,0,0,0,0,-98,-98,-98,-98,-98,-98,-98,-98,-98
4175,0,1,1,1,0,1,0,0,0,0,0,0,0,-98,-98,-98,-98,-98,-98,-98,-98,-98
4176,0,0,0,0,0,0,0,0,0,0,0,0,0,-98,-98,-98,-98,-98,-98,-98,-98,-98
4177,0,0,0,0,0,-98,-98,-98,0,0,0,0,0,-98,-98,-98,-98,-98,-98,-98,-98,-98
4178,0,1,0,0,0,1,0,0,0,0,0,0,0,-98,-98,-98,-98,-98,-98,-98,-98,-98
4179,1,0,0,0,0,1,0,0,1,0,0,0,0,-98,-98,-98,-98,-98,-98,-98,-98,-98
4180,0,0,0,0,0,0,0,0,0,0,1,1,0,0,0,0,0,0,0,0,0,0
4181,0,0,0,0,0,0,0,0,0,0,1,1,1,-98,-98,-98,-98,-98,-98,-98,-98,-98
4182,0,1,1,0,0,1,0,0,0,0,0,0,0,-98,-98,-98,-98,-98,-98,-98,-98,-98
4183,0,0,0,0,0,0,0,0,1,0,0,0,0,-98,-98,-98,-98,-98,-98,-98,-98,-98
4184,0,0,0,0,0,-98,0,1,1,1,0,0,0,-98,-98,-98,-98,-98,-98,-98,-98,-98
4185,0,0,0,0,0,-98,0,0,0,0,0,0,0,-98,-98,-98,-98,-98,-98,-98,-98,-98
4186,1,1,0,0,1,1,0,0,0,0,0,0,0,-98,-98,-98,-98,-98,-98,-98,-98,-98
4187,0,0,0,0,0,0,0,0,0,0,0,0,1,-98,-98,-98,-98,-98,-98,-98,-98,-98
4188,1,1,1,1,0,0,0,0,1,0,0,0,0,-98,-98,-98,-98,-98,-98,-98,-98,-98
4189,0,-98,-98,-98,-98,-98,-98,-98,0,0,0,0,0,0,0,0,0,0,0,0,1,0
4190,0,0,0,0,0,-98,0,0,0,0,1,1,0,-98,-98,-98,-98,-98,-98,-98,-98,-98
4191,1,0,0,0,0,0,0,0,0,0,1,0,0,-98,-98,-98,-98,-98,-98,-98,-98,-98
4192,-98,0,0,0,0,-98,0,0,1,0,1,1,0,-98,-98,-98,-98,-98,-98,-98,-98,-98
4193,0,0,0,0,0,0,0,0,0,0,0,0,0,-98,-98,-98,-98,-98,-98,-98,-98,-98
4194,1,0,0,0,0,-98,0,0,0,0,0,0,0,-98,-98,-98,-98,-98,-98,-98,-98,-98
4195,1,1,1,1,0,0,0,1,1,0,1,1,0,-98,-98,-98,-98,-98,-98,-98,-98,-98
4196,1,0,0,0,0,-98,0,0,0,0,0,0,0,-98,-98,-98,-98,-98,-98,-98,-98,-98
4197,0,0,0,0,0,0,0,0,0,0,0,0,0,-98,-98,-98,-98,-98,-98,-98,-98,-98
4198,1,0,0,0,0,1,0,0,0,0,0,0,0,-98,-98,-98,-98,-98,-98,-98,-98,-98
4199,-98,0,0,0,-98,-98,0,0,0,0,0,0,0,-98,-98,-98,-98,-98,-98,-98,-98,-98
4200,0,1,1,0,0,1,0,0,0,0,0,0,0,-98,-98,-98,-98,-98,-98,-98,-98,-98
4201,1,0,0,0,0,-98,0,0,1,0,0,0,0,0,0,1,0,0,0,0,1,0
4202,0,-98,0,0,0,0,0,0,0,0,0,0,0,-98,-98,-98,-98,-98,-98,-98,-98,-98
4203,0,0,0,0,-98,0,0,0,0,0,0,0,0,-98,-98,-98,-98,-98,-98,-98,-98,-98
4204,0,0,0,0,0,1,0,0,1,1,0,0,0,-98,-98,-98,-98,-98,-98,-98,-98,-98
4205,0,1,-98,-98,-98,1,0,0,1,0,0,0,0,0,0,0,0,0,0,0,0,0
4206,0,0,0,0,0,0,0,0,0,0,0,0,1,0,0,0,0,0,0,0,1,0
4207,1,0,1,0,0,0,0,0,0,1,0,0,0,-98,-98,-98,-98,-98,-98,-98,-98,-98
4208,0,0,1,1,0,0,0,0,1,1,0,1,0,-98,-98,-98,-98,-98,-98,-98,-98,-98
4209,0,0,-98,-98,0,0,0,0,0,0,0,0,0,0,0,0,0,0,0,0,0,0
4210,1,1,0,0,0,1,0,0,1,0,0,0,1,-98,-98,-98,-98,-98,-98,-98,-98,-98
4211,-98,0,0,0,0,-98,-98,-98,0,0,0,0,0,-98,-98,-98,-98,-98,-98,-98,-98,-98
4212,0,1,0,0,0,0,1,1,0,0,0,0,0,-98,-98,-98,-98,-98,-98,-98,-98,-98
4213,0,0,0,0,0,-98,0,0,0,0,0,0,0,0,0,0,0,0,0,0,0,0
4214,0,0,0,0,0,-98,0,0,0,0,1,1,0,-98,-98,-98,-98,-98,-98,-98,-98,-98
4215,0,0,0,0,-98,1,0,0,0,0,0,0,0,-98,-98,-98,-98,-98,-98,-98,-98,-98
4216,1,1,1,0,0,1,0,0,0,0,0,0,0,-98,-98,-98,-98,-98,-98,-98,-98,-98
4217,0,0,0,0,0,0,0,0,1,0,0,1,0,-98,-98,-98,-98,-98,-98,-98,-98,-98
4218,-98,-98,-98,-98,-98,-98,0,0,0,0,0,0,0,0,0,0,0,0,0,0,0,0
4219,-98,0,0,0,0,-98,0,0,0,0,0,0,0,0,0,0,0,0,0,0,1,0
4220,0,0,0,0,0,0,0,0,0,0,0,0,0,-98,-98,-98,-98,-98,-98,-98,-98,-98
4221,0,1,1,0,0,1,0,0,0,0,0,0,0,-98,-98,-98,-98,-98,-98,-98,-98,-98
4222,0,0,0,0,0,1,0,0,1,1,0,0,1,-98,-98,-98,-98,-98,-98,-98,-98,-98
4223,1,1,1,0,0,1,0,0,0,0,0,0,0,-98,-98,-98,-98,-98,-98,-98,-98,-98
4224,1,0,0,0,-98,-98,-98,-98,1,0,1,1,0,0,0,0,0,0,0,0,1,0
4225,1,-98,0,0,0,-98,0,0,0,0,1,0,0,-98,-98,-98,-98,-98,-98,-98,-98,-98
4226,0,0,0,0,-98,0,0,0,0,0,0,0,0,0,0,0,0,0,0,0,0,0
4227,-98,-98,0,0,0,-98,0,0,0,0,0,0,0,-98,-98,-98,-98,-98,-98,-98,-98,-98
4228,1,1,0,0,-98,1,0,0,0,0,1,0,0,-98,-98,-98,-98,-98,-98,-98,-98,-98
4229,0,0,1,1,0,-98,1,1,0,0,0,0,0,0,0,1,0,0,0,0,0,0
4230,0,1,1,0,0,1,0,0,0,0,0,0,0,-98,-98,-98,-98,-98,-98,-98,-98,-98
4231,0,0,0,0,-98,1,0,0,0,0,0,0,0,-98,-98,-98,-98,-98,-98,-98,-98,-98
4232,1,-98,-98,-98,-98,-98,0,0,0,0,0,0,0,-98,-98,-98,-98,-98,-98,-98,-98,-98
4233,1,0,0,0,0,-98,0,0,0,0,1,0,0,-98,-98,-98,-98,-98,-98,-98,-98,-98
4234,1,0,0,0,-98,0,0,0,0,0,0,0,0,-98,-98,-98,-98,-98,-98,-98,-98,-98
4235,0,0,0,0,0,0,0,0,1,0,1,1,0,-98,-98,-98,-98,-98,-98,-98,-98,-98
4236,0,0,0,0,-98,1,-98,-98,0,0,0,0,0,0,0,0,0,0,0,0,1,0
4237,0,0,0,0,0,-98,0,0,0,0,0,0,0,-98,-98,-98,-98,-98,-98,-98,-98,-98
4238,1,0,0,0,0,-98,0,0,0,0,1,1,1,0,0,0,0,0,0,0,0,0
4239,0,0,0,0,-98,-98,0,0,0,0,1,0,0,0,0,0,1,0,0,0,0,0
4240,1,0,0,0,0,0,0,0,1,0,1,0,0,0,0,0,0,0,0,0,0,0
4241,0,0,1,0,0,0,0,0,1,0,0,0,0,-98,-98,-98,-98,-98,-98,-98,-98,-98
4242,0,0,0,0,-98,-98,-98,-98,0,0,0,0,0,0,0,0,0,0,0,0,0,0
4243,1,1,1,0,0,0,0,0,0,0,0,0,0,0,0,0,0,0,0,0,0,0
4244,0,0,0,0,0,-98,0,0,1,0,1,1,1,-98,-98,-98,-98,-98,-98,-98,-98,-98
4245,1,0,1,0,0,0,0,0,0,0,0,0,0,-98,-98,-98,-98,-98,-98,-98,-98,-98
4246,0,0,0,0,0,0,0,0,1,0,0,0,0,-98,-98,-98,-98,-98,-98,-98,-98,-98
4247,1,1,1,1,0,1,0,0,0,0,0,0,1,-98,-98,-98,-98,-98,-98,-98,-98,-98
4248,0,0,0,0,-98,-98,-98,-98,0,0,0,0,0,-98,-98,-98,-98,-98,-98,-98,-98,-98
4249,0,0,0,0,0,0,0,0,0,0,0,0,0,-98,-98,-98,-98,-98,-98,-98,-98,-98
4250,0,0,0,0,0,0,0,0,0,0,0,0,0,-98,-98,-98,-98,-98,-98,-98,-98,-98
4251,0,0,0,0,0,0,0,0,1,0,0,0,0,0,0,0,0,0,0,0,0,0
4252,1,0,1,0,0,0,0,0,0,0,0,0,0,-98,-98,-98,-98,-98,-98,-98,-98,-98
4253,-98,-98,-98,-98,-98,-98,-98,-98,0,0,0,0,-98,-98,-98,-98,-98,-98,-98,-98,-98,-98
4254,1,0,1,1,-98,-98,0,0,0,0,0,0,1,-98,-98,-98,-98,-98,-98,-98,-98,-98
4255,0,0,0,0,0,0,0,0,1,0,0,0,1,-98,-98,-98,-98,-98,-98,-98,-98,-98
4256,0,0,0,0,-98,-98,-98,-98,0,0,0,0,-98,-98,-98,-98,-98,-98,-98,-98,-98,-98
4257,1,0,1,0,0,0,0,0,1,0,0,0,0,-98,-98,-98,-98,-98,-98,-98,-98,-98
4258,1,0,0,0,0,0,0,0,0,0,0,0,0,-98,-98,-98,-98,-98,-98,-98,-98,-98
4259,0,0,0,0,0,-98,0,0,1,0,0,0,0,-98,-98,-98,-98,-98,-98,-98,-98,-98
4260,0,0,0,0,-98,0,0,0,0,0,0,0,0,-98,-98,-98,-98,-98,-98,-98,-98,-98
4261,1,0,0,0,0,0,0,0,0,0,0,0,0,-98,-98,-98,-98,-98,-98,-98,-98,-98
4262,0,-98,-98,-98,-98,1,0,0,0,0,0,0,0,-98,-98,-98,-98,-98,-98,-98,-98,-98
4263,0,0,0,0,0,1,0,0,1,0,1,1,0,-98,-98,-98,-98,-98,-98,-98,-98,-98
4264,0,0,0,0,-98,-98,0,0,0,0,0,0,-98,-98,-98,-98,-98,-98,-98,-98,-98,-98
4265,0,0,0,0,0,0,1,1,1,0,1,1,0,-98,-98,-98,-98,-98,-98,-98,-98,-98
4266,0,0,0,0,0,0,0,0,1,0,0,0,0,-98,-98,-98,-98,-98,-98,-98,-98,-98
4267,0,0,0,0,0,1,0,0,0,0,1,1,0,0,0,0,1,0,0,0,0,0
4268,0,0,0,0,-98,-98,0,0,0,0,0,0,0,0,0,0,0,0,0,0,0,1
4269,0,0,0,0,0,0,0,0,0,0,0,0,0,0,0,0,0,0,0,0,0,0
4270,0,0,0,0,-98,0,0,0,0,1,0,0,1,-98,-98,-98,-98,-98,-98,-98,-98,-98
4271,0,0,0,0,0,-98,0,0,1,0,1,0,0,0,0,0,0,0,0,0,0,0
4272,0,0,0,0,0,-98,-98,-98,0,0,0,0,0,-98,-98,-98,-98,-98,-98,-98,-98,-98
4273,1,1,0,0,0,0,0,0,1,0,1,0,0,0,0,0,0,0,0,0,0,0
4274,0,0,0,0,0,0,0,0,0,0,0,0,0,-98,-98,-98,-98,-98,-98,-98,-98,-98
4275,-98,-98,0,0,0,0,0,0,0,0,1,1,0,0,0,1,0,0,0,0,0,0
4276,0,0,0,0,0,0,0,0,0,0,1,1,1,-98,-98,-98,-98,-98,-98,-98,-98,-98
4277,0,0,0,0,0,0,0,0,0,0,0,0,0,-98,-98,-98,-98,-98,-98,-98,-98,-98
4278,0,-98,-98,-98,0,0,-98,-98,0,0,1,1,0,-98,-98,-98,-98,-98,-98,-98,-98,-98
4279,1,0,0,0,0,-98,0,0,1,1,1,1,1,-98,-98,-98,-98,-98,-98,-98,-98,-98
4280,0,0,0,0,0,-98,0,0,1,0,0,1,0,-98,-98,-98,-98,-98,-98,-98,-98,-98
4281,1,1,0,0,-98,-98,0,0,0,0,-98,-98,0,-98,-98,-98,-98,-98,-98,-98,-98,-98
4282,0,0,0,0,-98,-98,-98,-98,0,0,0,0,0,-98,-98,-98,-98,-98,-98,-98,-98,-98
4283,1,1,1,0,0,-98,0,0,1,0,0,0,0,0,0,0,0,0,0,0,0,0
4284,0,0,0,0,-98,-98,0,0,0,0,1,0,0,0,0,0,0,0,0,0,1,0
4285,0,0,1,0,0,0,0,0,0,0,0,0,0,-98,-98,-98,-98,-98,-98,-98,-98,-98
4286,0,0,0,0,0,0,1,1,0,0,0,0,1,-98,-98,-98,-98,-98,-98,-98,-98,-98
4287,1,0,0,0,0,-98,0,0,1,0,0,0,0,-98,-98,-98,-98,-98,-98,-98,-98,-98
4288,0,0,0,0,-98,0,0,0,0,0,1,0,1,0,0,0,0,0,0,0,1,0
4289,0,0,0,0,-98,0,0,0,0,0,0,0,0,-98,-98,-98,-98,-98,-98,-98,-98,-98
4290,-98,-98,0,0,-98,-98,0,0,0,0,0,0,0,-98,-98,-98,-98,-98,-98,-98,-98,-98
4291,0,0,0,0,0,1,0,0,1,0,1,0,0,-98,-98,-98,-98,-98,-98,-98,-98,-98
4292,0,0,0,0,0,-98,0,0,0,0,0,0,1,0,0,0,1,0,0,0,0,0
4293,0,0,0,0,-98,-98,0,0,0,0,0,0,0,0,0,0,0,0,0,1,1,0
4294,0,0,0,0,0,0,0,0,0,0,0,0,0,-98,-98,-98,-98,-98,-98,-98,-98,-98
4295,0,0,0,0,0,-98,0,0,0,0,0,0,0,0,0,0,0,0,0,0,0,0
4296,0,-98,-98,-98,-98,-98,-98,-98,0,0,0,0,0,0,0,0,0,0,0,0,1,0
4297,1,0,1,1,0,1,1,1,1,0,1,1,1,-98,-98,-98,-98,-98,-98,-98,-98,-98
4298,0,0,0,0,0,0,0,0,0,0,0,0,0,-98,-98,-98,-98,-98,-98,-98,-98,-98
4299,1,0,0,0,0,0,0,0,1,1,0,0,0,0,0,0,0,0,0,0,0,0
4300,-98,0,-98,-98,-98,-98,0,0,0,0,0,0,0,-98,-98,-98,-98,-98,-98,-98,-98,-98
4301,0,0,-98,-98,-98,1,0,0,0,0,0,0,0,-98,-98,-98,-98,-98,-98,-98,-98,-98
4302,1,0,0,0,0,1,0,0,1,0,1,0,0,-98,-98,-98,-98,-98,-98,-98,-98,-98
4303,1,1,0,0,0,1,0,0,1,0,1,0,0,-98,-98,-98,-98,-98,-98,-98,-98,-98
4304,0,0,0,0,0,1,0,0,1,0,0,0,0,-98,-98,-98,-98,-98,-98,-98,-98,-98
4305,0,-98,-98,-98,-98,-98,-98,-98,0,0,1,1,0,0,0,0,1,0,0,0,1,0
4306,0,0,0,0,0,-98,0,0,0,0,0,0,1,-98,-98,-98,-98,-98,-98,-98,-98,-98
4307,0,0,0,0,0,1,0,0,1,0,1,1,0,0,0,0,0,0,0,0,0,0
4308,1,0,0,0,0,-98,0,0,0,0,0,0,0,-98,-98,-98,-98,-98,-98,-98,-98,-98
4309,0,-98,0,0,-98,0,0,0,0,0,0,0,1,-98,-98,-98,-98,-98,-98,-98,-98,-98
4310,1,1,1,1,0,1,0,0,1,0,1,1,0,-98,-98,-98,-98,-98,-98,-98,-98,-98
4311,0,0,0,0,0,0,0,0,1,0,0,0,0,-98,-98,-98,-98,-98,-98,-98,-98,-98
4312,0,0,0,0,0,-98,-98,-98,0,0,1,0,0,-98,-98,-98,-98,-98,-98,-98,-98,-98
4313,0,0,0,1,-98,0,0,0,0,0,0,0,1,-98,-98,-98,-98,-98,-98,-98,-98,-98
4314,0,0,0,0,0,0,0,0,0,0,1,1,0,0,0,0,0,0,0,0,0,0
4315,-98,-98,0,0,-98,0,0,0,0,0,0,0,0,-98,-98,-98,-98,-98,-98,-98,-98,-98
4316,0,0,0,0,-98,1,0,0,0,0,0,0,0,-98,-98,-98,-98,-98,-98,-98,-98,-98
4317,0,0,0,0,0,1,1,1,0,0,0,0,0,-98,-98,-98,-98,-98,-98,-98,-98,-98
4318,0,0,0,0,0,0,0,0,0,0,0,0,0,-98,-98,-98,-98,-98,-98,-98,-98,-98
4319,0,0,0,0,0,-98,0,0,0,0,1,1,0,-98,-98,-98,-98,-98,-98,-98,-98,-98
4320,1,0,1,0,0,1,0,0,1,0,0,0,0,-98,-98,-98,-98,-98,-98,-98,-98,-98
4321,1,1,0,0,0,-98,0,0,1,0,0,0,0,-98,-98,-98,-98,-98,-98,-98,-98,-98
4322,0,1,0,0,0,1,0,0,1,1,1,1,1,-98,-98,-98,-98,-98,-98,-98,-98,-98
4323,0,1,0,1,0,0,0,0,0,0,0,0,0,0,0,0,0,0,0,0,0,0
4324,0,0,0,0,0,1,0,0,0,0,0,0,0,-98,-98,-98,-98,-98,-98,-98,-98,-98
4325,0,0,0,0,0,0,0,0,1,1,0,0,1,-98,-98,-98,-98,-98,-98,-98,-98,-98
4326,1,0,0,0,0,0,0,0,1,0,1,1,0,-98,-98,-98,-98,-98,-98,-98,-98,-98
4327,1,1,0,0,0,0,0,0,0,0,0,0,0,-98,-98,-98,-98,-98,-98,-98,-98,-98
4328,0,-98,0,0,0,-98,0,0,0,0,0,0,0,-98,-98,-98,-98,-98,-98,-98,-98,-98
4329,0,0,0,0,-98,-98,1,1,0,0,-98,-98,0,-98,-98,-98,-98,-98,-98,-98,-98,-98
4330,1,0,0,0,0,-98,0,0,0,0,0,0,0,-98,-98,-98,-98,-98,-98,-98,-98,-98
4331,1,1,1,0,0,1,0,0,0,0,0,0,0,-98,-98,-98,-98,-98,-98,-98,-98,-98
4332,0,0,0,0,0,-98,0,0,0,0,0,0,0,-98,-98,-98,-98,-98,-98,-98,-98,-98
4333,-98,-98,-98,-98,-98,-98,-98,-98,0,0,0,0,0,0,0,0,0,0,0,0,0,0
4334,0,0,0,1,0,-98,1,1,0,0,0,0,1,-98,-98,-98,-98,-98,-98,-98,-98,-98
4335,0,0,0,0,0,0,0,0,1,0,0,0,0,-98,-98,-98,-98,-98,-98,-98,-98,-98
4336,0,0,0,0,0,-98,0,0,0,0,0,0,0,-98,-98,-98,-98,-98,-98,-98,-98,-98
4337,0,-98,0,0,0,-98,0,0,0,0,1,0,0,-98,-98,-98,-98,-98,-98,-98,-98,-98
4338,0,0,0,0,0,0,0,0,0,0,0,0,1,0,0,0,1,0,0,0,0,1
4339,0,1,0,0,-98,-98,0,0,0,0,0,0,0,-98,-98,-98,-98,-98,-98,-98,-98,-98
4340,0,0,0,0,0,0,-98,-98,0,0,0,0,0,-98,-98,-98,-98,-98,-98,-98,-98,-98
4341,0,0,0,0,0,-98,0,0,0,0,1,1,0,-98,-98,-98,-98,-98,-98,-98,-98,-98
4342,1,1,1,0,0,0,0,0,0,0,0,0,0,-98,-98,-98,-98,-98,-98,-98,-98,-98
4343,1,0,0,0,0,-98,0,0,0,0,1,0,0,-98,-98,-98,-98,-98,-98,-98,-98,-98
4344,0,0,0,0,0,0,0,0,0,0,0,0,0,-98,-98,-98,-98,-98,-98,-98,-98,-98
4345,0,0,0,0,0,-98,0,0,0,0,1,1,0,-98,-98,-98,-98,-98,-98,-98,-98,-98
4346,-98,0,0,0,-98,-98,0,0,1,0,-98,-98,-98,0,0,0,0,0,0,0,0,0
4347,1,0,0,0,0,1,0,0,0,0,1,0,0,-98,-98,-98,-98,-98,-98,-98,-98,-98
4348,0,0,0,0,0,0,0,0,0,0,0,0,1,-98,-98,-98,-98,-98,-98,-98,-98,-98
4349,0,0,0,0,-98,0,-98,-98,0,0,0,0,0,-98,-98,-98,-98,-98,-98,-98,-98,-98
4350,0,0,0,0,0,0,0,0,0,0,0,0,1,-98,-98,-98,-98,-98,-98,-98,-98,-98
4351,0,0,-98,-98,-98,-98,1,1,0,0,1,1,0,0,0,1,0,1,0,0,0,0
4352,0,0,1,1,0,0,1,1,0,0,0,0,0,-98,-98,-98,-98,-98,-98,-98,-98,-98
4353,0,0,0,0,0,0,0,0,0,0,1,1,0,0,0,0,0,0,0,0,1,0
4354,0,0,0,0,0,1,0,0,0,0,0,0,0,-98,-98,-98,-98,-98,-98,-98,-98,-98
4355,0,-98,0,0,-98,0,0,0,0,0,0,0,1,-98,-98,-98,-98,-98,-98,-98,-98,-98
4356,-98,0,0,0,0,-98,-98,-98,1,0,0,0,0,-98,-98,-98,-98,-98,-98,-98,-98,-98
4357,1,0,1,1,0,1,1,1,1,1,0,0,0,-98,-98,-98,-98,-98,-98,-98,-98,-98
4358,0,0,0,0,0,0,0,0,1,0,1,1,0,-98,-98,-98,-98,-98,-98,-98,-98,-98
4359,0,0,0,0,0,1,0,0,1,0,0,0,0,-98,-98,-98,-98,-98,-98,-98,-98,-98
4360,1,-98,0,0,0,1,0,0,0,0,0,0,0,-98,-98,-98,-98,-98,-98,-98,-98,-98
4361,0,0,0,0,-98,0,0,0,0,0,0,0,0,-98,-98,-98,-98,-98,-98,-98,-98,-98
4362,0,0,0,0,0,1,0,0,1,0,0,0,1,-98,-98,-98,-98,-98,-98,-98,-98,-98
4363,-98,-98,-98,-98,-98,-98,-98,-98,0,0,0,0,0,0,0,0,0,0,0,0,0,0
4364,-98,0,0,0,0,0,0,0,1,0,-97,0,0,0,0,0,0,0,0,0,0,1
4365,0,0,1,0,0,0,1,1,0,0,0,0,1,-98,-98,-98,-98,-98,-98,-98,-98,-98
4366,0,0,0,0,0,1,0,0,1,0,1,1,0,-98,-98,-98,-98,-98,-98,-98,-98,-98
4367,0,0,0,0,0,0,0,0,0,0,1,0,0,-98,-98,-98,-98,-98,-98,-98,-98,-98
4368,1,1,1,0,0,0,0,0,0,0,1,1,0,0,0,0,0,0,0,0,0,0
4369,0,0,0,0,0,-98,0,0,1,1,0,0,0,-98,-98,-98,-98,-98,-98,-98,-98,-98
4370,0,0,0,0,-98,0,0,0,1,0,0,0,0,-98,-98,-98,-98,-98,-98,-98,-98,-98
4371,0,0,0,0,-98,-98,0,0,0,0,0,0,0,-98,-98,-98,-98,-98,-98,-98,-98,-98
4372,0,0,0,0,0,0,0,0,0,0,-98,-98,0,-98,-98,-98,-98,-98,-98,-98,-98,-98
4373,1,0,0,0,0,-98,0,0,1,0,0,0,0,-98,-98,-98,-98,-98,-98,-98,-98,-98
4374,0,0,0,0,0,0,0,0,1,0,0,0,0,0,0,0,0,0,0,0,1,0
4375,0,0,0,0,0,0,0,1,0,0,0,1,0,-98,-98,-98,-98,-98,-98,-98,-98,-98
4376,1,0,0,0,0,0,0,0,1,0,0,0,1,-98,-98,-98,-98,-98,-98,-98,-98,-98
4377,0,0,1,1,0,0,0,1,0,0,0,0,0,-98,-98,-98,-98,-98,-98,-98,-98,-98
4378,-98,0,0,0,0,-98,0,0,1,0,0,0,0,-98,-98,-98,-98,-98,-98,-98,-98,-98
4379,0,0,1,0,0,0,0,0,0,0,0,0,0,-98,-98,-98,-98,-98,-98,-98,-98,-98
4380,0,0,0,0,0,1,0,0,1,0,0,0,0,-98,-98,-98,-98,-98,-98,-98,-98,-98
4381,0,0,0,0,0,1,0,0,0,0,0,0,0,-98,-98,-98,-98,-98,-98,-98,-98,-98
4382,0,1,0,0,0,-98,-98,-98,0,0,0,0,0,-98,-98,-98,-98,-98,-98,-98,-98,-98
4383,0,0,0,0,0,-98,0,0,0,0,1,1,1,-98,-98,-98,-98,-98,-98,-98,-98,-98
4384,0,0,0,0,0,-98,0,0,0,0,0,0,0,0,0,0,0,0,0,0,0,0
4385,0,0,0,0,0,-98,-98,-98,0,0,1,1,0,-98,-98,-98,-98,-98,-98,-98,-98,-98
4386,0,0,0,0,-98,0,0,0,1,0,1,0,1,0,0,0,0,0,0,0,1,0
4387,1,1,1,1,0,0,0,0,0,0,0,0,0,-98,-98,-98,-98,-98,-98,-98,-98,-98
4388,0,0,0,0,0,0,0,0,0,0,0,0,0,-98,-98,-98,-98,-98,-98,-98,-98,-98
4389,0,0,0,0,0,-98,0,0,0,0,0,0,0,-98,-98,-98,-98,-98,-98,-98,-98,-98
4390,0,-98,-98,-98,-98,0,-98,-98,0,0,0,0,0,0,0,0,0,0,0,0,0,0
4391,1,0,1,1,0,1,0,0,1,1,0,0,0,-98,-98,-98,-98,-98,-98,-98,-98,-98
4392,-98,-98,-98,-98,-98,-98,-98,-98,0,0,-98,-98,0,-98,-98,-98,-98,-98,-98,-98,-98,-98
4393,1,0,0,0,0,0,0,0,0,0,0,0,0,-98,-98,-98,-98,-98,-98,-98,-98,-98
4394,0,0,0,0,0,-97,0,0,0,0,0,0,0,0,0,0,0,0,0,0,1,0
4395,0,0,-98,-98,-98,-98,0,0,-98,-98,0,0,0,0,0,0,0,0,0,0,1,0
4396,0,0,0,0,0,0,0,0,1,0,1,1,0,0,0,0,0,0,0,0,1,0
4397,0,0,1,0,0,0,0,0,1,1,0,0,0,-98,-98,-98,-98,-98,-98,-98,-98,-98
4398,0,0,0,0,0,0,0,0,1,0,0,0,0,-98,-98,-98,-98,-98,-98,-98,-98,-98
4399,0,0,0,0,0,1,0,0,0,0,0,0,0,0,0,0,1,0,0,0,1,0
4400,0,0,1,0,0,0,0,0,0,0,1,0,0,-98,-98,-98,-98,-98,-98,-98,-98,-98
4401,-98,-98,-98,-98,-98,-98,0,0,-98,-98,-98,-98,0,0,0,0,0,0,0,0,0,0
4402,0,0,0,0,0,-98,0,0,1,0,1,1,0,0,0,0,0,0,0,0,0,0
4403,1,0,0,0,0,-98,0,0,1,0,1,0,0,-98,-98,-98,-98,-98,-98,-98,-98,-98
4404,0,0,0,0,0,-98,0,0,0,0,0,0,0,-98,-98,-98,-98,-98,-98,-98,-98,-98
4405,0,0,0,0,-98,1,0,0,1,0,0,0,0,-98,-98,-98,-98,-98,-98,-98,-98,-98
4406,-98,0,-98,-98,-98,1,0,0,0,0,0,0,0,-98,-98,-98,-98,-98,-98,-98,-98,-98
4407,0,0,0,0,0,0,0,0,1,0,0,0,0,-98,-98,-98,-98,-98,-98,-98,-98,-98
4408,0,1,0,0,0,0,0,0,0,0,0,0,0,-98,-98,-98,-98,-98,-98,-98,-98,-98
4409,0,0,0,0,-98,-98,-98,-98,0,0,0,0,0,-98,-98,-98,-98,-98,-98,-98,-98,-98
4410,-98,-98,-98,-98,-98,0,0,0,1,0,0,0,0,-98,-98,-98,-98,-98,-98,-98,-98,-98
4411,0,0,0,0,0,-98,0,0,1,0,0,0,0,-98,-98,-98,-98,-98,-98,-98,-98,-98
4412,0,0,0,0,-98,0,1,1,-98,-98,1,1,0,-98,-98,-98,-98,-98,-98,-98,-98,-98
4413,0,1,1,0,0,0,0,0,1,0,0,0,0,-98,-98,-98,-98,-98,-98,-98,-98,-98
4414,-98,0,0,0,-98,-98,0,0,0,0,0,0,1,-98,-98,-98,-98,-98,-98,-98,-98,-98
4415,1,0,0,0,0,-98,0,0,0,0,0,0,0,-98,-98,-98,-98,-98,-98,-98,-98,-98
4416,0,0,0,0,0,0,0,0,0,0,0,0,1,-98,-98,-98,-98,-98,-98,-98,-98,-98
4417,0,0,0,0,0,0,0,0,0,0,1,1,0,-98,-98,-98,-98,-98,-98,-98,-98,-98
4418,0,0,0,0,-98,0,0,0,0,0,1,0,0,-98,-98,-98,-98,-98,-98,-98,-98,-98
4419,1,0,0,0,0,-98,0,0,0,0,1,1,0,0,0,0,0,0,0,0,0,0
4420,0,0,0,0,0,-98,0,0,1,0,0,0,0,-98,-98,-98,-98,-98,-98,-98,-98,-98
4421,1,0,0,0,0,0,1,1,0,0,1,1,1,0,0,1,0,1,0,0,0,0
4422,1,-98,-98,-98,-98,0,0,0,0,0,0,0,-98,-98,-98,-98,-98,-98,-98,-98,-98,-98
4423,-98,0,0,0,-98,-98,0,0,0,0,-98,-98,0,-98,-98,-98,-98,-98,-98,-98,-98,-98
4424,1,0,0,0,0,0,0,0,0,0,0,0,1,-98,-98,-98,-98,-98,-98,-98,-98,-98
4425,0,0,0,0,0,-98,1,1,0,0,0,0,1,-98,-98,-98,-98,-98,-98,-98,-98,-98
4426,1,0,0,0,0,1,0,0,0,0,1,0,0,-98,-98,-98,-98,-98,-98,-98,-98,-98
4427,0,-98,0,0,-98,0,0,0,0,0,0,0,0,0,0,0,0,0,0,0,1,0
4428,1,0,0,0,1,0,0,0,0,0,0,0,0,-98,-98,-98,-98,-98,-98,-98,-98,-98
4429,1,1,0,0,0,-98,1,0,1,0,0,0,0,-98,-98,-98,-98,-98,-98,-98,-98,-98
4430,0,0,-98,-98,-98,0,-98,-98,0,0,-98,-98,0,-98,-98,-98,-98,-98,-98,-98,-98,-98
4431,0,0,0,0,0,-98,0,0,1,0,0,0,1,-98,-98,-98,-98,-98,-98,-98,-98,-98
4432,0,0,0,0,-98,0,1,1,0,0,0,0,0,-98,-98,-98,-98,-98,-98,-98,-98,-98
4433,-98,-98,1,1,0,-98,0,0,0,0,0,0,0,0,0,0,0,0,0,0,0,0
4434,0,-98,-98,-98,-98,-98,-98,-98,1,1,1,1,0,-98,-98,-98,-98,-98,-98,-98,-98,-98
4435,0,0,0,0,0,1,1,1,0,0,0,0,0,0,0,0,0,0,0,0,1,0
4436,0,0,0,0,0,0,0,1,0,0,1,1,1,-98,-98,-98,-98,-98,-98,-98,-98,-98
4437,-98,0,1,0,-98,-98,0,0,0,0,0,0,0,-98,-98,-98,-98,-98,-98,-98,-98,-98
4438,0,0,0,0,0,-98,-98,-98,0,0,0,0,0,0,0,0,0,0,0,0,0,0
4439,0,0,0,0,0,-98,0,0,0,0,0,0,1,-98,-98,-98,-98,-98,-98,-98,-98,-98
4440,0,0,0,0,0,-98,0,0,0,0,0,0,0,-98,-98,-98,-98,-98,-98,-98,-98,-98
4441,0,0,0,0,0,-98,0,0,0,0,0,0,0,-98,-98,-98,-98,-98,-98,-98,-98,-98
4442,-98,-98,-98,-98,-98,-98,0,0,0,0,0,0,0,-98,-98,-98,-98,-98,-98,-98,-98,-98
4443,0,-98,-98,-98,-98,0,0,0,0,0,1,1,0,-98,-98,-98,-98,-98,-98,-98,-98,-98
4444,0,0,0,0,0,1,0,0,0,0,0,0,0,0,0,0,0,0,0,0,0,0
4445,0,-98,0,0,0,-98,0,0,1,0,0,0,0,0,0,1,1,0,0,0,0,0
4446,1,0,0,0,0,-98,0,0,1,1,1,1,1,0,0,0,0,0,0,0,0,0
4447,0,-98,0,0,0,1,0,0,0,0,0,0,1,-98,-98,-98,-98,-98,-98,-98,-98,-98
4448,1,0,0,0,0,1,0,0,0,0,0,0,0,-98,-98,-98,-98,-98,-98,-98,-98,-98
4449,1,0,-98,-98,-98,-98,0,0,1,0,0,0,0,-98,-98,-98,-98,-98,-98,-98,-98,-98
4450,0,0,0,0,0,1,0,0,0,0,0,0,0,-98,-98,-98,-98,-98,-98,-98,-98,-98
4451,1,0,0,0,0,-98,0,0,0,0,0,0,0,0,0,0,0,0,0,0,0,0
4452,0,0,0,0,0,0,-98,-98,0,0,0,0,0,-98,-98,-98,-98,-98,-98,-98,-98,-98
4453,0,0,0,0,-98,0,0,0,0,0,1,0,0,-98,-98,-98,-98,-98,-98,-98,-98,-98
4454,0,0,0,0,-98,-98,0,0,1,0,1,0,0,-98,-98,-98,-98,-98,-98,-98,-98,-98
4455,-98,0,-98,-98,-98,-98,0,0,0,0,-98,-98,0,-98,-98,-98,-98,-98,-98,-98,-98,-98
4456,0,0,0,0,-98,-98,0,0,0,0,0,0,-98,0,0,0,0,0,0,0,0,0
4457,0,0,0,0,0,-98,0,0,0,0,0,0,0,0,0,0,0,0,0,0,0,0
4458,0,0,0,0,0,0,0,0,1,0,0,0,0,-98,-98,-98,-98,-98,-98,-98,-98,-98
4459,0,0,0,0,0,-98,0,0,0,0,0,0,0,-98,-98,-98,-98,-98,-98,-98,-98,-98
4460,0,0,0,0,0,0,1,1,0,0,0,0,0,-98,-98,-98,-98,-98,-98,-98,-98,-98
4461,0,0,0,0,0,-98,0,0,0,0,0,0,0,-98,-98,-98,-98,-98,-98,-98,-98,-98
4462,0,0,0,0,0,0,0,0,0,0,0,0,0,0,0,0,0,0,0,0,1,0
4463,-98,0,-98,-98,-98,-98,0,0,0,0,0,0,0,-97,-97,-97,-97,-97,-97,-97,-97,-97
4464,0,0,0,0,0,0,0,0,0,0,0,0,1,0,0,0,0,0,0,0,0,0
4465,0,0,0,0,0,0,0,0,1,0,0,0,0,-98,-98,-98,-98,-98,-98,-98,-98,-98
4466,0,0,0,0,0,-98,0,0,1,0,0,0,0,-98,-98,-98,-98,-98,-98,-98,-98,-98
4467,1,0,0,0,0,0,0,0,0,0,0,0,0,0,0,0,0,0,0,0,0,0
4468,1,0,0,0,0,0,0,0,0,0,0,0,0,-98,-98,-98,-98,-98,-98,-98,-98,-98
4469,0,0,0,0,0,-98,0,0,1,1,0,0,0,-98,-98,-98,-98,-98,-98,-98,-98,-98
4470,0,0,0,0,0,-98,0,0,0,1,1,0,0,-98,-98,-98,-98,-98,-98,-98,-98,-98
4471,0,0,0,0,0,-98,1,1,0,0,0,0,0,-98,-98,-98,-98,-98,-98,-98,-98,-98
4472,0,0,0,0,0,0,0,0,0,0,0,0,0,-98,-98,-98,-98,-98,-98,-98,-98,-98
4473,0,0,0,0,0,-98,0,0,0,0,0,0,0,-98,-98,-98,-98,-98,-98,-98,-98,-98
4474,0,0,0,0,0,0,0,0,0,0,1,0,0,0,0,0,0,0,0,0,0,0
4475,0,0,0,0,0,1,0,0,1,0,0,0,0,-98,-98,-98,-98,-98,-98,-98,-98,-98
4476,-98,-98,-98,-98,-98,-98,0,0,0,0,0,0,0,-98,-98,-98,-98,-98,-98,-98,-98,-98
4477,0,0,0,0,0,0,0,0,0,0,1,0,0,0,0,0,0,0,0,0,1,0
4478,0,0,0,0,0,1,-98,-98,0,0,0,0,0,-98,-98,-98,-98,-98,-98,-98,-98,-98
4479,0,0,0,0,-98,-98,0,0,0,0,1,0,0,-98,-98,-98,-98,-98,-98,-98,-98,-98
4480,0,0,0,0,0,0,0,0,0,0,0,0,0,-98,-98,-98,-98,-98,-98,-98,-98,-98
4481,-98,0,0,0,0,0,0,0,0,0,0,0,0,-98,-98,-98,-98,-98,-98,-98,-98,-98
4482,0,-98,0,0,0,-98,0,0,0,0,1,0,0,0,0,0,0,0,0,0,1,0
4483,-98,0,0,0,-98,-98,0,0,0,0,0,1,0,0,0,1,0,0,0,0,0,0
4484,0,0,0,0,0,0,0,0,0,0,1,1,0,0,0,0,0,0,0,0,0,0
4485,0,0,0,0,0,0,0,0,0,0,0,0,1,-98,-98,-98,-98,-98,-98,-98,-98,-98
4486,0,0,1,0,0,0,0,0,0,0,0,0,0,-98,-98,-98,-98,-98,-98,-98,-98,-98
4487,1,-98,-98,-98,-98,-98,-98,-98,0,0,0,0,0,-98,-98,-98,-98,-98,-98,-98,-98,-98
4488,1,0,0,0,0,1,0,0,0,0,0,0,0,-98,-98,-98,-98,-98,-98,-98,-98,-98
4489,-98,0,0,0,0,-98,0,0,0,0,1,1,1,0,0,0,0,0,0,0,1,0
4490,0,-98,0,0,-98,0,0,0,0,0,0,0,0,0,0,0,0,0,0,0,0,0
4491,0,0,0,0,0,-98,0,0,0,0,1,0,0,0,0,0,1,0,0,0,1,1
4492,1,0,0,0,0,0,0,0,0,0,1,0,0,-98,-98,-98,-98,-98,-98,-98,-98,-98
4493,1,1,1,0,0,-98,0,0,1,0,1,1,0,-98,-98,-98,-98,-98,-98,-98,-98,-98
4494,0,0,0,1,0,0,0,0,0,0,0,0,0,-98,-98,-98,-98,-98,-98,-98,-98,-98
4495,0,0,0,0,0,1,0,0,0,0,-98,-98,0,-98,-98,-98,-98,-98,-98,-98,-98,-98
4496,0,0,0,0,0,-98,1,0,0,0,0,0,0,-98,-98,-98,-98,-98,-98,-98,-98,-98
4497,0,0,0,0,0,1,0,0,0,0,0,0,0,0,0,0,0,0,0,0,0,0
4498,0,-98,0,0,0,0,0,0,0,0,0,0,0,0,0,0,0,0,0,0,0,0
4499,1,1,1,0,1,1,0,0,0,0,0,0,0,-98,-98,-98,-98,-98,-98,-98,-98,-98
4500,0,0,0,1,0,0,0,0,1,0,0,0,0,-98,-98,-98,-98,-98,-98,-98,-98,-98
4501,0,0,0,0,0,-98,1,1,0,0,0,0,0,-98,-98,-98,-98,-98,-98,-98,-98,-98
4502,0,-98,0,0,-98,-98,-98,-98,1,0,0,0,0,-98,-98,-98,-98,-98,-98,-98,-98,-98
4503,0,0,0,0,0,0,0,0,0,0,0,0,0,-98,-98,-98,-98,-98,-98,-98,-98,-98
4504,0,0,0,0,0,0,0,1,0,0,0,0,1,-98,-98,-98,-98,-98,-98,-98,-98,-98
4505,0,1,0,0,0,0,0,0,0,0,0,0,1,-98,-98,-98,-98,-98,-98,-98,-98,-98
4506,1,1,1,1,0,1,0,0,0,0,0,1,1,-98,-98,-98,-98,-98,-98,-98,-98,-98
4507,1,1,1,1,0,0,0,0,0,0,0,0,0,-98,-98,-98,-98,-98,-98,-98,-98,-98
4508,0,0,0,0,0,0,0,0,0,0,0,0,0,-98,-98,-98,-98,-98,-98,-98,-98,-98
4509,0,1,1,1,0,1,0,0,1,1,0,0,1,-98,-98,-98,-98,-98,-98,-98,-98,-98
4510,0,0,0,0,-98,0,0,0,0,0,0,0,0,-98,-98,-98,-98,-98,-98,-98,-98,-98
4511,-98,0,0,0,-98,-98,-98,-98,0,0,0,0,0,-98,-98,-98,-98,-98,-98,-98,-98,-98
4512,1,1,1,1,0,1,0,0,0,0,0,0,0,-98,-98,-98,-98,-98,-98,-98,-98,-98
4513,-98,0,0,0,-98,-98,-98,-98,1,0,-98,-98,1,-98,-98,-98,-98,-98,-98,-98,-98,-98
4514,0,0,0,0,0,0,0,0,1,0,0,0,0,-98,-98,-98,-98,-98,-98,-98,-98,-98
4515,1,1,1,1,-98,1,0,0,0,0,0,0,1,-98,-98,-98,-98,-98,-98,-98,-98,-98
4516,1,0,1,0,0,0,0,0,0,0,0,0,0,0,0,1,0,0,1,0,1,0
4517,0,0,0,0,0,0,0,0,1,0,0,0,0,-98,-98,-98,-98,-98,-98,-98,-98,-98
4518,0,0,0,0,0,0,0,0,0,0,0,0,0,-98,-98,-98,-98,-98,-98,-98,-98,-98
4519,1,1,0,0,0,1,0,0,1,0,0,0,0,-98,-98,-98,-98,-98,-98,-98,-98,-98
4520,1,0,1,1,0,0,0,0,1,0,0,0,0,0,0,0,0,0,0,0,0,0
4521,1,0,0,0,0,-98,0,0,0,0,0,0,0,-98,-98,-98,-98,-98,-98,-98,-98,-98
4522,1,-98,0,0,-98,-98,0,0,1,0,0,0,0,0,0,0,0,0,0,0,0,0
4523,1,0,0,0,0,-98,0,0,0,0,1,0,0,-98,-98,-98,-98,-98,-98,-98,-98,-98
4524,0,1,0,0,0,1,0,0,1,0,0,0,0,-98,-98,-98,-98,-98,-98,-98,-98,-98
4525,1,1,0,0,-98,-98,0,0,0,0,0,0,0,-98,-98,-98,-98,-98,-98,-98,-98,-98
4526,0,0,1,1,0,0,0,1,1,1,1,0,1,0,0,0,0,0,0,0,1,0
4527,0,0,0,0,0,0,0,0,1,0,0,0,0,-98,-98,-98,-98,-98,-98,-98,-98,-98
4528,1,1,0,0,0,1,0,0,1,0,0,0,0,0,0,0,0,0,0,0,0,0
4529,0,-98,-98,-98,0,-98,0,0,0,0,0,0,0,-98,-98,-98,-98,-98,-98,-98,-98,-98
4530,1,0,0,0,0,0,0,0,1,0,0,0,0,-98,-98,-98,-98,-98,-98,-98,-98,-98
4531,0,-98,0,0,-98,-98,0,0,0,0,1,1,0,-98,-98,-98,-98,-98,-98,-98,-98,-98
4532,-98,-98,-98,-98,-98,1,0,0,0,0,-98,-98,0,-98,-98,-98,-98,-98,-98,-98,-98,-98
4533,-98,0,0,0,-98,0,0,0,0,0,0,1,0,-98,-98,-98,-98,-98,-98,-98,-98,-98
4534,1,1,0,0,0,1,0,0,1,0,0,0,0,-98,-98,-98,-98,-98,-98,-98,-98,-98
4535,0,0,0,0,0,0,0,0,0,0,0,0,0,-98,-98,-98,-98,-98,-98,-98,-98,-98
4536,0,0,0,0,0,-98,-98,-98,0,0,0,0,-98,-98,-98,-98,-98,-98,-98,-98,-98,-98
4537,0,0,0,0,0,-98,0,0,0,0,-98,-98,0,-98,-98,-98,-98,-98,-98,-98,-98,-98
4538,0,0,0,0,0,-98,-98,-98,0,0,0,0,0,0,0,0,0,0,0,0,1,0
4539,0,0,0,0,-98,0,0,0,0,0,1,1,0,0,0,0,0,0,0,0,0,0
4540,0,0,0,0,0,0,0,0,1,0,0,0,0,-98,-98,-98,-98,-98,-98,-98,-98,-98
4541,1,0,0,0,0,1,0,0,1,0,0,0,0,-98,-98,-98,-98,-98,-98,-98,-98,-98
4542,1,1,0,0,0,1,0,0,0,0,0,0,0,-98,-98,-98,-98,-98,-98,-98,-98,-98
4543,0,0,0,0,0,-98,0,0,0,0,0,0,0,-98,-98,-98,-98,-98,-98,-98,-98,-98
4544,0,0,0,0,0,-98,0,0,0,0,0,0,0,-98,-98,-98,-98,-98,-98,-98,-98,-98
4545,0,-98,0,0,-98,0,-98,-98,0,0,0,0,0,-98,-98,-98,-98,-98,-98,-98,-98,-98
4546,0,1,0,0,0,0,-98,-98,0,0,0,0,0,-98,-98,-98,-98,-98,-98,-98,-98,-98
4547,1,0,0,0,0,0,0,0,1,0,1,1,0,-98,-98,-98,-98,-98,-98,-98,-98,-98
4548,0,0,0,0,0,0,-98,-98,0,0,0,1,0,-98,-98,-98,-98,-98,-98,-98,-98,-98
4549,0,0,0,0,-98,0,0,0,0,0,0,0,0,-98,-98,-98,-98,-98,-98,-98,-98,-98
4550,0,0,0,0,0,-98,0,0,1,0,1,0,0,0,0,0,0,0,0,0,1,0
4551,1,-98,0,0,0,-98,0,0,1,0,1,1,1,0,0,0,0,0,0,0,0,1
4552,0,0,1,0,0,1,0,0,0,0,0,0,1,-98,-98,-98,-98,-98,-98,-98,-98,-98
4553,1,1,1,1,0,0,0,0,0,0,0,1,0,-98,-98,-98,-98,-98,-98,-98,-98,-98
4554,-98,-98,0,0,0,-98,0,0,0,0,-98,-98,0,0,0,0,0,0,0,0,1,0
4555,0,0,0,0,0,0,1,1,0,0,0,0,0,-98,-98,-98,-98,-98,-98,-98,-98,-98
4556,0,1,0,0,0,1,0,0,0,0,0,0,0,-98,-98,-98,-98,-98,-98,-98,-98,-98
4557,0,0,0,0,0,-98,0,0,1,0,0,0,0,-98,-98,-98,-98,-98,-98,-98,-98,-98
4558,0,0,0,0,0,-98,0,0,0,0,1,1,1,-98,-98,-98,-98,-98,-98,-98,-98,-98
4559,0,0,1,0,0,0,0,0,0,0,0,0,0,-98,-98,-98,-98,-98,-98,-98,-98,-98
4560,0,0,0,0,0,-98,0,0,0,0,0,0,0,-98,-98,-98,-98,-98,-98,-98,-98,-98
4561,0,0,0,0,0,-98,-98,-98,0,0,0,0,0,-98,-98,-98,-98,-98,-98,-98,-98,-98
4562,-98,-98,-98,-98,-98,-98,-98,-98,1,0,1,0,0,0,0,0,0,0,0,0,0,0
4563,0,0,0,0,-98,0,0,0,0,0,0,0,0,-98,-98,-98,-98,-98,-98,-98,-98,-98
4564,0,0,1,0,0,0,0,0,0,0,1,0,1,-98,-98,-98,-98,-98,-98,-98,-98,-98
4565,1,1,0,1,0,-98,0,0,0,0,0,0,0,-98,-98,-98,-98,-98,-98,-98,-98,-98
4566,0,-98,-98,-98,-98,-98,0,0,1,-99,0,0,-98,-98,-98,-98,-98,-98,-98,-98,-98,-98
4567,1,0,0,0,-98,1,0,0,1,0,0,0,0,-98,-98,-98,-98,-98,-98,-98,-98,-98
4568,0,0,1,1,0,0,1,1,0,0,0,0,0,-98,-98,-98,-98,-98,-98,-98,-98,-98
4569,0,0,0,0,0,0,0,0,0,0,0,1,0,-98,-98,-98,-98,-98,-98,-98,-98,-98
4570,-98,0,0,0,0,0,-98,-98,1,0,0,0,0,0,0,0,0,0,0,0,0,0
4571,0,0,0,0,-98,0,0,0,0,0,0,0,1,-98,-98,-98,-98,-98,-98,-98,-98,-98
4572,0,0,-98,-98,0,0,0,0,1,0,0,0,0,-98,-98,-98,-98,-98,-98,-98,-98,-98
4573,1,0,0,0,0,0,0,0,0,0,0,0,0,0,0,0,0,0,0,0,0,0
4574,0,0,-97,0,0,1,0,0,0,0,0,0,0,0,0,0,0,0,0,0,0,0
4575,0,0,0,0,0,0,0,0,1,0,0,0,0,-98,-98,-98,-98,-98,-98,-98,-98,-98
4576,0,0,0,0,0,0,0,0,1,0,0,0,0,-98,-98,-98,-98,-98,-98,-98,-98,-98
4577,0,0,0,0,-98,0,0,0,0,0,0,0,1,0,0,0,0,0,0,0,0,0
4578,0,0,0,0,0,0,0,0,0,0,0,0,0,0,0,0,0,0,0,0,0,0
4579,0,1,1,1,0,0,0,0,1,0,0,0,1,-98,-98,-98,-98,-98,-98,-98,-98,-98
4580,0,-98,0,0,0,-98,-98,-98,0,0,0,0,-97,0,0,0,0,0,0,0,0,0
4581,1,0,0,0,0,-98,0,0,0,0,0,0,0,-98,-98,-98,-98,-98,-98,-98,-98,-98
4582,0,0,0,0,-98,0,0,0,0,0,0,0,0,-98,-98,-98,-98,-98,-98,-98,-98,-98
4583,-98,0,0,0,0,-98,0,0,1,0,0,1,0,0,0,0,0,0,0,0,0,0
4584,1,1,0,0,0,0,0,1,1,0,1,1,1,0,0,0,1,1,0,0,0,0
4585,1,0,0,0,0,-98,0,0,0,0,1,1,0,0,0,0,0,1,0,0,0,0
4586,0,1,0,0,-98,0,0,0,1,0,1,1,0,-98,-98,-98,-98,-98,-98,-98,-98,-98
4587,1,1,1,0,0,0,0,0,0,0,0,0,0,0,0,0,0,0,0,0,0,0
4588,0,0,0,0,0,0,0,0,0,0,0,0,0,0,0,0,0,0,0,0,0,0
4589,-98,-98,-98,-98,-98,-98,0,0,0,0,0,0,-98,0,0,0,0,0,0,0,0,0
4590,0,0,1,1,0,1,0,0,0,0,0,0,0,-98,-98,-98,-98,-98,-98,-98,-98,-98
4591,0,0,0,0,0,1,0,0,1,0,0,0,0,-98,-98,-98,-98,-98,-98,-98,-98,-98
4592,0,1,1,0,0,1,0,0,0,0,0,0,1,-98,-98,-98,-98,-98,-98,-98,-98,-98
4593,0,0,0,0,0,0,0,0,0,0,1,1,0,-98,-98,-98,-98,-98,-98,-98,-98,-98
4594,-98,-98,0,0,0,-98,0,0,0,0,0,0,0,-98,-98,-98,-98,-98,-98,-98,-98,-98
4595,1,0,0,0,0,0,0,0,1,0,0,0,0,-98,-98,-98,-98,-98,-98,-98,-98,-98
4596,0,0,1,0,0,0,0,0,0,0,0,0,0,-98,-98,-98,-98,-98,-98,-98,-98,-98
4597,0,0,-98,-98,0,-98,0,0,0,0,0,0,0,-98,-98,-98,-98,-98,-98,-98,-98,-98
4598,0,0,0,0,0,0,-98,-98,0,0,0,0,0,-98,-98,-98,-98,-98,-98,-98,-98,-98
4599,1,0,1,0,-98,0,0,0,1,1,0,0,1,-98,-98,-98,-98,-98,-98,-98,-98,-98
4600,0,0,0,0,-98,1,-98,-98,1,0,0,0,0,-98,-98,-98,-98,-98,-98,-98,-98,-98
4601,0,0,0,0,0,0,0,0,1,0,1,0,0,0,0,0,1,0,0,0,0,0
4602,0,0,0,0,-98,0,0,0,0,0,0,0,0,-98,-98,-98,-98,-98,-98,-98,-98,-98
4603,-98,-98,0,0,-98,-98,0,0,0,0,1,1,0,-98,-98,-98,-98,-98,-98,-98,-98,-98
4604,1,0,1,1,0,0,1,1,1,0,0,0,0,-98,-98,-98,-98,-98,-98,-98,-98,-98
4605,0,0,0,0,0,-98,0,0,1,0,0,0,0,-98,-98,-98,-98,-98,-98,-98,-98,-98
4606,0,0,1,1,-98,0,0,0,1,0,0,0,0,-98,-98,-98,-98,-98,-98,-98,-98,-98
4607,0,0,0,0,0,0,0,0,0,0,0,0,0,-98,-98,-98,-98,-98,-98,-98,-98,-98
4608,0,0,0,0,-98,-98,-98,-98,1,0,1,1,0,-98,-98,-98,-98,-98,-98,-98,-98,-98
4609,0,0,0,0,-98,0,0,0,0,0,0,0,0,-98,-98,-98,-98,-98,-98,-98,-98,-98
4610,1,0,0,0,0,0,0,0,1,0,0,1,0,0,0,0,0,0,0,0,0,0
4611,0,0,0,0,-98,1,0,0,0,0,1,1,0,-98,-98,-98,-98,-98,-98,-98,-98,-98
4612,0,0,0,0,0,1,0,0,1,1,0,0,0,-98,-98,-98,-98,-98,-98,-98,-98,-98
4613,0,1,0,0,0,-98,0,0,0,0,0,0,0,-98,-98,-98,-98,-98,-98,-98,-98,-98
4614,-98,0,1,1,0,-98,0,0,1,1,0,0,1,0,0,0,1,0,0,0,0,0
4615,0,0,0,0,0,0,0,0,0,0,0,0,0,0,0,0,1,0,0,0,0,0
4616,0,0,1,0,0,0,0,0,0,0,0,0,0,-98,-98,-98,-98,-98,-98,-98,-98,-98
4617,0,0,0,0,0,0,0,0,1,0,0,1,0,-98,-98,-98,-98,-98,-98,-98,-98,-98
4618,0,0,0,0,-98,-98,0,0,0,0,0,0,0,-98,-98,-98,-98,-98,-98,-98,-98,-98
4619,0,0,0,0,0,0,0,0,0,0,0,0,0,-98,-98,-98,-98,-98,-98,-98,-98,-98
4620,0,0,0,0,0,-98,0,0,0,0,1,0,1,-98,-98,-98,-98,-98,-98,-98,-98,-98
4621,0,-98,-98,-98,-98,-98,0,0,0,0,-98,-98,1,-98,-98,-98,-98,-98,-98,-98,-98,-98
4622,1,0,0,0,0,0,0,0,0,0,0,0,0,-98,-98,-98,-98,-98,-98,-98,-98,-98
4623,0,0,0,0,0,0,0,0,1,0,0,0,0,-98,-98,-98,-98,-98,-98,-98,-98,-98
4624,1,0,1,0,0,-98,0,0,1,0,0,0,0,-98,-98,-98,-98,-98,-98,-98,-98,-98
4625,0,0,0,0,0,1,-98,-98,0,0,0,0,0,-98,-98,-98,-98,-98,-98,-98,-98,-98
4626,1,1,1,0,0,0,0,0,1,0,0,0,1,0,0,0,0,0,0,0,0,0
4627,0,0,-98,-98,-98,-98,0,0,1,0,1,1,0,0,0,0,0,0,0,0,0,0
4628,0,0,1,0,0,-98,-98,-98,0,0,0,0,0,-98,-98,-98,-98,-98,-98,-98,-98,-98
4629,1,0,0,0,0,1,0,0,1,0,0,0,0,-98,-98,-98,-98,-98,-98,-98,-98,-98
4630,0,0,0,0,0,0,0,0,1,0,0,0,0,-98,-98,-98,-98,-98,-98,-98,-98,-98
4631,0,-98,0,0,-98,-98,0,0,0,0,0,0,0,-98,-98,-98,-98,-98,-98,-98,-98,-98
4632,1,1,0,0,1,-98,0,0,1,0,0,0,0,0,0,0,0,0,0,0,0,0
4633,1,0,0,0,-98,-98,-98,-98,0,0,0,0,0,-98,-98,-98,-98,-98,-98,-98,-98,-98
4634,0,0,0,0,0,0,0,0,0,0,1,0,0,-98,-98,-98,-98,-98,-98,-98,-98,-98
4635,1,1,0,0,0,1,0,0,0,0,0,0,0,-98,-98,-98,-98,-98,-98,-98,-98,-98
4636,0,0,0,0,0,1,0,0,1,0,0,0,0,-98,-98,-98,-98,-98,-98,-98,-98,-98
4637,-98,0,0,0,-98,-98,0,0,0,0,0,0,1,-98,-98,-98,-98,-98,-98,-98,-98,-98
4638,0,0,0,0,0,0,0,0,1,0,0,0,0,0,0,0,0,0,0,0,0,0
4639,0,0,0,0,0,-98,0,0,0,0,0,0,0,-98,-98,-98,-98,-98,-98,-98,-98,-98
4640,-98,-98,-98,-98,0,-98,0,0,0,0,0,1,0,-98,-98,-98,-98,-98,-98,-98,-98,-98
4641,0,0,0,0,-98,0,0,1,0,0,0,0,0,-98,-98,-98,-98,-98,-98,-98,-98,-98
4642,1,0,0,0,0,0,0,0,1,0,0,0,0,0,0,0,0,0,0,0,0,0
4643,0,0,0,0,0,1,0,0,1,0,0,1,0,-98,-98,-98,-98,-98,-98,-98,-98,-98
4644,-98,-98,-98,-98,-98,-98,0,0,0,0,0,0,0,-98,-98,-98,-98,-98,-98,-98,-98,-98
4645,0,0,0,0,0,0,0,0,0,0,0,0,1,-98,-98,-98,-98,-98,-98,-98,-98,-98
4646,1,1,1,1,0,1,0,0,1,0,0,0,0,-98,-98,-98,-98,-98,-98,-98,-98,-98
4647,1,0,0,0,0,1,0,0,0,0,0,0,0,-98,-98,-98,-98,-98,-98,-98,-98,-98
4648,1,0,0,0,0,-98,0,0,0,0,1,0,0,-98,-98,-98,-98,-98,-98,-98,-98,-98
4649,1,0,0,0,0,0,0,0,1,0,0,0,0,0,0,0,0,0,0,0,0,0
4650,0,-98,0,0,0,-98,0,0,0,0,0,0,0,-98,-98,-98,-98,-98,-98,-98,-98,-98
4651,0,-98,-98,-98,0,-98,0,0,0,0,-98,-98,0,0,0,0,0,0,0,0,1,0
4652,0,-98,0,0,-98,-98,0,0,0,0,0,0,0,-98,-98,-98,-98,-98,-98,-98,-98,-98
4653,0,1,1,0,0,1,0,0,1,0,0,0,0,-98,-98,-98,-98,-98,-98,-98,-98,-98
4654,0,0,0,0,0,-98,0,0,1,0,0,0,0,0,0,0,0,0,0,0,0,0
4655,0,1,1,0,0,-98,0,0,0,0,0,0,0,-98,-98,-98,-98,-98,-98,-98,-98,-98
4656,0,0,0,0,0,0,0,0,1,0,0,0,0,-98,-98,-98,-98,-98,-98,-98,-98,-98
4657,0,0,0,0,0,0,0,0,0,0,0,0,0,-98,-98,-98,-98,-98,-98,-98,-98,-98
4658,0,0,0,0,-98,-98,0,0,0,0,0,0,0,-98,-98,-98,-98,-98,-98,-98,-98,-98
4659,1,0,0,0,0,0,0,0,1,0,0,0,1,-98,-98,-98,-98,-98,-98,-98,-98,-98
4660,0,-98,0,0,0,0,0,0,0,0,0,0,0,-98,-98,-98,-98,-98,-98,-98,-98,-98
4661,0,0,0,0,0,-98,0,0,0,0,0,0,0,0,0,0,0,0,0,0,1,0
4662,0,0,0,0,0,0,0,0,0,0,0,0,0,-98,-98,-98,-98,-98,-98,-98,-98,-98
4663,0,0,0,0,0,-98,0,0,0,0,0,0,0,-98,-98,-98,-98,-98,-98,-98,-98,-98
4664,0,-98,0,0,0,-98,-98,-98,0,0,-98,-98,-98,-98,-98,-98,-98,-98,-98,-98,-98,-98
4665,1,0,0,0,0,0,0,0,1,0,1,0,0,-98,-98,-98,-98,-98,-98,-98,-98,-98
4666,0,0,0,0,0,-98,0,0,0,0,0,0,1,-98,-98,-98,-98,-98,-98,-98,-98,-98
4667,0,0,0,0,0,0,0,0,0,0,0,0,0,-98,-98,-98,-98,-98,-98,-98,-98,-98
4668,0,0,0,0,-98,-98,-98,-98,1,0,0,0,0,-98,-98,-98,-98,-98,-98,-98,-98,-98
4669,1,-98,0,0,-98,0,-98,-98,1,0,0,0,0,0,0,0,0,0,0,0,0,1
4670,-98,-98,-98,-98,-98,-98,0,0,0,0,1,1,0,0,0,0,0,0,0,0,0,0
4671,0,0,0,0,0,0,0,0,1,1,1,1,1,-98,-98,-98,-98,-98,-98,-98,-98,-98
4672,0,0,0,0,-98,-98,0,0,0,0,0,0,0,0,0,0,0,0,0,0,1,0
4673,1,1,0,0,0,1,0,0,0,0,0,0,1,-98,-98,-98,-98,-98,-98,-98,-98,-98
4674,0,0,0,0,-98,0,-98,-98,0,0,0,0,0,-98,-98,-98,-98,-98,-98,-98,-98,-98
4675,0,0,0,0,0,-98,1,1,1,0,1,1,0,0,0,0,0,1,0,0,0,0
4676,1,0,0,0,0,1,1,1,1,0,1,0,0,-98,-98,-98,-98,-98,-98,-98,-98,-98
4677,1,1,0,0,0,1,0,0,0,0,0,0,0,0,0,0,0,0,0,0,1,0
4678,0,-98,1,0,-98,-98,0,0,0,0,0,0,0,-98,-98,-98,-98,-98,-98,-98,-98,-98
4679,-98,0,0,0,0,1,1,1,0,0,0,0,0,-98,-98,-98,-98,-98,-98,-98,-98,-98
4680,0,0,0,0,0,-98,-98,-98,0,0,-98,-98,0,0,0,0,0,0,0,0,1,0
4681,0,0,0,0,0,0,0,0,1,0,0,0,0,0,0,0,0,0,0,0,0,0
4682,0,0,0,0,-98,0,0,0,0,0,0,0,0,-98,-98,-98,-98,-98,-98,-98,-98,-98
4683,0,0,-98,-98,0,-98,0,0,1,0,0,0,0,-98,-98,-98,-98,-98,-98,-98,-98,-98
4684,1,0,0,0,0,1,0,0,0,0,1,1,0,-98,-98,-98,-98,-98,-98,-98,-98,-98
4685,0,0,0,0,0,-98,0,0,0,0,0,0,0,-98,-98,-98,-98,-98,-98,-98,-98,-98
4686,1,0,0,0,0,0,0,0,1,0,0,0,0,-98,-98,-98,-98,-98,-98,-98,-98,-98
4687,0,0,0,0,0,-98,-98,-98,0,0,0,0,0,-98,-98,-98,-98,-98,-98,-98,-98,-98
4688,0,0,1,1,0,1,0,0,0,0,0,0,0,-98,-98,-98,-98,-98,-98,-98,-98,-98
4689,1,1,0,0,0,0,0,0,0,0,0,0,0,-98,-98,-98,-98,-98,-98,-98,-98,-98
4690,0,0,0,0,0,1,0,0,0,0,1,1,1,-98,-98,-98,-98,-98,-98,-98,-98,-98
4691,1,0,1,0,0,1,0,0,1,0,0,0,0,-98,-98,-98,-98,-98,-98,-98,-98,-98
4692,0,1,0,0,0,0,0,0,0,0,0,0,0,-98,-98,-98,-98,-98,-98,-98,-98,-98
4693,-98,-98,-98,-98,-98,-98,0,0,0,0,0,0,0,-98,-98,-98,-98,-98,-98,-98,-98,-98
4694,0,0,0,0,0,0,0,0,0,0,0,0,0,-98,-98,-98,-98,-98,-98,-98,-98,-98
4695,0,1,1,1,-98,0,1,1,0,0,0,1,1,0,0,0,0,0,0,0,0,0
4696,1,1,1,1,0,0,0,0,1,1,0,0,0,0,0,0,0,0,0,0,0,0
4697,1,0,1,1,0,0,0,0,0,0,0,0,0,-98,-98,-98,-98,-98,-98,-98,-98,-98
4698,1,0,1,0,-98,0,0,0,0,0,0,0,0,-98,-98,-98,-98,-98,-98,-98,-98,-98
4699,-98,-98,0,0,-98,0,-98,-98,0,0,0,0,0,-98,-98,-98,-98,-98,-98,-98,-98,-98
4700,-98,-98,-98,-98,-98,-98,-98,-98,-98,-98,-98,-98,0,-98,-98,-98,-98,-98,-98,-98,-98,-98
4701,0,0,0,0,0,-98,0,0,1,1,0,0,0,-98,-98,-98,-98,-98,-98,-98,-98,-98
4702,0,0,0,0,0,0,-98,-98,0,0,1,0,0,-98,-98,-98,-98,-98,-98,-98,-98,-98
4703,-98,0,0,0,-98,0,0,0,0,0,0,0,0,0,0,0,0,0,0,0,0,0
4704,-98,-98,-98,-98,-98,0,0,0,0,0,1,0,0,0,0,0,0,0,0,0,1,0
4705,1,0,0,0,0,1,0,0,0,0,1,1,1,-98,-98,-98,-98,-98,-98,-98,-98,-98
4706,1,0,0,0,0,0,-98,-98,0,0,0,0,0,-98,-98,-98,-98,-98,-98,-98,-98,-98
4707,0,0,0,0,-98,0,0,0,1,0,1,1,1,-98,-98,-98,-98,-98,-98,-98,-98,-98
4708,0,0,0,0,0,0,0,0,0,0,0,0,0,0,0,0,0,0,0,0,0,0
4709,1,0,1,1,0,1,0,0,0,0,0,0,0,-98,-98,-98,-98,-98,-98,-98,-98,-98
4710,1,0,0,0,0,-98,-99,0,0,0,0,0,0,-98,-98,-98,-98,-98,-98,-98,-98,-98
4711,0,0,0,0,0,0,0,0,0,0,0,0,0,0,0,0,0,0,0,0,0,0
4712,1,1,0,1,0,1,0,0,0,0,0,0,1,-98,-98,-98,-98,-98,-98,-98,-98,-98
4713,0,0,0,0,0,0,0,0,0,0,0,0,0,-98,-98,-98,-98,-98,-98,-98,-98,-98
4714,1,0,0,0,0,1,0,0,1,0,0,1,0,-98,-98,-98,-98,-98,-98,-98,-98,-98
4715,0,0,0,0,0,-98,0,0,0,0,0,0,0,-98,-98,-98,-98,-98,-98,-98,-98,-98
4716,0,0,0,0,0,0,0,0,0,0,1,1,0,-98,-98,-98,-98,-98,-98,-98,-98,-98
4717,0,0,1,1,0,0,0,0,0,0,0,0,0,-98,-98,-98,-98,-98,-98,-98,-98,-98
4718,0,0,0,0,0,0,0,0,0,0,0,0,0,-98,-98,-98,-98,-98,-98,-98,-98,-98
4719,0,0,0,0,0,-98,0,0,0,0,0,0,0,-98,-98,-98,-98,-98,-98,-98,-98,-98
4720,-98,0,0,0,-98,-98,1,0,0,0,0,0,0,-98,-98,-98,-98,-98,-98,-98,-98,-98
4721,0,0,0,0,-98,0,0,0,0,0,0,0,0,-98,-98,-98,-98,-98,-98,-98,-98,-98
4722,0,0,0,0,0,0,0,0,0,0,0,0,1,-98,-98,-98,-98,-98,-98,-98,-98,-98
4723,0,0,0,0,0,-98,0,0,0,0,0,0,1,0,0,0,0,0,0,0,0,1
4724,1,0,0,0,0,-98,0,0,1,0,0,0,1,-98,-98,-98,-98,-98,-98,-98,-98,-98
4725,0,0,0,0,0,0,0,0,0,0,1,1,0,0,0,0,0,0,0,0,0,0
4726,1,1,0,0,0,0,0,0,1,0,0,0,1,-98,-98,-98,-98,-98,-98,-98,-98,-98
4727,0,0,0,0,0,-98,0,0,0,0,1,1,0,-98,-98,-98,-98,-98,-98,-98,-98,-98
4728,0,0,0,0,0,0,0,0,1,0,1,1,0,-98,-98,-98,-98,-98,-98,-98,-98,-98
4729,0,0,0,0,0,-98,0,0,0,0,0,0,0,0,0,0,0,0,0,0,0,0
4730,0,0,0,0,0,1,0,0,1,0,1,1,1,-98,-98,-98,-98,-98,-98,-98,-98,-98
4731,-98,-98,-98,-98,-98,-98,-98,-98,-98,-98,-98,-98,-98,0,0,0,0,0,0,0,0,0
4732,0,0,0,0,0,1,0,0,0,0,0,0,1,-98,-98,-98,-98,-98,-98,-98,-98,-98
4733,0,0,0,0,0,0,0,0,0,0,0,0,0,-98,-98,-98,-98,-98,-98,-98,-98,-98
4734,0,0,-98,-98,-98,0,0,0,1,1,0,0,1,-98,-98,-98,-98,-98,-98,-98,-98,-98
4735,0,-98,0,0,0,-98,0,0,1,0,1,0,0,-98,-98,-98,-98,-98,-98,-98,-98,-98
4736,1,1,0,0,0,0,0,0,0,0,0,0,0,-98,-98,-98,-98,-98,-98,-98,-98,-98
4737,1,1,1,0,0,-98,0,0,0,0,0,0,0,-98,-98,-98,-98,-98,-98,-98,-98,-98
4738,0,0,0,0,0,0,0,0,0,0,0,0,0,-98,-98,-98,-98,-98,-98,-98,-98,-98
4739,0,0,0,0,0,0,0,0,1,0,0,0,1,0,0,0,0,0,0,0,0,0
4740,0,-98,0,0,-98,1,0,0,0,0,0,0,0,-98,-98,-98,-98,-98,-98,-98,-98,-98
4741,0,0,0,0,0,0,1,1,0,0,0,0,0,-98,-98,-98,-98,-98,-98,-98,-98,-98
4742,0,0,1,1,-98,0,0,0,0,0,0,0,0,-98,-98,-98,-98,-98,-98,-98,-98,-98
4743,-98,-98,-98,-98,-98,-98,-98,-98,0,0,1,0,0,-99,-99,-99,-99,-99,-99,-99,-99,-99
4744,1,1,1,0,0,1,0,0,1,1,0,1,0,-98,-98,-98,-98,-98,-98,-98,-98,-98
4745,-98,0,0,0,-98,1,0,0,0,0,0,0,0,-98,-98,-98,-98,-98,-98,-98,-98,-98
4746,0,0,0,0,0,0,0,0,0,0,1,0,0,0,0,0,1,0,0,0,0,0
4747,0,0,0,0,0,0,0,0,1,0,0,0,0,-98,-98,-98,-98,-98,-98,-98,-98,-98
4748,1,0,0,0,0,0,0,0,1,0,0,0,0,-98,-98,-98,-98,-98,-98,-98,-98,-98
4749,0,0,0,0,0,-98,-98,-98,1,0,0,0,0,-98,-98,-98,-98,-98,-98,-98,-98,-98
4750,0,1,0,0,0,-98,0,0,0,0,0,0,0,-98,-98,-98,-98,-98,-98,-98,-98,-98
4751,0,0,0,0,-98,0,-98,-98,0,0,1,0,0,0,0,0,0,0,0,0,0,0
4752,0,0,0,0,0,0,0,0,0,0,1,1,1,0,0,0,1,1,0,0,0,0
4753,1,-98,1,0,-98,0,0,0,-98,-98,-98,-98,0,0,0,0,0,0,0,0,1,0
4754,0,0,0,0,0,1,0,0,0,0,-98,-98,0,-98,-98,-98,-98,-98,-98,-98,-98,-98
4755,0,0,0,0,-98,0,0,0,0,0,0,0,0,-98,-98,-98,-98,-98,-98,-98,-98,-98
4756,0,0,0,0,-98,0,0,0,0,0,0,0,0,-98,-98,-98,-98,-98,-98,-98,-98,-98
4757,1,1,0,0,0,0,0,0,1,0,0,0,0,-98,-98,-98,-98,-98,-98,-98,-98,-98
4758,0,0,0,0,-98,0,0,0,1,0,1,1,0,-98,-98,-98,-98,-98,-98,-98,-98,-98
4759,0,-98,-98,-98,-98,1,-98,-98,0,0,0,0,0,-98,-98,-98,-98,-98,-98,-98,-98,-98
4760,-98,-98,0,0,-98,0,0,0,0,0,0,0,0,-98,-98,-98,-98,-98,-98,-98,-98,-98
4761,0,0,0,0,0,0,0,0,1,0,0,0,0,-98,-98,-98,-98,-98,-98,-98,-98,-98
4762,-98,0,0,0,0,-98,-98,-98,1,0,0,0,0,-98,-98,-98,-98,-98,-98,-98,-98,-98
4763,0,0,0,0,0,1,0,0,1,1,0,0,1,-98,-98,-98,-98,-98,-98,-98,-98,-98
4764,0,1,0,0,0,1,0,0,0,0,0,0,0,-98,-98,-98,-98,-98,-98,-98,-98,-98
4765,0,1,0,0,0,1,0,0,0,0,0,0,0,-98,-98,-98,-98,-98,-98,-98,-98,-98
4766,0,0,0,0,0,0,0,0,0,0,0,0,0,-98,-98,-98,-98,-98,-98,-98,-98,-98
4767,0,0,0,0,0,0,0,0,1,1,0,0,1,-98,-98,-98,-98,-98,-98,-98,-98,-98
4768,0,0,0,0,-98,0,0,0,0,0,0,0,0,-98,-98,-98,-98,-98,-98,-98,-98,-98
4769,-98,-98,-98,-98,-98,-98,-98,-98,-98,-98,-98,-98,-98,-98,-98,-98,-98,-98,-98,-98,-98,-98
4770,0,0,0,1,0,-98,1,1,0,0,0,0,1,-98,-98,-98,-98,-98,-98,-98,-98,-98
4771,0,1,1,1,0,-98,0,0,0,0,0,0,0,0,0,0,0,0,0,0,0,0
4772,0,0,0,0,0,-98,-98,-98,0,0,0,0,0,-98,-98,-98,-98,-98,-98,-98,-98,-98
4773,0,0,0,0,0,0,0,0,0,0,1,1,1,-98,-98,-98,-98,-98,-98,-98,-98,-98
4774,0,0,0,0,0,-98,0,0,1,0,1,0,0,-98,-98,-98,-98,-98,-98,-98,-98,-98
4775,0,0,-98,-98,-98,-98,-98,-98,0,0,0,0,0,0,0,0,1,0,0,0,0,0
4776,0,0,0,0,0,0,0,0,0,0,1,1,1,-98,-98,-98,-98,-98,-98,-98,-98,-98
4777,-98,0,0,0,-98,-98,-98,-98,0,0,0,0,0,0,0,0,0,0,0,0,1,0
4778,1,1,0,0,0,1,0,0,1,0,1,0,0,-98,-98,-98,-98,-98,-98,-98,-98,-98
4779,0,-98,0,0,0,1,0,0,0,0,0,0,0,-98,-98,-98,-98,-98,-98,-98,-98,-98
4780,-98,-98,-98,-98,-98,-98,0,0,0,0,-98,-98,0,-98,-98,-98,-98,-98,-98,-98,-98,-98
4781,0,0,0,0,-98,0,0,0,0,0,0,1,0,0,0,0,0,0,0,1,1,0
4782,0,0,0,0,0,0,0,0,1,1,0,1,1,-98,-98,-98,-98,-98,-98,-98,-98,-98
4783,1,0,0,0,0,-98,0,0,1,0,0,0,1,-98,-98,-98,-98,-98,-98,-98,-98,-98
4784,0,0,0,0,0,0,0,0,0,0,0,0,0,-98,-98,-98,-98,-98,-98,-98,-98,-98
4785,-98,-98,0,0,-98,-98,0,0,0,0,-98,-98,0,-98,-98,-98,-98,-98,-98,-98,-98,-98
4786,0,0,1,0,0,1,0,0,0,0,0,0,1,-98,-98,-98,-98,-98,-98,-98,-98,-98
4787,0,-98,-98,-98,-98,-98,-98,-98,-98,-98,-98,-98,-98,-98,-98,-98,-98,-98,-98,-98,-98,-98
4788,1,1,1,1,0,1,0,0,0,0,1,1,1,-98,-98,-98,-98,-98,-98,-98,-98,-98
4789,0,0,0,0,0,0,0,0,1,0,0,0,0,-98,-98,-98,-98,-98,-98,-98,-98,-98
4790,1,-97,1,0,0,1,0,0,0,0,0,0,0,-98,-98,-98,-98,-98,-98,-98,-98,-98
4791,0,0,0,0,0,-98,0,0,0,0,1,0,0,0,0,0,0,0,0,0,0,0
4792,1,1,0,0,0,-98,0,0,0,0,0,0,0,-98,-98,-98,-98,-98,-98,-98,-98,-98
4793,0,0,0,0,0,-98,0,0,1,1,0,1,1,0,0,1,0,0,0,0,0,0
4794,0,0,0,0,0,-98,0,0,0,0,1,1,0,0,0,0,0,1,0,0,0,0
4795,1,0,1,1,0,1,0,0,1,0,0,0,0,-98,-98,-98,-98,-98,-98,-98,-98,-98
4796,0,0,0,0,0,0,0,0,1,0,0,0,0,-98,-98,-98,-98,-98,-98,-98,-98,-98
4797,0,0,0,0,0,0,-98,-98,0,0,0,0,0,-98,-98,-98,-98,-98,-98,-98,-98,-98
4798,1,0,0,0,-98,-98,0,0,1,0,1,0,0,-98,-98,-98,-98,-98,-98,-98,-98,-98
4799,1,0,0,0,0,1,0,0,1,0,1,1,0,-98,-98,-98,-98,-98,-98,-98,-98,-98
4800,0,0,0,0,0,0,0,0,1,0,0,0,0,-98,-98,-98,-98,-98,-98,-98,-98,-98
4801,1,1,1,1,0,0,0,0,0,0,0,0,0,-98,-98,-98,-98,-98,-98,-98,-98,-98
4802,0,0,-98,-98,-98,-98,-98,-98,0,0,0,0,0,0,0,0,0,0,0,0,0,0
4803,0,0,0,0,0,1,0,0,1,0,0,0,1,-98,-98,-98,-98,-98,-98,-98,-98,-98
4804,-98,0,0,0,-98,-98,0,0,0,0,0,0,1,-98,-98,-98,-98,-98,-98,-98,-98,-98
4805,1,0,0,0,0,-98,0,0,0,0,0,0,0,-98,-98,-98,-98,-98,-98,-98,-98,-98
4806,0,0,0,0,0,0,0,0,0,0,0,0,1,-98,-98,-98,-98,-98,-98,-98,-98,-98
4807,1,0,0,0,0,-98,0,0,1,0,1,1,0,0,0,0,0,0,0,0,1,0
4808,0,-98,0,0,0,-98,-98,-98,0,0,0,0,0,-98,-98,-98,-98,-98,-98,-98,-98,-98
4809,0,0,0,0,0,-98,0,0,1,0,0,0,1,-98,-98,-98,-98,-98,-98,-98,-98,-98
4810,1,0,0,0,0,0,0,0,0,0,0,0,0,-98,-98,-98,-98,-98,-98,-98,-98,-98
4811,0,0,1,1,0,1,0,0,0,0,0,0,0,-98,-98,-98,-98,-98,-98,-98,-98,-98
4812,0,-98,0,0,0,0,0,0,1,0,0,0,1,-98,-98,-98,-98,-98,-98,-98,-98,-98
4813,0,0,0,0,0,-98,1,1,0,0,1,0,0,0,0,0,0,0,0,0,1,0
4814,0,0,0,0,0,0,0,0,1,0,0,0,0,0,0,0,0,0,0,0,1,0
4815,0,1,0,0,1,1,0,0,0,0,0,0,1,-98,-98,-98,-98,-98,-98,-98,-98,-98
4816,1,0,0,0,0,0,0,0,0,0,1,0,0,-98,-98,-98,-98,-98,-98,-98,-98,-98
4817,1,0,0,0,0,0,0,0,0,0,0,0,0,-98,-98,-98,-98,-98,-98,-98,-98,-98
4818,0,0,0,0,0,0,0,0,0,0,0,0,1,0,0,0,0,0,0,0,0,0
4819,1,-98,-98,-98,0,-98,-98,-98,0,0,-5,-5,-98,-98,-98,-98,-98,-98,-98,-98,-98,-98
4820,1,1,1,1,0,0,0,0,1,0,0,0,1,-98,-98,-98,-98,-98,-98,-98,-98,-98
4821,0,0,0,0,0,0,0,0,0,0,0,0,0,-98,-98,-98,-98,-98,-98,-98,-98,-98
4822,1,1,1,-97,-98,-98,0,0,1,0,1,0,0,0,0,0,0,0,0,0,0,0
4823,1,1,0,0,0,0,0,0,0,0,0,0,0,-98,-98,-98,-98,-98,-98,-98,-98,-98
4824,0,0,0,0,0,0,0,0,1,0,0,0,0,-98,-98,-98,-98,-98,-98,-98,-98,-98
4825,-98,0,-98,-98,-98,-98,-98,-98,0,0,0,0,0,-98,-98,-98,-98,-98,-98,-98,-98,-98
4826,0,0,0,0,0,0,0,0,0,0,0,0,0,0,0,0,1,0,0,1,0,0
4827,0,0,0,0,-98,0,0,0,0,0,0,1,1,-98,-98,-98,-98,-98,-98,-98,-98,-98
4828,0,0,0,0,-98,1,1,0,0,0,0,0,0,-98,-98,-98,-98,-98,-98,-98,-98,-98
4829,0,1,0,1,0,1,0,0,1,0,0,0,0,-98,-98,-98,-98,-98,-98,-98,-98,-98
4830,1,0,0,0,0,-98,0,0,1,0,1,1,0,-98,-98,-98,-98,-98,-98,-98,-98,-98
4831,-98,0,0,0,-98,-98,0,0,0,0,0,0,0,-98,-98,-98,-98,-98,-98,-98,-98,-98
4832,0,1,0,0,1,0,0,0,0,0,0,0,0,-98,-98,-98,-98,-98,-98,-98,-98,-98
4833,1,1,0,0,0,1,0,0,0,0,1,0,1,-98,-98,-98,-98,-98,-98,-98,-98,-98
4834,0,1,1,0,1,-98,0,0,0,0,0,0,0,-98,-98,-98,-98,-98,-98,-98,-98,-98
4835,1,1,0,0,0,1,0,0,1,0,0,0,0,-98,-98,-98,-98,-98,-98,-98,-98,-98
4836,0,0,0,0,0,0,0,0,1,1,0,0,0,-98,-98,-98,-98,-98,-98,-98,-98,-98
4837,0,0,0,0,0,0,1,1,0,0,0,0,0,-98,-98,-98,-98,-98,-98,-98,-98,-98
4838,0,0,0,0,0,-98,0,0,1,0,0,0,0,-98,-98,-98,-98,-98,-98,-98,-98,-98
4839,1,0,0,0,0,0,1,1,0,0,0,0,0,-98,-98,-98,-98,-98,-98,-98,-98,-98
4840,0,0,0,0,0,0,0,0,0,0,1,1,0,-98,-98,-98,-98,-98,-98,-98,-98,-98
4841,1,1,1,0,0,1,0,0,1,0,0,0,0,-98,-98,-98,-98,-98,-98,-98,-98,-98
4842,0,0,1,1,0,1,0,0,1,0,0,0,1,-98,-98,-98,-98,-98,-98,-98,-98,-98
4843,1,1,1,1,0,1,0,0,0,0,0,0,1,-98,-98,-98,-98,-98,-98,-98,-98,-98
4844,0,0,0,0,0,0,0,0,0,0,0,0,0,-98,-98,-98,-98,-98,-98,-98,-98,-98
4845,0,1,1,1,0,0,0,0,0,0,0,0,1,0,0,0,0,0,0,0,0,0
4846,0,0,-98,-98,0,-98,-98,-98,0,0,0,0,0,-98,-98,-98,-98,-98,-98,-98,-98,-98
4847,0,0,0,0,0,-98,0,0,1,0,0,0,1,-98,-98,-98,-98,-98,-98,-98,-98,-98
4848,0,0,0,0,0,0,0,0,0,0,0,0,0,0,0,0,0,0,0,0,0,0
4849,0,0,0,0,0,0,0,0,0,0,0,0,0,0,0,1,1,0,0,0,0,0
4850,-98,-98,-98,-98,-98,-98,-98,-98,0,0,1,1,-98,0,0,0,0,0,0,0,0,0
4851,0,0,0,0,-98,-98,0,0,0,0,1,1,1,0,0,0,0,0,0,0,1,0
4852,0,0,1,0,0,0,0,0,1,0,0,1,0,0,0,0,0,1,0,0,1,0
4853,-98,0,0,0,0,1,0,0,0,0,0,0,0,-98,-98,-98,-98,-98,-98,-98,-98,-98
4854,0,0,0,0,0,-98,0,0,0,0,0,0,0,-98,-98,-98,-98,-98,-98,-98,-98,-98
4855,0,0,0,0,0,0,0,0,0,0,0,0,0,-98,-98,-98,-98,-98,-98,-98,-98,-98
4856,-98,-98,0,0,0,-98,-98,-98,0,0,0,0,0,0,0,0,0,0,0,0,0,0
4857,0,0,0,0,-98,0,0,0,0,0,0,0,0,-98,-98,-98,-98,-98,-98,-98,-98,-98
4858,1,1,0,0,0,-98,0,0,1,0,0,0,0,-98,-98,-98,-98,-98,-98,-98,-98,-98
4859,1,1,0,0,0,1,0,0,0,0,0,0,0,-98,-98,-98,-98,-98,-98,-98,-98,-98
4860,-98,-98,-98,-98,-98,-98,-98,-98,0,0,1,1,0,-98,-98,-98,-98,-98,-98,-98,-98,-98
4861,1,0,0,0,0,-98,0,0,0,0,0,1,0,-98,-98,-98,-98,-98,-98,-98,-98,-98
4862,0,0,1,0,0,1,0,0,0,0,0,0,0,-98,-98,-98,-98,-98,-98,-98,-98,-98
4863,0,0,0,1,-98,-98,0,0,0,0,0,0,0,-98,-98,-98,-98,-98,-98,-98,-98,-98
4864,0,0,0,0,0,0,0,0,0,0,1,0,0,-98,-98,-98,-98,-98,-98,-98,-98,-98
4865,1,1,1,1,0,0,0,0,0,0,0,0,0,-98,-98,-98,-98,-98,-98,-98,-98,-98
4866,0,0,0,0,0,1,0,0,0,0,1,0,0,-98,-98,-98,-98,-98,-98,-98,-98,-98
4867,0,-98,0,0,-98,-98,-98,-98,0,0,0,0,0,-98,-98,-98,-98,-98,-98,-98,-98,-98
4868,0,0,0,0,0,-98,0,0,1,0,0,0,0,-98,-98,-98,-98,-98,-98,-98,-98,-98
4869,0,0,1,0,-98,-98,0,0,0,0,0,0,0,-98,-98,-98,-98,-98,-98,-98,-98,-98
4870,-98,-98,-98,-98,-98,-98,0,0,-98,-98,-98,-98,-98,0,0,0,0,0,0,0,1,0
4871,0,0,0,0,-98,0,0,0,0,0,0,0,0,-98,-98,-98,-98,-98,-98,-98,-98,-98
4872,-98,-98,-98,-98,-98,-98,-98,-98,-98,-98,-98,-98,-98,-98,-98,-98,-98,-98,-98,-98,-98,-98
4873,-98,-98,-98,-98,-98,-98,-98,-98,1,0,-98,-98,0,-98,-98,-98,-98,-98,-98,-98,-98,-98
4874,1,1,1,0,0,1,0,0,1,0,0,0,0,0,0,0,0,0,0,0,0,0
4875,-98,-98,-98,-98,-98,0,-98,-98,0,0,1,1,0,-98,-98,-98,-98,-98,-98,-98,-98,-98
4876,0,0,0,0,-98,-98,-98,-98,0,0,0,0,0,-98,-98,-98,-98,-98,-98,-98,-98,-98
4877,0,0,0,0,0,0,-98,-98,1,1,0,0,0,0,0,0,1,0,0,0,0,0
4878,0,-98,0,0,0,-98,0,0,0,0,0,0,0,-98,-98,-98,-98,-98,-98,-98,-98,-98
4879,-98,0,0,0,-98,0,0,0,0,0,1,0,0,0,0,0,0,0,0,0,0,0
4880,0,0,1,0,0,-98,0,0,0,0,0,0,1,0,0,0,0,0,0,0,1,0
4881,0,1,1,1,0,1,0,0,0,0,1,0,0,-98,-98,-98,-98,-98,-98,-98,-98,-98
4882,0,0,0,0,0,0,-98,-98,1,0,0,1,0,-98,-98,-98,-98,-98,-98,-98,-98,-98
4883,-98,0,-98,-98,0,-98,0,0,0,0,0,0,0,0,0,0,1,0,0,0,0,0
4884,0,0,1,1,0,0,0,0,0,0,1,0,0,-98,-98,-98,-98,-98,-98,-98,-98,-98
4885,0,0,0,0,0,-98,0,0,0,0,0,0,0,-98,-98,-98,-98,-98,-98,-98,-98,-98
4886,0,0,0,0,0,-98,0,0,0,0,0,0,0,-98,-98,-98,-98,-98,-98,-98,-98,-98
4887,1,0,0,0,0,0,0,0,1,0,0,0,0,0,0,0,0,0,0,0,0,0
4888,0,0,0,0,0,1,0,0,0,0,0,0,1,-98,-98,-98,-98,-98,-98,-98,-98,-98
4889,0,0,0,0,-98,0,0,0,0,0,0,0,0,0,0,0,1,0,0,0,0,0
4890,0,0,0,0,0,-98,-98,-98,0,0,0,0,0,-98,-98,-98,-98,-98,-98,-98,-98,-98
4891,0,0,0,0,0,-98,-98,-98,0,0,0,0,0,-98,-98,-98,-98,-98,-98,-98,-98,-98
4892,1,1,0,0,0,-98,0,0,0,0,0,0,0,0,0,0,0,0,0,0,0,0
4893,0,0,0,0,0,1,-98,-98,0,0,0,0,0,-98,-98,-98,-98,-98,-98,-98,-98,-98
4894,1,0,0,0,0,0,0,0,1,0,0,0,0,-98,-98,-98,-98,-98,-98,-98,-98,-98
4895,1,1,1,0,0,-98,0,0,0,0,0,0,0,-98,-98,-98,-98,-98,-98,-98,-98,-98
4896,0,-98,0,0,-98,-98,0,0,0,0,0,0,0,-98,-98,-98,-98,-98,-98,-98,-98,-98
4897,0,0,-98,-98,-98,-98,-98,-98,0,0,0,0,0,0,0,0,0,0,0,0,1,1
4898,0,1,1,1,0,-98,0,0,0,0,0,0,0,-98,-98,-98,-98,-98,-98,-98,-98,-98
4899,0,0,0,0,0,0,0,0,1,1,1,0,0,-98,-98,-98,-98,-98,-98,-98,-98,-98
4900,0,0,0,0,0,0,0,0,0,0,0,0,0,0,0,0,0,0,0,0,1,0
4901,0,1,0,0,0,-98,0,0,0,0,0,0,1,-98,-98,-98,-98,-98,-98,-98,-98,-98
4902,0,0,0,0,0,-98,0,0,1,0,1,1,1,0,0,0,0,1,0,0,0,0
4903,0,0,0,0,0,0,0,0,0,0,0,0,1,-98,-98,-98,-98,-98,-98,-98,-98,-98
4904,-98,-98,-98,-98,-98,-98,-98,-98,0,0,0,0,0,-98,-98,-98,-98,-98,-98,-98,-98,-98
4905,0,0,0,0,0,-98,1,1,0,0,0,0,1,-98,-98,-98,-98,-98,-98,-98,-98,-98
4906,0,0,0,0,0,-98,-98,-98,1,0,0,0,0,-98,-98,-98,-98,-98,-98,-98,-98,-98
4907,0,0,0,0,0,-98,0,0,0,0,0,0,0,-98,-98,-98,-98,-98,-98,-98,-98,-98
4908,1,0,0,0,-98,0,-98,-98,0,0,0,0,0,0,0,0,0,0,0,0,0,0
4909,0,0,0,0,0,0,0,0,0,0,0,0,0,-98,-98,-98,-98,-98,-98,-98,-98,-98
4910,0,0,0,0,0,-98,0,0,0,0,0,0,0,-98,-98,-98,-98,-98,-98,-98,-98,-98
4911,0,0,0,0,-98,-98,0,0,0,0,0,0,0,0,0,0,0,0,0,0,1,0
4912,0,0,0,0,0,0,0,0,1,0,0,0,0,-98,-98,-98,-98,-98,-98,-98,-98,-98
4913,0,0,0,0,-98,0,0,0,1,1,0,0,0,-98,-98,-98,-98,-98,-98,-98,-98,-98
4914,-98,-98,-98,-98,-98,-98,-98,-98,-98,-98,-98,-98,-98,0,0,0,0,0,0,0,0,0
4915,0,0,0,0,0,0,0,0,0,0,0,0,0,-98,-98,-98,-98,-98,-98,-98,-98,-98
4916,0,0,0,0,-98,1,-98,-98,1,0,1,1,0,0,0,0,0,0,0,0,0,0
4917,0,1,0,0,0,0,0,0,0,0,0,0,0,-98,-98,-98,-98,-98,-98,-98,-98,-98
4918,0,0,0,0,0,0,0,0,0,0,0,0,0,-98,-98,-98,-98,-98,-98,-98,-98,-98
4919,0,0,0,0,0,0,0,0,1,0,0,0,0,0,0,0,0,0,0,0,0,0
4920,0,-98,0,0,0,0,0,0,0,0,0,0,0,-98,-98,-98,-98,-98,-98,-98,-98,-98
4921,0,0,0,0,0,-98,-98,-98,0,0,0,0,0,-98,-98,-98,-98,-98,-98,-98,-98,-98
4922,0,0,1,1,0,0,1,1,0,0,-98,-98,0,-98,-98,-98,-98,-98,-98,-98,-98,-98
4923,-98,-98,-98,-98,-98,-98,-98,-98,-98,-98,-98,-98,-98,-98,-98,-98,-98,-98,-98,-98,-98,-98
4924,0,-98,0,0,0,-98,0,0,0,0,0,0,0,-98,-98,-98,-98,-98,-98,-98,-98,-98
4925,0,0,0,0,0,0,0,0,0,0,0,1,1,0,0,1,0,0,0,0,0,1
4926,-98,0,0,0,0,-98,-98,-98,0,0,0,0,0,0,0,0,0,0,0,0,1,0
4927,0,0,1,1,0,1,0,0,0,0,0,0,-98,-98,-98,-98,-98,-98,-98,-98,-98,-98
4928,0,0,0,0,0,0,0,0,0,0,0,0,0,-98,-98,-98,-98,-98,-98,-98,-98,-98
4929,0,0,0,0,0,0,0,0,0,0,0,0,1,-98,-98,-98,-98,-98,-98,-98,-98,-98
4930,0,0,0,0,0,0,0,0,0,0,0,0,0,0,0,0,0,0,0,0,1,0
4931,0,0,0,0,0,-98,-98,-98,0,0,0,0,1,0,0,0,0,0,0,0,1,0
4932,0,0,0,0,0,1,0,0,0,0,0,0,1,-98,-98,-98,-98,-98,-98,-98,-98,-98
4933,0,0,1,1,0,0,0,0,1,0,0,0,0,-98,-98,-98,-98,-98,-98,-98,-98,-98
4934,0,0,0,0,0,0,0,0,0,0,0,0,0,-98,-98,-98,-98,-98,-98,-98,-98,-98
4935,0,0,0,0,0,0,0,0,0,0,0,0,0,-98,-98,-98,-98,-98,-98,-98,-98,-98
4936,-98,-98,0,0,-98,-98,-98,-98,0,0,0,0,0,-98,-98,-98,-98,-98,-98,-98,-98,-98
4937,0,0,1,1,0,-98,0,0,1,0,0,0,0,-98,-98,-98,-98,-98,-98,-98,-98,-98
4938,1,0,0,0,0,0,0,0,0,0,0,0,1,-98,-98,-98,-98,-98,-98,-98,-98,-98
4939,0,0,0,0,0,0,0,0,0,0,0,0,0,-98,-98,-98,-98,-98,-98,-98,-98,-98
4940,0,0,0,0,0,1,0,0,0,0,0,0,1,-98,-98,-98,-98,-98,-98,-98,-98,-98
4941,0,1,0,0,0,1,0,0,1,0,0,0,0,-98,-98,-98,-98,-98,-98,-98,-98,-98
4942,1,0,1,0,0,0,0,0,1,0,0,0,0,-98,-98,-98,-98,-98,-98,-98,-98,-98
4943,0,0,0,0,-98,0,0,0,0,0,1,0,1,-98,-98,-98,-98,-98,-98,-98,-98,-98
4944,0,0,0,0,0,0,0,0,0,0,0,0,0,-98,-98,-98,-98,-98,-98,-98,-98,-98
4945,-98,0,0,0,0,0,0,0,1,0,0,0,0,-98,-98,-98,-98,-98,-98,-98,-98,-98
4946,0,0,1,1,0,0,0,0,0,0,0,0,0,-98,-98,-98,-98,-98,-98,-98,-98,-98
4947,0,0,0,0,0,0,0,0,0,0,0,0,0,-98,-98,-98,-98,-98,-98,-98,-98,-98
4948,0,0,1,0,0,0,1,1,0,0,0,0,0,-98,-98,-98,-98,-98,-98,-98,-98,-98
4949,1,0,0,0,0,1,0,0,1,0,0,0,0,0,0,0,0,0,0,0,0,0
4950,1,1,1,1,0,1,0,0,1,0,0,0,0,-98,-98,-98,-98,-98,-98,-98,-98,-98
4951,0,0,0,0,0,0,1,1,1,1,1,1,0,-98,-98,-98,-98,-98,-98,-98,-98,-98
4952,0,0,0,0,-98,0,0,0,0,0,0,0,0,-98,-98,-98,-98,-98,-98,-98,-98,-98
4953,0,0,1,0,0,1,0,0,0,0,0,0,0,-98,-98,-98,-98,-98,-98,-98,-98,-98
4954,1,0,0,0,0,1,0,0,1,1,1,1,0,-98,-98,-98,-98,-98,-98,-98,-98,-98
4955,0,0,0,0,0,-98,0,0,1,1,0,0,0,-98,-98,-98,-98,-98,-98,-98,-98,-98
4956,0,0,0,0,0,0,-98,-98,0,0,0,0,0,0,0,0,0,0,0,0,0,0
4957,0,0,0,0,-98,-98,0,0,0,0,0,0,1,-98,-98,-98,-98,-98,-98,-98,-98,-98
4958,1,0,0,0,0,0,0,0,0,0,0,0,1,0,0,0,0,0,0,0,0,0
4959,0,-98,0,0,-98,0,0,0,0,0,0,0,0,-98,-98,-98,-98,-98,-98,-98,-98,-98
4960,0,0,0,0,0,0,0,0,0,0,1,1,0,0,0,0,0,0,0,0,0,0
4961,0,0,0,0,-98,-98,-98,-98,0,0,0,0,0,-98,-98,-98,-98,-98,-98,-98,-98,-98
4962,0,0,0,0,0,0,0,0,0,0,0,0,0,-98,-98,-98,-98,-98,-98,-98,-98,-98
4963,1,0,1,0,0,0,0,0,0,0,0,0,0,0,0,0,0,0,0,0,0,0
4964,1,0,0,0,0,0,0,0,0,0,0,0,0,-98,-98,-98,-98,-98,-98,-98,-98,-98
4965,0,0,1,0,0,0,0,0,0,0,0,0,0,-98,-98,-98,-98,-98,-98,-98,-98,-98
4966,0,0,0,0,0,0,0,0,0,0,0,0,0,-98,-98,-98,-98,-98,-98,-98,-98,-98
4967,0,0,0,0,0,0,-98,-98,0,0,0,0,0,-98,-98,-98,-98,-98,-98,-98,-98,-98
4968,0,0,0,0,0,-98,0,0,0,0,0,0,0,0,0,0,0,0,0,0,0,0
4969,0,0,0,0,0,-98,-98,-98,1,0,0,0,-98,-98,-98,-98,-98,-98,-98,-98,-98,-98
4970,-98,-98,-98,-98,-98,-98,0,0,0,0,0,0,0,-98,-98,-98,-98,-98,-98,-98,-98,-98
4971,1,0,0,0,0,1,0,0,0,0,0,0,0,-98,-98,-98,-98,-98,-98,-98,-98,-98
4972,0,0,0,0,0,-98,0,0,1,0,0,0,0,-98,-98,-98,-98,-98,-98,-98,-98,-98
4973,0,-98,-98,-98,0,-98,-98,-98,0,0,1,0,0,-98,-98,-98,-98,-98,-98,-98,-98,-98
4974,1,0,0,0,0,0,0,0,0,0,0,0,0,0,0,0,0,0,0,0,1,0
4975,0,0,0,0,0,-98,0,0,0,0,0,0,0,-98,-98,-98,-98,-98,-98,-98,-98,-98
4976,1,1,0,0,0,1,0,0,1,0,0,0,0,-98,-98,-98,-98,-98,-98,-98,-98,-98
4977,1,1,1,1,0,0,0,0,0,0,0,0,0,-98,-98,-98,-98,-98,-98,-98,-98,-98
4978,0,0,0,0,0,0,0,0,0,0,1,1,1,-98,-98,-98,-98,-98,-98,-98,-98,-98
4979,1,1,0,0,0,0,0,0,0,0,0,0,1,-98,-98,-98,-98,-98,-98,-98,-98,-98
4980,0,0,0,0,0,-98,0,0,0,0,0,0,0,-98,-98,-98,-98,-98,-98,-98,-98,-98
4981,0,0,0,0,0,1,0,0,0,0,0,0,1,-98,-98,-98,-98,-98,-98,-98,-98,-98
4982,0,0,0,0,0,-98,0,0,0,0,0,1,0,-98,-98,-98,-98,-98,-98,-98,-98,-98
4983,0,0,0,0,0,0,1,1,1,0,1,1,0,-98,-98,-98,-98,-98,-98,-98,-98,-98
4984,0,0,0,0,0,0,0,0,0,0,0,0,0,-98,-98,-98,-98,-98,-98,-98,-98,-98
4985,0,0,0,0,-98,-98,-98,-98,0,0,0,0,0,0,0,0,0,0,0,0,0,0
4986,0,-98,0,0,-98,1,0,0,0,0,1,1,1,0,0,0,0,0,0,0,1,0
4987,1,0,0,0,0,-98,0,0,0,0,1,0,0,-98,-98,-98,-98,-98,-98,-98,-98,-98
4988,-98,1,1,0,-98,1,0,0,0,0,0,0,0,-98,-98,-98,-98,-98,-98,-98,-98,-98
4989,0,0,0,0,0,1,0,0,1,0,0,0,0,-98,-98,-98,-98,-98,-98,-98,-98,-98
4990,-98,-98,-98,-98,-98,0,0,0,0,0,0,0,1,0,0,0,0,0,0,0,0,0
4991,0,0,0,0,0,0,0,0,1,0,1,1,0,-98,-98,-98,-98,-98,-98,-98,-98,-98
4992,0,-98,0,0,-98,0,0,0,1,0,0,0,0,-98,-98,-98,-98,-98,-98,-98,-98,-98
4993,0,0,0,0,0,0,0,0,0,0,0,0,1,-98,-98,-98,-98,-98,-98,-98,-98,-98
4994,0,0,0,0,0,0,-98,-98,0,0,0,0,0,0,0,0,0,0,0,0,0,0
4995,0,0,0,0,0,0,0,0,0,0,0,0,0,-98,-98,-98,-98,-98,-98,-98,-98,-98
4996,0,0,0,0,0,0,0,0,0,0,0,0,1,0,0,1,1,0,0,0,1,0
4997,1,0,0,0,0,1,0,0,1,1,0,0,0,0,0,0,0,0,0,0,0,0
4998,0,0,0,0,-98,0,-98,-98,0,0,0,0,0,-98,-98,-98,-98,-98,-98,-98,-98,-98
4999,0,1,1,0,1,1,0,0,1,0,0,0,0,0,0,0,0,0,0,0,0,0
5000,1,0,0,0,0,0,0,0,0,0,0,0,0,-98,-98,-98,-98,-98,-98,-98,-98,-98
5001,0,0,1,1,0,0,1,1,1,0,0,0,0,-98,-98,-98,-98,-98,-98,-98,-98,-98
5002,0,0,0,0,0,0,0,0,1,0,0,0,0,0,0,0,0,0,0,0,0,0
5003,1,0,0,0,0,-98,0,0,1,0,0,0,0,-98,-98,-98,-98,-98,-98,-98,-98,-98
5004,0,0,0,0,0,0,0,0,1,0,0,0,1,-98,-98,-98,-98,-98,-98,-98,-98,-98
5005,1,1,1,0,0,1,0,0,0,0,0,1,0,-98,-98,-98,-98,-98,-98,-98,-98,-98
5006,0,0,0,0,-98,0,0,0,0,0,0,0,0,-98,-98,-98,-98,-98,-98,-98,-98,-98
5007,-98,0,0,0,0,-98,0,0,0,0,0,0,0,0,0,0,1,0,0,0,0,0
5008,0,0,0,0,0,-98,0,0,1,0,0,0,0,0,0,0,0,0,0,0,0,0
5009,1,0,0,0,0,0,0,0,0,0,0,0,0,0,0,0,0,0,0,0,0,0
5010,0,0,0,0,0,0,-98,-98,0,0,0,0,0,-98,-98,-98,-98,-98,-98,-98,-98,-98
5011,0,0,1,0,-98,1,0,0,0,0,0,0,1,-98,-98,-98,-98,-98,-98,-98,-98,-98
5012,0,0,0,0,0,-98,0,0,0,0,0,0,0,-98,-98,-98,-98,-98,-98,-98,-98,-98
5013,0,-98,-98,-98,-98,-98,0,0,0,0,0,0,0,-98,-98,-98,-98,-98,-98,-98,-98,-98
5014,0,0,0,0,-98,-98,0,0,0,0,1,1,1,0,0,1,0,0,0,0,1,0
5015,1,0,0,0,0,-98,0,0,0,0,0,0,-98,-98,-98,-98,-98,-98,-98,-98,-98,-98
5016,0,1,1,1,-98,0,0,0,0,0,-98,-98,0,-98,-98,-98,-98,-98,-98,-98,-98,-98
5017,1,0,0,0,0,-98,0,0,1,0,0,0,0,-98,-98,-98,-98,-98,-98,-98,-98,-98
5018,0,0,0,0,0,1,0,0,0,0,0,0,0,-98,-98,-98,-98,-98,-98,-98,-98,-98
5019,0,0,0,0,-98,0,0,0,1,1,1,0,0,-98,-98,-98,-98,-98,-98,-98,-98,-98
5020,0,0,0,0,-98,0,0,0,0,0,0,0,0,-98,-98,-98,-98,-98,-98,-98,-98,-98
5021,0,0,0,0,-98,0,0,0,0,0,0,0,1,-99,-99,-99,-99,-99,-99,-99,-99,-99
5022,1,1,1,1,1,1,0,0,1,0,0,0,0,-98,-98,-98,-98,-98,-98,-98,-98,-98
5023,-98,0,-98,-98,-98,-98,-98,-98,0,0,1,0,0,-98,-98,-98,-98,-98,-98,-98,-98,-98
5024,1,1,1,1,0,1,0,0,1,0,0,0,1,0,0,0,0,0,0,0,1,0
5025,0,0,0,0,-98,0,0,0,0,0,-98,-98,0,0,0,0,0,0,0,0,0,0
5026,0,0,0,0,0,0,-98,-98,0,0,0,0,0,0,0,0,0,0,0,0,1,0
5027,0,0,0,0,-98,-98,0,0,0,0,0,0,1,-98,-98,-98,-98,-98,-98,-98,-98,-98
5028,1,0,0,0,0,-98,0,0,1,0,0,0,1,-98,-98,-98,-98,-98,-98,-98,-98,-98
5029,0,0,-98,-98,-98,1,0,0,1,0,0,0,0,-98,-98,-98,-98,-98,-98,-98,-98,-98
5030,0,0,0,1,-98,1,0,0,-98,-98,-98,-98,-97,-98,-98,-98,-98,-98,-98,-98,-98,-98
5031,0,0,0,0,0,0,0,0,0,0,0,0,1,-98,-98,-98,-98,-98,-98,-98,-98,-98
5032,0,0,0,0,0,0,0,0,1,0,0,0,1,-98,-98,-98,-98,-98,-98,-98,-98,-98
5033,1,0,0,0,0,0,0,0,0,0,1,0,0,-98,-98,-98,-98,-98,-98,-98,-98,-98
5034,-98,0,0,0,-98,0,-98,-98,0,0,0,0,-98,-98,-98,-98,-98,-98,-98,-98,-98,-98
5035,1,0,0,0,0,-98,0,0,0,0,0,0,0,-98,-98,-98,-98,-98,-98,-98,-98,-98
5036,1,0,0,0,0,0,0,0,0,0,0,0,0,-98,-98,-98,-98,-98,-98,-98,-98,-98
5037,1,0,0,0,0,1,0,0,0,0,0,0,0,-98,-98,-98,-98,-98,-98,-98,-98,-98
5038,0,0,0,0,0,1,0,0,1,0,0,0,1,-98,-98,-98,-98,-98,-98,-98,-98,-98
5039,-98,0,0,0,0,-98,-98,-98,1,1,0,0,1,0,0,0,0,0,0,0,0,0
5040,1,1,0,1,0,1,0,0,0,0,1,1,1,-98,-98,-98,-98,-98,-98,-98,-98,-98
5041,0,0,0,0,0,0,0,0,0,0,1,1,0,-98,-98,-98,-98,-98,-98,-98,-98,-98
5042,1,-98,0,0,0,-98,0,0,0,0,0,0,0,-98,-98,-98,-98,-98,-98,-98,-98,-98
5043,0,0,0,0,0,0,0,0,1,1,1,0,0,-98,-98,-98,-98,-98,-98,-98,-98,-98
5044,0,0,0,0,0,-98,0,0,0,0,0,0,0,-98,-98,-98,-98,-98,-98,-98,-98,-98
5045,1,0,1,1,0,1,0,0,0,0,0,0,0,-98,-98,-98,-98,-98,-98,-98,-98,-98
5046,1,0,1,1,0,1,0,0,1,1,0,0,0,-98,-98,-98,-98,-98,-98,-98,-98,-98
5047,0,0,0,0,0,0,0,0,1,0,1,0,0,-98,-98,-98,-98,-98,-98,-98,-98,-98
5048,0,1,0,0,0,0,0,0,1,0,0,0,0,-98,-98,-98,-98,-98,-98,-98,-98,-98
5049,0,0,0,0,0,0,0,0,1,0,0,0,0,0,0,0,0,0,0,0,0,0
5050,-98,1,0,0,-98,-98,0,0,0,0,0,0,0,-98,-98,-98,-98,-98,-98,-98,-98,-98
5051,0,0,0,0,0,-98,0,0,1,0,1,1,1,-98,-98,-98,-98,-98,-98,-98,-98,-98
5052,0,0,0,0,0,0,0,0,0,0,0,0,0,-98,-98,-98,-98,-98,-98,-98,-98,-98
5053,-98,-98,-98,-98,-98,-98,-98,-98,0,0,-98,-98,-98,-98,-98,-98,-98,-98,-98,-98,-98,-98
5054,0,0,0,1,0,0,0,0,1,1,0,0,1,-98,-98,-98,-98,-98,-98,-98,-98,-98
5055,0,0,1,1,0,0,0,0,0,0,0,0,1,-98,-98,-98,-98,-98,-98,-98,-98,-98
5056,-98,-98,0,0,-98,-98,-98,-98,0,0,1,0,0,0,0,0,0,0,0,0,1,0
5057,0,0,0,0,0,1,0,0,0,0,0,0,0,0,0,0,0,0,0,0,1,0
5058,-98,-98,-98,-98,-98,-98,0,0,0,0,0,0,0,0,0,0,0,0,0,0,0,0
5059,0,0,0,0,0,-98,0,0,0,0,0,0,1,-98,-98,-98,-98,-98,-98,-98,-98,-98
5060,0,0,0,0,0,1,0,0,0,0,0,1,1,-98,-98,-98,-98,-98,-98,-98,-98,-98
5061,0,0,0,0,0,-98,0,0,0,0,1,1,1,-98,-98,-98,-98,-98,-98,-98,-98,-98
5062,1,0,0,0,0,0,1,1,0,0,0,1,0,-98,-98,-98,-98,-98,-98,-98,-98,-98
5063,0,0,0,0,0,-98,0,0,0,0,0,0,0,-98,-98,-98,-98,-98,-98,-98,-98,-98
5064,0,0,1,0,0,-98,0,0,0,0,0,0,0,-98,-98,-98,-98,-98,-98,-98,-98,-98
5065,0,0,0,0,0,-98,0,0,1,0,1,1,1,-98,-98,-98,-98,-98,-98,-98,-98,-98
5066,0,0,0,0,0,1,0,0,0,0,0,0,0,-98,-98,-98,-98,-98,-98,-98,-98,-98
5067,0,0,0,0,0,0,0,0,1,0,0,0,0,-98,-98,-98,-98,-98,-98,-98,-98,-98
5068,0,0,0,0,0,0,0,0,1,0,0,1,0,-98,-98,-98,-98,-98,-98,-98,-98,-98
5069,0,0,0,0,0,0,0,0,0,0,0,0,1,0,0,0,1,0,0,0,0,0
5070,1,0,0,0,0,1,0,0,1,0,0,0,0,-98,-98,-98,-98,-98,-98,-98,-98,-98
5071,1,1,1,0,0,1,0,0,0,0,0,0,0,-98,-98,-98,-98,-98,-98,-98,-98,-98
5072,0,0,0,0,0,0,-98,-98,0,0,0,0,0,-98,-98,-98,-98,-98,-98,-98,-98,-98
5073,0,0,0,0,0,-98,0,0,1,0,0,0,0,-98,-98,-98,-98,-98,-98,-98,-98,-98
5074,1,1,0,0,0,0,0,0,1,0,0,0,0,-98,-98,-98,-98,-98,-98,-98,-98,-98
5075,0,0,0,0,-98,0,0,0,0,0,0,0,1,-98,-98,-98,-98,-98,-98,-98,-98,-98
5076,1,0,0,0,0,1,0,0,1,0,0,0,0,0,0,0,0,0,0,0,0,0
5077,0,0,0,0,0,1,0,0,1,0,0,0,0,-98,-98,-98,-98,-98,-98,-98,-98,-98
5078,0,0,0,0,0,-98,1,1,0,0,1,0,0,-98,-98,-98,-98,-98,-98,-98,-98,-98
5079,0,0,0,0,-98,-98,-98,-98,0,0,0,0,0,-98,-98,-98,-98,-98,-98,-98,-98,-98
5080,0,0,0,0,0,0,1,0,0,0,0,0,1,-98,-98,-98,-98,-98,-98,-98,-98,-98
5081,1,0,1,0,0,1,0,0,0,0,0,0,1,-98,-98,-98,-98,-98,-98,-98,-98,-98
5082,0,-98,-98,-98,-98,-98,0,0,0,0,-98,-98,0,-98,-98,-98,-98,-98,-98,-98,-98,-98
5083,1,1,1,1,0,1,0,0,1,0,0,0,0,-98,-98,-98,-98,-98,-98,-98,-98,-98
5084,0,-98,0,0,0,-98,0,0,0,0,0,0,0,-98,-98,-98,-98,-98,-98,-98,-98,-98
5085,0,0,0,0,0,-98,0,0,0,0,0,0,0,-98,-98,-98,-98,-98,-98,-98,-98,-98
5086,0,0,0,0,0,0,0,0,1,0,0,0,0,-99,-99,-99,-99,-99,-99,-99,-99,-99
5087,1,1,1,0,0,-98,0,0,0,0,0,0,0,-98,-98,-98,-98,-98,-98,-98,-98,-98
5088,0,0,0,0,0,-98,0,0,0,0,-98,-98,0,-98,-98,-98,-98,-98,-98,-98,-98,-98
5089,0,0,0,0,0,-98,0,1,0,0,0,0,0,0,0,0,0,0,0,0,0,0
5090,1,0,0,0,0,0,0,0,0,0,0,0,0,-98,-98,-98,-98,-98,-98,-98,-98,-98
5091,-98,0,0,0,-98,0,0,0,0,0,1,1,0,-98,-98,-98,-98,-98,-98,-98,-98,-98
5092,0,0,0,0,0,0,1,1,0,0,0,0,0,-98,-98,-98,-98,-98,-98,-98,-98,-98
5093,0,-98,0,0,-98,-98,0,0,0,0,0,0,0,-98,-98,-98,-98,-98,-98,-98,-98,-98
5094,0,0,0,0,0,0,0,0,0,0,0,0,0,-98,-98,-98,-98,-98,-98,-98,-98,-98
5095,-98,-98,0,0,0,0,0,0,0,0,0,0,1,0,0,0,0,0,0,0,1,0
5096,1,0,1,0,0,0,0,0,1,0,1,1,1,-98,-98,-98,-98,-98,-98,-98,-98,-98
5097,0,0,0,0,0,-98,0,0,0,0,0,0,1,-98,-98,-98,-98,-98,-98,-98,-98,-98
5098,0,0,0,0,0,0,0,1,1,1,0,0,1,-98,-98,-98,-98,-98,-98,-98,-98,-98
5099,0,0,0,1,0,0,0,0,1,0,0,0,0,-98,-98,-98,-98,-98,-98,-98,-98,-98
5100,0,0,0,0,0,0,0,0,0,0,0,1,0,0,0,0,0,0,0,0,0,0
5101,1,0,0,0,0,1,1,1,1,0,1,1,0,0,0,0,0,0,0,0,0,0
5102,0,0,0,0,0,0,0,0,0,0,0,0,0,-98,-98,-98,-98,-98,-98,-98,-98,-98
5103,-98,0,0,0,0,-98,0,0,0,0,0,1,0,-98,-98,-98,-98,-98,-98,-98,-98,-98
5104,0,0,0,0,0,0,0,0,0,0,1,0,0,-98,-98,-98,-98,-98,-98,-98,-98,-98
5105,0,0,0,0,0,1,0,0,0,0,0,0,0,0,0,0,1,0,0,0,0,0
5106,-98,-98,0,0,-98,-98,0,0,0,0,0,0,0,0,0,0,0,0,0,0,1,0
5107,1,0,0,0,0,0,0,0,0,0,0,0,0,0,0,0,0,0,0,0,0,0
5108,0,0,0,0,0,0,0,1,0,0,0,0,1,-98,-98,-98,-98,-98,-98,-98,-98,-98
5109,0,0,1,0,0,0,0,0,0,0,0,0,0,-98,-98,-98,-98,-98,-98,-98,-98,-98
5110,0,0,0,0,0,-98,0,0,0,0,0,0,0,-98,-98,-98,-98,-98,-98,-98,-98,-98
5111,0,0,0,0,0,0,0,0,1,0,0,0,0,-98,-98,-98,-98,-98,-98,-98,-98,-98
5112,0,0,0,0,-98,-98,-98,-98,0,0,0,0,0,-98,-98,-98,-98,-98,-98,-98,-98,-98
5113,0,0,0,0,0,0,0,0,1,1,0,0,0,-98,-98,-98,-98,-98,-98,-98,-98,-98
5114,0,0,0,0,-98,0,1,1,0,0,0,0,0,-98,-98,-98,-98,-98,-98,-98,-98,-98
5115,0,0,1,0,0,0,0,0,0,0,0,0,0,-98,-98,-98,-98,-98,-98,-98,-98,-98
5116,-98,0,0,0,-98,0,0,0,0,0,0,0,0,-98,-98,-98,-98,-98,-98,-98,-98,-98
5117,0,0,0,0,0,-98,0,0,0,0,-98,-98,1,-98,-98,-98,-98,-98,-98,-98,-98,-98
5118,1,1,0,0,0,0,0,0,1,0,0,0,0,-98,-98,-98,-98,-98,-98,-98,-98,-98
5119,1,1,0,0,0,0,0,0,1,0,0,0,0,-98,-98,-98,-98,-98,-98,-98,-98,-98
5120,1,1,1,0,1,1,0,0,0,0,0,0,0,-98,-98,-98,-98,-98,-98,-98,-98,-98
5121,-98,1,0,0,-98,-98,0,0,0,0,0,0,0,0,0,0,0,0,0,0,0,0
5122,0,0,0,0,0,-98,-98,-98,0,0,0,0,0,-98,-98,-98,-98,-98,-98,-98,-98,-98
5123,0,0,0,0,0,1,0,0,0,0,1,0,0,-98,-98,-98,-98,-98,-98,-98,-98,-98
5124,0,0,0,0,0,1,0,0,1,1,0,0,0,-98,-98,-98,-98,-98,-98,-98,-98,-98
5125,0,0,0,0,0,-98,0,0,0,0,0,0,0,-98,-98,-98,-98,-98,-98,-98,-98,-98
5126,0,-98,0,0,-98,-98,-98,-98,0,0,0,0,0,-98,-98,-98,-98,-98,-98,-98,-98,-98
5127,0,0,0,0,0,-98,0,0,0,0,0,0,0,0,0,0,0,0,0,0,1,0
5128,0,0,0,0,-98,-98,-98,-98,0,0,1,1,0,0,0,0,0,0,0,0,1,0
5129,0,0,0,0,-98,0,0,0,0,0,0,0,0,0,0,0,0,0,0,0,0,0
5130,0,-98,-98,-98,-98,-98,0,0,0,0,-98,-98,0,-98,-98,-98,-98,-98,-98,-98,-98,-98
5131,-98,-98,-98,-98,-98,-98,-98,-98,1,0,-98,-98,-98,-98,-98,-98,-98,-98,-98,-98,-98,-98
5132,1,1,0,0,0,0,0,0,1,0,0,0,1,-98,-98,-98,-98,-98,-98,-98,-98,-98
5133,-98,-98,-98,-98,-98,-98,-98,-98,0,0,0,0,0,0,0,0,0,0,0,0,0,1
5134,0,0,0,0,-98,-98,0,0,0,0,0,0,0,-98,-98,-98,-98,-98,-98,-98,-98,-98
5135,0,0,0,0,0,0,0,0,0,0,0,0,0,-98,-98,-98,-98,-98,-98,-98,-98,-98
5136,0,0,1,0,0,0,0,0,0,0,0,0,0,-98,-98,-98,-98,-98,-98,-98,-98,-98
5137,0,1,0,0,0,-98,0,0,0,0,0,0,0,-98,-98,-98,-98,-98,-98,-98,-98,-98
5138,1,1,1,1,0,1,0,0,0,0,0,0,0,-98,-98,-98,-98,-98,-98,-98,-98,-98
5139,0,0,0,0,0,0,0,0,1,0,0,0,0,-98,-98,-98,-98,-98,-98,-98,-98,-98
5140,0,0,0,0,0,0,0,0,0,0,0,0,0,0,0,0,1,0,0,0,0,0
5141,0,0,0,0,0,-98,0,0,1,1,1,0,1,-98,-98,-98,-98,-98,-98,-98,-98,-98
5142,0,0,0,0,0,0,0,0,0,0,0,1,0,-98,-98,-98,-98,-98,-98,-98,-98,-98
5143,0,0,1,0,0,1,0,0,1,0,1,0,0,-98,-98,-98,-98,-98,-98,-98,-98,-98
5144,0,0,0,0,0,1,0,0,1,0,0,0,0,-98,-98,-98,-98,-98,-98,-98,-98,-98
5145,-98,-98,0,0,0,0,0,0,0,0,0,0,0,-98,-98,-98,-98,-98,-98,-98,-98,-98
5146,1,0,0,0,0,-98,0,0,1,0,1,1,0,-98,-98,-98,-98,-98,-98,-98,-98,-98
5147,0,0,0,0,0,0,0,0,0,0,0,0,0,-98,-98,-98,-98,-98,-98,-98,-98,-98
5148,0,0,0,0,0,0,0,0,0,0,0,0,0,-98,-98,-98,-98,-98,-98,-98,-98,-98
5149,0,0,0,0,0,1,0,0,0,0,1,0,1,-98,-98,-98,-98,-98,-98,-98,-98,-98
5150,1,0,-98,-98,-98,-98,-98,-98,1,0,0,0,0,-98,-98,-98,-98,-98,-98,-98,-98,-98
5151,0,0,0,0,-98,-98,-98,-98,1,0,0,0,0,0,0,0,0,0,0,0,0,0
5152,0,-98,-98,-98,-98,-98,0,0,-98,-98,0,0,0,-98,-98,-98,-98,-98,-98,-98,-98,-98
5153,0,0,0,0,0,0,-98,-98,0,0,0,0,0,-98,-98,-98,-98,-98,-98,-98,-98,-98
5154,0,0,0,0,0,0,0,0,1,0,1,1,0,-98,-98,-98,-98,-98,-98,-98,-98,-98
5155,0,0,1,1,0,1,0,0,1,1,1,1,1,-98,-98,-98,-98,-98,-98,-98,-98,-98
5156,-98,-98,-98,-98,-98,-98,0,0,0,0,1,0,0,0,0,0,0,0,0,0,0,0
5157,0,0,0,0,0,0,0,0,0,0,0,0,1,-98,-98,-98,-98,-98,-98,-98,-98,-98
5158,1,-98,0,0,-98,-98,0,0,1,1,0,0,0,-98,-98,-98,-98,-98,-98,-98,-98,-98
5159,0,1,1,0,0,0,0,0,0,0,0,0,0,0,0,0,0,0,0,0,0,0
5160,0,0,1,1,0,0,1,1,0,0,1,0,0,-98,-98,-98,-98,-98,-98,-98,-98,-98
5161,0,0,0,0,0,0,-98,-98,0,0,0,0,0,-98,-98,-98,-98,-98,-98,-98,-98,-98
5162,0,0,0,0,0,0,0,0,0,0,1,1,1,-98,-98,-98,-98,-98,-98,-98,-98,-98
5163,0,0,0,0,-98,0,0,0,0,0,0,0,0,0,0,0,0,0,0,0,1,1
5164,0,0,0,0,0,-98,0,0,0,0,0,0,0,-98,-98,-98,-98,-98,-98,-98,-98,-98
5165,0,0,0,0,0,0,0,0,1,0,1,0,0,-98,-98,-98,-98,-98,-98,-98,-98,-98
5166,-98,0,0,0,-98,0,0,0,0,0,0,0,0,0,0,0,0,0,0,0,0,0
5167,0,0,0,0,0,1,0,0,0,0,0,0,0,-98,-98,-98,-98,-98,-98,-98,-98,-98
5168,0,0,0,0,0,-98,0,0,1,0,1,0,0,0,0,0,0,0,0,0,0,0
5169,0,0,0,0,0,0,0,0,0,0,0,0,0,-98,-98,-98,-98,-98,-98,-98,-98,-98
5170,0,0,0,0,0,0,0,0,0,0,0,0,0,0,0,0,0,0,0,0,0,0
5171,1,0,1,1,0,0,0,0,1,0,0,0,0,0,0,0,0,0,0,0,0,0
5172,0,0,0,0,1,-98,0,0,0,0,0,0,0,-98,-98,-98,-98,-98,-98,-98,-98,-98
5173,1,0,0,0,0,-98,0,0,0,0,0,0,0,0,0,0,0,0,0,0,0,0
5174,0,-98,-98,-98,-98,-98,0,0,-98,-98,0,1,-98,0,0,0,0,0,0,0,0,0
5175,1,0,1,0,0,-98,0,0,1,0,0,0,0,-98,-98,-98,-98,-98,-98,-98,-98,-98
5176,1,0,1,1,0,0,0,0,1,1,0,0,1,-98,-98,-98,-98,-98,-98,-98,-98,-98
5177,1,0,0,0,0,0,-98,-98,1,1,0,0,1,-98,-98,-98,-98,-98,-98,-98,-98,-98
5178,0,0,0,0,0,0,0,0,1,0,0,0,0,0,0,0,0,0,0,0,1,0
5179,0,0,1,1,0,0,0,0,0,0,0,0,0,-98,-98,-98,-98,-98,-98,-98,-98,-98
5180,0,0,0,0,0,-98,-98,-98,0,0,-98,-98,0,0,0,0,0,0,0,0,1,0
5181,0,0,0,0,0,-98,0,0,0,0,1,1,0,-98,-98,-98,-98,-98,-98,-98,-98,-98
5182,0,0,0,0,0,0,0,0,0,0,0,0,0,-98,-98,-98,-98,-98,-98,-98,-98,-98
5183,0,0,0,0,0,-98,0,0,0,0,0,0,0,-98,-98,-98,-98,-98,-98,-98,-98,-98
5184,0,-98,0,0,-98,-98,-98,-98,0,0,-98,-98,0,0,0,0,0,0,0,0,0,0
5185,0,0,0,0,0,0,0,0,0,0,0,0,1,-98,-98,-98,-98,-98,-98,-98,-98,-98
5186,0,-98,-98,-98,-98,-98,0,0,0,0,0,0,0,-98,-98,-98,-98,-98,-98,-98,-98,-98
5187,0,0,1,0,0,1,0,0,0,0,0,0,0,-98,-98,-98,-98,-98,-98,-98,-98,-98
5188,0,0,0,0,0,0,0,0,0,0,0,0,0,-98,-98,-98,-98,-98,-98,-98,-98,-98
5189,0,0,0,0,0,0,0,0,0,0,0,0,0,-98,-98,-98,-98,-98,-98,-98,-98,-98
5190,0,0,0,0,0,0,0,0,0,0,0,0,0,-98,-98,-98,-98,-98,-98,-98,-98,-98
5191,0,0,0,0,0,0,0,0,0,0,1,0,0,-98,-98,-98,-98,-98,-98,-98,-98,-98
5192,0,0,0,0,0,0,0,0,1,0,0,0,0,-98,-98,-98,-98,-98,-98,-98,-98,-98
5193,0,1,0,0,0,1,0,0,0,0,0,0,0,-98,-98,-98,-98,-98,-98,-98,-98,-98
5194,0,0,0,0,0,0,1,0,1,0,1,1,0,-98,-98,-98,-98,-98,-98,-98,-98,-98
5195,0,0,0,0,-98,0,-98,-98,1,0,0,0,0,-98,-98,-98,-98,-98,-98,-98,-98,-98
5196,0,0,0,0,0,1,1,1,0,0,0,0,0,-98,-98,-98,-98,-98,-98,-98,-98,-98
5197,0,0,0,0,0,-98,0,0,1,1,1,0,0,-98,-98,-98,-98,-98,-98,-98,-98,-98
5198,0,-98,0,0,0,-98,0,0,0,0,0,0,1,-98,-98,-98,-98,-98,-98,-98,-98,-98
5199,1,1,0,1,0,0,0,0,0,0,0,0,0,-98,-98,-98,-98,-98,-98,-98,-98,-98
5200,0,0,0,0,0,0,1,1,0,0,0,0,0,-98,-98,-98,-98,-98,-98,-98,-98,-98
5201,0,0,0,0,0,0,1,1,0,0,1,1,1,-98,-98,-98,-98,-98,-98,-98,-98,-98
5202,0,0,0,0,0,-98,0,0,0,0,0,1,0,-98,-98,-98,-98,-98,-98,-98,-98,-98
5203,0,0,0,0,0,0,0,0,1,0,0,0,1,-98,-98,-98,-98,-98,-98,-98,-98,-98
5204,1,0,0,0,0,-98,0,0,0,0,0,0,0,-98,-98,-98,-98,-98,-98,-98,-98,-98
5205,1,0,0,1,0,0,0,0,0,0,0,0,1,-98,-98,-98,-98,-98,-98,-98,-98,-98
5206,0,0,0,0,0,0,0,0,1,0,0,0,0,-98,-98,-98,-98,-98,-98,-98,-98,-98
5207,1,0,1,0,0,0,0,0,1,0,1,1,0,-98,-98,-98,-98,-98,-98,-98,-98,-98
5208,0,0,0,0,-98,0,0,0,0,0,0,0,0,-98,-98,-98,-98,-98,-98,-98,-98,-98
5209,0,0,0,0,0,0,0,0,1,0,0,0,1,-98,-98,-98,-98,-98,-98,-98,-98,-98
5210,0,0,0,0,0,1,0,0,1,1,0,0,0,-98,-98,-98,-98,-98,-98,-98,-98,-98
5211,0,0,0,0,0,0,1,1,1,0,1,1,1,-98,-98,-98,-98,-98,-98,-98,-98,-98
5212,0,0,0,0,0,0,0,0,0,0,0,0,0,-98,-98,-98,-98,-98,-98,-98,-98,-98
5213,0,0,-98,-98,-98,-98,0,0,0,0,0,0,0,0,0,0,0,0,0,0,0,0
5214,0,1,1,1,0,1,0,0,0,0,0,0,0,0,0,0,0,0,0,0,0,0
5215,0,0,1,1,0,-98,0,0,0,0,0,0,0,-98,-98,-98,-98,-98,-98,-98,-98,-98
5216,0,0,0,0,0,0,0,0,0,0,1,0,0,0,0,0,1,0,0,0,0,0
5217,0,0,0,0,-98,0,0,0,0,0,1,0,0,0,0,0,0,0,0,0,0,0
5218,0,0,0,0,-98,-98,-98,-98,0,0,0,0,0,-98,-98,-98,-98,-98,-98,-98,-98,-98
5219,-98,0,0,0,-98,-98,0,0,0,0,0,0,0,0,0,0,0,0,0,0,1,0
5220,1,1,0,0,0,1,0,0,1,0,0,1,1,-98,-98,-98,-98,-98,-98,-98,-98,-98
5221,0,0,0,0,0,0,0,0,0,0,1,1,0,0,0,0,0,0,0,0,0,0
5222,0,0,0,0,0,1,0,0,1,0,1,0,0,-98,-98,-98,-98,-98,-98,-98,-98,-98
5223,0,0,0,0,0,0,0,0,0,0,1,1,0,-98,-98,-98,-98,-98,-98,-98,-98,-98
5224,0,0,0,0,-98,1,0,0,0,0,0,0,0,-98,-98,-98,-98,-98,-98,-98,-98,-98
5225,-98,1,-98,-98,1,-98,-98,-98,0,0,0,0,0,-98,-98,-98,-98,-98,-98,-98,-98,-98
5226,0,0,0,0,0,0,0,0,0,0,0,0,0,-98,-98,-98,-98,-98,-98,-98,-98,-98
5227,1,0,0,0,0,0,0,0,0,0,1,1,1,-98,-98,-98,-98,-98,-98,-98,-98,-98
5228,0,0,0,0,-98,-98,0,0,0,0,0,0,0,-98,-98,-98,-98,-98,-98,-98,-98,-98
5229,0,0,0,0,0,-98,0,0,0,0,0,0,-98,0,0,0,0,0,0,0,0,0
5230,0,0,0,0,0,-98,0,0,0,0,0,0,0,-98,-98,-98,-98,-98,-98,-98,-98,-98
5231,0,0,0,0,0,1,1,1,0,0,1,0,0,-98,-98,-98,-98,-98,-98,-98,-98,-98
5232,0,0,0,0,0,1,0,0,1,0,0,0,1,-98,-98,-98,-98,-98,-98,-98,-98,-98
5233,0,0,0,0,-98,-98,0,0,0,0,0,0,0,-98,-98,-98,-98,-98,-98,-98,-98,-98
5234,1,0,1,0,0,1,0,0,0,0,1,0,0,-98,-98,-98,-98,-98,-98,-98,-98,-98
5235,1,0,0,0,0,-98,0,0,0,0,0,0,0,-98,-98,-98,-98,-98,-98,-98,-98,-98
5236,0,0,0,0,0,-98,0,0,0,0,0,0,0,-98,-98,-98,-98,-98,-98,-98,-98,-98
5237,1,0,-98,-98,-98,-98,-98,-98,0,0,-98,-98,0,-98,-98,-98,-98,-98,-98,-98,-98,-98
5238,0,0,0,0,0,-98,0,0,0,0,0,0,0,-98,-98,-98,-98,-98,-98,-98,-98,-98
5239,1,0,0,0,-98,-98,0,0,0,0,0,0,0,-98,-98,-98,-98,-98,-98,-98,-98,-98
5240,1,0,0,0,0,0,0,1,1,1,1,1,0,-98,-98,-98,-98,-98,-98,-98,-98,-98
5241,-98,-98,-98,-98,-98,-98,0,0,0,0,-98,-98,-98,0,0,0,0,0,0,0,0,0
5242,1,0,0,0,0,-98,0,0,0,0,0,1,0,0,0,0,1,1,0,0,0,0
5243,-98,0,0,0,0,-98,0,0,0,0,0,0,0,-98,-98,-98,-98,-98,-98,-98,-98,-98
5244,0,0,0,0,0,0,0,0,0,0,0,0,1,-98,-98,-98,-98,-98,-98,-98,-98,-98
5245,0,0,0,0,0,0,0,0,1,1,1,1,0,-98,-98,-98,-98,-98,-98,-98,-98,-98
5246,0,0,0,0,-98,0,-98,-98,0,0,-98,-98,0,-98,-98,-98,-98,-98,-98,-98,-98,-98
5247,0,0,0,0,0,1,0,0,0,0,0,0,1,-98,-98,-98,-98,-98,-98,-98,-98,-98
5248,0,0,0,0,0,-98,0,0,0,0,0,0,0,-98,-98,-98,-98,-98,-98,-98,-98,-98
5249,1,0,0,0,0,-98,0,0,1,0,0,0,0,-98,-98,-98,-98,-98,-98,-98,-98,-98
5250,0,0,0,0,0,-98,0,0,0,0,0,0,0,-98,-98,-98,-98,-98,-98,-98,-98,-98
5251,0,0,0,0,-98,0,0,0,0,0,0,0,0,-98,-98,-98,-98,-98,-98,-98,-98,-98
5252,0,1,1,0,1,0,0,0,0,0,0,0,0,0,0,0,0,0,0,0,0,0
5253,0,0,0,0,0,0,0,0,0,0,0,0,0,-98,-98,-98,-98,-98,-98,-98,-98,-98
5254,1,0,0,0,0,-98,0,0,1,0,0,0,0,-98,-98,-98,-98,-98,-98,-98,-98,-98
5255,0,0,1,1,0,0,0,1,0,0,0,0,0,-98,-98,-98,-98,-98,-98,-98,-98,-98
5256,1,0,1,0,0,1,0,1,0,0,1,0,0,0,0,0,0,0,0,0,0,0
5257,1,1,1,0,0,0,0,0,0,0,0,0,0,-98,-98,-98,-98,-98,-98,-98,-98,-98
5258,0,0,0,0,0,0,-98,-98,0,0,0,0,0,-98,-98,-98,-98,-98,-98,-98,-98,-98
5259,0,0,0,0,0,-98,-98,-98,0,0,0,0,0,-98,-98,-98,-98,-98,-98,-98,-98,-98
5260,0,0,0,0,0,0,0,0,1,0,0,0,0,-98,-98,-98,-98,-98,-98,-98,-98,-98
5261,0,0,0,0,0,-98,0,0,1,0,1,0,0,0,0,0,0,0,0,0,0,0
5262,0,1,1,0,0,-98,0,0,0,0,0,0,0,0,0,0,0,0,0,0,0,0
5263,0,0,0,0,0,0,0,0,1,0,0,0,0,-98,-98,-98,-98,-98,-98,-98,-98,-98
5264,1,0,0,0,0,1,0,0,0,0,0,0,0,0,0,0,0,0,0,0,0,0
5265,1,0,1,1,0,1,0,0,1,1,1,1,0,-98,-98,-98,-98,-98,-98,-98,-98,-98
5266,-98,-98,-98,-98,-98,0,-98,-98,0,0,1,0,0,-98,-98,-98,-98,-98,-98,-98,-98,-98
5267,0,0,1,0,-98,-98,0,0,0,0,-98,-98,0,-98,-98,-98,-98,-98,-98,-98,-98,-98
5268,0,0,0,0,0,0,0,0,1,0,1,0,0,-98,-98,-98,-98,-98,-98,-98,-98,-98
5269,0,0,0,0,-98,0,0,0,0,0,0,0,1,0,0,0,0,0,0,0,0,0
5270,0,0,1,0,0,0,0,0,0,0,0,0,0,-98,-98,-98,-98,-98,-98,-98,-98,-98
5271,0,0,0,0,0,0,0,0,0,0,1,0,0,0,0,0,0,0,0,0,1,0
5272,0,0,0,0,0,0,0,0,1,0,1,0,0,0,0,0,0,0,0,0,0,0
5273,0,0,0,0,0,1,0,0,1,0,1,0,0,-98,-98,-98,-98,-98,-98,-98,-98,-98
5274,1,1,1,1,0,0,0,0,1,0,0,1,0,-98,-98,-98,-98,-98,-98,-98,-98,-98
5275,1,1,1,0,0,0,0,0,0,0,0,0,0,-98,-98,-98,-98,-98,-98,-98,-98,-98
5276,0,0,0,0,0,-98,0,0,0,0,0,0,0,-98,-98,-98,-98,-98,-98,-98,-98,-98
5277,0,0,0,0,0,0,0,0,1,0,0,0,0,-98,-98,-98,-98,-98,-98,-98,-98,-98
5278,0,0,0,0,0,0,0,0,1,0,0,0,0,0,0,0,0,0,0,0,1,0
5279,0,0,0,0,-98,-98,-98,-98,0,0,0,0,1,-98,-98,-98,-98,-98,-98,-98,-98,-98
5280,0,0,0,0,0,1,0,0,0,0,0,0,0,-98,-98,-98,-98,-98,-98,-98,-98,-98
5281,0,0,0,0,0,1,0,0,0,0,0,0,0,-98,-98,-98,-98,-98,-98,-98,-98,-98
5282,1,1,0,0,0,0,0,0,1,0,0,0,0,0,0,0,0,0,0,0,0,0
5283,0,0,0,0,0,0,0,0,1,1,0,0,1,-98,-98,-98,-98,-98,-98,-98,-98,-98
5284,1,0,0,0,0,-98,-98,-98,0,0,0,0,0,-98,-98,-98,-98,-98,-98,-98,-98,-98
5285,0,0,0,0,0,0,0,0,1,0,0,0,0,-98,-98,-98,-98,-98,-98,-98,-98,-98
5286,0,1,1,0,-98,-98,-98,-98,0,0,0,0,0,-98,-98,-98,-98,-98,-98,-98,-98,-98
5287,0,0,0,0,0,0,0,0,1,0,0,0,0,0,0,0,0,0,0,0,0,0
5288,1,0,0,0,0,-98,0,0,1,0,0,0,0,-98,-98,-98,-98,-98,-98,-98,-98,-98
5289,-98,-98,-98,-98,-98,-98,-98,-98,-98,-98,1,1,-98,-98,-98,-98,-98,-98,-98,-98,-98,-98
5290,0,0,-98,-98,-98,0,0,0,0,0,0,0,0,-98,-98,-98,-98,-98,-98,-98,-98,-98
5291,1,0,0,0,0,1,0,0,0,0,0,0,0,-98,-98,-98,-98,-98,-98,-98,-98,-98
5292,1,0,0,0,0,-98,0,0,1,0,0,0,0,-98,-98,-98,-98,-98,-98,-98,-98,-98
5293,1,0,-98,-98,0,-98,0,0,0,0,0,0,0,-98,-98,-98,-98,-98,-98,-98,-98,-98
5294,0,0,0,0,0,0,0,0,1,1,0,0,0,-98,-98,-98,-98,-98,-98,-98,-98,-98
5295,1,0,-98,-98,0,-98,0,0,0,0,0,0,0,0,0,0,0,0,0,0,0,0
5296,0,1,1,1,0,-98,0,0,0,0,0,1,1,-98,-98,-98,-98,-98,-98,-98,-98,-98
5297,0,0,0,0,0,0,0,0,0,0,-98,-98,0,-98,-98,-98,-98,-98,-98,-98,-98,-98
5298,1,0,0,0,0,0,0,0,0,0,0,0,0,-98,-98,-98,-98,-98,-98,-98,-98,-98
5299,0,1,1,1,0,0,0,0,0,0,0,0,0,-98,-98,-98,-98,-98,-98,-98,-98,-98
5300,0,0,0,0,0,0,0,0,1,0,0,0,0,-98,-98,-98,-98,-98,-98,-98,-98,-98
5301,0,0,0,0,0,0,0,0,1,0,0,0,0,0,0,0,0,0,0,0,0,0
5302,0,0,0,0,-98,0,-98,-98,0,0,0,0,0,-98,-98,-98,-98,-98,-98,-98,-98,-98
5303,0,0,0,1,0,0,1,1,0,0,0,0,0,-98,-98,-98,-98,-98,-98,-98,-98,-98
5304,0,0,0,0,-98,0,0,0,0,0,1,1,1,-98,-98,-98,-98,-98,-98,-98,-98,-98
5305,-98,0,0,0,0,0,1,1,1,0,1,0,0,-98,-98,-98,-98,-98,-98,-98,-98,-98
5306,0,0,0,0,-98,0,0,0,0,0,0,0,1,0,0,0,0,0,0,0,1,0
5307,0,0,0,0,0,-98,0,0,0,0,0,0,0,-98,-98,-98,-98,-98,-98,-98,-98,-98
5308,0,0,0,0,0,1,0,0,0,0,1,1,1,-98,-98,-98,-98,-98,-98,-98,-98,-98
5309,1,1,1,0,0,1,0,0,0,0,-98,-98,1,-98,-98,-98,-98,-98,-98,-98,-98,-98
5310,0,0,0,0,0,-98,0,0,1,0,0,0,0,-98,-98,-98,-98,-98,-98,-98,-98,-98
5311,0,1,1,1,0,1,0,0,0,0,0,0,0,-98,-98,-98,-98,-98,-98,-98,-98,-98
5312,0,0,0,0,-98,-98,0,0,0,0,1,1,0,-98,-98,-98,-98,-98,-98,-98,-98,-98
5313,1,1,0,0,0,1,0,1,1,0,1,0,0,-98,-98,-98,-98,-98,-98,-98,-98,-98
5314,-98,-98,-98,-98,-98,-98,-98,-98,0,0,1,1,1,0,0,0,0,1,0,0,0,0
5315,0,0,0,0,0,-98,0,0,0,0,0,0,0,-98,-98,-98,-98,-98,-98,-98,-98,-98
5316,0,0,0,0,0,0,0,0,1,1,0,0,0,0,0,0,0,0,0,0,0,0
5317,0,0,0,0,0,-98,0,0,1,0,0,0,1,0,0,0,0,0,0,0,0,0
5318,0,0,0,0,0,0,0,0,0,0,0,0,0,-98,-98,-98,-98,-98,-98,-98,-98,-98
5319,-98,0,0,0,-98,-98,0,0,0,0,1,0,0,-98,-98,-98,-98,-98,-98,-98,-98,-98
5320,0,0,0,0,-98,-98,0,0,0,0,0,0,0,-98,-98,-98,-98,-98,-98,-98,-98,-98
5321,0,0,0,0,0,-98,0,0,0,1,0,0,0,-98,-98,-98,-98,-98,-98,-98,-98,-98
5322,0,-98,0,0,-98,0,0,0,0,0,0,0,0,0,0,0,0,0,0,0,1,0
5323,0,-98,-98,-98,-98,-98,-98,-98,0,0,0,0,0,-98,-98,-98,-98,-98,-98,-98,-98,-98
5324,0,0,0,0,0,0,0,0,0,0,0,0,0,-98,-98,-98,-98,-98,-98,-98,-98,-98
5325,0,-98,0,0,-98,0,-98,-98,0,0,0,0,0,0,0,0,0,0,0,0,0,0
5326,1,1,1,0,0,1,0,0,1,0,0,1,1,0,0,0,0,1,0,0,1,0
5327,0,0,0,0,0,0,0,0,1,0,1,0,0,-98,-98,-98,-98,-98,-98,-98,-98,-98
5328,0,0,0,0,0,0,0,0,0,0,0,0,0,0,0,0,0,0,0,0,0,0
5329,0,0,0,0,0,-98,0,0,0,0,0,0,0,-98,-98,-98,-98,-98,-98,-98,-98,-98
5330,0,0,0,0,0,0,1,1,0,0,0,0,0,-98,-98,-98,-98,-98,-98,-98,-98,-98
5331,1,1,0,0,0,-98,0,0,0,0,0,0,0,-98,-98,-98,-98,-98,-98,-98,-98,-98
5332,0,0,0,1,0,0,0,0,0,0,0,0,0,-98,-98,-98,-98,-98,-98,-98,-98,-98
5333,0,0,0,0,0,0,-98,-98,0,0,1,1,0,-98,-98,-98,-98,-98,-98,-98,-98,-98
5334,0,0,1,1,-98,0,1,1,0,0,0,0,1,-98,-98,-98,-98,-98,-98,-98,-98,-98
5335,1,0,0,0,0,0,0,0,0,0,0,0,1,-98,-98,-98,-98,-98,-98,-98,-98,-98
5336,0,0,0,0,-98,-98,0,0,0,0,0,0,0,0,0,0,0,0,0,0,0,0
5337,1,1,1,0,0,1,0,0,0,0,0,0,1,-98,-98,-98,-98,-98,-98,-98,-98,-98
5338,1,1,0,0,0,0,1,1,0,0,1,1,0,-98,-98,-98,-98,-98,-98,-98,-98,-98
5339,0,0,0,0,0,-98,0,0,0,0,0,0,0,-98,-98,-98,-98,-98,-98,-98,-98,-98
5340,-98,-98,0,0,-98,0,-98,-98,-98,-98,0,0,0,0,0,1,0,0,0,0,0,0
5341,1,0,1,1,0,-98,0,0,0,0,0,0,0,-98,-98,-98,-98,-98,-98,-98,-98,-98
5342,0,0,0,0,-98,1,1,1,0,0,0,0,0,0,0,0,0,0,0,0,1,0
5343,0,0,0,0,0,0,0,0,1,0,0,0,1,-98,-98,-98,-98,-98,-98,-98,-98,-98
5344,0,0,0,0,0,-98,0,0,0,0,0,0,0,-98,-98,-98,-98,-98,-98,-98,-98,-98
5345,0,0,0,0,-98,-98,0,0,0,0,0,0,0,-98,-98,-98,-98,-98,-98,-98,-98,-98
5346,0,-98,0,0,0,0,0,0,0,0,0,0,0,0,0,0,0,0,0,0,0,0
5347,0,0,1,1,0,1,0,0,1,0,0,0,0,-98,-98,-98,-98,-98,-98,-98,-98,-98
5348,0,0,0,0,0,-98,0,0,0,0,1,1,0,-98,-98,-98,-98,-98,-98,-98,-98,-98
5349,1,0,0,0,0,1,0,0,0,0,0,0,0,-98,-98,-98,-98,-98,-98,-98,-98,-98
5350,0,-98,0,0,0,0,0,0,0,0,0,0,0,0,0,0,0,0,0,0,1,0
5351,0,0,0,0,0,1,0,0,1,1,0,0,1,-98,-98,-98,-98,-98,-98,-98,-98,-98
5352,0,0,0,0,0,0,0,0,1,0,1,1,0,-98,-98,-98,-98,-98,-98,-98,-98,-98
5353,1,1,1,0,0,0,0,0,0,0,0,0,0,0,0,0,0,0,0,0,0,0
5354,-98,0,0,0,-98,-98,0,0,-98,-98,0,0,0,-98,-98,-98,-98,-98,-98,-98,-98,-98
5355,1,0,1,0,0,-98,0,0,0,0,0,0,0,-98,-98,-98,-98,-98,-98,-98,-98,-98
5356,0,0,0,0,0,-98,0,0,0,0,0,1,1,0,0,0,0,0,0,0,1,0
5357,0,0,0,0,0,-98,0,0,0,0,0,0,0,-98,-98,-98,-98,-98,-98,-98,-98,-98
5358,0,0,0,0,0,0,0,0,0,0,1,0,0,0,0,0,0,0,0,0,1,0
5359,0,0,0,0,0,-98,-98,-98,0,0,1,1,0,-98,-98,-98,-98,-98,-98,-98,-98,-98
5360,0,0,0,0,0,0,1,1,0,0,0,0,1,-98,-98,-98,-98,-98,-98,-98,-98,-98
5361,1,0,0,0,0,-98,0,0,0,0,0,0,0,-98,-98,-98,-98,-98,-98,-98,-98,-98
5362,0,1,1,1,0,1,0,0,0,0,0,0,1,-98,-98,-98,-98,-98,-98,-98,-98,-98
5363,1,1,1,1,0,1,0,0,0,0,0,0,1,-98,-98,-98,-98,-98,-98,-98,-98,-98
5364,1,0,0,0,-98,1,0,0,1,1,0,0,0,0,0,0,0,0,0,0,0,0
5365,0,0,0,0,0,0,0,0,0,0,0,0,0,-98,-98,-98,-98,-98,-98,-98,-98,-98
5366,0,-98,0,0,-98,0,0,0,0,0,1,1,0,-98,-98,-98,-98,-98,-98,-98,-98,-98
5367,0,0,0,0,0,0,0,0,1,0,1,1,0,-98,-98,-98,-98,-98,-98,-98,-98,-98
5368,0,0,0,0,-98,-98,0,0,0,0,0,0,1,-98,-98,-98,-98,-98,-98,-98,-98,-98
5369,0,-98,0,0,-98,0,1,1,0,0,0,0,1,0,0,0,0,0,0,0,0,0
5370,1,0,0,0,0,-98,0,0,1,0,1,1,0,-98,-98,-98,-98,-98,-98,-98,-98,-98
5371,0,0,0,0,0,0,0,0,0,0,0,0,1,-98,-98,-98,-98,-98,-98,-98,-98,-98
5372,0,0,0,0,0,0,0,0,0,0,0,0,1,-98,-98,-98,-98,-98,-98,-98,-98,-98
5373,0,0,0,0,0,0,-98,-98,0,0,0,0,0,-98,-98,-98,-98,-98,-98,-98,-98,-98
5374,1,0,0,0,0,0,0,0,1,1,0,0,0,0,1,0,0,0,0,0,0,0
5375,0,0,0,0,0,-98,0,0,0,0,0,0,0,0,0,1,0,0,0,0,0,0
5376,0,1,0,0,0,-98,0,0,0,0,0,0,0,-98,-98,-98,-98,-98,-98,-98,-98,-98
5377,0,0,0,0,0,0,0,0,0,0,1,0,0,-98,-98,-98,-98,-98,-98,-98,-98,-98
5378,-98,0,0,0,-98,-98,0,0,0,0,0,0,0,0,0,0,0,0,0,0,0,0
5379,-98,-98,-98,-98,-98,-98,0,0,1,0,0,0,0,0,0,0,0,0,0,0,1,0
5380,0,0,0,0,0,0,0,0,1,1,0,0,0,-98,-98,-98,-98,-98,-98,-98,-98,-98
5381,0,0,0,0,0,-98,0,0,0,0,0,0,0,-98,-98,-98,-98,-98,-98,-98,-98,-98
5382,-98,0,0,0,-98,-98,0,0,0,0,0,0,0,-98,-98,-98,-98,-98,-98,-98,-98,-98
5383,0,0,0,0,0,-98,0,0,0,0,0,0,0,-98,-98,-98,-98,-98,-98,-98,-98,-98
5384,-98,-98,-98,-98,-98,-98,-98,-98,-98,-98,-98,-98,0,-98,-98,-98,-98,-98,-98,-98,-98,-98
5385,0,0,0,0,0,1,0,0,1,0,1,1,0,-98,-98,-98,-98,-98,-98,-98,-98,-98
5386,0,0,0,0,0,0,0,0,0,0,0,0,0,-98,-98,-98,-98,-98,-98,-98,-98,-98
5387,0,0,1,0,0,-98,0,0,0,0,0,0,0,-98,-98,-98,-98,-98,-98,-98,-98,-98
5388,0,0,1,0,0,1,0,0,0,0,0,0,0,-98,-98,-98,-98,-98,-98,-98,-98,-98
5389,0,0,1,0,0,0,0,0,0,0,0,0,0,-98,-98,-98,-98,-98,-98,-98,-98,-98
5390,-98,0,-98,-98,0,-98,1,1,0,0,0,0,0,0,0,0,0,0,0,0,1,0
5391,0,1,0,0,0,0,0,0,0,0,0,0,0,-98,-98,-98,-98,-98,-98,-98,-98,-98
5392,0,0,0,1,0,1,0,0,1,1,1,1,1,-98,-98,-98,-98,-98,-98,-98,-98,-98
5393,0,0,0,0,0,-98,0,0,0,0,0,0,0,-98,-98,-98,-98,-98,-98,-98,-98,-98
5394,1,0,1,0,0,-98,0,0,1,0,0,0,0,-98,-98,-98,-98,-98,-98,-98,-98,-98
5395,0,0,0,0,0,0,0,1,0,0,0,1,0,-98,-98,-98,-98,-98,-98,-98,-98,-98
5396,0,0,0,0,0,-98,0,0,0,0,1,1,1,-98,-98,-98,-98,-98,-98,-98,-98,-98
5397,1,0,1,0,0,0,0,0,0,0,0,0,0,-98,-98,-98,-98,-98,-98,-98,-98,-98
5398,0,0,1,0,0,1,0,0,0,0,1,1,0,-98,-98,-98,-98,-98,-98,-98,-98,-98
5399,0,0,0,0,0,-98,0,0,1,0,1,1,0,-98,-98,-98,-98,-98,-98,-98,-98,-98
5400,0,1,0,0,0,1,0,0,0,0,0,0,1,-98,-98,-98,-98,-98,-98,-98,-98,-98
5401,0,1,1,1,1,1,0,0,0,0,0,0,0,-98,-98,-98,-98,-98,-98,-98,-98,-98
5402,0,0,0,0,0,-98,1,1,0,0,1,1,1,0,0,0,0,1,0,0,0,0
5403,0,0,0,0,-98,-98,0,0,0,0,0,0,0,-98,-98,-98,-98,-98,-98,-98,-98,-98
5404,0,0,0,0,0,-98,0,0,0,0,1,1,0,0,0,0,1,0,0,0,1,0
5405,0,0,0,0,0,-98,0,0,0,0,0,0,0,0,0,0,1,0,0,0,1,0
5406,0,0,0,0,-98,1,-98,-98,0,0,0,0,1,-98,-98,-98,-98,-98,-98,-98,-98,-98
5407,1,0,0,0,0,0,0,0,0,0,0,0,0,-98,-98,-98,-98,-98,-98,-98,-98,-98
5408,1,0,0,0,0,-98,0,0,0,0,1,1,0,-98,-98,-98,-98,-98,-98,-98,-98,-98
5409,1,0,0,0,0,0,0,0,1,0,0,0,0,-98,-98,-98,-98,-98,-98,-98,-98,-98
5410,1,0,1,0,0,0,0,0,1,0,1,1,0,-98,-98,-98,-98,-98,-98,-98,-98,-98
5411,1,0,0,0,0,-98,0,0,1,0,0,0,0,-98,-98,-98,-98,-98,-98,-98,-98,-98
5412,0,0,-98,-98,0,0,-98,-98,0,0,0,0,0,0,0,0,0,0,0,0,1,0
5413,1,1,0,0,0,0,0,0,0,0,0,0,0,-98,-98,-98,-98,-98,-98,-98,-98,-98
5414,0,-98,-98,-98,-98,0,0,0,0,0,1,1,1,0,0,0,0,1,0,0,0,0
5415,0,0,0,0,0,1,1,1,0,0,0,0,0,0,0,1,1,0,0,0,0,0
5416,0,0,0,0,0,-98,0,0,0,0,0,0,0,-98,-98,-98,-98,-98,-98,-98,-98,-98
5417,0,0,0,0,0,1,0,0,0,0,0,0,0,-98,-98,-98,-98,-98,-98,-98,-98,-98
5418,0,0,0,0,-98,0,0,0,0,0,0,0,0,-98,-98,-98,-98,-98,-98,-98,-98,-98
5419,0,0,0,0,0,1,0,0,0,0,0,0,1,-98,-98,-98,-98,-98,-98,-98,-98,-98
5420,0,0,0,0,0,0,0,0,0,0,1,1,0,-98,-98,-98,-98,-98,-98,-98,-98,-98
5421,-98,-98,-98,-98,-98,-98,1,1,0,0,1,0,0,0,0,0,1,0,0,1,1,1
5422,-98,0,0,0,-98,-98,0,0,0,0,0,0,0,0,0,0,0,0,0,0,1,0
5423,0,0,1,1,-98,0,0,0,0,0,1,-5,1,-98,-98,-98,-98,-98,-98,-98,-98,-98
5424,0,0,0,0,-98,0,0,0,0,0,0,0,0,-98,-98,-98,-98,-98,-98,-98,-98,-98
5425,-98,0,0,0,-98,0,0,0,1,0,0,0,0,-98,-98,-98,-98,-98,-98,-98,-98,-98
5426,0,0,0,0,0,0,-98,-98,1,0,0,0,0,-98,-98,-98,-98,-98,-98,-98,-98,-98
5427,0,0,0,0,0,1,0,0,0,0,0,0,0,0,0,1,0,0,0,0,0,0
5428,1,0,0,0,0,-98,0,0,1,0,1,1,0,0,0,0,0,0,0,1,0,0
5429,0,0,0,0,0,0,0,0,0,0,0,0,0,-98,-98,-98,-98,-98,-98,-98,-98,-98
5430,0,0,0,0,-98,-98,0,0,0,0,0,0,0,-98,-98,-98,-98,-98,-98,-98,-98,-98
5431,1,0,1,0,0,-98,0,0,1,0,1,0,0,-98,-98,-98,-98,-98,-98,-98,-98,-98
5432,1,0,0,0,0,1,-98,-98,1,0,1,1,0,0,0,0,0,1,0,0,0,0
5433,1,1,0,0,0,1,0,0,0,0,0,0,0,0,0,0,0,0,0,0,0,0
5434,0,0,0,0,0,1,0,0,1,0,0,0,0,-98,-98,-98,-98,-98,-98,-98,-98,-98
5435,0,0,0,0,0,0,0,0,0,0,0,0,1,-98,-98,-98,-98,-98,-98,-98,-98,-98
5436,0,0,0,0,0,0,1,1,1,0,0,0,0,-98,-98,-98,-98,-98,-98,-98,-98,-98
5437,0,1,1,0,0,0,0,0,0,0,0,0,0,-98,-98,-98,-98,-98,-98,-98,-98,-98
5438,0,0,0,0,0,1,0,0,1,0,0,0,0,-98,-98,-98,-98,-98,-98,-98,-98,-98
5439,0,0,0,0,0,0,0,0,1,0,0,0,0,0,0,0,0,0,0,0,0,0
5440,0,0,-98,-98,0,-98,0,0,0,0,0,0,0,0,0,0,1,0,0,0,0,0
5441,0,-98,1,0,-98,-98,1,1,-98,-98,1,1,1,-98,-98,-98,-98,-98,-98,-98,-98,-98
5442,1,0,1,1,-98,0,0,0,1,1,0,0,1,-98,-98,-98,-98,-98,-98,-98,-98,-98
5443,0,0,0,0,-98,0,0,0,0,0,0,0,0,-98,-98,-98,-98,-98,-98,-98,-98,-98
5444,1,1,1,0,0,0,0,0,0,0,0,0,1,-98,-98,-98,-98,-98,-98,-98,-98,-98
5445,0,0,0,0,0,-98,0,0,0,0,0,0,0,-98,-98,-98,-98,-98,-98,-98,-98,-98
5446,1,-98,-98,-98,-98,-98,0,0,1,0,1,1,0,0,0,0,0,0,0,0,0,0
5447,-98,0,0,0,0,-98,0,0,0,0,1,1,0,-98,-98,-98,-98,-98,-98,-98,-98,-98
5448,0,0,0,0,0,0,0,0,0,0,0,0,0,0,0,0,0,0,0,0,0,0
5449,0,0,0,0,0,-98,-98,-98,1,0,0,0,0,-98,-98,-98,-98,-98,-98,-98,-98,-98
5450,0,0,0,0,0,-98,0,0,0,0,0,0,0,-98,-98,-98,-98,-98,-98,-98,-98,-98
5451,0,0,0,0,0,0,0,0,1,0,0,0,1,0,0,0,0,0,0,0,0,0
5452,-98,1,1,1,-98,-98,0,0,0,0,0,0,1,-98,-98,-98,-98,-98,-98,-98,-98,-98
5453,0,0,0,0,0,-98,0,0,0,0,1,0,0,0,0,0,0,0,0,0,0,0
5454,0,-98,0,0,-98,0,-98,-98,1,0,0,0,0,0,0,0,0,0,0,0,1,0
5455,0,1,-98,-98,0,0,0,0,0,0,0,0,0,-98,-98,-98,-98,-98,-98,-98,-98,-98
5456,0,0,0,0,0,-98,0,0,1,0,0,0,0,-98,-98,-98,-98,-98,-98,-98,-98,-98
5457,0,0,0,0,0,-98,0,0,0,0,0,0,0,-98,-98,-98,-98,-98,-98,-98,-98,-98
5458,0,0,1,0,0,0,0,0,1,0,0,0,0,-98,-98,-98,-98,-98,-98,-98,-98,-98
5459,0,0,0,0,0,0,0,0,1,0,0,0,0,-98,-98,-98,-98,-98,-98,-98,-98,-98
5460,0,0,0,1,0,-98,0,0,1,0,1,1,0,0,0,0,0,0,0,0,0,0
5461,0,0,-98,-98,0,-98,-98,-98,0,0,0,0,-98,0,0,0,0,0,0,0,0,0
5462,1,1,0,0,0,1,0,0,0,0,0,0,0,-98,-98,-98,-98,-98,-98,-98,-98,-98
5463,-98,-98,-98,-98,-98,1,0,0,0,0,0,0,1,0,0,0,0,1,0,0,0,0
5464,0,0,0,0,0,1,0,0,1,0,1,1,0,0,0,0,0,0,0,0,0,0
5465,1,1,1,0,0,-98,0,0,1,0,0,0,0,-98,-98,-98,-98,-98,-98,-98,-98,-98
5466,0,0,0,0,0,0,0,0,1,0,1,1,0,0,0,0,1,0,0,0,0,0
5467,0,0,0,0,0,1,0,0,1,0,1,0,0,-98,-98,-98,-98,-98,-98,-98,-98,-98
5468,0,0,0,0,0,0,0,0,1,1,0,0,1,-98,-98,-98,-98,-98,-98,-98,-98,-98
5469,0,0,0,0,0,0,0,0,0,0,0,0,1,-98,-98,-98,-98,-98,-98,-98,-98,-98
5470,1,0,0,0,0,1,0,0,1,0,0,0,0,-98,-98,-98,-98,-98,-98,-98,-98,-98
5471,1,0,0,0,0,-98,0,0,1,1,0,0,0,-98,-98,-98,-98,-98,-98,-98,-98,-98
5472,0,-98,0,0,0,-98,0,0,0,0,0,0,1,-98,-98,-98,-98,-98,-98,-98,-98,-98
5473,0,0,0,0,0,1,0,0,0,0,0,0,0,0,0,0,0,0,0,0,0,0
5474,0,0,0,0,0,-98,0,0,1,0,1,0,0,0,0,0,0,0,0,0,1,0
5475,0,0,0,0,0,1,0,0,0,0,0,0,0,-98,-98,-98,-98,-98,-98,-98,-98,-98
5476,0,0,0,0,-98,-98,-98,-98,0,0,1,1,0,-98,-98,-98,-98,-98,-98,-98,-98,-98
5477,0,0,0,0,0,0,0,0,0,0,0,0,0,-98,-98,-98,-98,-98,-98,-98,-98,-98
5478,1,0,0,0,0,0,0,0,1,0,0,0,1,-98,-98,-98,-98,-98,-98,-98,-98,-98
5479,0,0,0,0,-98,1,0,0,0,0,0,0,0,0,0,0,0,0,0,0,1,0
5480,0,1,0,0,0,1,0,0,0,0,0,0,0,-98,-98,-98,-98,-98,-98,-98,-98,-98
5481,0,1,1,1,0,-97,0,0,1,0,0,0,1,-98,-98,-98,-98,-98,-98,-98,-98,-98
5482,0,0,1,1,0,-98,0,0,1,0,0,0,0,-98,-98,-98,-98,-98,-98,-98,-98,-98
5483,1,0,0,0,0,0,0,0,0,0,0,0,1,-98,-98,-98,-98,-98,-98,-98,-98,-98
5484,0,0,0,0,0,0,0,0,0,0,1,1,0,-98,-98,-98,-98,-98,-98,-98,-98,-98
5485,1,1,0,0,0,1,0,0,0,0,0,0,0,-98,-98,-98,-98,-98,-98,-98,-98,-98
5486,0,0,0,0,0,0,0,0,0,0,0,0,0,-98,-98,-98,-98,-98,-98,-98,-98,-98
5487,1,0,1,0,0,-98,0,0,0,0,0,0,0,-98,-98,-98,-98,-98,-98,-98,-98,-98
5488,0,0,0,0,0,0,0,0,0,0,0,0,0,0,0,0,0,0,0,0,0,0
5489,0,0,0,0,0,0,0,0,1,0,0,0,0,-98,-98,-98,-98,-98,-98,-98,-98,-98
5490,1,1,0,0,0,1,0,0,1,0,1,0,0,-98,-98,-98,-98,-98,-98,-98,-98,-98
5491,0,0,0,0,0,0,0,0,0,0,0,0,0,-98,-98,-98,-98,-98,-98,-98,-98,-98
5492,0,0,0,0,0,-98,0,0,1,0,0,0,1,-98,-98,-98,-98,-98,-98,-98,-98,-98
5493,0,0,0,0,0,0,0,0,0,0,0,0,1,-98,-98,-98,-98,-98,-98,-98,-98,-98
5494,0,0,1,1,0,0,1,1,0,0,0,0,0,-98,-98,-98,-98,-98,-98,-98,-98,-98
5495,0,0,0,0,0,0,0,0,1,0,1,1,-98,0,0,0,0,1,0,0,0,0
5496,0,0,0,0,0,0,0,0,0,0,0,0,0,-98,-98,-98,-98,-98,-98,-98,-98,-98
5497,0,0,0,0,0,0,0,0,0,0,0,0,0,-98,-98,-98,-98,-98,-98,-98,-98,-98
5498,0,0,0,0,0,0,0,0,0,0,0,0,0,-98,-98,-98,-98,-98,-98,-98,-98,-98
5499,1,0,0,0,0,0,0,0,1,0,0,0,0,-98,-98,-98,-98,-98,-98,-98,-98,-98
5500,1,1,0,0,0,0,0,0,1,1,0,0,0,-98,-98,-98,-98,-98,-98,-98,-98,-98
5501,0,-98,1,0,-98,-98,-98,-98,0,0,0,0,0,0,0,0,0,0,0,0,0,0
5502,0,1,1,0,0,1,0,0,0,0,0,0,0,-98,-98,-98,-98,-98,-98,-98,-98,-98
5503,0,0,0,0,-98,1,0,0,0,0,0,0,0,-98,-98,-98,-98,-98,-98,-98,-98,-98
5504,0,0,0,0,0,-98,0,0,1,0,1,1,1,-98,-98,-98,-98,-98,-98,-98,-98,-98
5505,0,0,0,0,0,0,0,0,1,0,0,0,0,-98,-98,-98,-98,-98,-98,-98,-98,-98
5506,0,0,0,0,0,0,0,0,0,0,0,0,0,0,0,0,0,0,0,0,0,0
5507,0,0,0,0,0,0,-98,-98,0,0,1,1,0,0,0,0,0,0,0,0,0,0
5508,1,0,0,0,0,-98,0,0,1,0,0,0,0,0,0,0,0,0,0,0,0,0
5509,1,0,0,0,0,0,0,0,1,0,0,0,0,-98,-98,-98,-98,-98,-98,-98,-98,-98
5510,1,0,1,0,0,1,0,0,1,0,0,0,0,-98,-98,-98,-98,-98,-98,-98,-98,-98
5511,1,0,1,0,0,0,1,1,1,0,1,0,0,-98,-98,-98,-98,-98,-98,-98,-98,-98
5512,1,-97,0,0,0,0,0,0,0,0,0,0,0,-98,-98,-98,-98,-98,-98,-98,-98,-98
5513,1,0,0,0,0,1,0,0,0,0,0,0,0,-98,-98,-98,-98,-98,-98,-98,-98,-98
5514,0,0,0,0,0,0,0,0,0,0,0,0,1,-98,-98,-98,-98,-98,-98,-98,-98,-98
5515,0,0,0,0,0,-98,0,0,1,0,0,0,0,0,0,0,0,0,0,0,0,0
5516,0,0,0,0,0,-98,0,0,0,0,0,0,0,-98,-98,-98,-98,-98,-98,-98,-98,-98
5517,0,0,0,0,0,0,0,0,1,0,0,0,0,-98,-98,-98,-98,-98,-98,-98,-98,-98
5518,0,0,0,0,0,0,0,0,0,0,0,0,0,-98,-98,-98,-98,-98,-98,-98,-98,-98
5519,0,0,1,0,0,1,0,0,0,0,0,0,0,0,0,0,0,0,0,0,0,0
5520,-98,-98,-98,-98,-98,-98,-98,-98,-98,-98,-98,-98,-98,-98,-98,-98,-98,-98,-98,-98,-98,-98
5521,0,0,0,0,0,-98,0,0,0,0,0,0,0,-98,-98,-98,-98,-98,-98,-98,-98,-98
5522,0,1,1,0,0,1,0,0,0,0,0,0,0,-98,-98,-98,-98,-98,-98,-98,-98,-98
5523,0,0,1,0,0,1,-98,-98,0,0,0,0,1,-98,-98,-98,-98,-98,-98,-98,-98,-98
5524,0,0,0,0,0,0,0,0,0,0,0,0,0,-98,-98,-98,-98,-98,-98,-98,-98,-98
5525,0,0,0,0,0,-98,0,0,1,0,0,0,0,-98,-98,-98,-98,-98,-98,-98,-98,-98
5526,0,0,0,1,0,1,0,0,1,0,0,0,0,-98,-98,-98,-98,-98,-98,-98,-98,-98
5527,0,0,0,0,0,1,1,1,0,0,0,1,0,-98,-98,-98,-98,-98,-98,-98,-98,-98
5528,1,0,0,0,0,1,0,0,0,0,0,1,1,0,0,0,0,0,0,0,0,0
5529,-98,-98,1,1,-98,-98,0,0,0,0,0,0,0,0,0,1,0,0,0,0,0,0
5530,0,0,0,0,0,-98,0,0,1,0,0,0,0,-98,-98,-98,-98,-98,-98,-98,-98,-98
5531,0,1,1,1,0,0,0,0,0,0,0,0,0,-98,-98,-98,-98,-98,-98,-98,-98,-98
5532,0,0,0,0,-98,0,0,1,0,0,0,0,0,-98,-98,-98,-98,-98,-98,-98,-98,-98
5533,1,0,0,0,0,-98,0,0,0,0,0,0,0,-98,-98,-98,-98,-98,-98,-98,-98,-98
5534,0,1,0,0,0,1,0,0,1,1,0,0,0,-98,-98,-98,-98,-98,-98,-98,-98,-98
5535,0,0,0,0,0,-98,0,0,0,0,0,0,0,-98,-98,-98,-98,-98,-98,-98,-98,-98
5536,1,1,1,0,0,0,0,0,0,0,0,0,0,-98,-98,-98,-98,-98,-98,-98,-98,-98
5537,0,0,0,0,0,-98,-98,-98,0,0,0,0,0,-98,-98,-98,-98,-98,-98,-98,-98,-98
5538,-98,-98,-98,-98,-98,-98,-98,-98,-98,-98,-98,-98,-98,0,0,0,0,0,0,0,1,0
5539,0,0,0,0,-98,-98,0,0,0,0,0,0,0,-98,-98,-98,-98,-98,-98,-98,-98,-98
5540,0,0,0,0,0,0,0,0,1,0,0,1,0,-98,-98,-98,-98,-98,-98,-98,-98,-98
5541,-98,0,0,0,0,-98,-98,-98,0,0,0,0,0,-99,-99,-99,-99,-99,-99,-99,-99,-99
5542,1,1,1,0,0,1,0,0,0,0,0,0,0,-98,-98,-98,-98,-98,-98,-98,-98,-98
5543,0,0,0,0,0,1,0,0,1,0,0,0,0,-98,-98,-98,-98,-98,-98,-98,-98,-98
5544,0,0,0,0,0,-98,-98,-98,0,0,1,0,0,0,0,0,0,0,0,0,0,0
5545,0,0,0,0,-98,0,0,0,0,0,0,0,1,-98,-98,-98,-98,-98,-98,-98,-98,-98
5546,0,0,0,0,0,-98,0,0,0,0,1,0,0,-98,-98,-98,-98,-98,-98,-98,-98,-98
5547,0,0,1,0,0,-98,0,0,0,0,0,0,0,-98,-98,-98,-98,-98,-98,-98,-98,-98
5548,0,1,0,0,0,-98,0,0,0,0,0,0,1,-98,-98,-98,-98,-98,-98,-98,-98,-98
5549,0,0,0,0,0,-98,0,0,0,0,0,0,0,0,0,0,0,0,0,0,0,0
5550,0,0,0,0,0,1,0,0,0,0,0,0,0,-98,-98,-98,-98,-98,-98,-98,-98,-98
5551,1,0,1,0,0,0,0,0,0,0,0,0,0,-98,-98,-98,-98,-98,-98,-98,-98,-98
5552,0,0,-98,-98,-98,0,0,0,0,0,0,0,1,-98,-98,-98,-98,-98,-98,-98,-98,-98
5553,0,-98,0,0,0,0,0,0,0,0,0,0,0,0,0,0,0,0,0,0,0,0
5554,1,1,1,0,0,-98,0,0,1,0,0,0,0,-98,-98,-98,-98,-98,-98,-98,-98,-98
5555,0,1,1,1,0,0,1,1,0,0,1,1,1,-98,-98,-98,-98,-98,-98,-98,-98,-98
5556,0,0,0,0,0,0,0,0,0,0,0,0,0,-98,-98,-98,-98,-98,-98,-98,-98,-98
5557,0,0,0,0,0,-98,0,0,0,0,0,0,0,-98,-98,-98,-98,-98,-98,-98,-98,-98
5558,1,1,0,0,0,1,0,0,0,0,0,0,0,-98,-98,-98,-98,-98,-98,-98,-98,-98
5559,0,0,0,0,-98,0,0,0,0,0,0,0,0,0,0,0,0,0,0,0,0,1
5560,1,0,0,0,0,0,0,0,1,0,0,1,0,-98,-98,-98,-98,-98,-98,-98,-98,-98
5561,0,0,0,0,0,0,0,0,1,0,0,0,1,-98,-98,-98,-98,-98,-98,-98,-98,-98
5562,0,0,-98,-98,-98,-98,-98,-98,0,0,0,0,0,-98,-98,-98,-98,-98,-98,-98,-98,-98
5563,0,0,0,0,0,0,0,0,0,0,0,0,0,-98,-98,-98,-98,-98,-98,-98,-98,-98
5564,1,0,0,0,-98,0,0,0,0,0,1,1,0,0,0,1,0,1,0,0,0,0
5565,1,0,0,0,0,0,0,0,0,0,0,0,0,-98,-98,-98,-98,-98,-98,-98,-98,-98
5566,-98,-98,-98,-98,-98,0,-98,-98,0,0,-98,-98,0,0,0,0,0,0,0,0,0,0
5567,0,0,0,0,-98,0,1,1,0,0,0,0,1,-98,-98,-98,-98,-98,-98,-98,-98,-98
5568,0,0,0,0,0,0,0,0,1,0,0,0,0,-98,-98,-98,-98,-98,-98,-98,-98,-98
5569,0,0,0,0,0,1,0,0,0,0,0,0,0,0,0,0,0,0,0,0,0,0
5570,1,0,0,0,0,0,0,0,1,0,0,0,0,-98,-98,-98,-98,-98,-98,-98,-98,-98
5571,0,0,0,0,0,0,0,0,0,0,0,0,0,-98,-98,-98,-98,-98,-98,-98,-98,-98
5572,0,0,0,0,0,1,0,0,1,0,0,0,0,-98,-98,-98,-98,-98,-98,-98,-98,-98
5573,1,0,1,1,0,0,0,0,1,0,1,1,0,-98,-98,-98,-98,-98,-98,-98,-98,-98
5574,0,0,0,0,-98,-98,-98,-98,0,0,0,0,0,0,0,0,0,0,0,0,0,0
5575,0,1,1,1,0,1,0,0,0,0,0,0,0,-98,-98,-98,-98,-98,-98,-98,-98,-98
5576,1,0,0,0,0,-98,0,0,1,0,1,1,0,-98,-98,-98,-98,-98,-98,-98,-98,-98
5577,0,-98,1,0,-98,-98,0,0,0,0,1,1,0,0,0,0,0,0,0,0,1,0
5578,0,0,0,0,-98,1,0,0,0,0,-98,-98,0,-98,-98,-98,-98,-98,-98,-98,-98,-98
5579,1,0,1,0,0,0,0,0,1,1,0,0,0,-98,-98,-98,-98,-98,-98,-98,-98,-98
5580,0,0,0,0,0,0,0,0,1,0,0,0,0,0,0,0,0,0,0,1,0,0
5581,1,0,0,0,0,0,0,0,0,0,0,0,0,-98,-98,-98,-98,-98,-98,-98,-98,-98
5582,0,0,0,0,0,1,0,0,0,0,0,1,0,-98,-98,-98,-98,-98,-98,-98,-98,-98
5583,0,0,0,0,0,0,-98,-98,0,0,1,1,1,-98,-98,-98,-98,-98,-98,-98,-98,-98
5584,0,0,0,0,0,-98,-98,-98,0,0,0,0,1,-98,-98,-98,-98,-98,-98,-98,-98,-98
5585,0,-98,-98,-98,-98,0,-98,-98,1,0,0,0,0,-98,-98,-98,-98,-98,-98,-98,-98,-98
5586,-98,0,0,0,0,0,-98,-98,0,0,0,0,0,-98,-98,-98,-98,-98,-98,-98,-98,-98
5587,1,0,0,0,0,0,0,0,1,0,0,0,0,-98,-98,-98,-98,-98,-98,-98,-98,-98
5588,0,-98,0,0,-98,0,-98,-98,0,0,0,0,0,-98,-98,-98,-98,-98,-98,-98,-98,-98
5589,1,0,0,0,0,-98,0,0,1,0,1,0,0,-98,-98,-98,-98,-98,-98,-98,-98,-98
5590,1,1,1,1,0,0,0,0,1,0,0,0,0,-98,-98,-98,-98,-98,-98,-98,-98,-98
5591,1,0,0,0,0,0,0,0,0,0,0,0,0,-98,-98,-98,-98,-98,-98,-98,-98,-98
5592,0,0,0,0,0,-98,0,0,0,0,0,0,1,0,0,0,0,0,0,0,1,0
5593,0,0,0,0,0,0,0,0,1,0,1,1,0,0,0,0,0,1,0,0,1,0
5594,0,1,0,0,-98,-98,0,0,0,0,0,0,0,-98,-98,-98,-98,-98,-98,-98,-98,-98
5595,0,0,-98,-98,0,-98,0,0,1,0,1,0,0,0,0,0,0,0,0,0,1,0
5596,0,0,0,0,0,0,0,0,0,0,-98,-98,0,-98,-98,-98,-98,-98,-98,-98,-98,-98
5597,0,1,1,0,0,0,0,0,0,0,0,0,0,0,0,0,0,0,0,0,0,0
5598,0,0,0,0,-98,-98,0,0,0,0,0,1,1,-98,-98,-98,-98,-98,-98,-98,-98,-98
5599,0,0,1,1,0,-98,0,0,0,0,0,0,0,-98,-98,-98,-98,-98,-98,-98,-98,-98
5600,0,0,0,0,0,-98,0,0,0,0,0,0,0,-98,-98,-98,-98,-98,-98,-98,-98,-98
5601,0,0,0,0,0,0,0,0,1,1,0,0,0,-98,-98,-98,-98,-98,-98,-98,-98,-98
5602,0,0,0,0,0,0,0,0,1,0,0,0,0,-98,-98,-98,-98,-98,-98,-98,-98,-98
5603,0,0,0,0,0,-98,0,0,0,0,0,0,0,-98,-98,-98,-98,-98,-98,-98,-98,-98
5604,0,1,0,0,0,1,0,0,1,1,0,0,0,-98,-98,-98,-98,-98,-98,-98,-98,-98
5605,0,0,0,0,-98,0,0,0,0,0,1,1,0,0,0,0,0,1,0,0,0,0
5606,0,1,1,1,0,0,0,0,1,0,0,0,0,-98,-98,-98,-98,-98,-98,-98,-98,-98
5607,0,0,-98,-98,-98,-98,-98,-98,0,0,-98,-98,0,-98,-98,-98,-98,-98,-98,-98,-98,-98
5608,0,0,0,0,0,-98,-98,-98,0,0,0,0,0,-98,-98,-98,-98,-98,-98,-98,-98,-98
5609,0,0,0,0,0,-98,-98,-98,0,0,1,0,0,-98,-98,-98,-98,-98,-98,-98,-98,-98
5610,1,0,0,0,0,0,0,0,1,0,0,1,0,-98,-98,-98,-98,-98,-98,-98,-98,-98
5611,0,0,0,0,0,0,0,0,0,0,1,1,1,0,0,0,1,1,0,0,0,0
5612,0,0,0,0,0,1,0,0,0,0,0,0,1,-98,-98,-98,-98,-98,-98,-98,-98,-98
5613,0,0,0,0,0,0,0,0,0,0,1,0,0,-98,-98,-98,-98,-98,-98,-98,-98,-98
5614,0,0,0,0,0,0,-98,-98,1,0,1,1,0,-98,-98,-98,-98,-98,-98,-98,-98,-98
5615,1,0,0,0,0,1,0,0,0,0,0,0,0,-98,-98,-98,-98,-98,-98,-98,-98,-98
5616,0,0,0,0,0,0,0,0,1,0,0,0,0,-98,-98,-98,-98,-98,-98,-98,-98,-98
5617,1,0,0,0,0,0,0,0,0,0,0,1,0,-98,-98,-98,-98,-98,-98,-98,-98,-98
5618,0,0,0,0,-98,-98,-98,-98,1,0,0,0,0,-98,-98,-98,-98,-98,-98,-98,-98,-98
5619,1,0,0,0,0,1,0,0,1,1,0,0,0,-98,-98,-98,-98,-98,-98,-98,-98,-98
5620,-98,-98,-98,-98,-98,-98,0,0,0,0,0,0,0,0,0,0,0,0,0,0,0,0
5621,0,0,0,0,0,-98,0,0,0,0,0,0,0,0,0,0,0,0,0,0,0,0
5622,1,1,1,1,0,0,0,0,1,0,1,0,0,-98,-98,-98,-98,-98,-98,-98,-98,-98
5623,0,0,0,0,0,0,0,1,0,0,-98,-98,1,0,0,0,0,0,0,0,1,0
5624,1,1,1,0,0,-98,0,0,0,0,0,0,0,-98,-98,-98,-98,-98,-98,-98,-98,-98
5625,0,0,0,0,0,-98,0,0,0,0,0,0,0,-98,-98,-98,-98,-98,-98,-98,-98,-98
5626,0,0,0,0,0,0,0,0,1,1,0,0,1,-98,-98,-98,-98,-98,-98,-98,-98,-98
5627,0,-98,-98,-98,0,-98,0,0,0,0,0,0,0,0,0,0,0,0,0,0,0,0
5628,0,0,0,0,-98,-98,0,0,0,0,0,1,0,-98,-98,-98,-98,-98,-98,-98,-98,-98
5629,0,0,1,0,0,-98,0,0,0,0,0,0,0,-98,-98,-98,-98,-98,-98,-98,-98,-98
5630,0,0,0,0,-98,0,0,0,0,0,0,0,0,-98,-98,-98,-98,-98,-98,-98,-98,-98
5631,0,0,0,0,0,0,0,1,1,0,1,1,1,-98,-98,-98,-98,-98,-98,-98,-98,-98
5632,-98,0,0,0,-98,0,0,0,1,0,0,0,0,-98,-98,-98,-98,-98,-98,-98,-98,-98
5633,0,0,0,0,0,1,1,1,1,0,0,0,0,0,0,0,0,0,0,0,0,0
5634,0,1,1,1,0,1,0,0,0,0,0,0,0,-98,-98,-98,-98,-98,-98,-98,-98,-98
5635,-98,-98,-98,-98,-98,-98,0,0,0,0,0,0,0,-98,-98,-98,-98,-98,-98,-98,-98,-98
5636,0,-98,0,0,0,1,0,0,0,0,0,0,1,-98,-98,-98,-98,-98,-98,-98,-98,-98
5637,1,0,0,0,0,-98,0,0,0,0,1,1,0,-98,-98,-98,-98,-98,-98,-98,-98,-98
5638,-98,-98,-98,-98,-98,-98,-98,-98,0,0,-98,-98,0,-98,-98,-98,-98,-98,-98,-98,-98,-98
5639,1,0,0,0,0,1,0,0,0,0,0,0,0,-98,-98,-98,-98,-98,-98,-98,-98,-98
5640,0,0,0,0,0,0,0,0,1,0,0,0,0,0,0,0,0,0,0,0,1,1
5641,0,0,0,0,0,-98,0,0,0,0,0,0,0,-98,-98,-98,-98,-98,-98,-98,-98,-98
5642,0,1,0,0,0,0,0,0,0,0,1,0,0,-98,-98,-98,-98,-98,-98,-98,-98,-98
5643,0,0,0,0,-98,0,0,0,0,0,0,0,1,0,0,0,1,0,0,0,0,0
5644,0,0,0,0,0,-98,0,0,1,0,0,0,0,-98,-98,-98,-98,-98,-98,-98,-98,-98
5645,-98,-98,-98,-98,-98,-98,0,0,0,0,1,0,0,-98,-98,-98,-98,-98,-98,-98,-98,-98
5646,0,0,0,0,0,-98,0,0,0,0,0,0,0,-98,-98,-98,-98,-98,-98,-98,-98,-98
5647,0,0,0,0,0,0,0,0,0,0,0,0,0,0,0,0,0,0,0,0,0,1
5648,1,0,0,0,0,-98,0,0,0,0,1,0,0,-98,-98,-98,-98,-98,-98,-98,-98,-98
5649,1,-98,0,0,0,-98,0,0,1,0,0,0,0,-98,-98,-98,-98,-98,-98,-98,-98,-98
5650,1,0,1,0,0,0,0,0,1,1,0,0,1,0,0,0,0,0,0,0,0,0
5651,0,0,1,1,0,1,0,0,1,0,1,1,0,-98,-98,-98,-98,-98,-98,-98,-98,-98
5652,0,0,0,0,0,0,0,0,1,0,1,1,1,-98,-98,-98,-98,-98,-98,-98,-98,-98
5653,0,1,0,0,0,-98,0,0,1,0,0,0,0,-98,-98,-98,-98,-98,-98,-98,-98,-98
5654,0,1,1,1,0,0,0,0,0,0,0,0,0,-98,-98,-98,-98,-98,-98,-98,-98,-98
5655,1,-98,1,1,0,-98,1,1,1,1,0,0,0,-98,-98,-98,-98,-98,-98,-98,-98,-98
5656,0,0,0,0,-98,0,0,0,0,0,0,0,0,-98,-98,-98,-98,-98,-98,-98,-98,-98
5657,0,0,0,0,0,0,0,0,0,0,1,1,0,-98,-98,-98,-98,-98,-98,-98,-98,-98
5658,0,1,0,0,0,0,1,1,1,1,0,0,1,-98,-98,-98,-98,-98,-98,-98,-98,-98
5659,0,0,0,0,0,-98,-98,-98,0,0,0,0,-98,0,0,0,0,0,0,0,0,0
5660,0,0,0,0,0,0,0,0,0,0,0,0,0,0,0,0,0,0,0,0,0,0
5661,1,0,0,0,0,0,0,0,0,0,1,1,0,-98,-98,-98,-98,-98,-98,-98,-98,-98
5662,0,1,1,1,0,1,0,1,0,0,1,1,0,-98,-98,-98,-98,-98,-98,-98,-98,-98
5663,0,0,0,0,0,-98,0,0,0,0,0,0,1,-98,-98,-98,-98,-98,-98,-98,-98,-98
5664,0,0,1,0,0,1,0,0,0,0,0,0,0,-98,-98,-98,-98,-98,-98,-98,-98,-98
5665,1,0,0,0,-98,0,0,0,0,0,0,0,0,-98,-98,-98,-98,-98,-98,-98,-98,-98
5666,0,0,0,0,0,0,0,0,0,0,0,0,0,-98,-98,-98,-98,-98,-98,-98,-98,-98
5667,-98,0,-98,-98,-98,1,-98,-98,0,0,-98,-98,0,-98,-98,-98,-98,-98,-98,-98,-98,-98
5668,1,0,0,0,-98,0,0,0,0,0,1,0,0,-98,-98,-98,-98,-98,-98,-98,-98,-98
5669,1,0,0,0,0,1,0,0,1,0,1,1,0,-98,-98,-98,-98,-98,-98,-98,-98,-98
5670,0,0,0,0,0,0,1,1,0,0,0,0,0,0,0,0,0,1,0,0,0,0
5671,0,0,-98,-98,0,-98,0,0,0,0,0,0,0,-98,-98,-98,-98,-98,-98,-98,-98,-98
5672,0,0,0,0,0,-98,1,1,0,0,0,0,0,-98,-98,-98,-98,-98,-98,-98,-98,-98
5673,0,0,0,0,0,0,0,0,0,0,0,0,0,-98,-98,-98,-98,-98,-98,-98,-98,-98
5674,1,0,0,0,0,-98,0,0,1,0,0,0,0,-98,-98,-98,-98,-98,-98,-98,-98,-98
5675,0,0,0,0,0,-98,-98,-98,0,0,0,0,0,-98,-98,-98,-98,-98,-98,-98,-98,-98
5676,-98,0,0,0,0,-98,-98,-98,0,0,-98,-98,0,-98,-98,-98,-98,-98,-98,-98,-98,-98
5677,0,0,0,0,0,0,0,0,0,0,0,1,0,-98,-98,-98,-98,-98,-98,-98,-98,-98
5678,0,0,0,0,0,0,0,0,1,0,0,0,0,-98,-98,-98,-98,-98,-98,-98,-98,-98
5679,0,0,0,0,0,-98,0,0,0,0,0,0,0,-98,-98,-98,-98,-98,-98,-98,-98,-98
5680,0,0,0,0,-98,0,0,0,0,0,0,0,1,-98,-98,-98,-98,-98,-98,-98,-98,-98
5681,-98,-98,-98,-98,-98,-98,-98,-98,0,0,0,0,0,0,0,0,0,0,0,0,0,0
5682,0,0,0,0,0,0,-98,-98,0,0,0,0,0,-98,-98,-98,-98,-98,-98,-98,-98,-98
5683,-98,-98,-98,-98,-98,-98,0,0,0,0,-98,-98,-98,-98,-98,-98,-98,-98,-98,-98,-98,-98
5684,0,0,1,1,0,0,0,0,0,0,0,0,1,-98,-98,-98,-98,-98,-98,-98,-98,-98
5685,0,0,0,0,-98,0,0,0,0,0,0,0,0,-98,-98,-98,-98,-98,-98,-98,-98,-98
5686,0,0,0,0,0,-98,0,0,0,0,0,0,0,-98,-98,-98,-98,-98,-98,-98,-98,-98
5687,0,0,1,1,0,1,0,0,0,0,0,0,1,0,0,0,0,0,0,0,0,0
5688,1,1,0,0,0,-98,0,0,1,1,0,0,0,-98,-98,-98,-98,-98,-98,-98,-98,-98
5689,0,0,0,0,-98,-98,-98,-98,1,0,0,0,0,-98,-98,-98,-98,-98,-98,-98,-98,-98
5690,1,0,0,0,0,1,0,0,0,0,0,0,0,-98,-98,-98,-98,-98,-98,-98,-98,-98
5691,0,0,0,0,-98,0,-98,-98,0,0,0,0,1,-98,-98,-98,-98,-98,-98,-98,-98,-98
5692,0,0,0,0,0,0,0,0,0,0,1,1,0,-98,-98,-98,-98,-98,-98,-98,-98,-98
5693,-99,-99,0,0,0,-98,0,0,0,0,0,0,1,0,0,0,0,0,0,0,0,0
5694,1,1,1,1,0,-98,0,0,0,0,0,0,1,-98,-98,-98,-98,-98,-98,-98,-98,-98
5695,-98,-98,-98,-98,-98,0,-98,-98,0,0,0,0,0,-98,-98,-98,-98,-98,-98,-98,-98,-98
5696,0,1,0,0,0,-98,-98,-98,0,0,0,0,0,-98,-98,-98,-98,-98,-98,-98,-98,-98
5697,1,0,0,0,0,0,0,0,1,0,1,0,0,-98,-98,-98,-98,-98,-98,-98,-98,-98
5698,0,0,0,0,0,1,-98,-98,0,0,0,0,1,-98,-98,-98,-98,-98,-98,-98,-98,-98
5699,0,1,-98,-98,0,-98,1,1,0,0,0,0,0,-98,-98,-98,-98,-98,-98,-98,-98,-98
5700,0,0,0,0,0,0,1,1,0,0,0,0,0,-98,-98,-98,-98,-98,-98,-98,-98,-98
5701,0,0,0,0,-98,0,0,0,0,0,0,0,0,0,0,0,0,0,0,0,0,0
5702,1,0,0,0,0,0,0,0,0,0,0,0,0,-98,-98,-98,-98,-98,-98,-98,-98,-98
5703,0,0,0,0,0,0,0,0,1,1,0,0,0,0,0,0,0,0,0,0,1,0
5704,0,1,0,0,0,1,0,0,0,0,0,0,0,-98,-98,-98,-98,-98,-98,-98,-98,-98
5705,0,0,0,0,0,0,0,0,0,0,0,0,0,-98,-98,-98,-98,-98,-98,-98,-98,-98
5706,0,0,0,0,0,1,0,0,0,0,0,0,0,-98,-98,-98,-98,-98,-98,-98,-98,-98
5707,0,0,1,1,-98,-98,0,0,0,0,0,0,0,-98,-98,-98,-98,-98,-98,-98,-98,-98
5708,0,0,0,0,0,0,0,0,1,0,0,0,0,-98,-98,-98,-98,-98,-98,-98,-98,-98
5709,1,0,0,0,0,0,0,0,0,0,0,0,0,-98,-98,-98,-98,-98,-98,-98,-98,-98
5710,1,0,0,0,0,0,0,0,1,0,1,1,0,-98,-98,-98,-98,-98,-98,-98,-98,-98
5711,0,0,0,0,-98,-98,0,0,0,0,0,0,0,-98,-98,-98,-98,-98,-98,-98,-98,-98
5712,1,0,0,0,-98,-98,0,0,1,0,0,0,0,-98,-98,-98,-98,-98,-98,-98,-98,-98
5713,1,0,1,0,0,1,0,0,0,0,0,0,0,-98,-98,-98,-98,-98,-98,-98,-98,-98
5714,0,0,0,0,0,0,0,0,1,0,1,1,0,-98,-98,-98,-98,-98,-98,-98,-98,-98
5715,0,-98,0,0,0,-98,0,0,0,0,0,0,1,-98,-98,-98,-98,-98,-98,-98,-98,-98
5716,0,0,0,0,0,-98,0,0,0,0,0,0,0,-98,-98,-98,-98,-98,-98,-98,-98,-98
5717,1,0,0,0,0,0,0,0,1,0,0,0,0,-98,-98,-98,-98,-98,-98,-98,-98,-98
5718,0,0,0,0,-98,0,-98,-98,0,0,0,0,0,0,0,0,0,0,0,0,1,0
5719,0,0,0,0,-98,-98,0,0,0,0,0,0,0,-98,-98,-98,-98,-98,-98,-98,-98,-98
5720,0,0,1,1,0,0,0,0,0,0,0,0,1,0,0,0,0,0,0,0,0,0
5721,0,0,0,0,0,-98,0,0,1,0,0,0,0,-98,-98,-98,-98,-98,-98,-98,-98,-98
5722,0,0,0,0,-98,-98,0,0,0,0,0,0,0,-98,-98,-98,-98,-98,-98,-98,-98,-98
5723,0,0,0,0,0,0,0,0,0,0,0,0,0,-98,-98,-98,-98,-98,-98,-98,-98,-98
5724,1,0,0,0,0,1,0,0,0,0,1,0,0,-98,-98,-98,-98,-98,-98,-98,-98,-98
5725,0,0,0,0,0,-98,0,0,0,0,0,0,0,-98,-98,-98,-98,-98,-98,-98,-98,-98
5726,0,0,0,0,0,-98,0,0,0,0,0,0,0,0,0,0,1,0,0,0,0,0
5727,0,0,0,0,-98,0,0,0,0,0,0,0,0,-98,-98,-98,-98,-98,-98,-98,-98,-98
5728,0,1,1,0,-98,1,0,0,1,0,1,0,0,-98,-98,-98,-98,-98,-98,-98,-98,-98
5729,0,0,0,0,0,1,0,0,0,0,1,0,0,-98,-98,-98,-98,-98,-98,-98,-98,-98
5730,1,1,1,0,0,0,0,0,1,0,0,0,0,-98,-98,-98,-98,-98,-98,-98,-98,-98
5731,1,0,0,0,0,0,0,0,0,0,0,0,0,-98,-98,-98,-98,-98,-98,-98,-98,-98
5732,0,1,0,1,0,0,1,1,0,0,1,1,1,0,0,0,0,0,0,0,0,0
5733,-98,0,0,0,0,0,0,0,1,0,0,0,0,0,0,0,0,0,0,0,0,0
5734,-98,-98,-98,-98,-98,-98,-98,-98,0,0,0,0,0,-98,-98,-98,-98,-98,-98,-98,-98,-98
5735,0,1,0,0,0,0,0,0,1,0,0,0,0,-98,-98,-98,-98,-98,-98,-98,-98,-98
5736,0,0,0,0,0,0,0,0,1,0,0,0,1,-98,-98,-98,-98,-98,-98,-98,-98,-98
5737,1,0,0,0,0,0,0,0,1,1,1,0,1,-98,-98,-98,-98,-98,-98,-98,-98,-98
5738,0,0,0,0,0,0,0,0,1,0,0,0,0,-98,-98,-98,-98,-98,-98,-98,-98,-98
5739,1,0,1,1,0,0,0,0,0,0,0,0,0,-98,-98,-98,-98,-98,-98,-98,-98,-98
5740,0,0,0,0,0,-98,0,0,0,0,1,0,1,-98,-98,-98,-98,-98,-98,-98,-98,-98
5741,1,0,1,0,0,-98,0,0,0,0,0,0,0,-98,-98,-98,-98,-98,-98,-98,-98,-98
5742,0,0,0,0,-98,-98,-98,-98,0,0,-98,-98,0,-98,-98,-98,-98,-98,-98,-98,-98,-98
5743,0,-98,-98,-98,-98,-98,-98,-98,0,0,1,0,0,-98,-98,-98,-98,-98,-98,-98,-98,-98
5744,0,0,-98,-98,-98,-98,-98,-98,0,0,0,0,0,-98,-98,-98,-98,-98,-98,-98,-98,-98
5745,0,0,0,0,0,-98,0,0,0,0,1,1,0,-98,-98,-98,-98,-98,-98,-98,-98,-98
5746,-98,-98,-98,-98,0,-98,-98,-98,1,0,0,0,0,0,0,0,0,0,0,0,0,0
5747,1,1,1,1,1,0,0,0,0,0,0,0,0,-98,-98,-98,-98,-98,-98,-98,-98,-98
5748,0,0,0,0,0,0,0,0,0,0,0,0,0,-98,-98,-98,-98,-98,-98,-98,-98,-98
5749,0,0,0,0,0,1,0,0,0,0,1,1,0,-98,-98,-98,-98,-98,-98,-98,-98,-98
5750,0,0,0,0,0,-98,0,0,0,0,0,0,0,0,0,0,0,0,0,0,0,0
5751,1,0,0,0,0,-98,0,0,1,0,0,0,0,-98,-98,-98,-98,-98,-98,-98,-98,-98
5752,0,0,0,0,0,1,0,0,1,0,1,0,0,-98,-98,-98,-98,-98,-98,-98,-98,-98
5753,0,0,-98,-98,-98,-98,-98,-98,0,0,0,0,0,-98,-98,-98,-98,-98,-98,-98,-98,-98
5754,0,-98,0,0,0,-98,0,0,0,0,0,1,0,-98,-98,-98,-98,-98,-98,-98,-98,-98
5755,1,0,0,0,0,-98,0,0,0,0,0,0,0,-98,-98,-98,-98,-98,-98,-98,-98,-98
5756,0,0,0,0,0,-98,0,0,0,0,0,0,0,-98,-98,-98,-98,-98,-98,-98,-98,-98
5757,1,0,1,1,0,1,0,0,1,0,0,0,0,-98,-98,-98,-98,-98,-98,-98,-98,-98
5758,1,0,0,0,0,-98,0,0,0,0,0,0,0,-98,-98,-98,-98,-98,-98,-98,-98,-98
5759,0,0,0,0,0,0,0,0,0,0,0,0,0,-98,-98,-98,-98,-98,-98,-98,-98,-98
5760,0,0,0,0,0,-98,0,0,1,0,0,0,0,0,0,0,0,0,0,0,1,1
5761,1,0,0,0,0,1,0,0,0,0,0,0,0,-98,-98,-98,-98,-98,-98,-98,-98,-98
5762,0,0,1,1,0,1,0,0,0,0,0,0,1,-98,-98,-98,-98,-98,-98,-98,-98,-98
5763,0,0,0,0,-98,0,0,0,1,0,0,0,0,-98,-98,-98,-98,-98,-98,-98,-98,-98
5764,0,0,0,0,0,-98,0,0,1,0,0,0,0,0,0,0,0,0,0,0,0,0
5765,0,0,0,0,0,0,1,1,0,0,0,0,0,-98,-98,-98,-98,-98,-98,-98,-98,-98
5766,0,0,0,0,0,0,0,0,1,0,1,0,0,0,0,0,0,0,0,0,1,0
5767,0,0,0,0,0,0,0,0,1,1,0,0,0,0,0,0,0,0,0,0,1,0
5768,0,0,0,0,0,0,0,0,0,0,0,0,1,-98,-98,-98,-98,-98,-98,-98,-98,-98
5769,0,0,0,0,0,0,0,0,1,0,0,0,0,0,0,0,0,0,0,0,1,0
5770,0,0,0,0,0,0,0,0,1,0,1,0,0,-98,-98,-98,-98,-98,-98,-98,-98,-98
5771,0,0,0,0,0,0,0,0,0,0,0,0,0,-98,-98,-98,-98,-98,-98,-98,-98,-98
5772,0,0,0,0,-98,-98,-98,-98,0,0,0,0,0,-98,-98,-98,-98,-98,-98,-98,-98,-98
5773,-98,0,0,0,0,-98,0,0,0,0,0,0,1,-98,-98,-98,-98,-98,-98,-98,-98,-98
5774,-98,-98,-98,-98,-98,-98,-98,-98,1,0,-98,-98,-98,-98,-98,-98,-98,-98,-98,-98,-98,-98
5775,0,0,0,0,0,-98,0,0,0,0,1,0,0,0,0,0,0,0,0,0,0,0
5776,0,0,0,0,0,0,1,1,0,0,0,0,0,-98,-98,-98,-98,-98,-98,-98,-98,-98
5777,-98,-98,-98,-98,-98,0,-98,-98,0,0,1,1,0,-98,-98,-98,-98,-98,-98,-98,-98,-98
5778,0,0,0,0,0,0,0,0,1,0,1,1,0,-98,-98,-98,-98,-98,-98,-98,-98,-98
5779,1,1,0,0,0,0,0,0,0,0,0,0,0,-98,-98,-98,-98,-98,-98,-98,-98,-98
5780,-98,-98,-98,-98,-98,-98,0,0,0,0,1,1,0,0,0,0,0,1,0,0,0,0
5781,0,0,-98,-98,-98,-98,-98,-98,0,0,1,0,0,0,0,0,0,0,0,0,1,0
5782,0,0,0,0,0,0,0,0,1,0,1,1,0,0,0,0,0,0,0,0,0,0
5783,0,0,0,0,0,0,0,0,1,0,1,1,0,0,0,0,0,0,0,0,0,0
5784,1,1,0,0,0,1,0,0,0,0,0,0,0,-98,-98,-98,-98,-98,-98,-98,-98,-98
5785,1,1,1,0,0,1,0,0,0,0,1,0,0,-98,-98,-98,-98,-98,-98,-98,-98,-98
5786,0,0,0,0,0,-98,-98,-98,0,0,1,0,0,-98,-98,-98,-98,-98,-98,-98,-98,-98
5787,0,0,0,0,0,1,0,0,0,0,0,0,0,-98,-98,-98,-98,-98,-98,-98,-98,-98
5788,0,0,0,0,0,-98,1,1,1,1,0,0,0,-98,-98,-98,-98,-98,-98,-98,-98,-98
5789,0,0,1,0,0,0,0,0,0,0,0,0,0,-98,-98,-98,-98,-98,-98,-98,-98,-98
5790,0,-98,0,0,-98,0,0,0,0,0,0,0,0,-98,-98,-98,-98,-98,-98,-98,-98,-98
5791,0,0,0,0,0,0,0,0,0,0,0,0,0,-98,-98,-98,-98,-98,-98,-98,-98,-98
5792,0,0,0,0,0,-98,0,0,1,0,1,1,0,-98,-98,-98,-98,-98,-98,-98,-98,-98
5793,0,0,0,0,0,0,1,1,1,1,1,1,0,1,0,1,1,1,0,0,0,0
5794,0,0,0,0,0,0,0,0,0,0,0,0,1,-98,-98,-98,-98,-98,-98,-98,-98,-98
5795,0,0,0,0,0,0,0,0,0,0,0,0,0,-98,-98,-98,-98,-98,-98,-98,-98,-98
5796,0,0,0,0,-98,0,0,0,0,0,0,0,0,-98,-98,-98,-98,-98,-98,-98,-98,-98
5797,0,0,0,0,0,-98,0,0,0,0,1,1,0,-98,-98,-98,-98,-98,-98,-98,-98,-98
5798,0,0,1,0,0,0,1,1,0,0,0,0,1,-98,-98,-98,-98,-98,-98,-98,-98,-98
5799,1,0,0,0,0,1,0,0,0,0,0,0,0,-98,-98,-98,-98,-98,-98,-98,-98,-98
5800,1,0,0,0,0,1,0,0,1,0,1,0,0,-98,-98,-98,-98,-98,-98,-98,-98,-98
5801,1,1,0,0,0,1,0,0,0,0,0,0,0,0,0,0,0,0,0,0,0,0
5802,0,-98,0,0,-98,0,0,0,0,0,-98,-98,0,-98,-98,-98,-98,-98,-98,-98,-98,-98
5803,0,0,0,0,0,-98,0,0,1,0,0,0,0,-98,-98,-98,-98,-98,-98,-98,-98,-98
5804,0,0,0,0,-98,0,0,0,0,0,0,0,1,-98,-98,-98,-98,-98,-98,-98,-98,-98
5805,0,0,0,0,0,0,-98,-98,0,0,0,0,0,-98,-98,-98,-98,-98,-98,-98,-98,-98
5806,0,0,0,0,-98,0,0,0,0,0,-98,-98,0,-98,-98,-98,-98,-98,-98,-98,-98,-98
5807,0,0,0,0,0,-98,0,0,0,0,1,0,0,0,0,0,1,0,0,0,0,0
5808,1,0,0,0,0,0,0,0,1,0,1,1,1,0,0,0,1,1,0,0,0,1
5809,-98,-98,-98,-98,-98,-98,0,0,1,0,0,0,0,0,0,0,0,0,0,0,1,0
5810,0,0,0,0,0,0,0,0,0,0,0,0,0,-98,-98,-98,-98,-98,-98,-98,-98,-98
5811,1,1,0,0,0,1,0,0,1,0,0,0,0,-98,-98,-98,-98,-98,-98,-98,-98,-98
5812,0,0,1,1,0,-98,0,0,0,0,0,0,0,-98,-98,-98,-98,-98,-98,-98,-98,-98
5813,0,0,0,0,0,-98,0,0,0,0,0,0,0,-98,-98,-98,-98,-98,-98,-98,-98,-98
5814,0,0,0,0,0,0,0,0,1,1,1,1,0,0,0,0,0,0,0,0,0,0
5815,0,0,0,0,0,1,0,0,0,0,0,0,0,-98,-98,-98,-98,-98,-98,-98,-98,-98
5816,0,0,0,0,-98,-98,0,0,0,0,0,0,0,-98,-98,-98,-98,-98,-98,-98,-98,-98
5817,0,0,0,0,0,0,0,0,0,0,1,1,0,0,0,0,0,1,0,0,0,0
5818,0,0,1,0,0,-98,0,0,0,0,0,0,0,-98,-98,-98,-98,-98,-98,-98,-98,-98
5819,1,0,0,0,0,0,0,0,1,0,0,0,1,0,0,0,0,0,0,0,0,0
5820,1,0,0,0,-98,0,-98,-98,0,0,0,0,0,-98,-98,-98,-98,-98,-98,-98,-98,-98
5821,0,0,0,0,0,0,0,0,1,0,1,1,0,0,0,0,0,0,0,0,0,0
5822,0,0,1,0,0,0,1,1,1,0,1,1,0,-98,-98,-98,-98,-98,-98,-98,-98,-98
5823,0,-98,-98,-98,-98,0,-98,-98,0,0,0,0,0,-98,-98,-98,-98,-98,-98,-98,-98,-98
5824,0,0,0,0,0,0,0,0,0,0,0,0,0,-98,-98,-98,-98,-98,-98,-98,-98,-98
5825,1,0,0,0,0,1,0,0,0,0,0,0,0,-98,-98,-98,-98,-98,-98,-98,-98,-98
5826,0,0,0,0,0,0,0,0,1,0,0,0,1,-98,-98,-98,-98,-98,-98,-98,-98,-98
5827,0,1,1,-97,1,-98,-98,-98,0,0,-98,-98,0,0,0,0,1,0,0,0,0,0
5828,0,0,1,0,0,1,-98,-98,0,0,0,0,0,0,0,0,0,0,0,0,0,0
5829,-98,-98,0,0,0,-98,0,0,0,0,0,0,0,-98,-98,-98,-98,-98,-98,-98,-98,-98
5830,1,1,1,1,0,1,0,0,0,0,0,0,1,-98,-98,-98,-98,-98,-98,-98,-98,-98
5831,0,0,0,0,-98,0,0,0,0,0,0,0,0,-98,-98,-98,-98,-98,-98,-98,-98,-98
5832,0,0,0,0,0,-98,-98,-98,0,0,-98,-98,0,-98,-98,-98,-98,-98,-98,-98,-98,-98
5833,0,0,0,0,0,0,0,0,0,0,1,1,0,-98,-98,-98,-98,-98,-98,-98,-98,-98
5834,0,0,0,0,0,0,0,0,0,0,0,0,0,-98,-98,-98,-98,-98,-98,-98,-98,-98
5835,0,0,0,0,0,-98,0,1,0,0,0,0,0,-98,-98,-98,-98,-98,-98,-98,-98,-98
5836,0,0,0,0,-98,-98,0,0,0,0,0,0,0,-98,-98,-98,-98,-98,-98,-98,-98,-98
5837,1,0,1,1,0,1,0,0,1,0,1,0,0,-98,-98,-98,-98,-98,-98,-98,-98,-98
5838,-98,-98,-98,-98,-98,-98,-98,-98,-98,-98,-98,-98,-98,0,0,0,0,0,0,0,1,0
5839,-98,0,0,0,0,-98,0,0,0,-97,0,0,0,-98,-98,-98,-98,-98,-98,-98,-98,-98
5840,0,1,1,1,0,-98,0,0,1,0,0,0,0,-98,-98,-98,-98,-98,-98,-98,-98,-98
5841,0,0,0,0,0,1,0,0,0,0,0,0,1,-98,-98,-98,-98,-98,-98,-98,-98,-98
5842,0,0,0,0,0,-98,0,0,0,0,0,0,0,-98,-98,-98,-98,-98,-98,-98,-98,-98
5843,0,0,0,0,0,0,0,0,0,0,0,0,0,-98,-98,-98,-98,-98,-98,-98,-98,-98
5844,1,0,0,0,0,1,0,0,0,0,0,0,0,-98,-98,-98,-98,-98,-98,-98,-98,-98
5845,0,1,0,0,-98,0,0,0,0,0,0,0,0,-98,-98,-98,-98,-98,-98,-98,-98,-98
5846,0,-98,0,0,-98,1,0,0,0,0,0,0,0,0,0,0,0,0,0,0,1,0
5847,0,0,0,0,0,-98,-98,-98,1,0,0,0,0,0,0,0,1,0,0,0,1,0
5848,1,0,0,0,0,-98,0,0,0,0,0,0,0,-98,-98,-98,-98,-98,-98,-98,-98,-98
5849,0,0,0,0,0,0,0,0,0,0,0,0,1,-98,-98,-98,-98,-98,-98,-98,-98,-98
5850,0,0,0,0,0,-98,0,0,1,0,0,0,0,-98,-98,-98,-98,-98,-98,-98,-98,-98
5851,0,0,0,0,0,-98,0,0,1,1,1,1,0,-98,-98,-98,-98,-98,-98,-98,-98,-98
5852,0,1,1,1,1,0,0,0,0,0,1,1,0,-98,-98,-98,-98,-98,-98,-98,-98,-98
5853,0,0,1,1,0,1,0,0,1,0,1,1,0,0,0,0,1,0,0,0,1,0
5854,0,0,-98,-98,-98,0,-98,-98,0,0,0,0,0,-98,-98,-98,-98,-98,-98,-98,-98,-98
5855,1,1,0,0,0,1,0,0,0,0,1,1,0,-98,-98,-98,-98,-98,-98,-98,-98,-98
5856,-98,-98,0,0,-98,-98,0,0,0,0,-98,-98,0,-98,-98,-98,-98,-98,-98,-98,-98,-98
5857,0,0,1,0,0,-98,-98,-98,0,0,0,0,0,-98,-98,-98,-98,-98,-98,-98,-98,-98
5858,0,1,0,0,0,-98,0,0,0,0,0,0,1,-98,-98,-98,-98,-98,-98,-98,-98,-98
5859,0,0,0,0,0,1,0,0,1,0,0,0,0,0,0,0,0,0,0,0,0,0
5860,0,0,0,0,0,0,0,0,1,1,0,0,1,-98,-98,-98,-98,-98,-98,-98,-98,-98
5861,1,0,0,0,0,1,0,0,1,0,0,1,0,-98,-98,-98,-98,-98,-98,-98,-98,-98
5862,1,1,1,1,0,0,0,0,0,0,0,0,0,-98,-98,-98,-98,-98,-98,-98,-98,-98
5863,0,0,0,0,0,-98,0,0,0,0,1,1,0,-98,-98,-98,-98,-98,-98,-98,-98,-98
5864,0,0,0,0,0,-98,0,0,0,0,0,0,0,0,0,0,0,0,0,0,0,0
5865,0,0,0,0,0,-98,0,0,0,0,0,0,1,-98,-98,-98,-98,-98,-98,-98,-98,-98
5866,0,0,0,0,0,-98,0,0,0,0,0,0,0,0,0,0,0,0,0,0,0,0
5867,1,1,0,0,0,-98,0,0,0,0,0,0,0,-98,-98,-98,-98,-98,-98,-98,-98,-98
5868,1,0,1,1,0,0,0,0,1,0,1,0,0,-98,-98,-98,-98,-98,-98,-98,-98,-98
5869,0,0,0,0,0,0,-98,-98,1,1,0,0,1,-98,-98,-98,-98,-98,-98,-98,-98,-98
5870,-98,-98,0,0,-98,0,0,0,0,0,0,0,0,-98,-98,-98,-98,-98,-98,-98,-98,-98
5871,0,0,0,0,0,-98,0,0,0,0,0,0,0,-98,-98,-98,-98,-98,-98,-98,-98,-98
5872,0,0,1,0,0,-98,0,0,0,0,1,1,0,-98,-98,-98,-98,-98,-98,-98,-98,-98
5873,0,0,0,0,0,1,0,0,1,0,0,0,0,-98,-98,-98,-98,-98,-98,-98,-98,-98
5874,0,0,0,0,0,0,0,0,0,0,0,0,0,-98,-98,-98,-98,-98,-98,-98,-98,-98
5875,0,0,0,0,0,-98,0,0,0,0,1,0,0,0,0,0,0,0,0,0,0,0
5876,1,0,0,0,0,-98,0,0,0,0,0,0,0,-98,-98,-98,-98,-98,-98,-98,-98,-98
5877,1,1,0,0,0,1,0,0,0,0,0,0,0,-98,-98,-98,-98,-98,-98,-98,-98,-98
5878,0,-98,0,0,-98,-98,1,1,0,0,0,0,0,-98,-98,-98,-98,-98,-98,-98,-98,-98
5879,0,0,0,0,0,0,0,0,0,0,1,1,0,-98,-98,-98,-98,-98,-98,-98,-98,-98
5880,-98,-98,0,0,-98,-98,0,0,0,0,0,0,0,-98,-98,-98,-98,-98,-98,-98,-98,-98
5881,1,0,0,0,0,0,0,0,0,0,0,0,0,-98,-98,-98,-98,-98,-98,-98,-98,-98
5882,-98,-98,-98,-98,-98,-98,-98,-98,0,0,0,0,0,0,0,0,0,0,0,0,0,0
5883,0,-98,0,0,-98,0,0,0,0,0,0,0,0,0,0,0,0,0,0,0,1,0
5884,1,1,1,0,0,0,0,0,1,0,0,0,1,-98,-98,-98,-98,-98,-98,-98,-98,-98
5885,0,0,0,0,0,-98,0,0,0,0,0,0,0,-98,-98,-98,-98,-98,-98,-98,-98,-98
5886,1,0,0,0,0,0,0,0,0,0,0,0,1,0,0,0,0,0,0,0,0,0
5887,0,-98,0,0,-98,-98,0,0,0,0,0,0,0,-98,-98,-98,-98,-98,-98,-98,-98,-98
5888,0,1,1,0,0,-98,0,0,0,0,0,0,0,-98,-98,-98,-98,-98,-98,-98,-98,-98
5889,0,0,0,0,-98,-98,1,1,1,1,0,0,1,-98,-98,-98,-98,-98,-98,-98,-98,-98
5890,0,0,0,0,0,0,-98,-98,0,0,0,0,0,-98,-98,-98,-98,-98,-98,-98,-98,-98
5891,0,1,0,0,0,-98,0,0,0,0,1,1,0,0,0,0,0,0,0,0,0,0
5892,0,1,0,0,0,1,0,0,0,0,0,0,1,0,0,0,0,1,0,0,0,0
5893,1,1,1,0,1,0,0,0,0,0,0,0,0,-98,-98,-98,-98,-98,-98,-98,-98,-98
5894,0,0,0,0,0,1,0,0,1,0,0,0,0,-98,-98,-98,-98,-98,-98,-98,-98,-98
5895,-99,0,0,0,-99,-98,0,0,-99,0,-99,0,0,-98,-98,-98,-98,-98,-98,-98,-98,-98
5896,0,0,0,0,0,0,0,0,0,0,1,1,0,-98,-98,-98,-98,-98,-98,-98,-98,-98
5897,-98,-98,-98,-98,-98,-98,-98,-98,0,0,0,0,1,-98,-98,-98,-98,-98,-98,-98,-98,-98
5898,0,0,0,0,0,0,0,0,0,0,0,0,0,-98,-98,-98,-98,-98,-98,-98,-98,-98
5899,1,1,0,0,0,0,-98,-98,1,0,0,0,0,0,0,0,0,0,0,0,1,0
5900,-98,0,0,0,-98,-98,0,0,1,0,1,0,0,0,0,0,0,0,0,0,1,0
5901,0,0,0,0,0,0,0,0,0,0,1,1,0,0,0,0,0,0,0,0,0,0
5902,0,0,0,0,0,0,-98,-98,1,0,0,0,0,-98,-98,-98,-98,-98,-98,-98,-98,-98
5903,0,1,1,1,0,-98,0,0,0,0,0,0,0,-98,-98,-98,-98,-98,-98,-98,-98,-98
5904,0,0,0,0,-98,-98,0,0,1,0,0,0,0,-98,-98,-98,-98,-98,-98,-98,-98,-98
5905,-98,-98,0,0,0,-98,0,0,0,0,0,0,0,-98,-98,-98,-98,-98,-98,-98,-98,-98
5906,0,0,0,0,0,0,0,0,0,0,0,0,0,-98,-98,-98,-98,-98,-98,-98,-98,-98
5907,0,0,0,1,0,0,1,1,0,0,1,1,1,-98,-98,-98,-98,-98,-98,-98,-98,-98
5908,0,0,-98,-98,0,0,0,0,0,0,1,1,0,0,0,1,0,0,0,0,1,0
5909,-98,-98,-98,-98,-98,-98,-98,-98,0,0,0,1,0,-98,-98,-98,-98,-98,-98,-98,-98,-98
5910,0,0,0,0,0,0,1,1,0,0,0,0,0,-98,-98,-98,-98,-98,-98,-98,-98,-98
5911,1,1,1,1,0,-98,0,0,0,0,0,1,0,-98,-98,-98,-98,-98,-98,-98,-98,-98
5912,1,0,0,0,0,-98,0,0,1,0,1,1,0,-98,-98,-98,-98,-98,-98,-98,-98,-98
5913,1,1,1,1,0,1,0,0,1,0,0,0,0,-98,-98,-98,-98,-98,-98,-98,-98,-98
5914,0,1,0,0,0,1,0,0,0,0,0,0,0,-98,-98,-98,-98,-98,-98,-98,-98,-98
5915,1,0,1,0,0,1,0,0,0,0,0,0,0,-98,-98,-98,-98,-98,-98,-98,-98,-98
5916,0,0,0,0,0,-98,0,0,0,0,0,0,0,-98,-98,-98,-98,-98,-98,-98,-98,-98
5917,1,0,0,0,0,0,0,0,1,0,0,0,1,0,0,0,0,0,0,0,0,0
5918,0,1,0,0,0,1,0,0,0,0,1,0,0,-98,-98,-98,-98,-98,-98,-98,-98,-98
5919,0,0,0,0,0,0,-98,-98,0,0,0,0,0,-98,-98,-98,-98,-98,-98,-98,-98,-98
5920,1,1,1,1,0,1,1,1,1,1,0,0,0,-98,-98,-98,-98,-98,-98,-98,-98,-98
5921,0,-98,-98,-98,-98,0,-98,-98,0,0,-98,-98,0,0,0,0,0,0,0,0,1,0
5922,-98,0,0,0,-98,-98,0,0,0,0,0,0,0,0,0,0,0,0,0,0,1,0
5923,0,0,0,0,0,1,0,0,0,0,0,0,0,-98,-98,-98,-98,-98,-98,-98,-98,-98
5924,0,-98,-98,-98,-98,-98,-98,-98,0,0,0,0,0,-99,-99,-99,-99,-99,-99,-99,-99,-99
5925,-98,0,0,0,0,0,0,0,0,0,0,0,0,-98,-98,-98,-98,-98,-98,-98,-98,-98
5926,-98,-98,-98,-98,-98,-98,0,0,-98,-98,0,0,-98,-98,-98,-98,-98,-98,-98,-98,-98,-98
5927,1,0,0,0,0,1,0,0,1,0,0,0,0,-98,-98,-98,-98,-98,-98,-98,-98,-98
5928,0,0,0,0,0,0,-98,-98,0,0,0,0,0,-98,-98,-98,-98,-98,-98,-98,-98,-98
5929,0,1,0,0,0,1,0,0,0,0,0,0,0,-98,-98,-98,-98,-98,-98,-98,-98,-98
5930,-98,-98,-98,-98,-98,-98,0,0,0,0,0,0,0,-98,-98,-98,-98,-98,-98,-98,-98,-98
5931,0,0,0,0,0,0,0,0,0,0,0,0,0,-98,-98,-98,-98,-98,-98,-98,-98,-98
5932,0,0,0,0,0,1,0,0,0,0,0,0,1,-98,-98,-98,-98,-98,-98,-98,-98,-98
5933,1,1,1,1,0,1,0,0,1,0,0,0,0,-98,-98,-98,-98,-98,-98,-98,-98,-98
5934,0,1,1,0,0,1,0,0,0,0,0,0,0,-98,-98,-98,-98,-98,-98,-98,-98,-98
5935,0,0,0,0,-98,-98,0,0,0,0,-98,-98,0,-98,-98,-98,-98,-98,-98,-98,-98,-98
5936,0,0,0,0,0,-98,0,0,0,0,1,1,0,0,0,0,0,0,0,0,1,0
5937,0,0,0,0,0,0,-98,-98,0,0,0,0,0,-98,-98,-98,-98,-98,-98,-98,-98,-98
5938,0,0,0,0,-98,0,0,0,0,0,0,0,0,-98,-98,-98,-98,-98,-98,-98,-98,-98
5939,1,0,0,0,0,-98,0,0,1,0,0,0,0,-98,-98,-98,-98,-98,-98,-98,-98,-98
5940,1,0,0,0,0,0,0,0,1,0,1,0,0,-98,-98,-98,-98,-98,-98,-98,-98,-98
5941,0,0,0,0,0,1,0,0,1,0,0,0,0,-98,-98,-98,-98,-98,-98,-98,-98,-98
5942,-98,-98,-98,-98,-98,-98,-98,-98,-98,-98,-98,-98,1,0,0,0,0,0,0,0,1,0
5943,0,1,0,0,0,0,0,0,0,0,0,0,0,-98,-98,-98,-98,-98,-98,-98,-98,-98
5944,1,1,1,0,0,0,0,0,1,0,0,0,0,-98,-98,-98,-98,-98,-98,-98,-98,-98
5945,1,0,0,0,0,-98,0,0,0,0,0,0,1,-98,-98,-98,-98,-98,-98,-98,-98,-98
5946,0,0,0,0,0,-98,0,0,0,0,1,0,1,-98,-98,-98,-98,-98,-98,-98,-98,-98
5947,1,0,0,0,0,-98,0,1,0,0,0,0,0,0,0,0,0,0,0,0,0,0
5948,0,0,0,0,-98,0,0,0,0,0,0,1,0,-98,-98,-98,-98,-98,-98,-98,-98,-98
5949,0,0,0,0,0,0,0,0,1,0,0,0,0,-98,-98,-98,-98,-98,-98,-98,-98,-98
5950,0,0,0,0,-98,-98,0,0,0,0,0,0,1,-98,-98,-98,-98,-98,-98,-98,-98,-98
5951,0,0,0,0,0,0,0,0,1,0,0,0,0,-98,-98,-98,-98,-98,-98,-98,-98,-98
5952,1,1,1,0,0,-98,0,0,1,0,0,0,0,-98,-98,-98,-98,-98,-98,-98,-98,-98
5953,1,1,0,0,0,1,0,0,1,0,0,0,1,-98,-98,-98,-98,-98,-98,-98,-98,-98
5954,0,0,0,0,0,0,0,0,0,0,0,0,0,-98,-98,-98,-98,-98,-98,-98,-98,-98
5955,0,0,0,0,0,0,0,0,0,0,0,0,0,-98,-98,-98,-98,-98,-98,-98,-98,-98
5956,1,0,0,0,0,0,0,0,1,0,1,0,0,0,0,0,0,0,0,0,1,0
5957,0,0,0,0,0,0,0,0,0,0,1,0,0,0,0,0,0,0,0,0,0,0
5958,-98,-98,-98,-98,-98,-98,0,0,1,0,1,0,0,-98,-98,-98,-98,-98,-98,-98,-98,-98
5959,0,0,0,0,0,-98,0,0,0,0,0,0,0,0,0,0,0,0,0,0,0,0
5960,0,0,0,0,0,-98,0,0,1,0,0,0,0,-98,-98,-98,-98,-98,-98,-98,-98,-98
5961,0,0,0,0,0,-98,-98,-98,0,0,0,0,0,0,0,0,0,0,0,0,0,0
5962,-98,0,0,0,-98,0,0,0,0,0,1,1,0,0,0,0,0,1,0,0,0,0
5963,0,0,1,1,0,0,0,0,0,0,0,0,0,-98,-98,-98,-98,-98,-98,-98,-98,-98
5964,0,0,0,0,-98,0,0,0,0,0,0,0,0,-98,-98,-98,-98,-98,-98,-98,-98,-98
5965,1,1,1,0,0,1,0,0,0,0,0,0,1,-98,-98,-98,-98,-98,-98,-98,-98,-98
5966,1,1,1,0,0,1,0,0,0,0,0,0,0,0,0,0,0,0,0,0,0,0
5967,1,0,1,0,0,1,0,0,0,0,0,0,0,-98,-98,-98,-98,-98,-98,-98,-98,-98
5968,0,0,0,0,0,0,0,0,1,0,0,0,0,-98,-98,-98,-98,-98,-98,-98,-98,-98
5969,0,-98,0,0,-98,-98,1,1,0,0,0,0,0,0,0,0,0,0,0,0,0,0
5970,-98,1,-98,-98,0,-98,0,0,0,0,0,0,0,0,0,0,0,0,0,0,0,0
5971,1,0,0,0,0,-98,0,0,1,0,0,1,0,-98,-98,-98,-98,-98,-98,-98,-98,-98
5972,0,0,0,0,0,0,0,0,1,0,1,0,0,-98,-98,-98,-98,-98,-98,-98,-98,-98
5973,0,0,0,0,0,0,0,0,1,0,0,0,0,-98,-98,-98,-98,-98,-98,-98,-98,-98
5974,0,0,0,0,0,0,0,0,0,0,0,0,1,-98,-98,-98,-98,-98,-98,-98,-98,-98
5975,0,0,0,0,-98,0,0,1,0,0,1,1,0,-98,-98,-98,-98,-98,-98,-98,-98,-98
5976,0,0,1,0,0,-98,0,0,0,0,0,0,0,-98,-98,-98,-98,-98,-98,-98,-98,-98
5977,1,0,0,0,0,0,0,0,0,0,0,0,0,-98,-98,-98,-98,-98,-98,-98,-98,-98
5978,1,1,0,0,0,0,0,0,0,0,0,0,0,-98,-98,-98,-98,-98,-98,-98,-98,-98
5979,0,-98,0,0,-98,-98,-98,-98,0,0,0,0,0,-98,-98,-98,-98,-98,-98,-98,-98,-98
5980,0,1,0,0,0,1,1,1,0,0,0,0,1,-98,-98,-98,-98,-98,-98,-98,-98,-98
5981,0,0,1,0,0,-98,0,0,0,0,0,0,1,-98,-98,-98,-98,-98,-98,-98,-98,-98
5982,0,0,1,1,0,0,0,0,1,0,0,1,0,-98,-98,-98,-98,-98,-98,-98,-98,-98
5983,0,0,0,0,0,0,0,0,1,1,0,0,0,-98,-98,-98,-98,-98,-98,-98,-98,-98
5984,0,0,-98,-98,0,1,0,0,0,0,1,0,0,-98,-98,-98,-98,-98,-98,-98,-98,-98
5985,1,1,0,0,0,1,-98,-98,1,0,0,0,0,0,0,1,0,0,0,0,0,0
5986,1,0,0,0,0,-98,0,0,0,0,1,1,1,-98,-98,-98,-98,-98,-98,-98,-98,-98
5987,0,0,0,0,0,-98,0,0,0,0,1,0,1,-98,-98,-98,-98,-98,-98,-98,-98,-98
5988,-98,-98,-98,-98,-98,-98,0,0,-98,-98,-98,-98,-98,-99,-99,-99,-99,-99,-99,-99,-99,-99
5989,0,0,0,0,-98,-98,0,0,0,0,0,0,1,-98,-98,-98,-98,-98,-98,-98,-98,-98
5990,1,1,-98,-98,0,1,0,0,0,0,0,0,0,-98,-98,-98,-98,-98,-98,-98,-98,-98
5991,0,0,1,1,0,0,0,0,0,0,0,0,0,-98,-98,-98,-98,-98,-98,-98,-98,-98
5992,0,0,0,0,-98,-98,0,0,0,0,-98,-98,1,-98,-98,-98,-98,-98,-98,-98,-98,-98
5993,1,0,-98,-98,0,1,0,0,0,0,1,1,1,0,0,1,1,1,0,1,0,0
5994,1,1,1,1,1,1,0,0,0,0,0,0,0,-98,-98,-98,-98,-98,-98,-98,-98,-98
5995,1,1,0,0,0,1,0,0,0,0,0,0,0,-98,-98,-98,-98,-98,-98,-98,-98,-98
5996,0,0,1,0,1,-98,0,0,1,0,0,0,0,0,0,0,0,0,0,0,0,0
5997,-98,-98,-98,-98,-98,-98,-98,-98,0,0,0,0,0,-98,-98,-98,-98,-98,-98,-98,-98,-98
5998,0,0,1,0,0,0,0,0,0,0,0,0,0,0,0,0,0,0,0,0,0,0
5999,0,-98,-98,-98,-98,0,-98,-98,0,0,0,0,0,-98,-98,-98,-98,-98,-98,-98,-98,-98
6000,1,0,0,0,0,1,0,0,1,0,0,0,0,-98,-98,-98,-98,-98,-98,-98,-98,-98
6001,0,0,0,0,-98,-98,0,0,0,0,0,0,0,-98,-98,-98,-98,-98,-98,-98,-98,-98
6002,0,0,0,0,0,-98,-98,-98,1,0,0,0,0,-98,-98,-98,-98,-98,-98,-98,-98,-98
6003,1,0,0,0,0,0,0,0,1,0,1,0,0,-98,-98,-98,-98,-98,-98,-98,-98,-98
6004,1,0,1,0,0,0,0,0,1,0,1,1,0,0,0,1,0,1,0,0,0,0
6005,1,0,0,0,0,-98,0,0,0,0,0,0,0,-98,-98,-98,-98,-98,-98,-98,-98,-98
6006,0,1,1,1,0,-98,0,0,0,0,0,0,0,-98,-98,-98,-98,-98,-98,-98,-98,-98
6007,1,0,0,0,0,1,0,0,1,0,1,1,1,-98,-98,-98,-98,-98,-98,-98,-98,-98
6008,-98,-98,-98,-98,0,-98,-98,-98,0,0,0,0,0,-98,-98,-98,-98,-98,-98,-98,-98,-98
6009,0,0,0,0,-98,0,0,0,0,0,0,0,0,-98,-98,-98,-98,-98,-98,-98,-98,-98
6010,0,0,0,0,0,0,0,0,1,1,1,1,0,-98,-98,-98,-98,-98,-98,-98,-98,-98
6011,-97,-97,0,0,-98,0,0,0,0,0,0,0,1,-98,-98,-98,-98,-98,-98,-98,-98,-98
6012,-98,-98,0,0,-98,-98,-98,-98,0,0,0,0,0,-98,-98,-98,-98,-98,-98,-98,-98,-98
6013,1,0,1,0,0,0,0,0,1,1,0,0,0,-98,-98,-98,-98,-98,-98,-98,-98,-98
6014,0,0,0,0,0,0,0,0,0,0,1,1,1,0,0,0,1,0,0,0,1,0
6015,0,0,0,0,0,-98,0,0,0,0,0,0,0,-98,-98,-98,-98,-98,-98,-98,-98,-98
6016,0,0,0,0,0,1,0,0,1,0,0,0,0,-98,-98,-98,-98,-98,-98,-98,-98,-98
6017,0,0,0,0,-98,-98,0,0,1,0,0,1,1,-98,-98,-98,-98,-98,-98,-98,-98,-98
6018,0,0,1,1,0,0,0,0,0,0,1,1,0,0,0,0,0,0,0,0,0,0
6019,0,1,0,0,0,0,0,0,0,0,0,0,0,0,0,0,0,0,0,0,1,0
6020,1,0,0,0,0,1,0,0,0,0,0,0,0,-98,-98,-98,-98,-98,-98,-98,-98,-98
6021,-98,-98,0,0,0,-98,-98,-98,0,0,0,0,0,-98,-98,-98,-98,-98,-98,-98,-98,-98
6022,1,0,0,0,0,1,0,0,0,0,0,0,0,-98,-98,-98,-98,-98,-98,-98,-98,-98
6023,1,1,1,0,0,1,0,0,0,0,0,0,0,0,0,0,0,0,0,0,0,0
6024,0,0,0,0,0,0,0,0,0,0,0,0,0,-98,-98,-98,-98,-98,-98,-98,-98,-98
6025,0,0,1,0,0,0,0,0,0,0,0,0,0,-98,-98,-98,-98,-98,-98,-98,-98,-98
6026,0,0,-98,-98,0,-98,-98,-98,0,0,0,0,0,0,0,0,0,0,0,0,0,0
6027,1,0,0,0,0,0,0,0,1,0,1,1,0,-98,-98,-98,-98,-98,-98,-98,-98,-98
6028,0,1,1,1,0,1,0,0,1,0,1,1,0,-98,-98,-98,-98,-98,-98,-98,-98,-98
6029,0,0,0,1,0,1,0,0,1,0,0,0,0,-98,-98,-98,-98,-98,-98,-98,-98,-98
6030,1,0,0,0,0,1,0,0,0,0,1,1,0,-98,-98,-98,-98,-98,-98,-98,-98,-98
6031,-98,-98,0,0,-98,0,-98,-98,0,0,0,0,0,0,0,0,0,0,0,0,1,0
6032,0,0,1,0,0,1,0,0,0,0,1,1,0,-98,-98,-98,-98,-98,-98,-98,-98,-98
6033,-98,0,0,0,-98,-98,0,0,0,0,1,0,0,-98,-98,-98,-98,-98,-98,-98,-98,-98
6034,-98,-98,-98,-98,-98,-98,-98,-98,0,0,0,0,0,-98,-98,-98,-98,-98,-98,-98,-98,-98
6035,0,0,1,0,0,1,-98,-98,0,0,0,0,0,-98,-98,-98,-98,-98,-98,-98,-98,-98
6036,0,0,0,0,0,0,-98,-98,0,0,0,0,0,-98,-98,-98,-98,-98,-98,-98,-98,-98
6037,1,0,0,0,0,-98,0,0,0,0,0,0,0,-98,-98,-98,-98,-98,-98,-98,-98,-98
6038,1,0,0,0,0,-98,0,0,0,0,1,0,0,0,0,0,0,0,0,0,0,0
6039,0,0,0,0,-98,0,0,0,0,0,0,0,0,-98,-98,-98,-98,-98,-98,-98,-98,-98
6040,0,0,0,0,-98,-98,0,0,0,0,0,0,0,-98,-98,-98,-98,-98,-98,-98,-98,-98
6041,0,0,0,0,0,-98,0,0,0,0,0,1,1,0,0,0,0,0,0,0,1,0
6042,-98,-98,-98,-98,-98,-98,0,0,0,0,0,0,0,-98,-98,-98,-98,-98,-98,-98,-98,-98
6043,0,1,0,0,0,-98,0,0,0,0,1,1,0,-98,-98,-98,-98,-98,-98,-98,-98,-98
6044,0,-98,0,0,-98,-98,-98,-98,0,0,0,0,0,-98,-98,-98,-98,-98,-98,-98,-98,-98
6045,0,0,0,0,-98,-98,-98,-98,0,0,0,0,0,-98,-98,-98,-98,-98,-98,-98,-98,-98
6046,0,0,1,1,0,1,0,0,1,1,0,1,1,0,0,0,0,0,0,0,0,0
6047,0,1,0,0,0,1,0,0,1,0,0,0,0,-98,-98,-98,-98,-98,-98,-98,-98,-98
6048,0,-98,-98,-98,-98,-98,0,0,0,0,1,1,0,0,0,0,1,0,0,0,0,0
6049,0,0,0,0,-98,1,0,0,0,0,0,0,0,-98,-98,-98,-98,-98,-98,-98,-98,-98
6050,0,-98,0,0,-98,0,0,0,1,1,1,1,1,-98,-98,-98,-98,-98,-98,-98,-98,-98
6051,0,0,0,0,0,-98,0,0,0,0,0,0,0,-98,-98,-98,-98,-98,-98,-98,-98,-98
6052,1,1,1,1,1,0,0,0,1,0,0,0,0,-98,-98,-98,-98,-98,-98,-98,-98,-98
6053,0,0,0,0,0,-98,-98,-98,0,0,0,0,1,-98,-98,-98,-98,-98,-98,-98,-98,-98
6054,0,0,0,0,0,0,0,0,1,0,0,0,0,-98,-98,-98,-98,-98,-98,-98,-98,-98
6055,0,0,-98,-98,0,0,0,0,1,0,0,0,1,-98,-98,-98,-98,-98,-98,-98,-98,-98
6056,0,0,0,0,0,-98,0,0,1,0,0,0,0,0,0,0,0,0,0,0,0,0
6057,0,0,0,0,0,-98,0,0,0,0,0,0,0,-98,-98,-98,-98,-98,-98,-98,-98,-98
6058,0,0,0,0,0,0,0,0,0,0,0,0,0,-98,-98,-98,-98,-98,-98,-98,-98,-98
6059,0,0,0,0,0,1,0,0,0,0,0,0,0,-98,-98,-98,-98,-98,-98,-98,-98,-98
6060,0,1,1,1,0,-98,0,0,0,0,0,0,0,-98,-98,-98,-98,-98,-98,-98,-98,-98
6061,0,0,0,0,0,-98,0,0,0,0,1,1,0,-98,-98,-98,-98,-98,-98,-98,-98,-98
6062,0,0,0,0,0,0,0,0,1,0,0,0,1,-98,-98,-98,-98,-98,-98,-98,-98,-98
6063,1,-98,0,0,-98,0,0,0,0,0,-98,-98,1,-98,-98,-98,-98,-98,-98,-98,-98,-98
6064,-98,-98,-98,-98,-98,-98,-98,-98,0,0,1,1,0,0,0,0,0,1,0,0,1,1
6065,0,0,0,0,-98,-98,-98,-98,0,0,0,0,0,0,0,0,0,0,0,0,0,0
6066,0,0,0,0,-98,0,0,0,1,0,1,1,1,0,0,0,0,0,0,0,1,1
6067,0,-98,0,0,-98,1,0,0,0,0,0,0,0,-98,-98,-98,-98,-98,-98,-98,-98,-98
6068,0,0,0,0,0,0,0,0,0,0,0,0,0,-98,-98,-98,-98,-98,-98,-98,-98,-98
6069,1,1,1,0,0,1,0,0,0,0,0,0,0,-98,-98,-98,-98,-98,-98,-98,-98,-98
6070,0,0,0,0,0,0,0,0,0,0,0,0,1,-98,-98,-98,-98,-98,-98,-98,-98,-98
6071,1,-98,0,0,-98,-98,0,0,-98,-98,0,0,0,0,0,0,0,0,0,0,1,0
6072,0,0,0,0,0,0,0,0,1,1,0,0,0,-98,-98,-98,-98,-98,-98,-98,-98,-98
6073,0,0,0,0,0,0,-98,-98,0,0,0,1,0,0,0,0,0,1,0,1,1,0
6074,0,0,0,0,0,0,0,0,0,0,0,0,0,-98,-98,-98,-98,-98,-98,-98,-98,-98
6075,0,0,0,0,0,-98,0,0,1,0,1,0,0,-98,-98,-98,-98,-98,-98,-98,-98,-98
6076,0,0,0,0,0,0,0,0,1,0,0,0,0,0,0,0,0,0,0,0,0,0
6077,1,1,0,0,0,0,0,0,1,1,0,0,1,-98,-98,-98,-98,-98,-98,-98,-98,-98
6078,-98,-98,0,0,-98,-98,0,0,0,0,0,0,0,0,0,0,0,0,0,0,1,0
6079,0,0,1,0,0,0,0,0,0,0,0,0,0,-98,-98,-98,-98,-98,-98,-98,-98,-98
6080,1,0,0,0,0,-98,0,0,0,0,0,0,0,0,0,0,0,0,0,0,0,0
6081,0,0,0,0,0,0,0,0,0,0,0,0,0,-98,-98,-98,-98,-98,-98,-98,-98,-98
6082,0,0,0,0,0,0,1,0,1,0,0,0,0,-98,-98,-98,-98,-98,-98,-98,-98,-98
6083,0,1,0,0,0,1,0,0,0,0,0,0,1,-98,-98,-98,-98,-98,-98,-98,-98,-98
6084,0,0,0,0,0,0,0,0,0,0,1,1,0,-98,-98,-98,-98,-98,-98,-98,-98,-98
6085,-98,0,0,0,0,0,0,0,0,0,1,1,0,-98,-98,-98,-98,-98,-98,-98,-98,-98
6086,0,0,0,0,0,1,0,0,1,0,0,0,0,-98,-98,-98,-98,-98,-98,-98,-98,-98
6087,0,0,0,0,0,0,0,0,0,0,0,0,1,-98,-98,-98,-98,-98,-98,-98,-98,-98
6088,0,0,0,0,0,0,0,0,1,0,0,0,1,-98,-98,-98,-98,-98,-98,-98,-98,-98
6089,1,0,0,0,0,1,0,0,1,0,1,0,1,-98,-98,-98,-98,-98,-98,-98,-98,-98
6090,0,-98,-98,-98,-98,-98,-98,-98,1,0,0,0,0,0,0,0,0,0,0,0,0,0
6091,0,0,0,0,0,0,-98,-98,0,0,0,0,0,-98,-98,-98,-98,-98,-98,-98,-98,-98
6092,0,0,0,0,0,1,1,1,0,0,0,0,0,-98,-98,-98,-98,-98,-98,-98,-98,-98
6093,1,0,1,0,0,0,0,0,0,0,1,1,0,-98,-98,-98,-98,-98,-98,-98,-98,-98
6094,0,0,0,0,0,1,0,0,1,0,0,0,1,-98,-98,-98,-98,-98,-98,-98,-98,-98
6095,0,0,0,0,0,0,-98,-98,0,0,1,0,0,0,0,0,0,0,0,0,0,0
6096,0,-98,0,0,-98,-98,0,0,1,0,1,0,0,-98,-98,-98,-98,-98,-98,-98,-98,-98
6097,0,0,0,0,0,-98,0,0,0,0,0,1,1,-98,-98,-98,-98,-98,-98,-98,-98,-98
6098,0,0,0,0,0,0,-98,-98,1,0,1,1,0,-98,-98,-98,-98,-98,-98,-98,-98,-98
6099,1,1,0,0,0,1,0,0,0,0,0,0,0,0,0,0,0,0,0,0,0,0
6100,-98,-98,-98,-98,-98,-98,0,0,1,0,0,0,0,0,0,0,0,0,0,0,0,0
6101,-98,0,0,0,-98,-98,0,0,0,0,0,0,0,0,1,0,0,1,0,0,0,0
6102,0,0,0,0,0,0,-98,-98,0,0,0,0,0,-98,-98,-98,-98,-98,-98,-98,-98,-98
6103,0,0,0,0,0,-98,0,0,0,0,0,0,0,0,0,0,0,0,0,0,0,0
6104,0,0,0,0,-98,-98,0,0,0,0,0,0,0,-98,-98,-98,-98,-98,-98,-98,-98,-98
6105,1,0,0,0,0,-98,0,0,1,0,0,0,1,-98,-98,-98,-98,-98,-98,-98,-98,-98
6106,0,0,0,0,0,0,0,0,1,1,0,1,0,-98,-98,-98,-98,-98,-98,-98,-98,-98
6107,1,0,0,0,0,1,0,1,0,0,1,1,0,0,0,0,1,0,0,0,0,0
6108,0,0,0,0,0,0,0,0,0,0,1,1,0,-98,-98,-98,-98,-98,-98,-98,-98,-98
6109,1,1,0,0,1,1,0,0,0,0,0,0,0,-98,-98,-98,-98,-98,-98,-98,-98,-98
6110,0,0,0,0,0,1,0,0,0,0,0,0,0,0,0,0,0,0,0,0,0,0
6111,0,0,0,0,0,0,0,0,0,0,1,1,0,-98,-98,-98,-98,-98,-98,-98,-98,-98
6112,0,0,0,0,-98,-98,0,0,0,0,0,0,0,-98,-98,-98,-98,-98,-98,-98,-98,-98
6113,0,0,1,0,0,-98,0,0,0,0,1,0,0,0,0,0,0,0,0,0,1,0
6114,0,0,0,0,0,0,0,0,1,0,0,0,0,-98,-98,-98,-98,-98,-98,-98,-98,-98
6115,0,0,0,0,-98,-98,-98,-98,0,0,0,0,1,0,0,0,0,0,0,0,1,0
6116,0,-98,0,0,0,-98,0,0,0,0,0,1,0,-98,-98,-98,-98,-98,-98,-98,-98,-98
6117,0,0,0,0,0,0,0,0,1,0,1,1,0,-98,-98,-98,-98,-98,-98,-98,-98,-98
6118,1,0,0,0,0,0,0,0,0,0,0,0,1,-98,-98,-98,-98,-98,-98,-98,-98,-98
6119,0,0,0,0,0,0,0,0,0,0,0,0,0,0,0,0,0,0,0,0,0,0
6120,0,0,0,0,0,-98,0,0,0,0,0,0,0,0,0,0,0,0,0,0,0,0
6121,0,1,1,0,0,0,0,0,0,0,0,0,0,-98,-98,-98,-98,-98,-98,-98,-98,-98
6122,0,0,0,0,0,0,0,0,1,0,0,0,0,-98,-98,-98,-98,-98,-98,-98,-98,-98
6123,1,0,0,0,0,1,0,0,0,0,1,1,1,0,0,0,1,1,0,0,0,0
6124,0,0,0,0,0,0,0,0,0,0,0,0,0,-98,-98,-98,-98,-98,-98,-98,-98,-98
6125,0,0,0,0,-98,-98,0,0,0,0,0,0,0,-98,-98,-98,-98,-98,-98,-98,-98,-98
6126,0,0,0,0,0,0,-98,-98,0,0,0,0,0,-98,-98,-98,-98,-98,-98,-98,-98,-98
6127,0,0,0,0,0,0,0,0,0,0,0,0,0,0,0,0,0,0,0,0,0,0
6128,0,0,0,0,0,0,0,0,0,0,0,0,0,0,0,0,0,0,0,0,0,0
6129,1,0,0,0,0,1,0,0,1,0,0,0,0,0,0,0,0,0,0,0,1,0
6130,0,0,0,0,0,0,0,0,1,0,1,0,0,-98,-98,-98,-98,-98,-98,-98,-98,-98
6131,0,0,0,0,0,1,0,0,0,0,0,0,0,-98,-98,-98,-98,-98,-98,-98,-98,-98
6132,0,0,0,0,0,1,0,0,1,0,0,0,0,0,0,0,0,0,0,0,0,0
6133,0,1,1,0,0,1,0,0,0,0,0,0,0,-98,-98,-98,-98,-98,-98,-98,-98,-98
6134,0,1,1,1,0,-98,1,1,0,0,0,0,1,0,0,0,0,0,0,0,0,0
6135,0,0,0,0,0,-98,0,0,0,0,0,0,0,-98,-98,-98,-98,-98,-98,-98,-98,-98
6136,0,1,-98,-98,-98,0,0,0,0,0,0,0,0,0,0,0,0,0,0,0,0,0
6137,0,0,0,0,-98,0,0,0,0,0,0,1,1,0,0,0,0,0,0,0,1,0
6138,0,0,0,0,0,1,0,0,0,0,0,0,0,-98,-98,-98,-98,-98,-98,-98,-98,-98
6139,-98,-98,0,0,-98,-98,-98,-98,0,0,0,0,0,0,0,0,0,0,0,0,0,1
6140,0,0,0,0,0,-98,0,0,1,0,1,1,0,-98,-98,-98,-98,-98,-98,-98,-98,-98
6141,0,0,0,0,0,0,0,0,0,0,0,0,0,0,0,0,0,0,0,0,0,0
6142,-98,-98,-98,-98,-98,-98,-98,-98,1,0,1,0,-98,0,0,0,0,0,0,0,1,0
6143,0,0,1,0,0,0,0,0,0,0,0,0,0,0,0,0,0,0,0,0,0,0
6144,1,0,1,1,0,0,0,0,1,0,1,0,0,-98,-98,-98,-98,-98,-98,-98,-98,-98
6145,0,0,0,0,0,-98,0,0,1,0,0,0,0,-98,-98,-98,-98,-98,-98,-98,-98,-98
6146,0,0,0,0,0,0,0,0,1,0,0,1,0,-98,-98,-98,-98,-98,-98,-98,-98,-98
6147,0,0,0,0,0,-98,0,0,0,0,0,0,0,0,0,0,0,0,0,0,0,0
6148,0,0,0,0,0,-98,0,0,0,0,0,0,0,-98,-98,-98,-98,-98,-98,-98,-98,-98
6149,-98,-98,0,0,0,0,0,0,1,0,0,0,0,0,0,0,0,0,0,0,0,0
6150,0,1,0,0,0,1,0,0,0,0,0,0,0,-98,-98,-98,-98,-98,-98,-98,-98,-98
6151,0,0,1,1,0,-98,0,0,1,0,0,0,0,-98,-98,-98,-98,-98,-98,-98,-98,-98
6152,-98,0,0,0,-98,0,-98,-98,0,0,0,0,0,-98,-98,-98,-98,-98,-98,-98,-98,-98
6153,0,0,0,0,-98,-98,0,0,0,0,0,0,0,-98,-98,-98,-98,-98,-98,-98,-98,-98
6154,0,0,0,0,0,0,0,0,0,0,0,0,0,-98,-98,-98,-98,-98,-98,-98,-98,-98
6155,0,0,0,0,0,0,0,0,0,0,0,0,0,-98,-98,-98,-98,-98,-98,-98,-98,-98
6156,1,0,1,1,0,1,0,0,1,0,1,0,0,-98,-98,-98,-98,-98,-98,-98,-98,-98
6157,0,0,0,0,-98,0,0,0,0,1,0,0,0,-98,-98,-98,-98,-98,-98,-98,-98,-98
6158,0,0,0,0,0,0,0,0,1,0,1,0,0,0,0,0,0,0,0,0,1,0
6159,1,1,0,0,1,-98,0,0,1,0,0,0,0,-98,-98,-98,-98,-98,-98,-98,-98,-98
6160,0,0,1,0,0,0,0,0,1,0,0,0,0,-98,-98,-98,-98,-98,-98,-98,-98,-98
6161,0,0,0,0,0,1,0,0,0,0,0,0,0,0,0,0,0,0,0,0,0,0
6162,1,0,0,0,0,-98,0,0,0,0,1,1,0,-98,-98,-98,-98,-98,-98,-98,-98,-98
6163,0,0,1,0,0,-98,0,0,0,0,0,0,0,-98,-98,-98,-98,-98,-98,-98,-98,-98
6164,1,1,1,0,0,1,0,0,0,0,0,0,0,-98,-98,-98,-98,-98,-98,-98,-98,-98
6165,-98,-98,0,0,-98,-98,1,1,-98,-98,0,0,1,-98,-98,-98,-98,-98,-98,-98,-98,-98
6166,0,0,0,0,0,0,0,0,0,0,0,0,1,-98,-98,-98,-98,-98,-98,-98,-98,-98
6167,0,1,0,0,0,1,0,0,1,0,0,0,0,-98,-98,-98,-98,-98,-98,-98,-98,-98
6168,0,0,0,0,0,-98,0,0,0,0,0,1,0,0,0,0,0,0,0,0,1,0
6169,0,0,0,0,0,0,0,0,0,0,0,0,0,-98,-98,-98,-98,-98,-98,-98,-98,-98
6170,1,0,0,0,0,-98,0,0,0,0,0,0,0,-98,-98,-98,-98,-98,-98,-98,-98,-98
6171,0,0,0,0,0,0,0,0,1,1,1,0,0,0,0,0,0,0,0,0,0,0
6172,1,0,1,0,0,1,0,0,1,0,1,0,0,-98,-98,-98,-98,-98,-98,-98,-98,-98
6173,-98,-98,-98,-98,-98,-98,-98,-98,0,0,1,0,0,-98,-98,-98,-98,-98,-98,-98,-98,-98
6174,0,0,0,0,0,0,0,0,1,0,1,1,0,-98,-98,-98,-98,-98,-98,-98,-98,-98
6175,0,0,0,0,0,0,0,0,0,0,0,0,1,-98,-98,-98,-98,-98,-98,-98,-98,-98
6176,0,1,1,0,0,1,0,0,1,0,0,0,0,-98,-98,-98,-98,-98,-98,-98,-98,-98
6177,1,1,1,1,0,-98,1,1,1,0,1,0,0,-98,-98,-98,-98,-98,-98,-98,-98,-98
6178,0,0,0,0,0,0,0,0,0,0,0,0,0,-98,-98,-98,-98,-98,-98,-98,-98,-98
6179,1,0,1,1,0,1,0,0,0,0,0,0,0,-98,-98,-98,-98,-98,-98,-98,-98,-98
6180,0,0,0,0,-98,0,0,0,0,0,0,0,0,-98,-98,-98,-98,-98,-98,-98,-98,-98
6181,0,0,0,0,0,0,0,0,1,1,0,0,0,-98,-98,-98,-98,-98,-98,-98,-98,-98
6182,0,1,0,0,0,1,0,0,0,0,1,1,0,-98,-98,-98,-98,-98,-98,-98,-98,-98
6183,0,0,0,0,0,0,1,1,1,0,0,0,0,-98,-98,-98,-98,-98,-98,-98,-98,-98
6184,0,0,0,0,0,0,0,0,0,0,0,0,0,-98,-98,-98,-98,-98,-98,-98,-98,-98
6185,0,0,0,0,0,-98,0,0,0,0,0,0,0,-98,-98,-98,-98,-98,-98,-98,-98,-98
6186,0,0,0,0,0,-98,0,0,0,0,0,0,0,-98,-98,-98,-98,-98,-98,-98,-98,-98
6187,0,0,0,0,0,0,0,0,0,0,0,0,0,-98,-98,-98,-98,-98,-98,-98,-98,-98
6188,0,0,0,0,0,0,0,0,0,0,0,0,0,-98,-98,-98,-98,-98,-98,-98,-98,-98
6189,-98,-98,0,0,0,-98,0,0,0,0,0,0,1,-98,-98,-98,-98,-98,-98,-98,-98,-98
6190,0,0,0,0,0,0,0,0,0,0,0,0,0,-98,-98,-98,-98,-98,-98,-98,-98,-98
6191,0,0,0,0,0,0,0,0,0,0,0,0,1,-98,-98,-98,-98,-98,-98,-98,-98,-98
6192,1,1,0,0,-98,-98,0,0,0,0,0,0,1,-98,-98,-98,-98,-98,-98,-98,-98,-98
6193,-98,-98,-98,-98,-98,-98,0,0,0,0,0,0,-98,0,0,0,0,0,0,0,1,0
6194,1,1,0,0,0,1,0,0,1,0,0,0,0,-98,-98,-98,-98,-98,-98,-98,-98,-98
6195,1,1,0,0,-98,1,1,0,1,0,1,1,0,-98,-98,-98,-98,-98,-98,-98,-98,-98
6196,-98,-98,0,0,-98,-98,0,0,0,0,-98,-98,0,-98,-98,-98,-98,-98,-98,-98,-98,-98
6197,-98,-98,0,0,-98,0,0,0,0,0,0,0,0,-98,-98,-98,-98,-98,-98,-98,-98,-98
6198,0,0,0,1,0,0,1,1,0,0,0,0,1,-98,-98,-98,-98,-98,-98,-98,-98,-98
6199,0,0,0,0,0,1,0,0,0,0,0,0,0,-98,-98,-98,-98,-98,-98,-98,-98,-98
6200,0,1,0,0,0,0,0,0,0,0,0,0,0,-98,-98,-98,-98,-98,-98,-98,-98,-98
6201,0,0,0,0,0,-98,-98,-98,0,0,0,0,0,-98,-98,-98,-98,-98,-98,-98,-98,-98
6202,0,-98,-98,-98,-98,0,0,0,0,0,0,0,1,-98,-98,-98,-98,-98,-98,-98,-98,-98
6203,0,1,0,0,0,-98,1,1,1,0,0,0,0,-98,-98,-98,-98,-98,-98,-98,-98,-98
6204,0,0,0,0,0,0,0,0,1,1,0,0,0,-98,-98,-98,-98,-98,-98,-98,-98,-98
6205,0,0,0,0,0,-98,0,0,0,0,0,0,0,-98,-98,-98,-98,-98,-98,-98,-98,-98
6206,0,0,0,0,0,-98,0,0,0,0,0,0,0,-98,-98,-98,-98,-98,-98,-98,-98,-98
6207,1,0,0,0,0,0,0,0,1,0,1,1,1,0,0,0,0,0,0,0,0,0
6208,0,0,0,0,-98,0,0,0,0,0,0,0,0,-98,-98,-98,-98,-98,-98,-98,-98,-98
6209,0,-98,0,0,-98,1,-98,-98,0,0,0,0,0,-98,-98,-98,-98,-98,-98,-98,-98,-98
6210,1,1,1,1,-98,-98,0,0,0,0,0,0,0,-98,-98,-98,-98,-98,-98,-98,-98,-98
6211,0,0,0,0,0,0,0,0,1,0,1,1,1,-98,-98,-98,-98,-98,-98,-98,-98,-98
6212,0,0,1,0,0,1,0,0,0,0,0,0,0,-98,-98,-98,-98,-98,-98,-98,-98,-98
6213,-98,-98,-98,-98,-98,-98,-98,-98,0,0,-98,-98,0,-98,-98,-98,-98,-98,-98,-98,-98,-98
6214,0,0,0,1,0,0,0,0,1,1,0,0,1,-98,-98,-98,-98,-98,-98,-98,-98,-98
6215,1,1,1,1,0,1,1,1,0,0,0,0,0,-98,-98,-98,-98,-98,-98,-98,-98,-98
6216,1,1,0,0,0,-98,0,0,0,0,0,0,0,-98,-98,-98,-98,-98,-98,-98,-98,-98
6217,1,0,1,0,0,1,0,0,1,0,0,0,0,-98,-98,-98,-98,-98,-98,-98,-98,-98
6218,1,0,1,0,0,-98,0,0,1,0,0,0,0,-98,-98,-98,-98,-98,-98,-98,-98,-98
6219,0,0,0,0,0,-98,0,0,0,0,0,0,0,-98,-98,-98,-98,-98,-98,-98,-98,-98
6220,0,1,0,0,0,1,0,0,0,0,0,0,0,-98,-98,-98,-98,-98,-98,-98,-98,-98
6221,-98,-98,0,0,-98,-98,-98,-98,0,0,-98,-98,-98,-98,-98,-98,-98,-98,-98,-98,-98,-98
6222,0,0,0,0,-98,0,-98,-98,1,0,0,0,0,-98,-98,-98,-98,-98,-98,-98,-98,-98
6223,1,1,1,0,0,1,0,0,1,1,0,1,0,-98,-98,-98,-98,-98,-98,-98,-98,-98
6224,0,0,0,0,0,0,0,0,0,0,0,0,0,-98,-98,-98,-98,-98,-98,-98,-98,-98
6225,0,0,0,0,0,0,0,0,0,0,0,0,0,-98,-98,-98,-98,-98,-98,-98,-98,-98
6226,0,0,0,0,-98,-98,0,0,0,0,0,0,0,-98,-98,-98,-98,-98,-98,-98,-98,-98
6227,0,0,0,0,0,0,0,0,0,0,0,1,0,-98,-98,-98,-98,-98,-98,-98,-98,-98
6228,-98,0,-98,-98,-98,0,0,0,0,0,0,0,0,-98,-98,-98,-98,-98,-98,-98,-98,-98
6229,1,1,0,0,0,1,0,0,0,0,0,0,0,-98,-98,-98,-98,-98,-98,-98,-98,-98
6230,-98,-98,-98,-98,-98,0,-98,-98,-98,-98,0,0,0,0,0,0,0,0,0,0,1,0
6231,-98,0,0,0,-98,0,0,1,0,0,1,1,1,-98,-98,-98,-98,-98,-98,-98,-98,-98
6232,0,0,0,0,0,0,0,0,0,0,0,0,0,0,0,0,0,0,0,0,0,1
6233,0,0,1,0,0,0,1,1,0,0,1,1,0,-98,-98,-98,-98,-98,-98,-98,-98,-98
6234,0,0,0,0,0,0,0,0,0,0,1,1,0,-98,-98,-98,-98,-98,-98,-98,-98,-98
6235,-98,-98,-98,-98,-98,-98,-98,-98,-97,0,1,1,0,0,0,0,0,0,0,0,1,1
6236,0,-98,-98,-98,-98,-98,0,0,0,0,0,0,0,-98,-98,-98,-98,-98,-98,-98,-98,-98
6237,0,0,0,0,0,0,0,0,1,0,0,0,0,-98,-98,-98,-98,-98,-98,-98,-98,-98
6238,0,0,0,0,0,0,0,0,1,0,0,0,0,-98,-98,-98,-98,-98,-98,-98,-98,-98
6239,0,-98,0,0,-98,0,-98,-98,1,0,1,1,0,0,0,0,0,1,0,0,1,0
6240,0,0,0,0,0,-98,0,0,0,0,0,0,0,-98,-98,-98,-98,-98,-98,-98,-98,-98
6241,0,0,0,0,0,-98,0,0,0,0,0,0,0,-98,-98,-98,-98,-98,-98,-98,-98,-98
6242,1,0,0,-97,-97,1,0,0,0,0,0,0,0,-98,-98,-98,-98,-98,-98,-98,-98,-98
6243,0,0,0,0,0,0,0,0,0,0,0,0,0,-98,-98,-98,-98,-98,-98,-98,-98,-98
6244,0,0,0,0,-98,-98,0,0,0,0,0,0,0,-98,-98,-98,-98,-98,-98,-98,-98,-98
6245,0,0,0,0,0,0,0,0,0,0,1,0,0,-98,-98,-98,-98,-98,-98,-98,-98,-98
6246,0,0,0,0,0,0,1,1,0,0,0,0,0,0,0,0,0,0,0,0,0,0
6247,-98,0,-98,-98,-98,-98,0,0,0,0,0,0,0,-98,-98,-98,-98,-98,-98,-98,-98,-98
6248,0,0,0,0,0,-98,0,0,0,0,0,0,0,-98,-98,-98,-98,-98,-98,-98,-98,-98
6249,0,0,0,0,0,0,0,0,1,1,0,0,0,0,0,0,0,0,0,0,0,0
6250,1,0,0,0,0,0,0,0,0,0,0,0,0,-98,-98,-98,-98,-98,-98,-98,-98,-98
6251,-98,-98,-98,-98,-98,-98,0,0,0,0,0,0,0,0,0,0,0,0,0,0,1,0
6252,0,0,0,0,0,0,0,0,0,0,0,0,1,-98,-98,-98,-98,-98,-98,-98,-98,-98
6253,0,0,1,0,0,0,0,0,0,0,1,0,1,0,0,0,0,0,0,0,0,0
6254,0,0,0,0,0,0,1,1,1,0,0,0,0,-98,-98,-98,-98,-98,-98,-98,-98,-98
6255,0,0,0,0,0,-98,0,0,0,0,1,1,1,0,0,0,0,0,0,0,1,0
6256,0,0,-98,-98,0,0,0,0,1,0,1,1,1,0,0,0,0,0,0,0,0,0
6257,-98,-98,-98,-98,-98,-98,-98,-98,1,0,1,0,1,0,0,1,1,0,0,0,0,0
6258,-98,-98,-98,-98,-98,-98,0,0,1,1,0,0,1,-98,-98,-98,-98,-98,-98,-98,-98,-98
6259,1,0,1,0,0,1,0,0,0,0,0,1,0,-98,-98,-98,-98,-98,-98,-98,-98,-98
6260,0,0,0,0,0,-98,0,0,0,0,0,0,0,0,0,0,0,0,0,0,0,0
6261,0,0,0,0,-98,-98,-98,-98,0,0,1,0,0,-98,-98,-98,-98,-98,-98,-98,-98,-98
6262,0,0,0,0,0,0,1,1,0,0,0,0,0,-98,-98,-98,-98,-98,-98,-98,-98,-98
6263,0,0,0,0,0,0,-98,-98,1,0,1,0,0,0,0,0,0,0,0,0,0,0
6264,1,0,0,0,0,1,0,0,0,0,0,0,0,-98,-98,-98,-98,-98,-98,-98,-98,-98
6265,0,0,0,0,0,1,0,0,1,0,0,0,0,-98,-98,-98,-98,-98,-98,-98,-98,-98
6266,0,-98,-98,-98,-98,0,0,0,0,0,-98,-98,0,-98,-98,-98,-98,-98,-98,-98,-98,-98
6267,0,0,0,0,0,0,0,0,0,0,0,0,0,-98,-98,-98,-98,-98,-98,-98,-98,-98
6268,-98,-98,-98,-98,-98,0,-98,-98,0,0,1,1,0,0,0,0,0,0,0,0,1,0
6269,0,0,0,0,0,0,0,0,0,0,0,0,0,-98,-98,-98,-98,-98,-98,-98,-98,-98
6270,-98,-98,-98,-98,-98,-98,-98,-98,-98,-98,0,0,0,0,0,0,0,0,0,0,1,0
6271,-98,-98,-98,-98,-98,-98,0,0,-98,-98,-98,-98,-98,0,0,0,0,0,0,0,1,0
6272,1,1,1,1,0,1,0,0,1,0,0,0,1,-98,-98,-98,-98,-98,-98,-98,-98,-98
6273,-98,0,1,0,0,-98,0,0,0,0,0,0,0,-98,-98,-98,-98,-98,-98,-98,-98,-98
6274,0,1,1,0,0,1,0,0,0,0,0,0,1,-98,-98,-98,-98,-98,-98,-98,-98,-98
6275,0,0,0,0,-98,-98,-98,-98,0,0,0,0,0,-98,-98,-98,-98,-98,-98,-98,-98,-98
6276,0,0,0,0,0,-98,0,0,0,0,1,1,1,-98,-98,-98,-98,-98,-98,-98,-98,-98
6277,1,0,0,0,0,-98,0,0,1,0,1,1,0,0,0,0,0,0,0,0,0,0
6278,0,0,0,0,0,0,0,0,0,0,-98,-98,1,-98,-98,-98,-98,-98,-98,-98,-98,-98
6279,1,0,0,0,0,-98,0,0,0,0,1,1,0,0,0,0,0,1,0,0,0,0
6280,0,0,0,0,0,-98,0,0,0,0,1,1,0,-98,-98,-98,-98,-98,-98,-98,-98,-98
6281,0,0,0,0,0,1,1,1,0,0,0,1,0,-98,-98,-98,-98,-98,-98,-98,-98,-98
6282,0,0,0,0,0,0,0,0,0,0,0,1,1,-98,-98,-98,-98,-98,-98,-98,-98,-98
6283,1,1,0,0,0,1,0,0,1,0,0,0,1,-98,-98,-98,-98,-98,-98,-98,-98,-98
6284,1,0,0,1,0,0,0,0,1,1,1,1,1,-98,-98,-98,-98,-98,-98,-98,-98,-98
6285,0,0,0,0,0,-98,0,0,0,0,0,0,0,-98,-98,-98,-98,-98,-98,-98,-98,-98
6286,0,-98,-98,-98,-98,-98,-98,-98,0,0,0,0,-98,-98,-98,-98,-98,-98,-98,-98,-98,-98
6287,0,0,0,1,0,-98,0,0,0,0,1,1,0,-98,-98,-98,-98,-98,-98,-98,-98,-98
6288,0,0,0,0,-98,-98,0,0,0,0,0,0,0,-98,-98,-98,-98,-98,-98,-98,-98,-98
6289,0,0,0,0,0,-98,0,0,0,0,0,0,0,-98,-98,-98,-98,-98,-98,-98,-98,-98
6290,1,0,0,0,0,0,0,0,0,0,0,0,0,-98,-98,-98,-98,-98,-98,-98,-98,-98
6291,1,-98,-98,-98,-98,-98,0,0,0,0,1,1,1,0,0,0,1,0,0,0,1,0
6292,0,0,0,0,0,0,0,0,1,0,0,0,0,-98,-98,-98,-98,-98,-98,-98,-98,-98
6293,0,0,0,0,0,-98,0,0,1,0,1,1,0,-98,-98,-98,-98,-98,-98,-98,-98,-98
6294,0,0,0,0,-98,0,0,0,0,0,0,0,1,-98,-98,-98,-98,-98,-98,-98,-98,-98
6295,0,0,0,0,0,0,0,0,0,0,0,0,0,-98,-98,-98,-98,-98,-98,-98,-98,-98
6296,0,0,0,0,0,-98,0,0,0,0,0,0,0,-98,-98,-98,-98,-98,-98,-98,-98,-98
6297,-98,-98,-98,-98,-98,0,0,0,0,0,0,0,0,-98,-98,-98,-98,-98,-98,-98,-98,-98
6298,-98,-98,-98,-98,-98,-98,-98,-98,0,0,-98,-98,0,-98,-98,-98,-98,-98,-98,-98,-98,-98
6299,0,1,1,0,0,1,0,0,0,0,0,0,0,0,0,0,0,0,0,0,0,0
6300,1,0,1,1,0,1,0,0,1,0,0,0,0,-98,-98,-98,-98,-98,-98,-98,-98,-98
6301,-98,-98,1,0,-98,-98,0,0,0,0,-98,-98,0,-98,-98,-98,-98,-98,-98,-98,-98,-98
6302,0,0,0,0,0,0,0,0,0,0,0,0,0,-98,-98,-98,-98,-98,-98,-98,-98,-98
6303,0,0,0,0,0,0,0,0,1,0,0,0,0,-98,-98,-98,-98,-98,-98,-98,-98,-98
6304,1,0,0,0,0,0,1,1,0,0,0,0,0,-98,-98,-98,-98,-98,-98,-98,-98,-98
6305,0,0,0,0,0,1,0,0,1,0,1,1,0,-98,-98,-98,-98,-98,-98,-98,-98,-98
6306,-98,0,0,0,-98,0,0,0,0,0,-98,-98,0,0,0,0,0,0,0,0,1,1
6307,1,1,1,1,0,0,0,0,0,0,1,1,0,-98,-98,-98,-98,-98,-98,-98,-98,-98
6308,0,0,0,0,0,1,-98,-98,1,0,-98,-98,0,-98,-98,-98,-98,-98,-98,-98,-98,-98
6309,1,1,1,0,0,0,0,0,0,0,0,0,0,-98,-98,-98,-98,-98,-98,-98,-98,-98
6310,1,0,0,1,0,0,0,0,1,0,1,1,0,0,0,0,0,0,0,0,0,0
6311,0,-98,1,0,0,0,0,0,0,0,0,0,0,-98,-98,-98,-98,-98,-98,-98,-98,-98
6312,1,1,-98,-98,1,-98,0,0,0,0,0,0,0,-98,-98,-98,-98,-98,-98,-98,-98,-98
6313,1,0,0,0,0,-98,0,0,0,0,0,0,0,-98,-98,-98,-98,-98,-98,-98,-98,-98
6314,1,0,0,0,0,0,0,0,1,0,0,0,0,0,0,0,0,0,0,0,0,0
6315,0,0,0,0,0,-98,0,0,0,0,0,0,0,-98,-98,-98,-98,-98,-98,-98,-98,-98
6316,0,1,1,0,0,0,0,0,0,0,0,1,0,0,0,0,0,0,0,0,0,0
6317,0,0,0,0,0,0,0,0,0,0,0,1,0,0,0,1,0,0,0,0,0,0
6318,0,0,0,0,0,0,0,0,0,0,0,0,0,0,0,0,0,0,0,0,0,0
6319,0,0,0,0,0,-98,0,0,0,0,0,0,0,-98,-98,-98,-98,-98,-98,-98,-98,-98
6320,1,1,1,0,0,1,0,0,0,0,0,0,0,0,0,0,0,0,0,0,0,0
6321,1,0,1,0,0,0,0,0,1,0,0,0,0,-98,-98,-98,-98,-98,-98,-98,-98,-98
6322,0,0,0,0,0,0,0,0,0,0,0,0,0,-98,-98,-98,-98,-98,-98,-98,-98,-98
6323,1,-97,1,0,-97,1,0,0,0,0,1,1,1,-98,-98,-98,-98,-98,-98,-98,-98,-98
6324,0,0,0,0,0,-98,0,0,0,0,0,0,0,-98,-98,-98,-98,-98,-98,-98,-98,-98
6325,0,-98,0,0,0,0,-98,-98,0,0,1,1,1,-98,-98,-98,-98,-98,-98,-98,-98,-98
6326,1,0,1,1,0,0,1,1,1,0,0,0,1,-98,-98,-98,-98,-98,-98,-98,-98,-98
6327,-98,0,0,0,0,-98,0,1,0,0,1,1,1,0,0,1,0,0,0,0,1,0
6328,1,0,0,0,0,1,0,0,1,0,0,0,0,-98,-98,-98,-98,-98,-98,-98,-98,-98
6329,1,0,0,0,0,0,0,0,1,0,0,0,0,-98,-98,-98,-98,-98,-98,-98,-98,-98
6330,0,0,0,0,0,1,0,0,0,0,0,0,0,-98,-98,-98,-98,-98,-98,-98,-98,-98
6331,0,1,0,0,0,0,0,0,0,0,0,0,0,-98,-98,-98,-98,-98,-98,-98,-98,-98
6332,0,0,0,0,-98,-98,0,0,1,0,0,0,0,-98,-98,-98,-98,-98,-98,-98,-98,-98
6333,1,0,0,0,0,0,0,0,0,0,1,1,0,-98,-98,-98,-98,-98,-98,-98,-98,-98
6334,0,0,-98,-98,0,0,0,0,0,0,0,0,0,-98,-98,-98,-98,-98,-98,-98,-98,-98
6335,1,1,0,0,0,1,0,0,1,0,0,0,0,-98,-98,-98,-98,-98,-98,-98,-98,-98
6336,1,0,0,0,0,-98,0,0,0,0,0,0,0,-98,-98,-98,-98,-98,-98,-98,-98,-98
6337,1,0,0,0,0,1,0,0,1,0,0,0,0,-98,-98,-98,-98,-98,-98,-98,-98,-98
6338,1,0,0,0,0,0,0,0,0,0,0,0,0,-98,-98,-98,-98,-98,-98,-98,-98,-98
6339,-98,-98,-98,-98,-98,-98,-98,-98,0,0,0,0,-98,0,0,0,0,0,0,0,1,0
6340,1,0,0,0,0,0,0,0,0,0,0,0,1,0,0,0,0,0,0,0,0,0
6341,-98,-98,-98,-98,-98,-98,-98,-98,0,0,0,0,0,0,0,0,0,0,0,0,1,0
6342,0,0,0,0,0,-98,-98,-98,0,0,1,1,0,-98,-98,-98,-98,-98,-98,-98,-98,-98
6343,0,0,1,0,0,-98,0,0,0,0,1,1,0,-98,-98,-98,-98,-98,-98,-98,-98,-98
6344,1,1,0,0,-98,1,0,0,1,0,1,1,0,0,0,1,0,0,0,0,0,0
6345,0,-97,0,0,-98,-98,0,0,0,0,0,0,1,-98,-98,-98,-98,-98,-98,-98,-98,-98
6346,0,0,0,0,0,0,0,0,0,0,0,0,0,-98,-98,-98,-98,-98,-98,-98,-98,-98
6347,0,-98,-98,-98,-98,0,0,0,0,0,0,0,0,0,0,0,0,0,0,0,1,0
6348,0,0,0,0,0,0,0,0,1,0,1,1,0,0,0,0,0,0,0,0,0,0
6349,0,0,0,0,0,0,0,0,0,0,0,0,1,-98,-98,-98,-98,-98,-98,-98,-98,-98
6350,1,0,0,0,0,0,0,0,0,0,0,0,1,-98,-98,-98,-98,-98,-98,-98,-98,-98
6351,0,0,0,0,0,0,0,0,0,0,0,0,1,0,0,0,0,0,0,0,0,0
6352,0,0,0,0,0,1,0,0,0,0,1,0,0,-98,-98,-98,-98,-98,-98,-98,-98,-98
6353,0,0,0,0,0,-98,0,0,1,1,1,1,1,0,0,0,0,1,0,0,1,0
6354,0,0,0,0,0,0,-98,-98,1,0,0,0,0,-98,-98,-98,-98,-98,-98,-98,-98,-98
6355,-98,-98,0,0,0,0,0,0,0,0,0,0,0,-98,-98,-98,-98,-98,-98,-98,-98,-98
6356,0,0,0,0,-98,-98,0,0,0,0,-98,-98,0,-98,-98,-98,-98,-98,-98,-98,-98,-98
6357,0,0,0,0,0,-98,-98,-98,0,0,0,0,0,-98,-98,-98,-98,-98,-98,-98,-98,-98
6358,0,0,0,0,0,-98,0,0,0,0,0,0,0,-98,-98,-98,-98,-98,-98,-98,-98,-98
6359,0,0,0,0,-98,0,-98,-98,0,0,0,0,0,-98,-98,-98,-98,-98,-98,-98,-98,-98
6360,0,0,0,0,0,0,0,0,0,0,1,1,0,-98,-98,-98,-98,-98,-98,-98,-98,-98
6361,0,0,0,0,0,1,0,0,0,0,0,0,0,-98,-98,-98,-98,-98,-98,-98,-98,-98
6362,0,0,0,0,0,-98,0,0,0,0,0,0,0,-98,-98,-98,-98,-98,-98,-98,-98,-98
6363,0,0,0,0,0,-98,0,0,0,0,0,0,0,-98,-98,-98,-98,-98,-98,-98,-98,-98
6364,0,0,0,0,0,0,0,0,0,0,0,0,1,-98,-98,-98,-98,-98,-98,-98,-98,-98
6365,1,0,0,0,0,0,0,0,0,0,0,0,0,-98,-98,-98,-98,-98,-98,-98,-98,-98
6366,0,0,0,0,0,-98,-98,-98,0,0,0,0,0,-98,-98,-98,-98,-98,-98,-98,-98,-98
6367,0,0,0,0,0,-98,0,0,0,0,0,0,0,-98,-98,-98,-98,-98,-98,-98,-98,-98
6368,0,0,0,0,0,-98,0,0,1,0,0,0,0,-98,-98,-98,-98,-98,-98,-98,-98,-98
6369,1,1,1,1,0,0,0,0,1,0,0,0,1,-98,-98,-98,-98,-98,-98,-98,-98,-98
6370,-98,-98,-98,-98,-98,-98,-98,-98,0,0,0,0,1,0,0,0,1,0,0,0,0,0
6371,0,0,1,0,-98,-98,0,0,0,0,0,0,1,-98,-98,-98,-98,-98,-98,-98,-98,-98
6372,0,-98,0,0,-98,-98,0,0,0,0,0,0,1,-98,-98,-98,-98,-98,-98,-98,-98,-98
6373,0,-98,0,0,-98,0,0,0,0,0,0,0,0,0,0,0,1,0,0,0,1,0
6374,0,0,0,0,0,0,0,0,0,0,0,0,0,-98,-98,-98,-98,-98,-98,-98,-98,-98
6375,0,0,0,0,0,0,0,0,0,0,0,0,0,-98,-98,-98,-98,-98,-98,-98,-98,-98
6376,0,0,0,1,-98,0,0,0,0,0,0,0,1,-98,-98,-98,-98,-98,-98,-98,-98,-98
6377,0,0,0,0,0,1,0,0,1,0,0,0,0,-98,-98,-98,-98,-98,-98,-98,-98,-98
6378,1,0,0,0,0,0,0,0,0,0,0,0,0,-98,-98,-98,-98,-98,-98,-98,-98,-98
6379,0,0,0,0,0,0,0,0,1,0,1,0,0,-98,-98,-98,-98,-98,-98,-98,-98,-98
6380,0,1,0,0,-98,0,-98,-98,0,0,-98,-98,0,-98,-98,-98,-98,-98,-98,-98,-98,-98
6381,0,0,0,0,-98,0,-98,-98,0,0,0,0,0,0,0,0,0,0,0,0,0,0
6382,0,0,1,0,0,-98,0,0,0,0,0,0,0,-98,-98,-98,-98,-98,-98,-98,-98,-98
6383,-98,0,0,0,0,-98,0,0,1,1,1,1,0,-98,-98,-98,-98,-98,-98,-98,-98,-98
6384,1,0,0,0,0,1,0,0,0,0,0,0,0,-98,-98,-98,-98,-98,-98,-98,-98,-98
6385,0,0,0,0,0,-98,0,0,0,0,0,0,0,-98,-98,-98,-98,-98,-98,-98,-98,-98
6386,1,1,1,0,0,1,0,0,1,0,0,0,0,-98,-98,-98,-98,-98,-98,-98,-98,-98
6387,-98,-98,0,0,-98,-98,-98,-98,0,0,0,0,1,-98,-98,-98,-98,-98,-98,-98,-98,-98
6388,0,0,0,0,0,0,0,0,1,0,1,0,0,-98,-98,-98,-98,-98,-98,-98,-98,-98
6389,0,1,0,0,0,1,0,0,1,0,0,0,0,-98,-98,-98,-98,-98,-98,-98,-98,-98
6390,1,0,0,0,0,0,0,0,0,0,1,1,1,-98,-98,-98,-98,-98,-98,-98,-98,-98
6391,1,1,1,1,1,0,0,0,0,0,0,0,0,-98,-98,-98,-98,-98,-98,-98,-98,-98
6392,0,0,0,0,0,0,0,0,0,0,0,0,0,-98,-98,-98,-98,-98,-98,-98,-98,-98
6393,0,0,0,0,0,0,0,0,1,1,0,0,0,-98,-98,-98,-98,-98,-98,-98,-98,-98
6394,1,1,1,0,0,0,0,0,1,0,0,0,0,-98,-98,-98,-98,-98,-98,-98,-98,-98
6395,0,0,0,0,-98,0,0,0,1,1,0,0,1,-98,-98,-98,-98,-98,-98,-98,-98,-98
6396,0,0,0,0,-98,0,0,0,0,0,0,0,0,-98,-98,-98,-98,-98,-98,-98,-98,-98
6397,0,1,0,0,0,1,0,0,1,1,1,1,0,-98,-98,-98,-98,-98,-98,-98,-98,-98
6398,0,0,0,0,0,-98,0,0,0,0,0,0,0,0,0,0,0,0,0,0,1,0
6399,0,0,0,0,0,-98,0,0,1,0,0,0,0,-98,-98,-98,-98,-98,-98,-98,-98,-98
6400,0,1,1,1,0,1,1,1,0,0,1,1,0,-98,-98,-98,-98,-98,-98,-98,-98,-98
6401,0,0,1,1,-98,0,0,0,0,0,0,0,0,-98,-98,-98,-98,-98,-98,-98,-98,-98
6402,1,0,0,0,0,-98,0,0,1,0,0,0,0,-98,-98,-98,-98,-98,-98,-98,-98,-98
6403,0,0,0,0,0,0,0,0,0,0,1,1,1,0,0,0,0,1,0,0,0,0
6404,-98,0,0,0,-98,1,0,0,0,0,0,0,1,-98,-98,-98,-98,-98,-98,-98,-98,-98
6405,1,0,0,0,0,-98,0,0,1,0,1,0,0,0,0,0,0,0,0,0,0,0
6406,1,0,1,0,0,-98,0,0,0,0,0,0,0,-98,-98,-98,-98,-98,-98,-98,-98,-98
6407,1,1,0,0,0,0,0,0,0,0,0,0,0,-98,-98,-98,-98,-98,-98,-98,-98,-98
6408,0,0,0,0,0,-98,0,0,0,0,0,0,0,0,0,0,0,0,0,0,0,0
6409,0,0,0,0,0,-98,-98,-98,1,0,0,0,0,0,0,0,0,0,0,0,1,0
6410,0,0,0,0,0,-98,0,0,0,0,1,1,0,-98,-98,-98,-98,-98,-98,-98,-98,-98
6411,1,0,0,0,-98,-98,0,0,1,0,0,0,0,-98,-98,-98,-98,-98,-98,-98,-98,-98
6412,0,0,0,0,0,0,0,0,0,0,0,0,0,0,0,0,0,0,0,0,0,0
6413,0,-98,0,0,-98,-98,0,0,0,0,-98,-98,0,-98,-98,-98,-98,-98,-98,-98,-98,-98
6414,-98,0,0,0,-98,-98,0,0,0,0,0,0,0,-98,-98,-98,-98,-98,-98,-98,-98,-98
6415,1,1,1,0,0,0,0,0,0,0,0,0,0,-98,-98,-98,-98,-98,-98,-98,-98,-98
6416,0,0,0,0,0,-98,0,0,0,0,0,0,0,0,0,0,0,0,0,0,0,0
6417,0,0,0,0,0,-98,0,0,1,0,0,0,1,-98,-98,-98,-98,-98,-98,-98,-98,-98
6418,-98,-98,1,0,-98,-98,0,0,1,1,1,1,1,-98,-98,-98,-98,-98,-98,-98,-98,-98
6419,1,0,1,0,0,1,1,1,1,1,0,0,0,-98,-98,-98,-98,-98,-98,-98,-98,-98
6420,1,0,1,1,0,1,0,0,1,0,1,1,1,-98,-98,-98,-98,-98,-98,-98,-98,-98
6421,0,0,0,0,0,-98,0,0,0,0,0,0,0,0,0,1,0,0,0,0,0,0
6422,0,0,0,0,0,0,0,0,0,0,0,0,0,-98,-98,-98,-98,-98,-98,-98,-98,-98
6423,-98,-98,-98,-98,-98,-98,-98,-98,1,0,0,0,-98,-98,-98,-98,-98,-98,-98,-98,-98,-98
6424,0,0,0,0,0,1,0,0,1,0,0,0,0,0,0,0,0,0,0,0,0,0
6425,0,0,0,0,-98,-98,0,0,0,0,0,0,0,-98,-98,-98,-98,-98,-98,-98,-98,-98
6426,0,0,0,0,0,-98,-98,-98,0,0,0,0,0,-98,-98,-98,-98,-98,-98,-98,-98,-98
6427,0,0,0,0,0,0,0,0,0,0,0,0,0,-98,-98,-98,-98,-98,-98,-98,-98,-98
6428,1,0,0,0,0,0,0,0,0,0,0,0,0,-98,-98,-98,-98,-98,-98,-98,-98,-98
6429,0,0,0,0,0,0,0,0,0,0,0,0,0,-98,-98,-98,-98,-98,-98,-98,-98,-98
6430,1,1,1,0,0,1,0,0,0,0,0,0,0,-98,-98,-98,-98,-98,-98,-98,-98,-98
6431,0,0,0,0,0,-98,0,0,0,0,0,0,0,-98,-98,-98,-98,-98,-98,-98,-98,-98
6432,0,0,0,0,0,-98,0,0,0,0,0,0,0,-98,-98,-98,-98,-98,-98,-98,-98,-98
6433,0,0,0,0,0,-98,0,0,1,0,0,0,0,0,0,0,0,0,0,0,1,0
6434,0,0,0,0,0,0,0,0,0,0,0,0,0,-98,-98,-98,-98,-98,-98,-98,-98,-98
6435,0,0,0,0,-98,0,0,0,0,0,1,1,0,-98,-98,-98,-98,-98,-98,-98,-98,-98
6436,0,0,-98,-98,0,-98,-98,-98,0,0,0,0,0,-98,-98,-98,-98,-98,-98,-98,-98,-98
6437,1,1,1,0,0,-98,-98,-98,0,0,0,0,0,0,0,0,0,0,0,0,0,0
6438,0,0,0,0,-98,-98,-98,-98,0,0,-98,-98,0,-98,-98,-98,-98,-98,-98,-98,-98,-98
6439,1,1,1,0,0,1,0,0,0,0,0,0,0,-98,-98,-98,-98,-98,-98,-98,-98,-98
6440,-98,-98,0,0,-98,-98,0,0,0,0,1,1,0,-98,-98,-98,-98,-98,-98,-98,-98,-98
6441,0,-98,-98,-98,0,-98,0,0,0,0,0,0,0,-98,-98,-98,-98,-98,-98,-98,-98,-98
6442,1,0,0,0,0,0,0,0,0,0,0,0,0,-98,-98,-98,-98,-98,-98,-98,-98,-98
6443,0,0,-98,-98,0,-98,0,0,0,0,0,0,1,-98,-98,-98,-98,-98,-98,-98,-98,-98
6444,0,1,0,0,0,0,0,0,0,0,0,0,0,-98,-98,-98,-98,-98,-98,-98,-98,-98
6445,1,0,1,0,0,1,0,0,0,0,0,0,0,0,0,0,0,0,0,0,0,0
6446,0,0,-98,-98,0,0,0,0,0,0,0,0,1,-98,-98,-98,-98,-98,-98,-98,-98,-98
6447,0,0,0,0,-98,0,-98,-98,0,0,0,0,0,0,0,0,0,0,1,0,0,0
6448,0,0,0,0,0,0,0,0,1,0,0,0,0,-98,-98,-98,-98,-98,-98,-98,-98,-98
6449,1,0,1,1,0,-98,0,0,0,0,1,1,0,0,0,0,0,0,0,0,0,0
6450,0,0,0,0,0,-98,0,0,0,0,0,0,0,-98,-98,-98,-98,-98,-98,-98,-98,-98
6451,1,1,1,0,0,0,0,0,0,0,0,0,0,-98,-98,-98,-98,-98,-98,-98,-98,-98
6452,-98,0,0,0,0,0,0,0,0,0,1,1,1,0,0,0,0,0,0,0,0,0
6453,0,0,0,0,0,1,0,1,0,0,0,0,0,0,0,0,0,0,0,0,0,0
6454,0,0,0,0,0,-98,0,0,0,0,0,0,0,-98,-98,-98,-98,-98,-98,-98,-98,-98
6455,0,0,0,0,0,0,0,0,0,0,1,1,0,0,0,0,0,0,0,0,1,0
6456,0,0,0,0,-98,0,0,0,0,0,0,0,0,-98,-98,-98,-98,-98,-98,-98,-98,-98
6457,0,0,0,0,0,0,0,0,0,0,0,1,1,0,0,0,0,0,0,0,0,0
6458,0,0,0,0,0,0,0,0,0,0,0,0,0,-98,-98,-98,-98,-98,-98,-98,-98,-98
6459,0,0,0,0,-98,-98,0,0,0,0,1,0,0,0,0,0,0,0,0,0,1,0
6460,-98,0,0,0,-98,1,0,0,0,0,-98,-98,0,-98,-98,-98,-98,-98,-98,-98,-98,-98
6461,0,1,1,0,0,-98,0,0,0,0,0,0,0,0,0,0,0,0,0,0,0,0
6462,1,0,0,0,0,0,0,0,1,0,0,0,0,-98,-98,-98,-98,-98,-98,-98,-98,-98
6463,0,0,0,0,0,0,0,0,0,0,1,0,0,-98,-98,-98,-98,-98,-98,-98,-98,-98
6464,-98,-98,0,0,-98,-98,-98,-98,0,0,0,0,0,-98,-98,-98,-98,-98,-98,-98,-98,-98
6465,0,0,0,0,0,-98,0,0,1,0,1,0,0,-98,-98,-98,-98,-98,-98,-98,-98,-98
6466,0,0,0,0,0,0,0,0,1,0,0,0,0,-98,-98,-98,-98,-98,-98,-98,-98,-98
6467,1,1,1,1,0,-98,0,0,1,0,1,1,0,-98,-98,-98,-98,-98,-98,-98,-98,-98
6468,0,0,0,0,0,-98,1,1,1,0,0,0,0,-98,-98,-98,-98,-98,-98,-98,-98,-98
6469,-97,0,0,0,0,0,0,0,0,0,1,0,0,-98,-98,-98,-98,-98,-98,-98,-98,-98
6470,-98,-98,-98,-98,-98,-98,0,0,0,0,-98,-98,1,-98,-98,-98,-98,-98,-98,-98,-98,-98
6471,1,0,0,0,0,-98,0,0,1,0,0,0,1,-98,-98,-98,-98,-98,-98,-98,-98,-98
6472,0,0,0,0,-98,0,0,0,0,0,0,0,0,-98,-98,-98,-98,-98,-98,-98,-98,-98
6473,0,0,0,0,0,0,1,1,0,0,0,0,1,-98,-98,-98,-98,-98,-98,-98,-98,-98
6474,0,0,0,0,-98,-98,0,0,0,0,0,0,0,-98,-98,-98,-98,-98,-98,-98,-98,-98
6475,1,-98,0,1,0,-98,0,0,0,0,0,0,0,-98,-98,-98,-98,-98,-98,-98,-98,-98
6476,0,0,1,1,-98,1,0,0,0,0,0,1,0,0,0,0,0,0,0,0,1,0
6477,-98,-98,-98,-98,-98,0,-98,-98,0,0,1,1,1,-98,-98,-98,-98,-98,-98,-98,-98,-98
6478,1,1,1,1,1,1,0,0,0,0,0,0,0,-98,-98,-98,-98,-98,-98,-98,-98,-98
6479,0,0,0,0,-98,1,1,1,0,0,0,0,0,-98,-98,-98,-98,-98,-98,-98,-98,-98
6480,0,0,0,0,-98,0,0,0,0,0,0,0,0,-98,-98,-98,-98,-98,-98,-98,-98,-98
6481,0,0,0,0,-98,1,0,0,0,0,0,0,1,-98,-98,-98,-98,-98,-98,-98,-98,-98
6482,0,0,0,0,0,-98,0,0,0,0,0,0,0,-98,-98,-98,-98,-98,-98,-98,-98,-98
6483,0,1,0,0,0,1,0,0,0,0,0,0,0,-98,-98,-98,-98,-98,-98,-98,-98,-98
6484,1,-98,1,0,0,1,0,0,0,0,0,0,0,-98,-98,-98,-98,-98,-98,-98,-98,-98
6485,0,0,0,0,0,0,0,0,0,0,1,1,1,-98,-98,-98,-98,-98,-98,-98,-98,-98
6486,0,-98,0,0,-98,0,-98,-98,0,0,0,0,0,-98,-98,-98,-98,-98,-98,-98,-98,-98
6487,0,0,0,0,0,1,0,0,0,0,0,0,0,-98,-98,-98,-98,-98,-98,-98,-98,-98
6488,0,0,0,0,0,0,0,0,0,0,0,0,0,-98,-98,-98,-98,-98,-98,-98,-98,-98
6489,0,0,0,0,0,0,0,0,0,0,0,1,0,0,0,0,0,0,0,0,0,0
6490,0,0,0,0,0,-98,1,1,1,0,0,0,0,0,0,0,0,0,0,0,0,0
6491,0,0,1,1,0,1,-97,-97,1,0,0,0,0,-98,-98,-98,-98,-98,-98,-98,-98,-98
6492,0,0,1,0,0,-98,0,0,1,0,1,0,0,0,0,0,0,0,0,0,1,0
6493,0,0,0,0,-98,0,0,0,0,0,0,0,1,-98,-98,-98,-98,-98,-98,-98,-98,-98
6494,0,0,0,0,0,0,0,0,0,0,0,0,0,0,0,0,0,0,0,0,0,0
6495,0,1,1,0,0,-98,0,0,0,0,0,0,0,-98,-98,-98,-98,-98,-98,-98,-98,-98
6496,0,0,0,0,0,-98,0,0,0,0,0,0,0,-98,-98,-98,-98,-98,-98,-98,-98,-98
6497,0,0,0,0,0,-98,0,0,0,0,1,0,0,-98,-98,-98,-98,-98,-98,-98,-98,-98
6498,0,0,0,0,0,-98,0,0,1,0,0,0,0,-98,-98,-98,-98,-98,-98,-98,-98,-98
6499,0,1,1,0,0,0,0,0,1,0,0,0,0,-98,-98,-98,-98,-98,-98,-98,-98,-98
6500,0,0,0,0,0,1,0,0,0,0,0,0,0,-98,-98,-98,-98,-98,-98,-98,-98,-98
6501,0,0,1,1,0,0,0,0,0,0,1,1,0,-98,-98,-98,-98,-98,-98,-98,-98,-98
6502,0,0,0,0,0,0,-98,-98,1,0,0,0,0,-98,-98,-98,-98,-98,-98,-98,-98,-98
6503,-98,-98,-98,-98,-98,-98,-98,-98,-98,-98,-98,-98,0,-98,-98,-98,-98,-98,-98,-98,-98,-98
6504,0,0,0,0,0,-98,0,0,0,0,0,0,0,-98,-98,-98,-98,-98,-98,-98,-98,-98
6505,0,0,0,0,0,0,0,0,1,0,1,0,0,-98,-98,-98,-98,-98,-98,-98,-98,-98
6506,0,0,0,0,0,0,0,0,1,0,0,1,0,-98,-98,-98,-98,-98,-98,-98,-98,-98
6507,0,0,0,0,0,-98,0,0,0,0,0,0,0,-98,-98,-98,-98,-98,-98,-98,-98,-98
6508,0,0,1,0,0,1,0,0,1,0,0,0,0,-98,-98,-98,-98,-98,-98,-98,-98,-98
6509,0,0,1,0,0,0,0,0,0,0,0,0,0,0,0,0,0,0,0,0,0,0
6510,0,0,0,0,0,-98,-98,-98,0,0,1,1,0,-98,-98,-98,-98,-98,-98,-98,-98,-98
6511,0,0,0,0,-98,0,-98,-98,0,0,0,0,0,-98,-98,-98,-98,-98,-98,-98,-98,-98
6512,1,0,0,0,0,0,0,0,1,0,1,1,0,0,0,0,0,1,0,0,0,0
6513,1,0,0,0,0,1,0,0,0,0,0,0,0,-98,-98,-98,-98,-98,-98,-98,-98,-98
6514,0,0,0,0,0,0,0,0,0,0,1,1,1,0,0,0,0,0,0,0,1,1
6515,0,0,1,1,0,1,0,0,0,0,0,0,1,0,0,0,0,0,0,0,0,0
6516,0,0,-98,-98,0,0,-98,-98,0,0,-98,-98,0,0,0,0,1,0,0,0,0,0
6517,0,0,0,0,0,0,0,0,0,0,1,1,0,-98,-98,-98,-98,-98,-98,-98,-98,-98
6518,0,0,0,0,0,-98,0,0,0,0,0,0,0,-98,-98,-98,-98,-98,-98,-98,-98,-98
6519,0,0,1,1,0,0,0,0,0,0,1,1,0,-98,-98,-98,-98,-98,-98,-98,-98,-98
6520,0,0,0,0,-98,0,0,0,1,1,1,0,0,0,0,0,0,0,0,0,1,0
6521,0,0,0,0,-98,0,0,0,0,0,0,0,0,-98,-98,-98,-98,-98,-98,-98,-98,-98
6522,0,0,0,0,0,-98,0,0,0,0,1,0,1,0,0,0,0,0,0,0,0,0
6523,1,1,0,0,0,-98,0,0,0,0,0,0,0,0,0,0,0,0,0,0,1,0
6524,0,0,0,0,0,1,0,0,1,0,0,1,0,-98,-98,-98,-98,-98,-98,-98,-98,-98
6525,0,0,0,0,0,0,0,0,0,0,1,1,1,0,0,0,0,0,0,0,0,1
6526,1,0,0,0,0,0,0,0,0,0,0,0,0,-98,-98,-98,-98,-98,-98,-98,-98,-98
6527,-98,-98,-98,-98,-98,-98,0,0,0,0,0,0,0,-98,-98,-98,-98,-98,-98,-98,-98,-98
6528,0,0,0,0,-98,-98,0,0,0,0,-98,-98,0,0,0,0,0,0,0,0,1,0
6529,1,0,0,0,0,-98,0,0,1,0,0,0,0,-98,-98,-98,-98,-98,-98,-98,-98,-98
6530,0,0,0,0,0,0,-98,-98,1,0,0,0,0,-98,-98,-98,-98,-98,-98,-98,-98,-98
6531,1,0,0,0,0,0,0,0,0,0,0,1,1,-98,-98,-98,-98,-98,-98,-98,-98,-98
6532,0,0,0,1,0,0,1,1,0,0,1,1,0,-98,-98,-98,-98,-98,-98,-98,-98,-98
6533,0,0,0,0,-98,1,0,0,0,0,0,0,0,-98,-98,-98,-98,-98,-98,-98,-98,-98
6534,1,1,1,0,0,-98,0,0,0,0,0,0,0,-98,-98,-98,-98,-98,-98,-98,-98,-98
6535,0,0,-98,-98,-98,1,0,0,0,0,0,0,0,-98,-98,-98,-98,-98,-98,-98,-98,-98
6536,0,0,1,0,0,-98,0,0,1,0,0,0,0,-98,-98,-98,-98,-98,-98,-98,-98,-98
6537,1,0,0,0,0,0,0,0,0,0,0,0,0,-98,-98,-98,-98,-98,-98,-98,-98,-98
6538,0,0,0,0,-98,0,0,0,0,0,1,0,1,0,0,0,0,0,0,0,1,0
6539,0,0,0,0,0,0,0,0,1,0,1,0,0,-98,-98,-98,-98,-98,-98,-98,-98,-98
6540,0,0,0,0,0,1,0,0,0,0,0,0,0,-98,-98,-98,-98,-98,-98,-98,-98,-98
6541,1,0,0,0,0,-98,0,0,1,0,0,0,1,-98,-98,-98,-98,-98,-98,-98,-98,-98
6542,0,0,0,0,0,-98,0,0,0,0,0,0,0,-98,-98,-98,-98,-98,-98,-98,-98,-98
6543,1,1,1,0,0,1,0,0,1,0,1,1,0,-98,-98,-98,-98,-98,-98,-98,-98,-98
6544,1,0,0,0,0,-98,0,0,0,0,0,0,0,-98,-98,-98,-98,-98,-98,-98,-98,-98
6545,0,-98,0,0,-98,-98,0,0,0,0,-98,-98,0,-98,-98,-98,-98,-98,-98,-98,-98,-98
6546,0,-98,-98,-98,-98,-98,0,0,-98,-98,1,0,0,-98,-98,-98,-98,-98,-98,-98,-98,-98
6547,0,0,0,0,0,1,0,0,0,0,0,0,0,-98,-98,-98,-98,-98,-98,-98,-98,-98
6548,0,0,0,0,0,-98,0,0,1,0,0,0,0,-98,-98,-98,-98,-98,-98,-98,-98,-98
6549,0,0,0,0,0,1,0,0,1,0,0,0,0,-98,-98,-98,-98,-98,-98,-98,-98,-98
6550,-98,-98,-98,-98,-98,-98,0,0,0,0,0,0,0,-98,-98,-98,-98,-98,-98,-98,-98,-98
6551,0,0,0,0,0,1,0,0,0,0,0,0,0,-98,-98,-98,-98,-98,-98,-98,-98,-98
6552,0,0,0,0,0,-98,-98,-98,0,0,1,0,0,0,0,0,0,0,0,0,1,0
6553,0,0,0,0,0,0,0,0,0,0,0,0,0,-98,-98,-98,-98,-98,-98,-98,-98,-98
6554,0,0,1,0,0,-98,0,0,1,1,0,0,0,0,0,0,0,0,0,0,1,0
6555,1,1,0,0,0,1,0,0,0,0,0,0,1,-98,-98,-98,-98,-98,-98,-98,-98,-98
6556,0,0,0,0,0,1,0,0,1,0,0,0,0,-98,-98,-98,-98,-98,-98,-98,-98,-98
6557,0,1,0,0,0,-98,0,0,0,0,0,0,0,-98,-98,-98,-98,-98,-98,-98,-98,-98
6558,0,0,0,0,1,0,0,0,0,0,1,0,0,0,0,1,0,0,0,0,0,0
6559,0,-98,0,0,-98,0,-98,-98,0,0,0,0,0,-98,-98,-98,-98,-98,-98,-98,-98,-98
6560,0,0,0,0,-98,-98,0,0,0,0,0,0,0,-98,-98,-98,-98,-98,-98,-98,-98,-98
6561,0,0,1,0,-98,-98,1,1,1,0,0,0,0,0,0,0,0,0,0,0,0,0
6562,0,1,0,0,1,0,0,0,0,0,1,0,0,-98,-98,-98,-98,-98,-98,-98,-98,-98
6563,1,0,0,0,0,0,-98,-98,0,0,0,0,0,-98,-98,-98,-98,-98,-98,-98,-98,-98
6564,0,0,0,0,0,1,0,0,1,0,0,0,1,0,0,0,0,0,0,0,0,0
6565,0,0,0,0,-98,-97,0,0,0,0,0,0,0,-98,-98,-98,-98,-98,-98,-98,-98,-98
6566,0,1,0,0,0,0,0,0,0,0,0,0,0,-98,-98,-98,-98,-98,-98,-98,-98,-98
6567,0,0,0,0,0,-98,0,0,1,0,0,0,0,-98,-98,-98,-98,-98,-98,-98,-98,-98
6568,0,0,0,0,-98,-98,0,0,0,0,1,0,0,-98,-98,-98,-98,-98,-98,-98,-98,-98
6569,1,0,1,0,0,0,1,1,1,1,0,0,1,-98,-98,-98,-98,-98,-98,-98,-98,-98
6570,0,0,0,0,0,-98,0,0,1,0,0,0,0,-98,-98,-98,-98,-98,-98,-98,-98,-98
6571,1,1,1,0,0,1,0,0,0,0,0,0,0,-98,-98,-98,-98,-98,-98,-98,-98,-98
6572,0,0,0,0,-98,-98,0,0,0,0,0,0,0,-98,-98,-98,-98,-98,-98,-98,-98,-98
6573,0,0,0,0,0,-98,0,0,0,0,1,1,0,-98,-98,-98,-98,-98,-98,-98,-98,-98
6574,0,0,0,0,0,0,0,0,0,0,0,0,0,-98,-98,-98,-98,-98,-98,-98,-98,-98
6575,0,0,-98,-98,0,0,0,0,0,0,1,1,1,0,0,0,1,1,1,0,1,0
6576,0,0,0,0,0,0,0,0,0,0,0,0,0,-98,-98,-98,-98,-98,-98,-98,-98,-98
6577,0,0,1,0,0,1,0,0,1,0,0,0,0,-98,-98,-98,-98,-98,-98,-98,-98,-98
6578,1,0,0,0,0,-98,0,0,1,0,1,1,0,-98,-98,-98,-98,-98,-98,-98,-98,-98
6579,0,0,0,0,0,-98,0,0,0,0,0,0,0,-98,-98,-98,-98,-98,-98,-98,-98,-98
6580,0,0,0,0,0,-98,0,0,0,0,0,0,0,-98,-98,-98,-98,-98,-98,-98,-98,-98
6581,1,0,0,0,0,-97,0,0,0,0,0,0,1,-98,-98,-98,-98,-98,-98,-98,-98,-98
6582,0,0,0,0,0,0,0,0,0,0,0,0,0,-98,-98,-98,-98,-98,-98,-98,-98,-98
6583,0,0,1,1,-98,0,1,1,0,0,0,0,0,-98,-98,-98,-98,-98,-98,-98,-98,-98
6584,0,0,0,0,0,0,-98,-98,0,0,1,1,1,0,0,0,0,0,0,0,0,0
6585,1,0,0,0,0,0,0,0,1,0,0,0,1,-98,-98,-98,-98,-98,-98,-98,-98,-98
6586,0,0,0,0,0,1,0,0,0,0,0,0,0,-98,-98,-98,-98,-98,-98,-98,-98,-98
6587,0,0,0,0,-98,0,-98,-98,0,0,0,0,0,0,0,0,0,0,0,0,0,0
6588,0,0,-98,-98,-98,-98,0,0,0,0,0,0,1,-98,-98,-98,-98,-98,-98,-98,-98,-98
6589,-98,-98,-98,-98,-98,-98,-98,-98,-98,-98,-98,-98,0,-98,-98,-98,-98,-98,-98,-98,-98,-98
6590,-98,0,0,0,0,0,0,0,0,0,0,0,0,0,0,0,0,0,0,0,1,0
6591,0,0,0,0,0,-98,0,0,0,0,0,0,1,-98,-98,-98,-98,-98,-98,-98,-98,-98
6592,1,0,0,0,0,1,0,0,1,0,0,0,0,-98,-98,-98,-98,-98,-98,-98,-98,-98
6593,1,1,0,0,0,0,0,0,0,0,0,0,0,-98,-98,-98,-98,-98,-98,-98,-98,-98
6594,0,0,0,0,0,0,0,0,0,0,0,0,0,0,0,0,0,0,0,0,0,0
6595,0,1,0,0,0,1,0,0,1,0,1,1,0,-98,-98,-98,-98,-98,-98,-98,-98,-98
6596,1,1,0,0,0,0,0,0,1,0,1,1,0,-98,-98,-98,-98,-98,-98,-98,-98,-98
6597,0,0,0,0,-98,0,-98,-98,0,0,0,0,0,-98,-98,-98,-98,-98,-98,-98,-98,-98
6598,0,1,0,0,0,0,0,0,1,0,0,0,0,-98,-98,-98,-98,-98,-98,-98,-98,-98
6599,0,0,0,0,0,0,0,0,1,0,1,1,1,-98,-98,-98,-98,-98,-98,-98,-98,-98
6600,0,0,0,0,0,0,0,0,0,0,0,0,0,0,0,0,0,0,0,0,0,0
6601,0,0,0,0,0,1,1,1,1,1,1,0,1,-98,-98,-98,-98,-98,-98,-98,-98,-98
6602,1,0,0,0,0,0,0,0,1,0,0,0,0,-98,-98,-98,-98,-98,-98,-98,-98,-98
6603,0,0,0,0,0,0,0,0,0,0,1,1,0,-98,-98,-98,-98,-98,-98,-98,-98,-98
6604,0,0,0,0,-98,-98,0,0,-98,-98,0,0,0,0,0,0,0,0,0,0,1,0
6605,1,1,0,0,0,0,0,0,1,1,0,1,0,-98,-98,-98,-98,-98,-98,-98,-98,-98
6606,0,1,0,0,0,-98,-98,-98,0,0,0,0,0,-98,-98,-98,-98,-98,-98,-98,-98,-98
6607,0,0,0,0,-98,0,0,0,0,0,1,1,0,-98,-98,-98,-98,-98,-98,-98,-98,-98
6608,0,0,0,0,-98,-98,0,0,1,0,0,0,0,-98,-98,-98,-98,-98,-98,-98,-98,-98
6609,1,-98,0,0,-98,0,-98,-98,0,0,0,0,0,-98,-98,-98,-98,-98,-98,-98,-98,-98
6610,0,0,0,0,0,0,1,1,0,0,0,0,0,-98,-98,-98,-98,-98,-98,-98,-98,-98
6611,0,0,0,0,0,0,0,0,1,0,0,0,0,-98,-98,-98,-98,-98,-98,-98,-98,-98
6612,0,0,0,0,0,0,0,0,0,0,1,1,0,-98,-98,-98,-98,-98,-98,-98,-98,-98
6613,0,0,0,0,0,-98,0,0,0,0,0,0,0,-98,-98,-98,-98,-98,-98,-98,-98,-98
6614,0,1,0,0,0,-98,0,0,0,0,0,0,0,-98,-98,-98,-98,-98,-98,-98,-98,-98
6615,0,0,0,0,-98,-98,0,0,0,0,0,1,1,0,0,0,0,0,0,0,0,0
6616,1,1,0,0,0,1,0,0,0,0,0,0,0,0,0,0,0,0,0,0,0,0
6617,0,0,0,0,0,-98,0,0,1,-5,0,1,0,-98,-98,-98,-98,-98,-98,-98,-98,-98
6618,0,0,0,0,0,-98,0,0,0,0,0,0,0,-98,-98,-98,-98,-98,-98,-98,-98,-98
6619,1,0,0,0,1,1,0,0,1,0,0,1,0,-98,-98,-98,-98,-98,-98,-98,-98,-98
6620,-98,-98,-98,-98,-98,-98,-98,-98,1,0,0,0,-98,-98,-98,-98,-98,-98,-98,-98,-98,-98
6621,0,0,0,0,-98,-98,0,0,0,0,0,0,0,-98,-98,-98,-98,-98,-98,-98,-98,-98
6622,1,0,0,0,0,0,0,0,1,0,0,0,0,-98,-98,-98,-98,-98,-98,-98,-98,-98
6623,0,1,0,0,0,1,1,1,1,0,1,0,0,-98,-98,-98,-98,-98,-98,-98,-98,-98
6624,1,0,0,0,0,0,0,0,0,0,1,1,0,-98,-98,-98,-98,-98,-98,-98,-98,-98
6625,0,0,0,0,0,-98,0,0,0,0,0,0,0,-98,-98,-98,-98,-98,-98,-98,-98,-98
6626,0,0,0,0,0,-98,0,0,0,0,1,0,0,0,0,0,0,0,0,0,0,0
6627,0,0,1,0,0,0,0,0,1,0,1,0,0,-98,-98,-98,-98,-98,-98,-98,-98,-98
6628,1,0,0,0,0,0,0,0,1,0,0,0,0,-98,-98,-98,-98,-98,-98,-98,-98,-98
6629,0,0,0,0,0,-98,0,0,0,0,0,0,0,0,0,0,0,0,0,0,0,0
6630,0,0,0,0,0,-98,0,0,0,0,1,0,0,-98,-98,-98,-98,-98,-98,-98,-98,-98
6631,0,0,0,0,0,0,0,0,1,1,1,0,0,-98,-98,-98,-98,-98,-98,-98,-98,-98
6632,-98,0,0,0,0,-98,0,0,0,0,1,0,0,-98,-98,-98,-98,-98,-98,-98,-98,-98
6633,0,-98,0,0,-98,-98,0,0,0,0,0,0,1,0,0,0,0,0,0,0,1,0
6634,0,0,0,0,0,-98,0,0,0,0,0,0,0,-98,-98,-98,-98,-98,-98,-98,-98,-98
6635,0,0,0,0,0,0,0,0,0,0,0,0,0,-98,-98,-98,-98,-98,-98,-98,-98,-98
6636,0,0,0,0,0,0,0,0,0,0,-98,-98,0,-98,-98,-98,-98,-98,-98,-98,-98,-98
6637,0,-98,-98,-98,-98,0,0,0,0,0,0,0,0,0,0,0,0,0,0,0,0,0
6638,-98,0,0,0,0,0,0,0,0,0,0,0,0,0,0,0,0,0,0,0,1,0
6639,0,0,0,0,-98,0,0,0,0,0,0,0,0,-98,-98,-98,-98,-98,-98,-98,-98,-98
6640,0,0,0,0,-98,0,0,0,1,0,0,0,0,-98,-98,-98,-98,-98,-98,-98,-98,-98
6641,0,-98,0,0,-98,-98,0,0,1,0,1,0,0,-98,-98,-98,-98,-98,-98,-98,-98,-98
6642,0,0,0,0,-98,-98,0,0,0,0,0,0,1,-98,-98,-98,-98,-98,-98,-98,-98,-98
6643,1,0,0,0,0,-98,0,0,0,1,0,1,0,0,0,0,0,0,0,0,0,0
6644,0,0,0,0,0,0,1,1,0,0,-98,-98,0,-98,-98,-98,-98,-98,-98,-98,-98,-98
6645,1,1,1,1,0,1,0,0,1,0,0,0,0,-98,-98,-98,-98,-98,-98,-98,-98,-98
6646,0,-98,0,0,0,-98,0,0,0,0,0,1,0,0,0,0,1,0,0,0,0,0
6647,0,0,1,0,0,0,0,0,0,0,0,0,0,-98,-98,-98,-98,-98,-98,-98,-98,-98
6648,0,1,0,0,0,-98,0,0,0,0,0,0,0,-98,-98,-98,-98,-98,-98,-98,-98,-98
6649,0,0,1,0,0,-98,0,0,0,0,0,0,0,-98,-98,-98,-98,-98,-98,-98,-98,-98
6650,1,0,0,0,0,0,0,0,0,0,1,0,0,-98,-98,-98,-98,-98,-98,-98,-98,-98
6651,0,0,0,0,0,0,0,0,1,0,1,0,1,0,0,0,1,0,0,0,0,0
6652,1,0,0,0,-98,-98,0,0,1,1,0,0,0,-98,-98,-98,-98,-98,-98,-98,-98,-98
6653,0,-98,-98,-98,-98,0,-98,-98,0,0,-98,-98,1,-98,-98,-98,-98,-98,-98,-98,-98,-98
6654,1,0,1,1,0,1,0,0,0,0,0,0,0,-98,-98,-98,-98,-98,-98,-98,-98,-98
6655,0,1,0,0,0,-98,0,0,1,0,0,0,0,-98,-98,-98,-98,-98,-98,-98,-98,-98
6656,0,0,0,0,0,0,0,0,0,0,0,0,0,-98,-98,-98,-98,-98,-98,-98,-98,-98
6657,-98,-98,0,0,-98,1,0,0,0,0,0,0,1,-98,-98,-98,-98,-98,-98,-98,-98,-98
6658,0,1,0,0,0,0,0,0,0,0,0,0,0,-98,-98,-98,-98,-98,-98,-98,-98,-98
6659,0,1,1,0,0,1,0,0,1,0,0,1,0,-98,-98,-98,-98,-98,-98,-98,-98,-98
6660,0,0,0,0,-98,-98,-98,-98,0,0,0,0,0,-98,-98,-98,-98,-98,-98,-98,-98,-98
6661,-98,-98,-98,-98,-98,-98,0,0,1,0,1,0,1,-98,-98,-98,-98,-98,-98,-98,-98,-98
6662,1,0,0,0,0,-98,0,0,0,0,1,1,1,-98,-98,-98,-98,-98,-98,-98,-98,-98
6663,-98,0,-98,-98,-98,-98,0,0,0,0,0,0,0,0,0,0,0,0,0,0,1,0
6664,0,0,0,0,-98,-98,0,0,0,0,0,0,0,-98,-98,-98,-98,-98,-98,-98,-98,-98
6665,0,0,0,0,0,0,-98,-98,1,0,0,0,0,-98,-98,-98,-98,-98,-98,-98,-98,-98
6666,0,-98,-98,-98,-98,-98,0,0,1,0,0,0,0,-98,-98,-98,-98,-98,-98,-98,-98,-98
6667,0,0,0,0,0,1,0,0,1,0,0,0,1,0,0,0,0,0,0,0,0,0
6668,0,0,1,0,-98,-98,1,1,1,1,0,0,1,-98,-98,-98,-98,-98,-98,-98,-98,-98
6669,1,1,1,0,0,1,0,0,0,0,0,0,0,0,0,0,0,0,0,0,0,0
6670,-98,0,0,0,-98,0,0,0,0,0,-98,-98,0,-98,-98,-98,-98,-98,-98,-98,-98,-98
6671,0,0,0,0,0,1,1,1,0,0,1,1,1,0,0,0,0,0,0,0,0,0
6672,0,1,0,0,0,1,0,0,0,0,0,0,0,0,0,0,0,0,0,0,0,0
6673,0,1,0,0,1,-98,-98,-98,0,0,0,0,0,0,0,0,0,0,0,0,0,0
6674,0,-98,-98,-98,-98,0,-98,-98,1,0,0,0,1,-98,-98,-98,-98,-98,-98,-98,-98,-98
6675,0,0,1,0,0,0,0,0,1,0,0,0,0,-98,-98,-98,-98,-98,-98,-98,-98,-98
6676,0,0,1,0,0,0,0,0,0,0,0,0,0,-98,-98,-98,-98,-98,-98,-98,-98,-98
6677,0,0,0,0,0,0,0,0,0,0,0,0,0,-98,-98,-98,-98,-98,-98,-98,-98,-98
6678,0,0,0,0,0,0,0,0,0,0,1,1,0,-98,-98,-98,-98,-98,-98,-98,-98,-98
6679,0,0,0,0,-98,0,0,1,1,0,-98,-98,0,-98,-98,-98,-98,-98,-98,-98,-98,-98
6680,1,1,0,0,-98,1,-98,-98,0,0,0,0,0,-98,-98,-98,-98,-98,-98,-98,-98,-98
6681,0,0,-98,-98,0,-98,-98,-98,0,0,0,0,0,0,0,0,0,0,0,0,1,0
6682,0,0,0,0,0,0,0,0,0,0,0,0,0,0,0,0,0,0,0,0,1,0
6683,0,-98,-98,-98,-98,-98,0,0,0,0,0,0,0,-98,-98,-98,-98,-98,-98,-98,-98,-98
6684,1,0,-98,-98,0,-98,0,0,0,0,0,0,0,-98,-98,-98,-98,-98,-98,-98,-98,-98
6685,0,-98,0,0,-98,-98,0,0,1,1,0,0,0,-98,-98,-98,-98,-98,-98,-98,-98,-98
6686,0,1,0,0,0,1,0,0,0,0,0,0,0,-98,-98,-98,-98,-98,-98,-98,-98,-98
6687,1,0,0,0,0,0,0,0,0,0,0,0,0,-98,-98,-98,-98,-98,-98,-98,-98,-98
6688,0,-98,0,0,0,0,0,0,0,0,0,0,0,-98,-98,-98,-98,-98,-98,-98,-98,-98
6689,0,0,0,0,0,0,0,0,1,1,1,1,0,-98,-98,-98,-98,-98,-98,-98,-98,-98
6690,1,1,1,0,1,-98,0,0,0,0,0,0,0,-98,-98,-98,-98,-98,-98,-98,-98,-98
6691,0,0,0,0,0,0,0,0,0,0,-98,-98,0,-98,-98,-98,-98,-98,-98,-98,-98,-98
6692,0,0,0,0,0,-98,0,0,0,0,0,0,0,-98,-98,-98,-98,-98,-98,-98,-98,-98
6693,1,0,0,0,0,-98,0,0,0,0,-98,-98,0,0,0,0,0,0,0,0,0,0
6694,0,0,0,0,0,0,0,0,1,1,1,1,0,0,0,0,1,1,0,0,0,0
6695,0,0,0,0,0,0,0,0,0,0,0,0,1,-98,-98,-98,-98,-98,-98,-98,-98,-98
6696,0,0,0,0,0,0,0,0,0,0,0,0,0,-98,-98,-98,-98,-98,-98,-98,-98,-98
6697,0,0,0,0,0,0,0,0,0,0,0,0,0,-98,-98,-98,-98,-98,-98,-98,-98,-98
6698,0,0,0,0,0,0,0,0,0,0,0,0,0,-98,-98,-98,-98,-98,-98,-98,-98,-98
6699,-98,0,-98,-98,-98,-98,0,0,0,0,0,0,0,-98,-98,-98,-98,-98,-98,-98,-98,-98
6700,0,0,0,0,-98,-98,0,0,1,0,1,1,0,0,0,0,0,0,0,0,1,0
6701,0,0,0,0,0,1,0,0,0,0,0,0,0,0,0,0,0,0,0,0,0,0
6702,0,0,-98,-98,-98,-98,0,0,-98,-98,0,0,0,0,0,0,0,0,0,0,1,0
6703,1,0,1,0,0,-98,0,0,0,0,0,0,0,-98,-98,-98,-98,-98,-98,-98,-98,-98
6704,-98,-98,-98,-98,-98,-98,1,1,0,0,-98,-98,0,-98,-98,-98,-98,-98,-98,-98,-98,-98
6705,0,0,0,0,0,0,0,0,0,0,0,0,0,-98,-98,-98,-98,-98,-98,-98,-98,-98
6706,0,0,0,0,0,1,0,0,1,1,0,0,0,-98,-98,-98,-98,-98,-98,-98,-98,-98
6707,0,0,0,0,0,-98,0,0,1,0,0,0,0,-98,-98,-98,-98,-98,-98,-98,-98,-98
6708,0,0,0,0,0,1,0,0,0,0,1,0,0,-98,-98,-98,-98,-98,-98,-98,-98,-98
6709,0,0,-98,-98,-98,-98,0,0,0,0,0,0,0,0,0,0,0,0,0,0,1,0
6710,1,1,0,0,0,0,0,0,0,0,0,0,0,-98,-98,-98,-98,-98,-98,-98,-98,-98
6711,1,1,0,0,0,1,-98,-98,0,0,0,0,0,-98,-98,-98,-98,-98,-98,-98,-98,-98
6712,0,0,0,0,0,0,0,0,0,0,0,0,0,-98,-98,-98,-98,-98,-98,-98,-98,-98
6713,0,0,0,0,0,-98,0,0,0,0,0,0,0,0,0,0,0,0,0,0,0,0
6714,0,0,0,0,0,0,1,1,0,0,0,0,1,-98,-98,-98,-98,-98,-98,-98,-98,-98
6715,-98,-98,-98,-98,-98,-98,0,0,1,0,-98,-98,0,-98,-98,-98,-98,-98,-98,-98,-98,-98
6716,0,1,1,0,0,0,0,0,1,0,0,0,0,0,0,0,0,0,0,0,0,0
6717,1,1,1,0,0,1,0,0,0,0,0,0,0,-98,-98,-98,-98,-98,-98,-98,-98,-98
6718,0,0,0,1,0,0,1,1,0,0,0,0,1,-98,-98,-98,-98,-98,-98,-98,-98,-98
6719,0,0,1,1,0,1,0,0,1,0,1,1,0,-98,-98,-98,-98,-98,-98,-98,-98,-98
6720,0,1,0,0,0,0,0,0,0,0,0,0,1,-98,-98,-98,-98,-98,-98,-98,-98,-98
6721,-98,-98,0,0,-98,0,0,0,0,0,0,0,0,-98,-98,-98,-98,-98,-98,-98,-98,-98
6722,-97,1,0,0,-97,-98,0,0,0,0,0,0,-98,0,0,0,0,0,0,0,0,0
6723,1,0,0,0,0,0,0,0,1,0,0,0,0,-98,-98,-98,-98,-98,-98,-98,-98,-98
6724,0,1,0,0,-98,0,1,1,0,0,-98,-98,1,-98,-98,-98,-98,-98,-98,-98,-98,-98
6725,1,1,1,0,0,1,0,0,0,0,0,0,0,-98,-98,-98,-98,-98,-98,-98,-98,-98
6726,1,1,0,0,0,0,0,0,0,0,0,0,0,-98,-98,-98,-98,-98,-98,-98,-98,-98
6727,1,0,0,0,-98,1,0,0,0,0,0,0,1,-98,-98,-98,-98,-98,-98,-98,-98,-98
6728,0,0,0,0,0,-98,-98,-98,0,0,0,0,0,-98,-98,-98,-98,-98,-98,-98,-98,-98
6729,0,0,0,0,0,0,0,0,0,0,0,0,0,-98,-98,-98,-98,-98,-98,-98,-98,-98
6730,0,0,0,0,-98,-98,0,0,0,0,0,0,0,-98,-98,-98,-98,-98,-98,-98,-98,-98
6731,0,0,0,0,0,0,0,0,0,0,0,0,1,-98,-98,-98,-98,-98,-98,-98,-98,-98
6732,0,0,1,0,0,-98,0,0,0,0,0,0,1,-98,-98,-98,-98,-98,-98,-98,-98,-98
6733,0,0,0,0,0,-98,0,0,0,0,0,0,0,-98,-98,-98,-98,-98,-98,-98,-98,-98
6734,0,1,0,0,0,-98,0,0,0,0,0,0,1,-98,-98,-98,-98,-98,-98,-98,-98,-98
6735,0,1,0,0,-98,-98,0,0,0,0,0,0,0,-98,-98,-98,-98,-98,-98,-98,-98,-98
6736,-98,0,0,0,-98,0,-98,-98,0,0,0,0,0,0,0,0,0,0,1,0,1,1
6737,0,1,0,0,0,-98,0,0,1,1,0,0,1,-98,-98,-98,-98,-98,-98,-98,-98,-98
6738,1,-98,0,0,0,0,0,0,1,0,0,0,1,-98,-98,-98,-98,-98,-98,-98,-98,-98
6739,1,1,1,1,0,-98,0,0,0,0,0,0,0,-98,-98,-98,-98,-98,-98,-98,-98,-98
6740,0,0,0,0,0,0,0,0,1,0,1,1,1,0,0,1,1,1,0,0,0,0
6741,0,0,0,0,0,1,0,0,0,0,0,0,0,-98,-98,-98,-98,-98,-98,-98,-98,-98
6742,0,0,0,0,0,0,0,0,1,0,0,0,0,0,0,0,0,0,0,0,0,0
6743,-98,-98,0,0,-98,0,-98,-98,1,0,0,0,0,-98,-98,-98,-98,-98,-98,-98,-98,-98
6744,0,0,0,0,0,0,0,0,0,0,0,0,0,-98,-98,-98,-98,-98,-98,-98,-98,-98
6745,0,0,0,0,-98,0,0,0,0,0,1,0,0,-98,-98,-98,-98,-98,-98,-98,-98,-98
6746,1,0,1,0,0,0,0,0,1,0,1,0,0,-98,-98,-98,-98,-98,-98,-98,-98,-98
6747,1,0,0,0,0,0,0,0,0,0,0,1,0,0,0,0,0,1,0,0,0,0
6748,0,0,0,0,0,0,0,0,1,0,0,0,0,0,0,0,0,0,0,0,0,0
6749,0,0,0,0,0,0,0,0,0,0,0,0,0,-98,-98,-98,-98,-98,-98,-98,-98,-98
6750,1,0,0,0,0,0,0,0,0,0,0,1,0,-98,-98,-98,-98,-98,-98,-98,-98,-98
6751,0,0,0,0,0,-98,0,0,0,0,0,0,0,-98,-98,-98,-98,-98,-98,-98,-98,-98
6752,0,0,0,0,0,0,1,1,0,0,0,0,0,-98,-98,-98,-98,-98,-98,-98,-98,-98
6753,0,0,0,0,0,0,0,0,1,0,1,1,1,-98,-98,-98,-98,-98,-98,-98,-98,-98
6754,1,1,1,0,0,0,0,0,0,0,0,0,0,-98,-98,-98,-98,-98,-98,-98,-98,-98
6755,0,0,0,0,0,0,-98,-98,0,0,0,1,0,-98,-98,-98,-98,-98,-98,-98,-98,-98
6756,1,1,1,0,0,1,0,0,0,0,0,0,0,-98,-98,-98,-98,-98,-98,-98,-98,-98
6757,0,0,0,0,0,0,0,0,0,0,0,0,0,-98,-98,-98,-98,-98,-98,-98,-98,-98
6758,0,0,0,0,0,0,0,0,1,0,0,0,0,-98,-98,-98,-98,-98,-98,-98,-98,-98
6759,0,1,0,0,0,1,1,1,0,0,0,0,0,-98,-98,-98,-98,-98,-98,-98,-98,-98
6760,0,0,0,0,0,-98,0,0,0,0,0,0,0,-98,-98,-98,-98,-98,-98,-98,-98,-98
6761,0,-98,0,0,-98,-98,-98,-98,0,0,-98,-98,0,-98,-98,-98,-98,-98,-98,-98,-98,-98
6762,0,-98,-98,-98,-98,-98,-98,-98,1,0,0,0,0,-98,-98,-98,-98,-98,-98,-98,-98,-98
6763,0,0,0,0,0,-98,0,0,0,0,0,0,0,-98,-98,-98,-98,-98,-98,-98,-98,-98
6764,0,0,0,0,0,0,0,0,0,0,0,0,0,-98,-98,-98,-98,-98,-98,-98,-98,-98
6765,0,0,0,0,-98,0,-98,-98,1,0,0,0,0,0,0,0,0,0,0,0,1,0
6766,1,0,0,0,0,-98,0,0,1,0,0,0,0,-98,-98,-98,-98,-98,-98,-98,-98,-98
6767,1,0,1,1,0,0,0,0,0,0,1,0,0,-98,-98,-98,-98,-98,-98,-98,-98,-98
6768,0,0,0,0,0,-98,0,0,1,0,0,0,0,-98,-98,-98,-98,-98,-98,-98,-98,-98
6769,0,0,0,0,0,0,0,0,0,0,1,1,0,0,0,0,0,1,0,0,0,0
6770,0,0,0,0,0,-98,0,0,0,0,0,0,0,-98,-98,-98,-98,-98,-98,-98,-98,-98
6771,1,0,0,0,0,-98,0,0,1,0,0,0,0,-98,-98,-98,-98,-98,-98,-98,-98,-98
6772,1,0,1,0,0,1,0,0,0,0,0,0,0,-98,-98,-98,-98,-98,-98,-98,-98,-98
6773,-98,0,0,0,0,-98,0,0,0,0,0,0,0,-98,-98,-98,-98,-98,-98,-98,-98,-98
6774,1,0,0,0,0,0,0,0,1,0,1,1,0,-98,-98,-98,-98,-98,-98,-98,-98,-98
6775,0,0,0,0,0,0,0,0,0,0,0,0,0,0,0,0,0,0,0,0,1,0
6776,0,0,0,0,0,-98,0,0,0,0,0,0,0,-98,-98,-98,-98,-98,-98,-98,-98,-98
6777,1,1,1,1,0,1,1,1,1,0,0,0,1,-98,-98,-98,-98,-98,-98,-98,-98,-98
6778,1,0,0,0,0,1,-98,-98,0,0,0,0,0,-98,-98,-98,-98,-98,-98,-98,-98,-98
6779,1,1,0,0,0,1,0,0,0,0,0,0,1,-98,-98,-98,-98,-98,-98,-98,-98,-98
6780,1,0,0,0,0,1,0,0,1,0,0,0,0,-98,-98,-98,-98,-98,-98,-98,-98,-98
6781,0,1,0,0,-98,1,0,0,1,0,0,0,0,-98,-98,-98,-98,-98,-98,-98,-98,-98
6782,0,0,0,0,0,-98,0,0,0,0,1,0,0,0,0,0,1,0,0,0,0,0
6783,0,-98,0,0,-98,-98,-98,-98,0,0,0,0,0,-98,-98,-98,-98,-98,-98,-98,-98,-98
6784,1,1,0,0,0,1,0,0,0,0,1,1,1,-98,-98,-98,-98,-98,-98,-98,-98,-98
6785,0,0,1,1,0,0,0,0,0,0,0,0,1,-98,-98,-98,-98,-98,-98,-98,-98,-98
6786,-98,0,0,0,0,0,0,0,1,0,0,0,0,-98,-98,-98,-98,-98,-98,-98,-98,-98
6787,0,0,1,0,0,-98,0,0,0,0,0,0,0,-98,-98,-98,-98,-98,-98,-98,-98,-98
6788,0,0,0,0,0,-98,0,0,0,0,1,0,0,-98,-98,-98,-98,-98,-98,-98,-98,-98
6789,0,0,0,0,0,0,0,0,1,0,1,0,0,0,0,0,1,0,0,0,0,0
6790,0,0,0,0,-98,0,0,0,0,0,0,0,0,-98,-98,-98,-98,-98,-98,-98,-98,-98
6791,0,0,0,0,-98,0,0,0,0,0,0,0,0,-98,-98,-98,-98,-98,-98,-98,-98,-98
6792,1,0,1,1,0,0,0,0,0,0,0,0,0,-98,-98,-98,-98,-98,-98,-98,-98,-98
6793,1,0,1,0,0,1,0,0,0,0,1,0,0,0,0,0,0,0,0,0,0,0
6794,0,0,0,0,-98,0,0,0,0,0,0,1,0,-98,-98,-98,-98,-98,-98,-98,-98,-98
6795,0,0,0,0,0,0,0,0,0,0,0,0,0,-98,-98,-98,-98,-98,-98,-98,-98,-98
6796,0,0,0,0,-98,-98,0,0,0,0,1,1,0,-98,-98,-98,-98,-98,-98,-98,-98,-98
6797,0,0,0,0,0,-98,0,0,1,0,0,0,0,-98,-98,-98,-98,-98,-98,-98,-98,-98
6798,-98,0,0,0,0,-98,-98,-98,0,0,0,0,0,-98,-98,-98,-98,-98,-98,-98,-98,-98
6799,0,1,0,0,0,1,0,0,0,0,0,0,1,-98,-98,-98,-98,-98,-98,-98,-98,-98
6800,1,0,0,0,0,1,-98,-98,1,1,0,0,0,0,0,0,0,0,0,0,0,0
6801,1,1,1,1,0,-98,0,0,0,0,0,0,0,-98,-98,-98,-98,-98,-98,-98,-98,-98
6802,0,-98,0,0,-98,-98,0,0,0,0,0,0,0,0,0,0,0,0,0,0,0,0
6803,0,0,0,0,-98,-98,-98,-98,0,0,1,1,1,0,0,0,0,0,0,0,0,0
6804,0,0,0,0,0,-98,0,0,0,0,0,0,1,0,0,0,0,0,0,0,1,0
6805,1,0,0,0,-98,-98,0,0,1,0,1,1,0,0,0,0,0,0,0,0,1,0
6806,0,1,0,0,0,1,0,0,0,0,0,0,0,-98,-98,-98,-98,-98,-98,-98,-98,-98
6807,1,0,0,0,0,0,-98,-98,1,0,0,0,0,-98,-98,-98,-98,-98,-98,-98,-98,-98
6808,-98,-98,1,1,0,-98,0,0,0,0,-98,-98,0,-98,-98,-98,-98,-98,-98,-98,-98,-98
6809,1,0,0,0,0,1,0,0,1,1,1,0,0,-98,-98,-98,-98,-98,-98,-98,-98,-98
6810,0,0,0,0,0,-98,-98,-98,1,0,0,0,0,-98,-98,-98,-98,-98,-98,-98,-98,-98
6811,0,0,0,0,0,1,0,0,0,0,0,1,0,0,0,0,0,0,0,0,1,0
6812,0,0,0,0,0,-98,0,0,0,0,0,0,0,-98,-98,-98,-98,-98,-98,-98,-98,-98
6813,0,0,0,0,0,0,0,0,0,0,0,0,0,0,0,0,1,0,0,0,0,0
6814,0,-98,0,0,-98,0,-98,-98,0,0,0,0,-98,0,0,0,0,0,0,0,0,0
6815,0,1,0,0,0,-98,0,0,0,0,0,0,0,-98,-98,-98,-98,-98,-98,-98,-98,-98
6816,0,0,0,0,0,-98,-98,-98,0,0,0,0,0,-98,-98,-98,-98,-98,-98,-98,-98,-98
6817,0,0,0,0,0,0,0,0,0,0,0,0,1,0,0,0,0,0,0,0,1,1
6818,0,1,0,0,0,-98,0,0,0,0,0,0,0,-98,-98,-98,-98,-98,-98,-98,-98,-98
6819,1,0,1,1,0,0,1,1,0,0,0,0,0,-98,-98,-98,-98,-98,-98,-98,-98,-98
6820,0,0,0,0,0,0,0,0,0,0,1,0,0,-98,-98,-98,-98,-98,-98,-98,-98,-98
6821,0,1,0,0,0,1,0,0,0,0,0,0,0,0,0,0,0,0,0,0,0,0
6822,0,0,0,0,-98,-98,0,0,0,0,0,0,0,-98,-98,-98,-98,-98,-98,-98,-98,-98
6823,0,0,0,0,-98,0,0,0,0,0,0,0,0,0,0,0,0,0,0,0,0,0
6824,0,0,0,0,0,1,0,0,1,0,0,0,0,-98,-98,-98,-98,-98,-98,-98,-98,-98
6825,0,0,0,0,0,0,0,0,1,0,1,1,0,0,0,1,0,0,0,0,0,0
6826,1,0,0,1,0,1,1,1,0,0,0,0,0,-98,-98,-98,-98,-98,-98,-98,-98,-98
6827,0,-98,0,0,-98,0,1,1,0,0,0,0,1,-98,-98,-98,-98,-98,-98,-98,-98,-98
6828,1,0,0,0,0,-98,0,0,1,0,0,0,0,-98,-98,-98,-98,-98,-98,-98,-98,-98
6829,0,0,0,0,-98,-98,0,0,0,0,0,0,0,-98,-98,-98,-98,-98,-98,-98,-98,-98
6830,0,0,0,0,0,0,-98,-98,0,0,0,0,0,-98,-98,-98,-98,-98,-98,-98,-98,-98
6831,0,0,0,0,-98,0,0,0,0,0,0,0,0,-98,-98,-98,-98,-98,-98,-98,-98,-98
6832,1,1,1,0,0,-98,0,0,0,0,0,0,0,-98,-98,-98,-98,-98,-98,-98,-98,-98
6833,-98,-98,-98,-98,-98,-98,-98,-98,0,0,0,0,0,0,0,0,0,0,0,0,1,1
6834,0,0,0,0,0,-98,0,0,0,0,0,0,0,-98,-98,-98,-98,-98,-98,-98,-98,-98
6835,1,0,0,0,0,0,0,0,0,0,0,0,1,0,0,0,0,0,0,0,0,0
6836,0,0,0,0,0,-98,0,0,0,0,1,1,0,-98,-98,-98,-98,-98,-98,-98,-98,-98
6837,1,0,1,0,0,0,0,0,0,0,0,0,0,-98,-98,-98,-98,-98,-98,-98,-98,-98
6838,0,-98,-98,-98,-98,-98,-98,-98,0,0,0,0,0,-98,-98,-98,-98,-98,-98,-98,-98,-98
6839,0,0,0,0,0,0,0,0,1,0,0,0,0,-98,-98,-98,-98,-98,-98,-98,-98,-98
6840,-98,0,0,0,-98,0,-98,-98,0,0,1,0,0,-98,-98,-98,-98,-98,-98,-98,-98,-98
6841,0,0,0,0,0,-98,0,0,0,0,0,0,1,0,0,0,0,0,0,0,0,0
6842,1,1,1,0,0,1,0,0,0,0,0,0,0,-98,-98,-98,-98,-98,-98,-98,-98,-98
6843,0,0,0,0,0,-98,0,0,1,0,0,0,0,0,0,0,0,0,0,0,0,0
6844,0,0,0,0,0,0,0,0,0,0,0,0,0,-98,-98,-98,-98,-98,-98,-98,-98,-98
6845,1,-97,0,0,0,1,0,0,1,0,0,0,0,-98,-98,-98,-98,-98,-98,-98,-98,-98
6846,1,0,0,0,0,1,0,0,1,0,0,0,0,-98,-98,-98,-98,-98,-98,-98,-98,-98
6847,0,0,0,0,-98,-98,0,0,0,0,-98,-98,1,-98,-98,-98,-98,-98,-98,-98,-98,-98
6848,0,0,1,1,0,1,0,0,1,0,0,0,1,-98,-98,-98,-98,-98,-98,-98,-98,-98
6849,0,1,0,0,0,0,0,0,0,0,0,0,0,-98,-98,-98,-98,-98,-98,-98,-98,-98
6850,1,0,0,0,0,1,0,0,1,0,0,0,0,-98,-98,-98,-98,-98,-98,-98,-98,-98
6851,0,-98,0,0,-98,0,-98,-98,0,0,0,0,0,-98,-98,-98,-98,-98,-98,-98,-98,-98
6852,-98,-98,0,0,-98,-98,0,0,0,0,0,0,0,-98,-98,-98,-98,-98,-98,-98,-98,-98
6853,0,-98,0,0,0,-98,-98,-98,0,0,-98,-98,0,0,0,0,0,0,0,0,1,0
6854,0,0,0,0,0,0,0,0,0,0,0,0,0,-98,-98,-98,-98,-98,-98,-98,-98,-98
6855,0,0,0,0,0,0,0,0,0,0,0,0,0,-98,-98,-98,-98,-98,-98,-98,-98,-98
6856,0,0,0,0,0,-98,0,0,0,0,0,0,1,-98,-98,-98,-98,-98,-98,-98,-98,-98
6857,0,0,1,1,0,-98,0,0,0,0,0,0,0,-98,-98,-98,-98,-98,-98,-98,-98,-98
6858,1,0,0,0,0,0,0,0,1,1,1,0,0,-98,-98,-98,-98,-98,-98,-98,-98,-98
6859,1,1,0,0,0,-98,0,0,1,0,0,0,0,-98,-98,-98,-98,-98,-98,-98,-98,-98
6860,0,0,0,0,0,0,0,0,0,0,0,0,1,-98,-98,-98,-98,-98,-98,-98,-98,-98
6861,0,0,1,1,0,0,0,0,0,0,1,1,0,-98,-98,-98,-98,-98,-98,-98,-98,-98
6862,0,0,0,0,-98,0,0,0,0,0,0,0,0,-98,-98,-98,-98,-98,-98,-98,-98,-98
6863,0,0,0,0,0,0,0,0,1,0,0,0,0,-98,-98,-98,-98,-98,-98,-98,-98,-98
6864,0,0,0,0,0,-98,0,1,0,0,0,0,0,-98,-98,-98,-98,-98,-98,-98,-98,-98
6865,0,1,1,0,0,1,0,0,0,0,0,0,0,0,0,0,0,0,0,0,0,0
6866,0,0,0,0,0,0,0,0,0,0,1,1,0,-98,-98,-98,-98,-98,-98,-98,-98,-98
6867,-98,0,0,0,0,-98,0,0,1,0,0,1,0,-98,-98,-98,-98,-98,-98,-98,-98,-98
6868,-98,-98,0,0,-98,-98,-98,-98,0,0,0,0,0,0,0,0,0,0,0,0,0,0
6869,0,0,0,0,0,0,0,0,0,0,0,0,0,-98,-98,-98,-98,-98,-98,-98,-98,-98
6870,-98,-98,-98,-98,-98,-98,0,0,1,0,0,0,1,0,0,0,0,0,0,0,0,0
6871,0,0,0,0,0,0,0,0,0,0,0,0,0,0,0,0,0,0,0,0,1,1
6872,1,0,0,0,0,0,0,0,1,0,0,0,0,-98,-98,-98,-98,-98,-98,-98,-98,-98
6873,-98,-98,0,0,-98,-98,0,0,0,0,-98,-98,0,-98,-98,-98,-98,-98,-98,-98,-98,-98
6874,0,1,0,0,0,0,0,0,0,0,0,0,0,-98,-98,-98,-98,-98,-98,-98,-98,-98
6875,0,1,1,1,0,1,0,0,0,0,0,0,0,-98,-98,-98,-98,-98,-98,-98,-98,-98
6876,0,0,0,0,0,0,0,0,0,0,0,0,1,-98,-98,-98,-98,-98,-98,-98,-98,-98
6877,0,0,0,0,0,1,0,0,1,0,0,0,0,0,0,0,0,0,0,0,0,0
6878,0,0,1,0,0,0,0,0,1,1,0,0,1,-98,-98,-98,-98,-98,-98,-98,-98,-98
6879,-98,0,-98,-98,-98,-98,0,0,0,0,0,0,0,-98,-98,-98,-98,-98,-98,-98,-98,-98
6880,0,0,0,0,0,0,0,0,1,0,1,1,0,-98,-98,-98,-98,-98,-98,-98,-98,-98
6881,-98,-98,-98,-98,-98,-98,-98,-98,0,0,-98,-98,0,0,0,0,0,0,0,0,0,0
6882,1,0,0,0,0,-98,0,0,0,0,0,1,1,-98,-98,-98,-98,-98,-98,-98,-98,-98
6883,1,1,1,0,0,-98,0,0,1,0,0,0,0,-98,-98,-98,-98,-98,-98,-98,-98,-98
6884,0,0,1,1,0,0,0,0,0,0,0,0,1,-98,-98,-98,-98,-98,-98,-98,-98,-98
6885,0,0,0,0,0,1,0,0,0,0,0,0,1,-98,-98,-98,-98,-98,-98,-98,-98,-98
6886,0,0,0,0,-98,0,0,0,0,0,0,0,0,-98,-98,-98,-98,-98,-98,-98,-98,-98
6887,0,0,0,0,0,-98,-98,-98,0,0,0,0,0,-98,-98,-98,-98,-98,-98,-98,-98,-98
6888,0,1,0,0,0,1,1,1,0,0,0,0,0,-98,-98,-98,-98,-98,-98,-98,-98,-98
6889,1,0,0,0,0,0,0,0,1,0,0,0,0,-98,-98,-98,-98,-98,-98,-98,-98,-98
6890,0,-98,0,0,-98,-98,-98,-98,0,0,1,0,0,-98,-98,-98,-98,-98,-98,-98,-98,-98
6891,0,0,0,0,0,0,0,0,0,0,0,0,1,-98,-98,-98,-98,-98,-98,-98,-98,-98
6892,1,0,0,0,0,0,0,0,1,0,1,0,0,0,0,0,1,0,0,0,0,0
6893,0,0,0,0,0,-98,0,0,0,0,1,1,0,0,0,0,1,1,0,0,0,0
6894,1,1,0,0,0,0,0,0,1,0,0,0,0,-98,-98,-98,-98,-98,-98,-98,-98,-98
6895,0,0,0,0,0,-98,0,0,0,0,0,0,0,0,0,0,0,0,0,0,0,0
6896,-98,-98,-98,-98,-98,-98,-98,-98,1,0,0,0,0,-98,-98,-98,-98,-98,-98,-98,-98,-98
6897,1,0,0,0,0,0,0,0,1,0,1,0,0,-98,-98,-98,-98,-98,-98,-98,-98,-98
6898,0,0,0,0,-98,-98,0,0,0,0,1,1,0,-98,-98,-98,-98,-98,-98,-98,-98,-98
6899,0,0,0,0,0,-98,0,0,1,0,-98,-98,0,-98,-98,-98,-98,-98,-98,-98,-98,-98
6900,0,0,0,0,0,1,0,0,0,0,0,0,0,-98,-98,-98,-98,-98,-98,-98,-98,-98
6901,1,1,1,1,0,1,0,0,1,0,0,0,0,-98,-98,-98,-98,-98,-98,-98,-98,-98
6902,0,0,-98,-98,-98,-98,0,0,0,0,0,0,0,-98,-98,-98,-98,-98,-98,-98,-98,-98
6903,0,0,0,0,0,0,0,0,0,0,1,1,0,-98,-98,-98,-98,-98,-98,-98,-98,-98
6904,0,-98,0,0,-98,0,-98,-98,0,0,0,0,0,-98,-98,-98,-98,-98,-98,-98,-98,-98
6905,0,0,0,0,0,0,0,0,0,0,0,0,0,-98,-98,-98,-98,-98,-98,-98,-98,-98
6906,0,-98,-98,-98,-98,-98,-98,-98,0,0,-98,-98,0,0,0,0,0,0,0,0,0,0
6907,0,0,0,0,-98,1,0,0,0,0,1,0,0,-98,-98,-98,-98,-98,-98,-98,-98,-98
6908,1,0,1,0,0,1,0,0,0,0,0,0,0,-98,-98,-98,-98,-98,-98,-98,-98,-98
6909,0,0,0,0,0,0,0,0,0,0,1,1,0,-98,-98,-98,-98,-98,-98,-98,-98,-98
6910,1,0,1,0,0,-97,0,0,0,0,1,1,0,0,0,0,0,0,0,0,0,0
6911,0,0,1,1,0,1,0,0,0,0,0,0,1,-98,-98,-98,-98,-98,-98,-98,-98,-98
6912,0,0,0,1,0,-98,0,0,0,0,1,1,0,0,0,0,0,1,0,0,0,0
6913,0,0,0,0,0,-98,0,0,0,0,0,0,0,-98,-98,-98,-98,-98,-98,-98,-98,-98
6914,1,0,0,0,0,-98,0,0,1,0,0,0,1,-98,-98,-98,-98,-98,-98,-98,-98,-98
6915,-98,-98,-98,-98,-98,-98,-98,-98,1,0,1,1,1,-98,-98,-98,-98,-98,-98,-98,-98,-98
6916,1,0,1,0,0,-98,0,0,1,0,0,0,0,-98,-98,-98,-98,-98,-98,-98,-98,-98
6917,1,0,0,0,0,-98,0,0,1,0,0,0,0,-98,-98,-98,-98,-98,-98,-98,-98,-98
6918,-98,0,0,0,-98,0,0,0,0,0,0,1,0,-98,-98,-98,-98,-98,-98,-98,-98,-98
6919,0,0,0,0,0,0,0,0,1,0,0,0,0,-98,-98,-98,-98,-98,-98,-98,-98,-98
6920,0,0,0,0,0,0,0,0,0,0,0,0,0,-98,-98,-98,-98,-98,-98,-98,-98,-98
6921,1,1,0,0,0,0,0,0,1,0,0,0,0,0,0,0,0,0,0,0,0,0
6922,0,0,0,0,0,0,0,0,1,0,0,0,1,-98,-98,-98,-98,-98,-98,-98,-98,-98
6923,0,0,0,1,-98,0,0,0,0,0,0,0,1,-98,-98,-98,-98,-98,-98,-98,-98,-98
6924,-98,-98,-98,-98,-98,-98,-98,-98,0,0,0,0,0,-98,-98,-98,-98,-98,-98,-98,-98,-98
6925,0,1,1,1,0,-98,0,0,0,0,0,0,0,-98,-98,-98,-98,-98,-98,-98,-98,-98
6926,-98,0,-98,-98,-98,0,0,0,1,0,1,1,1,0,0,0,0,0,0,0,1,0
6927,-98,-98,0,0,0,-98,0,0,0,0,0,0,0,0,0,0,0,0,0,0,1,0
6928,1,0,1,0,0,0,0,0,0,0,1,1,0,-98,-98,-98,-98,-98,-98,-98,-98,-98
6929,0,0,0,0,0,1,0,0,0,0,1,1,0,-98,-98,-98,-98,-98,-98,-98,-98,-98
6930,-98,-98,-98,-98,-98,-98,-98,-98,-98,-98,0,0,0,-98,-98,-98,-98,-98,-98,-98,-98,-98
6931,0,0,0,0,-98,-98,-98,-98,0,0,0,0,0,-98,-98,-98,-98,-98,-98,-98,-98,-98
6932,0,-98,-98,-98,-98,-98,-98,-98,0,0,0,0,1,-98,-98,-98,-98,-98,-98,-98,-98,-98
6933,0,0,0,0,0,-98,0,0,0,0,0,0,0,0,0,0,0,0,0,0,0,0
6934,1,0,0,0,0,-98,0,0,0,0,0,0,0,-98,-98,-98,-98,-98,-98,-98,-98,-98
6935,0,0,0,0,0,0,0,0,0,0,0,0,0,-98,-98,-98,-98,-98,-98,-98,-98,-98
6936,0,0,0,0,0,0,0,0,0,0,0,0,1,-98,-98,-98,-98,-98,-98,-98,-98,-98
6937,0,0,1,0,-98,0,0,0,0,0,0,0,0,-98,-98,-98,-98,-98,-98,-98,-98,-98
6938,0,0,0,0,-98,-98,0,0,0,0,-98,-98,0,-98,-98,-98,-98,-98,-98,-98,-98,-98
6939,0,0,0,0,0,1,1,1,0,0,0,0,0,-98,-98,-98,-98,-98,-98,-98,-98,-98
6940,0,0,0,0,0,1,0,0,1,0,1,1,0,-98,-98,-98,-98,-98,-98,-98,-98,-98
6941,0,1,1,1,0,0,0,0,0,0,0,0,0,-98,-98,-98,-98,-98,-98,-98,-98,-98
6942,1,0,0,0,0,0,0,0,0,0,1,1,1,-98,-98,-98,-98,-98,-98,-98,-98,-98
6943,1,0,0,0,-98,-98,0,0,1,0,0,0,0,0,0,0,0,0,0,0,0,1
6944,0,0,0,0,-98,-98,0,0,0,0,0,0,0,-98,-98,-98,-98,-98,-98,-98,-98,-98
6945,0,0,0,0,0,0,0,0,1,0,0,0,0,-98,-98,-98,-98,-98,-98,-98,-98,-98
6946,0,0,0,0,-98,0,0,0,0,0,0,0,0,0,0,0,0,0,0,0,1,0
6947,0,0,0,0,0,-98,0,0,1,1,0,1,0,-98,-98,-98,-98,-98,-98,-98,-98,-98
6948,0,0,0,0,-98,0,0,0,0,0,-98,-98,0,0,0,0,0,0,0,0,1,0
6949,-98,0,0,0,0,1,-98,-98,0,0,0,0,0,0,0,0,0,0,0,0,0,0
6950,0,0,0,0,0,0,0,0,0,0,0,0,1,-98,-98,-98,-98,-98,-98,-98,-98,-98
6951,0,0,0,0,0,0,-98,-98,0,0,0,0,0,-98,-98,-98,-98,-98,-98,-98,-98,-98
6952,1,1,0,0,0,1,0,0,1,0,0,0,0,-98,-98,-98,-98,-98,-98,-98,-98,-98
6953,1,-98,-98,-98,-98,-98,-98,-98,-98,-98,-98,-98,0,-98,-98,-98,-98,-98,-98,-98,-98,-98
6954,0,0,1,0,0,0,0,0,1,0,0,0,1,-98,-98,-98,-98,-98,-98,-98,-98,-98
6955,1,-98,0,0,0,1,0,0,0,0,0,0,1,0,0,0,0,0,0,0,1,0
6956,0,0,0,0,-98,0,0,0,0,0,1,1,0,-98,-98,-98,-98,-98,-98,-98,-98,-98
6957,0,0,0,0,0,-98,-98,-98,0,0,1,1,1,-98,-98,-98,-98,-98,-98,-98,-98,-98
6958,1,0,1,0,0,0,0,0,0,0,0,0,0,-98,-98,-98,-98,-98,-98,-98,-98,-98
6959,1,1,0,0,0,1,0,0,0,0,0,0,0,-98,-98,-98,-98,-98,-98,-98,-98,-98
6960,0,0,0,0,0,0,0,0,0,1,1,1,0,-98,-98,-98,-98,-98,-98,-98,-98,-98
6961,-98,-98,-98,-98,-98,1,0,0,0,0,0,0,0,0,0,0,1,0,0,0,0,1
6962,-98,-98,-98,-98,-98,-98,-98,-98,0,0,0,0,0,-98,-98,-98,-98,-98,-98,-98,-98,-98
6963,0,0,0,0,0,0,0,0,1,0,0,0,0,0,0,0,0,0,0,0,0,0
6964,-97,0,0,0,0,0,0,0,0,0,0,0,0,-98,-98,-98,-98,-98,-98,-98,-98,-98
6965,0,0,0,0,0,-98,0,0,0,0,0,0,0,0,0,0,0,0,0,0,0,0
6966,1,0,0,0,0,0,0,0,0,0,0,0,0,-98,-98,-98,-98,-98,-98,-98,-98,-98
6967,1,0,0,0,0,0,0,0,0,0,1,1,0,-98,-98,-98,-98,-98,-98,-98,-98,-98
6968,1,0,0,0,-98,0,0,0,0,0,0,0,0,-98,-98,-98,-98,-98,-98,-98,-98,-98
6969,0,0,0,0,0,0,0,0,0,0,1,1,1,-98,-98,-98,-98,-98,-98,-98,-98,-98
6970,0,0,0,0,0,0,0,0,0,0,1,1,0,-98,-98,-98,-98,-98,-98,-98,-98,-98
6971,0,0,0,0,0,0,1,1,0,0,-98,-98,0,-98,-98,-98,-98,-98,-98,-98,-98,-98
6972,0,0,0,0,0,0,0,0,1,0,1,0,0,-98,-98,-98,-98,-98,-98,-98,-98,-98
6973,0,0,0,0,0,0,0,0,1,1,0,0,1,-98,-98,-98,-98,-98,-98,-98,-98,-98
6974,0,0,0,0,0,0,0,0,1,0,0,0,0,-98,-98,-98,-98,-98,-98,-98,-98,-98
6975,0,1,1,1,0,0,0,0,0,0,0,0,0,-98,-98,-98,-98,-98,-98,-98,-98,-98
6976,0,0,0,0,0,0,0,0,0,0,0,0,0,0,0,0,0,0,0,0,0,0
6977,0,-98,-98,-98,-98,0,0,0,0,0,1,0,0,-98,-98,-98,-98,-98,-98,-98,-98,-98
6978,0,0,0,0,0,0,0,0,0,0,0,0,1,-98,-98,-98,-98,-98,-98,-98,-98,-98
6979,0,0,0,0,0,-98,0,0,0,0,0,0,0,-98,-98,-98,-98,-98,-98,-98,-98,-98
6980,0,0,0,0,0,1,0,0,0,0,0,0,0,-98,-98,-98,-98,-98,-98,-98,-98,-98
6981,0,0,0,0,-98,0,1,1,0,0,0,0,0,-98,-98,-98,-98,-98,-98,-98,-98,-98
6982,0,-98,-98,-98,-98,-98,0,0,0,0,0,0,0,-98,-98,-98,-98,-98,-98,-98,-98,-98
6983,0,0,1,0,0,-98,0,0,0,0,0,0,1,-98,-98,-98,-98,-98,-98,-98,-98,-98
6984,0,0,1,1,0,-98,0,0,0,0,0,0,0,-98,-98,-98,-98,-98,-98,-98,-98,-98
6985,1,0,0,0,0,0,0,0,1,0,0,0,0,-98,-98,-98,-98,-98,-98,-98,-98,-98
6986,0,0,0,0,0,-98,0,0,0,0,0,0,0,-98,-98,-98,-98,-98,-98,-98,-98,-98
6987,1,1,0,0,0,1,0,0,0,0,0,0,0,-98,-98,-98,-98,-98,-98,-98,-98,-98
6988,0,0,0,0,0,0,0,0,0,0,0,0,0,-98,-98,-98,-98,-98,-98,-98,-98,-98
6989,0,0,1,0,0,0,1,1,0,0,0,0,0,-98,-98,-98,-98,-98,-98,-98,-98,-98
6990,0,0,0,0,0,0,0,0,1,0,0,0,0,-98,-98,-98,-98,-98,-98,-98,-98,-98
6991,0,0,1,1,0,-98,-98,-98,0,0,-98,-98,1,-98,-98,-98,-98,-98,-98,-98,-98,-98
6992,0,0,1,0,0,0,0,0,0,0,0,0,0,-98,-98,-98,-98,-98,-98,-98,-98,-98
6993,0,0,1,1,0,1,0,0,1,0,0,0,0,-98,-98,-98,-98,-98,-98,-98,-98,-98
6994,-98,-98,-98,-98,-98,-98,0,0,0,0,-98,-98,-98,-98,-98,-98,-98,-98,-98,-98,-98,-98
6995,1,0,1,0,0,-98,0,0,0,0,1,1,0,-98,-98,-98,-98,-98,-98,-98,-98,-98
6996,0,0,0,0,0,0,0,0,0,0,1,1,0,-98,-98,-98,-98,-98,-98,-98,-98,-98
6997,-98,0,0,0,-98,-98,0,0,0,0,0,0,0,-98,-98,-98,-98,-98,-98,-98,-98,-98
6998,1,1,1,0,0,1,0,0,0,0,0,0,0,-98,-98,-98,-98,-98,-98,-98,-98,-98
6999,1,0,0,0,0,-98,0,0,0,0,1,1,0,-98,-98,-98,-98,-98,-98,-98,-98,-98
7000,0,0,0,0,0,0,0,0,0,0,0,0,0,-98,-98,-98,-98,-98,-98,-98,-98,-98
7001,0,0,0,0,0,0,0,0,0,0,0,0,0,-98,-98,-98,-98,-98,-98,-98,-98,-98
7002,1,0,0,0,0,-98,0,0,0,0,0,0,1,-98,-98,-98,-98,-98,-98,-98,-98,-98
7003,0,1,0,0,0,1,0,0,0,0,0,0,0,-98,-98,-98,-98,-98,-98,-98,-98,-98
7004,0,0,0,0,0,1,0,0,1,0,0,0,0,-98,-98,-98,-98,-98,-98,-98,-98,-98
7005,0,0,0,0,0,0,0,0,1,0,0,0,1,-98,-98,-98,-98,-98,-98,-98,-98,-98
7006,0,0,1,1,-98,0,1,1,0,0,0,0,0,-98,-98,-98,-98,-98,-98,-98,-98,-98
7007,1,0,1,1,0,0,0,0,0,0,0,0,0,-98,-98,-98,-98,-98,-98,-98,-98,-98
7008,0,0,0,0,-98,-98,0,0,0,0,0,0,1,-98,-98,-98,-98,-98,-98,-98,-98,-98
7009,1,0,0,0,0,0,0,0,0,0,1,0,0,-98,-98,-98,-98,-98,-98,-98,-98,-98
7010,1,0,0,0,0,-98,0,0,1,1,1,1,0,0,0,0,1,1,0,0,0,0
7011,0,0,0,0,0,0,0,0,1,0,1,1,0,-98,-98,-98,-98,-98,-98,-98,-98,-98
7012,-98,-98,0,0,-98,-98,0,0,0,0,0,0,0,0,0,0,0,0,0,0,0,0
7013,0,-98,-98,-98,-98,-98,0,0,0,0,0,0,0,-98,-98,-98,-98,-98,-98,-98,-98,-98
7014,0,0,0,0,-98,-98,-98,-98,0,0,0,0,0,0,0,0,0,0,0,0,1,0
7015,0,0,0,0,0,0,0,0,0,0,0,0,0,-98,-98,-98,-98,-98,-98,-98,-98,-98
7016,0,0,0,0,0,0,0,0,0,0,1,1,0,-98,-98,-98,-98,-98,-98,-98,-98,-98
7017,1,0,0,0,0,0,0,0,1,0,0,0,0,0,0,0,0,0,0,0,0,0
7018,1,1,0,0,0,0,0,0,1,0,1,1,0,-98,-98,-98,-98,-98,-98,-98,-98,-98
7019,0,0,0,0,-98,-98,1,1,0,0,0,0,0,-98,-98,-98,-98,-98,-98,-98,-98,-98
7020,0,0,0,0,0,0,-98,-98,0,0,1,0,0,0,0,0,0,0,0,0,0,0
7021,-98,0,0,0,0,-98,0,0,0,0,0,0,1,-98,-98,-98,-98,-98,-98,-98,-98,-98
7022,0,0,0,0,0,0,0,0,0,0,0,0,0,-98,-98,-98,-98,-98,-98,-98,-98,-98
7023,0,0,0,0,0,-98,0,0,1,1,0,0,1,-98,-98,-98,-98,-98,-98,-98,-98,-98
7024,0,0,0,0,0,0,0,0,1,0,1,1,0,-98,-98,-98,-98,-98,-98,-98,-98,-98
7025,1,0,1,1,0,0,0,0,0,0,0,0,1,-98,-98,-98,-98,-98,-98,-98,-98,-98
7026,1,0,0,0,0,-98,0,0,1,0,1,1,0,-98,-98,-98,-98,-98,-98,-98,-98,-98
7027,0,0,0,0,-98,-98,0,0,0,0,0,0,0,-98,-98,-98,-98,-98,-98,-98,-98,-98
7028,0,0,0,0,0,0,0,0,0,0,1,1,0,0,0,0,0,0,0,0,0,0
7029,0,-98,0,0,0,-98,0,0,0,0,1,0,0,0,0,0,1,0,0,0,1,0
7030,0,0,0,0,-98,0,0,0,1,0,0,0,0,-98,-98,-98,-98,-98,-98,-98,-98,-98
7031,-98,-98,-98,-98,-98,-98,0,0,0,0,1,1,0,-98,-98,-98,-98,-98,-98,-98,-98,-98
7032,0,0,1,1,0,-98,0,0,0,0,0,0,0,-98,-98,-98,-98,-98,-98,-98,-98,-98
7033,0,0,0,0,0,1,0,0,0,0,1,0,0,-98,-98,-98,-98,-98,-98,-98,-98,-98
7034,0,0,0,0,0,0,0,0,0,0,0,0,0,-98,-98,-98,-98,-98,-98,-98,-98,-98
7035,0,0,0,0,0,0,0,0,0,0,0,0,0,-98,-98,-98,-98,-98,-98,-98,-98,-98
7036,0,0,1,0,0,1,0,0,0,0,1,0,1,-98,-98,-98,-98,-98,-98,-98,-98,-98
7037,0,0,0,0,0,0,0,0,1,0,0,0,0,-98,-98,-98,-98,-98,-98,-98,-98,-98
7038,0,0,0,0,0,1,-98,-98,0,0,0,0,1,-98,-98,-98,-98,-98,-98,-98,-98,-98
7039,0,0,0,0,0,-98,-98,-98,0,0,0,0,1,-98,-98,-98,-98,-98,-98,-98,-98,-98
7040,1,0,0,0,0,0,0,0,1,0,0,0,0,-98,-98,-98,-98,-98,-98,-98,-98,-98
7041,0,0,0,0,-98,-98,0,0,0,0,0,0,0,-98,-98,-98,-98,-98,-98,-98,-98,-98
7042,0,1,0,0,0,1,0,0,0,0,0,0,0,-98,-98,-98,-98,-98,-98,-98,-98,-98
7043,-98,-98,-98,-98,-98,-98,-98,-98,0,0,-98,-98,1,0,0,0,0,0,0,0,1,0
7044,0,0,0,0,-98,1,0,0,0,0,0,0,0,0,0,0,0,0,0,0,0,0
7045,0,0,0,0,0,-98,0,0,0,0,0,0,0,0,0,0,0,0,0,0,1,0
7046,0,-98,-98,-98,-98,-98,0,0,0,0,-98,-98,0,-98,-98,-98,-98,-98,-98,-98,-98,-98
7047,0,0,0,0,0,1,0,0,0,0,0,0,0,-98,-98,-98,-98,-98,-98,-98,-98,-98
7048,1,1,0,0,0,1,0,0,1,0,1,1,1,-98,-98,-98,-98,-98,-98,-98,-98,-98
7049,0,0,0,0,-98,0,0,0,0,0,0,0,1,-98,-98,-98,-98,-98,-98,-98,-98,-98
7050,1,-98,0,0,0,-98,0,0,0,0,-98,-98,0,-98,-98,-98,-98,-98,-98,-98,-98,-98
7051,0,0,0,0,-98,-98,0,0,0,0,0,0,0,-98,-98,-98,-98,-98,-98,-98,-98,-98
7052,-98,1,0,0,-98,-98,-98,-98,0,0,-98,-98,-98,0,0,0,0,0,0,0,0,0
7053,0,0,0,0,0,0,0,0,1,0,1,1,0,-98,-98,-98,-98,-98,-98,-98,-98,-98
7054,0,0,0,0,0,0,0,0,0,0,0,0,0,-98,-98,-98,-98,-98,-98,-98,-98,-98
7055,0,0,0,0,0,0,0,0,0,0,1,1,0,-98,-98,-98,-98,-98,-98,-98,-98,-98
7056,1,0,0,0,0,1,0,0,0,0,0,0,1,-98,-98,-98,-98,-98,-98,-98,-98,-98
7057,0,0,0,0,-98,0,0,0,0,0,0,0,0,-98,-98,-98,-98,-98,-98,-98,-98,-98
7058,0,0,0,0,0,-98,-98,-98,1,0,0,0,0,-98,-98,-98,-98,-98,-98,-98,-98,-98
7059,0,0,0,0,-98,0,0,0,0,0,0,0,0,-98,-98,-98,-98,-98,-98,-98,-98,-98
7060,1,0,0,0,-98,0,0,0,0,0,0,0,1,-98,-98,-98,-98,-98,-98,-98,-98,-98
7061,0,-98,0,0,0,0,0,0,0,0,-98,-98,0,-98,-98,-98,-98,-98,-98,-98,-98,-98
7062,0,1,1,1,0,0,1,1,0,0,1,1,0,-98,-98,-98,-98,-98,-98,-98,-98,-98
7063,1,0,0,0,0,0,0,0,0,0,0,0,0,0,0,0,0,0,0,0,1,0
7064,0,0,0,0,0,0,0,0,0,0,0,0,1,-98,-98,-98,-98,-98,-98,-98,-98,-98
7065,0,0,0,0,0,-98,0,0,0,0,0,0,0,0,0,0,0,0,0,0,1,0
7066,0,1,1,1,0,1,0,0,0,0,0,0,0,-98,-98,-98,-98,-98,-98,-98,-98,-98
7067,0,0,1,1,0,-98,0,0,1,1,1,0,1,0,0,0,1,0,0,0,1,0
7068,1,1,1,1,0,0,0,0,1,0,0,0,0,-98,-98,-98,-98,-98,-98,-98,-98,-98
7069,1,0,0,0,-98,-98,0,0,1,0,0,0,0,-98,-98,-98,-98,-98,-98,-98,-98,-98
7070,1,-98,0,0,0,-98,0,0,1,0,0,0,0,-98,-98,-98,-98,-98,-98,-98,-98,-98
7071,1,0,0,0,0,-98,0,0,0,0,0,0,0,-98,-98,-98,-98,-98,-98,-98,-98,-98
7072,0,0,0,0,0,-98,0,0,0,0,0,0,0,-98,-98,-98,-98,-98,-98,-98,-98,-98
7073,-98,0,-98,-98,0,-98,0,0,0,0,1,0,0,-98,-98,-98,-98,-98,-98,-98,-98,-98
7074,0,0,1,0,0,1,0,0,1,0,0,0,0,-98,-98,-98,-98,-98,-98,-98,-98,-98
7075,0,0,0,0,0,1,0,0,1,0,0,1,0,-98,-98,-98,-98,-98,-98,-98,-98,-98
7076,0,0,0,0,0,-98,0,0,0,0,0,0,0,-98,-98,-98,-98,-98,-98,-98,-98,-98
7077,0,0,0,0,0,0,0,0,0,0,0,0,1,-98,-98,-98,-98,-98,-98,-98,-98,-98
7078,1,0,0,0,0,0,0,0,1,0,1,1,0,-98,-98,-98,-98,-98,-98,-98,-98,-98
7079,1,1,1,1,0,1,0,0,0,0,0,0,0,0,0,0,0,0,0,0,0,0
7080,0,0,0,0,0,0,0,0,0,0,0,0,0,0,0,0,0,0,0,0,1,0
7081,1,0,0,0,0,0,1,1,1,0,0,0,0,-98,-98,-98,-98,-98,-98,-98,-98,-98
7082,0,1,1,1,1,1,0,0,0,0,0,0,0,-98,-98,-98,-98,-98,-98,-98,-98,-98
7083,0,0,0,0,0,-98,0,0,1,0,1,0,0,-98,-98,-98,-98,-98,-98,-98,-98,-98
7084,1,0,0,0,0,1,0,0,0,0,0,1,0,0,0,1,0,0,0,0,0,0
7085,0,0,0,0,0,0,0,0,0,0,0,0,0,0,0,0,0,0,0,0,1,0
7086,1,1,1,0,-98,0,0,0,0,0,0,0,0,-98,-98,-98,-98,-98,-98,-98,-98,-98
7087,0,0,1,1,0,1,0,0,0,0,0,0,1,0,0,0,0,0,0,0,0,0
7088,-98,-98,0,0,-98,1,0,0,0,0,0,0,0,0,0,0,0,0,0,0,0,0
7089,0,0,0,0,0,1,0,0,0,0,1,1,0,-98,-98,-98,-98,-98,-98,-98,-98,-98
7090,1,-98,0,0,-98,0,-98,-98,0,0,1,0,0,0,0,0,0,0,0,0,1,0
7091,0,0,0,0,0,0,0,0,0,0,1,0,0,0,0,0,0,0,0,0,0,0
7092,0,0,0,0,0,1,0,0,0,0,0,0,0,-98,-98,-98,-98,-98,-98,-98,-98,-98
7093,1,1,0,0,0,1,0,0,1,0,0,0,0,-98,-98,-98,-98,-98,-98,-98,-98,-98
7094,1,1,1,0,0,1,0,0,0,0,0,0,0,-98,-98,-98,-98,-98,-98,-98,-98,-98
7095,0,0,0,0,0,0,0,0,1,0,0,0,0,0,0,0,0,0,0,0,1,0
7096,1,0,0,0,0,-98,0,0,1,0,1,1,1,0,0,0,0,0,0,0,0,0
7097,1,0,0,0,0,0,0,0,0,0,1,1,1,-98,-98,-98,-98,-98,-98,-98,-98,-98
7098,0,0,0,0,0,0,0,0,0,0,0,0,0,-98,-98,-98,-98,-98,-98,-98,-98,-98
7099,0,0,0,0,0,0,0,0,1,0,0,0,0,-98,-98,-98,-98,-98,-98,-98,-98,-98
7100,0,0,0,0,0,0,0,0,0,0,0,0,0,-98,-98,-98,-98,-98,-98,-98,-98,-98
7101,1,1,0,0,0,0,0,0,1,0,0,0,1,-98,-98,-98,-98,-98,-98,-98,-98,-98
7102,0,0,0,0,0,0,-98,-98,1,0,1,1,0,0,0,0,0,0,0,0,0,0
7103,1,0,0,0,0,-98,0,0,1,0,0,0,1,-98,-98,-98,-98,-98,-98,-98,-98,-98
7104,0,-98,0,0,-98,-98,-98,-98,0,0,0,0,0,0,0,0,0,0,0,0,0,0
7105,0,0,0,0,-98,0,0,0,1,0,0,0,0,-98,-98,-98,-98,-98,-98,-98,-98,-98
7106,0,0,0,0,0,1,0,0,1,0,0,0,0,0,0,0,0,0,0,0,0,0
7107,1,1,1,1,0,0,0,0,0,0,0,0,1,-98,-98,-98,-98,-98,-98,-98,-98,-98
7108,0,-98,0,0,0,0,0,0,0,0,0,0,0,-98,-98,-98,-98,-98,-98,-98,-98,-98
7109,0,0,0,0,0,-98,0,0,0,0,0,0,0,0,0,0,0,0,0,0,0,0
7110,0,0,0,0,0,-98,0,0,0,0,0,0,0,0,0,0,0,0,0,0,0,0
7111,0,0,0,0,-98,0,0,0,0,0,0,0,1,-98,-98,-98,-98,-98,-98,-98,-98,-98
7112,0,0,0,0,0,1,0,0,1,0,0,0,0,-98,-98,-98,-98,-98,-98,-98,-98,-98
7113,0,0,0,0,0,0,1,1,0,0,1,1,0,-98,-98,-98,-98,-98,-98,-98,-98,-98
7114,1,1,1,1,0,1,0,0,0,0,0,0,1,-98,-98,-98,-98,-98,-98,-98,-98,-98
7115,0,0,0,0,-98,0,0,0,1,0,0,0,0,0,0,0,0,0,0,0,0,0
7116,0,0,0,0,0,0,0,0,0,0,0,0,0,-98,-98,-98,-98,-98,-98,-98,-98,-98
7117,0,0,1,0,0,0,0,0,0,0,1,1,0,-98,-98,-98,-98,-98,-98,-98,-98,-98
7118,0,0,0,0,0,0,-98,-98,0,0,0,0,0,-98,-98,-98,-98,-98,-98,-98,-98,-98
7119,0,0,0,0,-98,-98,0,0,0,0,0,0,0,0,0,0,0,0,0,0,0,0
7120,0,0,0,0,0,1,0,0,0,0,-98,-98,0,-98,-98,-98,-98,-98,-98,-98,-98,-98
7121,0,0,0,0,0,0,0,0,0,0,0,0,1,-98,-98,-98,-98,-98,-98,-98,-98,-98
7122,0,0,0,0,0,-98,0,0,0,0,0,0,0,-98,-98,-98,-98,-98,-98,-98,-98,-98
7123,0,0,0,0,-98,1,0,0,0,0,0,1,0,-98,-98,-98,-98,-98,-98,-98,-98,-98
7124,0,0,0,0,0,1,0,0,1,1,0,0,0,-98,-98,-98,-98,-98,-98,-98,-98,-98
7125,-98,0,0,0,-98,0,0,0,0,0,0,0,0,-98,-98,-98,-98,-98,-98,-98,-98,-98
7126,0,0,0,0,0,0,0,0,0,0,1,1,0,-98,-98,-98,-98,-98,-98,-98,-98,-98
7127,0,0,0,0,0,0,0,0,1,0,0,0,0,-98,-98,-98,-98,-98,-98,-98,-98,-98
7128,0,1,1,1,0,1,0,0,0,0,0,0,0,-98,-98,-98,-98,-98,-98,-98,-98,-98
7129,0,0,0,0,0,0,0,0,0,0,0,0,0,-98,-98,-98,-98,-98,-98,-98,-98,-98
7130,0,0,0,0,0,-98,0,0,1,0,0,0,0,-98,-98,-98,-98,-98,-98,-98,-98,-98
7131,1,0,0,0,0,0,0,0,0,0,0,0,1,-98,-98,-98,-98,-98,-98,-98,-98,-98
7132,0,1,0,0,0,1,0,0,0,0,1,1,0,-98,-98,-98,-98,-98,-98,-98,-98,-98
7133,1,0,0,0,0,1,0,0,0,0,1,0,0,-98,-98,-98,-98,-98,-98,-98,-98,-98
7134,1,0,0,0,-98,-98,0,0,1,0,1,0,0,-98,-98,-98,-98,-98,-98,-98,-98,-98
7135,0,0,0,0,0,0,0,0,0,0,1,1,1,0,0,0,0,1,0,1,0,0
7136,0,0,0,0,0,1,0,0,1,1,0,0,0,-98,-98,-98,-98,-98,-98,-98,-98,-98
7137,0,1,0,0,1,1,0,0,0,0,0,0,1,-98,-98,-98,-98,-98,-98,-98,-98,-98
7138,0,0,0,0,0,0,0,0,0,0,0,0,0,-98,-98,-98,-98,-98,-98,-98,-98,-98
7139,0,0,0,0,0,0,-98,-98,1,0,0,0,0,-98,-98,-98,-98,-98,-98,-98,-98,-98
7140,0,0,0,0,0,0,0,0,1,0,0,1,0,-98,-98,-98,-98,-98,-98,-98,-98,-98
7141,0,0,0,0,-98,0,0,0,0,0,0,0,1,0,0,0,0,0,0,0,1,0
7142,1,0,1,0,0,-98,0,0,0,0,0,0,0,-98,-98,-98,-98,-98,-98,-98,-98,-98
7143,0,0,0,0,0,0,0,0,0,0,0,0,0,-98,-98,-98,-98,-98,-98,-98,-98,-98
7144,0,1,1,0,0,0,0,0,0,0,0,0,0,-98,-98,-98,-98,-98,-98,-98,-98,-98
7145,0,0,0,0,0,-98,-98,-98,0,0,0,1,0,0,0,0,0,0,0,0,0,0
7146,0,0,1,1,0,1,0,0,0,0,0,0,0,-98,-98,-98,-98,-98,-98,-98,-98,-98
7147,0,0,0,0,-98,-98,0,0,0,0,0,0,0,-98,-98,-98,-98,-98,-98,-98,-98,-98
7148,1,1,0,0,0,1,0,0,0,0,0,0,0,-98,-98,-98,-98,-98,-98,-98,-98,-98
7149,1,0,0,1,0,0,0,0,0,0,1,1,1,0,0,0,0,1,0,0,0,0
7150,0,0,0,0,0,0,0,0,0,0,1,1,1,-98,-98,-98,-98,-98,-98,-98,-98,-98
7151,0,0,0,0,0,-98,1,1,0,0,0,0,0,0,0,0,0,0,0,0,1,0
7152,0,0,0,0,0,0,0,0,0,0,-98,-98,0,-98,-98,-98,-98,-98,-98,-98,-98,-98
7153,0,0,0,0,0,0,0,0,0,0,0,0,0,-98,-98,-98,-98,-98,-98,-98,-98,-98
7154,0,0,0,0,0,-98,-98,-98,0,0,0,0,0,-98,-98,-98,-98,-98,-98,-98,-98,-98
7155,0,0,0,0,0,-98,0,0,0,0,0,0,0,-98,-98,-98,-98,-98,-98,-98,-98,-98
7156,1,0,-98,-98,-98,-98,-98,-98,0,0,1,1,0,0,0,0,0,0,0,0,0,0
7157,-98,0,1,0,0,-98,1,1,0,0,0,0,0,-98,-98,-98,-98,-98,-98,-98,-98,-98
7158,0,-98,-98,-98,-98,-98,0,0,-98,-98,0,0,-98,-98,-98,-98,-98,-98,-98,-98,-98,-98
7159,0,-98,0,0,-98,-98,0,0,0,0,0,0,0,-98,-98,-98,-98,-98,-98,-98,-98,-98
7160,0,0,0,0,0,0,0,0,0,0,1,1,0,0,0,1,0,0,0,0,0,0
7161,0,0,0,0,-98,-98,-98,-98,1,0,0,0,0,-98,-98,-98,-98,-98,-98,-98,-98,-98
7162,0,0,0,0,0,0,0,0,0,0,0,0,0,-98,-98,-98,-98,-98,-98,-98,-98,-98
7163,1,0,1,1,0,1,0,0,1,1,0,0,1,-98,-98,-98,-98,-98,-98,-98,-98,-98
7164,1,0,0,0,0,1,0,0,0,0,1,1,0,-98,-98,-98,-98,-98,-98,-98,-98,-98
7165,0,0,0,0,0,0,1,1,0,0,0,0,0,0,0,0,0,0,0,0,0,0
7166,0,0,0,0,0,-98,0,0,0,0,1,1,1,0,0,0,0,1,0,0,1,1
7167,0,-98,-98,-98,-98,0,0,0,0,0,1,0,1,0,0,0,0,0,0,0,1,0
7168,1,0,0,0,0,0,0,0,0,0,1,1,0,-98,-98,-98,-98,-98,-98,-98,-98,-98
7169,0,0,0,0,-98,-98,0,0,0,0,0,0,0,-98,-98,-98,-98,-98,-98,-98,-98,-98
7170,1,0,0,0,0,1,0,0,1,0,0,0,0,0,0,0,0,0,0,0,0,0
7171,0,0,0,0,0,-98,0,0,1,0,0,0,1,-98,-98,-98,-98,-98,-98,-98,-98,-98
7172,0,0,0,0,-98,-98,0,0,0,0,0,0,0,-98,-98,-98,-98,-98,-98,-98,-98,-98
7173,-98,0,-98,-98,-98,-98,-98,-98,0,0,-98,-98,-98,-98,-98,-98,-98,-98,-98,-98,-98,-98
7174,1,0,1,0,0,0,0,0,0,0,0,0,0,-98,-98,-98,-98,-98,-98,-98,-98,-98
7175,0,0,0,0,0,0,0,0,0,0,0,0,1,-98,-98,-98,-98,-98,-98,-98,-98,-98
7176,0,0,0,0,0,0,0,0,0,0,0,0,0,-98,-98,-98,-98,-98,-98,-98,-98,-98
7177,1,1,1,1,0,0,1,1,1,1,0,0,1,-98,-98,-98,-98,-98,-98,-98,-98,-98
7178,0,1,1,1,-98,0,0,0,0,0,0,0,0,-98,-98,-98,-98,-98,-98,-98,-98,-98
7179,0,0,0,0,0,0,0,0,0,0,0,0,0,0,0,0,0,0,0,0,0,0
7180,1,0,0,0,0,-98,0,0,1,0,1,1,0,-98,-98,-98,-98,-98,-98,-98,-98,-98
7181,0,0,0,0,0,-98,0,0,0,0,0,0,0,-98,-98,-98,-98,-98,-98,-98,-98,-98
7182,1,0,0,0,0,0,0,0,1,0,0,0,1,-98,-98,-98,-98,-98,-98,-98,-98,-98
7183,0,0,1,0,0,0,0,0,1,0,1,0,0,-98,-98,-98,-98,-98,-98,-98,-98,-98
7184,0,0,0,0,-98,0,-98,-98,1,0,1,0,0,-98,-98,-98,-98,-98,-98,-98,-98,-98
7185,0,0,0,0,0,-98,0,0,0,0,-98,-98,0,-98,-98,-98,-98,-98,-98,-98,-98,-98
7186,-98,-98,-98,-98,0,1,0,0,1,0,1,0,-98,-98,-98,-98,-98,-98,-98,-98,-98,-98
7187,0,0,1,1,0,0,0,0,0,0,-98,-98,0,-98,-98,-98,-98,-98,-98,-98,-98,-98
7188,-98,-98,0,0,0,-98,-98,-98,0,0,1,0,0,0,0,0,0,0,0,0,0,0
7189,0,0,0,0,0,-98,0,0,1,0,0,0,0,-98,-98,-98,-98,-98,-98,-98,-98,-98
7190,0,0,0,0,-98,0,0,0,0,0,0,0,0,-98,-98,-98,-98,-98,-98,-98,-98,-98
7191,0,-98,0,0,-98,-98,0,0,-98,-98,-98,-98,1,0,0,0,0,0,0,0,0,0
7192,0,0,0,0,0,1,0,0,1,0,0,0,0,0,0,0,0,0,0,0,0,0
7193,0,1,0,0,0,1,0,0,0,0,0,1,0,0,0,0,1,1,0,0,0,0
7194,0,0,1,1,0,0,0,0,0,0,0,0,1,-98,-98,-98,-98,-98,-98,-98,-98,-98
7195,0,0,0,0,0,-98,0,0,1,0,0,0,0,-98,-98,-98,-98,-98,-98,-98,-98,-98
7196,1,1,1,0,0,1,0,0,0,0,0,0,0,-98,-98,-98,-98,-98,-98,-98,-98,-98
7197,0,0,0,0,0,0,0,0,0,0,0,0,0,-98,-98,-98,-98,-98,-98,-98,-98,-98
7198,0,0,0,0,-98,-98,0,0,0,0,0,0,0,-98,-98,-98,-98,-98,-98,-98,-98,-98
7199,-98,0,-98,-98,-98,-98,0,0,1,1,0,0,1,-98,-98,-98,-98,-98,-98,-98,-98,-98
7200,-98,0,0,0,-98,0,0,0,0,0,0,0,0,-98,-98,-98,-98,-98,-98,-98,-98,-98
7201,1,0,0,0,0,-98,0,0,0,0,0,0,0,-98,-98,-98,-98,-98,-98,-98,-98,-98
7202,0,-98,0,0,-98,0,0,0,0,0,0,0,0,-98,-98,-98,-98,-98,-98,-98,-98,-98
7203,0,1,1,0,0,0,0,0,0,0,0,0,0,-98,-98,-98,-98,-98,-98,-98,-98,-98
7204,0,0,0,0,0,-98,0,0,0,0,0,0,0,-98,-98,-98,-98,-98,-98,-98,-98,-98
7205,0,0,0,0,0,-98,0,0,0,0,0,0,0,-98,-98,-98,-98,-98,-98,-98,-98,-98
7206,0,0,0,0,-98,-98,-98,-98,0,0,1,0,0,0,0,0,0,0,0,0,0,0
7207,1,1,0,1,-98,-98,0,0,0,0,0,1,0,-98,-98,-98,-98,-98,-98,-98,-98,-98
7208,0,-98,0,0,0,-99,0,0,0,0,0,0,-98,-98,-98,-98,-98,-98,-98,-98,-98,-98
7209,1,1,1,1,0,0,0,0,0,0,0,0,1,-98,-98,-98,-98,-98,-98,-98,-98,-98
7210,0,0,0,1,0,1,1,1,0,0,1,1,1,-98,-98,-98,-98,-98,-98,-98,-98,-98
7211,0,0,0,0,0,-98,0,0,0,0,1,0,0,0,0,1,0,0,0,0,0,0
7212,1,0,0,0,0,1,0,0,0,0,1,0,0,0,0,0,0,0,0,0,0,0
7213,-98,0,0,0,0,0,0,0,0,0,-98,-98,0,-98,-98,-98,-98,-98,-98,-98,-98,-98
7214,0,0,1,0,-98,1,0,0,0,0,0,0,0,-98,-98,-98,-98,-98,-98,-98,-98,-98
7215,0,0,1,0,0,0,0,0,0,0,0,0,0,-98,-98,-98,-98,-98,-98,-98,-98,-98
7216,0,0,0,0,-98,-98,-98,-98,0,0,0,0,0,-98,-98,-98,-98,-98,-98,-98,-98,-98
7217,0,0,1,0,0,0,1,0,1,0,1,0,0,-98,-98,-98,-98,-98,-98,-98,-98,-98
7218,1,-98,-98,-98,-98,-98,-98,-98,1,0,0,0,0,0,0,0,0,0,0,0,1,1
7219,1,0,1,0,0,0,0,0,1,0,1,1,0,-98,-98,-98,-98,-98,-98,-98,-98,-98
7220,0,0,0,0,0,0,0,0,0,0,0,0,0,-98,-98,-98,-98,-98,-98,-98,-98,-98
7221,1,0,0,0,0,0,-98,-98,1,0,-98,-98,-98,0,0,0,0,0,0,0,0,0
7222,1,0,1,1,-98,-98,1,1,1,0,0,0,0,-98,-98,-98,-98,-98,-98,-98,-98,-98
7223,1,1,0,0,1,1,0,0,0,0,0,0,1,-98,-98,-98,-98,-98,-98,-98,-98,-98
7224,0,0,0,0,0,-98,0,0,0,0,1,1,1,-98,-98,-98,-98,-98,-98,-98,-98,-98
7225,1,0,0,0,0,0,-98,-98,1,0,0,0,0,-98,-98,-98,-98,-98,-98,-98,-98,-98
7226,0,0,0,0,0,0,0,0,1,0,1,1,0,0,0,0,0,0,0,0,0,0
7227,0,0,0,0,0,0,0,0,1,1,0,0,0,-98,-98,-98,-98,-98,-98,-98,-98,-98
7228,0,0,0,0,0,0,0,0,1,0,0,0,1,-98,-98,-98,-98,-98,-98,-98,-98,-98
7229,0,-98,-98,-98,0,-98,-98,-98,0,0,0,0,0,-98,-98,-98,-98,-98,-98,-98,-98,-98
7230,0,0,0,0,0,1,0,0,0,0,0,0,0,0,0,0,1,0,0,0,0,0
7231,1,0,0,0,0,0,0,0,0,0,0,0,1,-98,-98,-98,-98,-98,-98,-98,-98,-98
7232,-98,-98,-98,-98,-98,-98,-98,-98,0,0,-98,-98,1,0,0,0,0,0,0,0,0,0
7233,0,0,0,0,-98,0,0,0,0,0,0,0,0,-98,-98,-98,-98,-98,-98,-98,-98,-98
7234,0,0,0,0,0,1,0,0,1,0,0,0,0,-98,-98,-98,-98,-98,-98,-98,-98,-98
7235,0,0,0,0,0,-98,0,0,0,0,0,0,0,0,0,0,0,0,0,0,1,1
7236,1,1,0,0,0,1,0,0,0,0,0,0,0,-98,-98,-98,-98,-98,-98,-98,-98,-98
7237,0,0,0,0,0,0,0,0,0,0,1,0,0,-98,-98,-98,-98,-98,-98,-98,-98,-98
7238,0,0,0,0,0,0,0,0,1,1,0,0,1,-98,-98,-98,-98,-98,-98,-98,-98,-98
7239,-98,-98,-98,-98,-98,-98,-98,-98,0,0,1,1,0,0,0,0,0,0,0,0,1,0
7240,0,1,0,0,0,1,1,1,0,0,0,0,0,-98,-98,-98,-98,-98,-98,-98,-98,-98
7241,-98,-98,-98,-98,-98,-98,0,0,0,0,0,0,1,-98,-98,-98,-98,-98,-98,-98,-98,-98
7242,0,0,1,0,0,1,0,0,1,0,0,0,0,0,0,0,0,0,0,0,0,0
7243,1,0,0,0,0,0,0,0,0,0,1,1,1,-98,-98,-98,-98,-98,-98,-98,-98,-98
7244,1,1,0,1,0,1,0,0,1,0,0,0,0,-98,-98,-98,-98,-98,-98,-98,-98,-98
7245,1,0,0,0,0,0,0,0,0,0,0,0,1,-98,-98,-98,-98,-98,-98,-98,-98,-98
7246,0,0,0,0,-98,-98,0,0,0,0,1,1,0,-98,-98,-98,-98,-98,-98,-98,-98,-98
7247,0,0,0,0,0,0,-98,-98,0,0,0,0,0,-98,-98,-98,-98,-98,-98,-98,-98,-98
7248,0,0,0,0,0,0,0,0,1,0,0,0,0,0,0,0,0,0,0,0,0,0
7249,1,1,0,0,0,1,0,0,0,0,0,0,1,-98,-98,-98,-98,-98,-98,-98,-98,-98
7250,0,0,0,0,0,0,0,0,0,0,0,0,0,-98,-98,-98,-98,-98,-98,-98,-98,-98
7251,1,1,1,0,0,1,1,1,0,0,0,0,0,-98,-98,-98,-98,-98,-98,-98,-98,-98
7252,0,0,0,0,-98,0,0,0,0,0,0,0,1,-98,-98,-98,-98,-98,-98,-98,-98,-98
7253,0,0,0,0,0,0,0,0,0,0,1,0,0,-98,-98,-98,-98,-98,-98,-98,-98,-98
7254,1,0,0,0,1,1,0,0,1,0,0,0,0,-98,-98,-98,-98,-98,-98,-98,-98,-98
7255,-98,-98,0,0,-98,0,0,0,0,0,0,0,0,-98,-98,-98,-98,-98,-98,-98,-98,-98
7256,0,0,0,0,0,-98,0,0,0,0,0,1,1,-98,-98,-98,-98,-98,-98,-98,-98,-98
7257,0,0,0,0,0,0,0,0,0,0,1,1,0,-98,-98,-98,-98,-98,-98,-98,-98,-98
7258,1,0,0,0,0,1,0,0,1,0,0,0,0,-98,-98,-98,-98,-98,-98,-98,-98,-98
7259,0,0,0,0,0,0,0,0,1,1,0,0,1,-98,-98,-98,-98,-98,-98,-98,-98,-98
7260,0,0,0,0,0,0,0,0,0,0,1,0,0,-98,-98,-98,-98,-98,-98,-98,-98,-98
7261,1,0,0,0,0,1,0,0,1,0,0,0,0,-98,-98,-98,-98,-98,-98,-98,-98,-98
7262,0,0,0,0,0,1,0,0,1,1,0,0,0,-98,-98,-98,-98,-98,-98,-98,-98,-98
7263,0,0,0,0,-98,0,0,0,0,0,0,0,0,0,0,0,0,0,0,0,0,1
7264,0,0,0,0,-98,0,0,0,1,0,0,0,1,-98,-98,-98,-98,-98,-98,-98,-98,-98
7265,1,1,0,1,0,1,0,0,1,0,0,0,1,-98,-98,-98,-98,-98,-98,-98,-98,-98
7266,1,1,1,0,0,1,0,0,0,0,0,0,0,-98,-98,-98,-98,-98,-98,-98,-98,-98
7267,0,0,0,0,0,0,0,0,1,0,0,0,0,-98,-98,-98,-98,-98,-98,-98,-98,-98
7268,1,1,1,0,0,0,0,0,0,0,0,0,1,-98,-98,-98,-98,-98,-98,-98,-98,-98
7269,0,0,0,0,0,-98,0,0,1,0,0,0,0,-98,-98,-98,-98,-98,-98,-98,-98,-98
7270,0,0,0,0,0,-98,0,0,1,0,0,0,0,-98,-98,-98,-98,-98,-98,-98,-98,-98
7271,0,0,0,0,0,0,1,1,0,0,0,0,0,0,0,0,0,0,0,0,0,0
7272,0,-98,0,0,-98,-98,0,0,0,0,0,0,0,-98,-98,-98,-98,-98,-98,-98,-98,-98
7273,-98,0,0,0,-98,-98,0,0,0,0,0,0,0,-98,-98,-98,-98,-98,-98,-98,-98,-98
7274,0,0,0,0,0,-98,-98,-98,0,0,0,0,0,0,0,0,0,0,0,0,1,0
7275,1,0,0,0,0,-98,0,0,1,0,1,1,1,-98,-98,-98,-98,-98,-98,-98,-98,-98
7276,0,0,0,0,0,-98,0,0,0,0,0,0,0,-98,-98,-98,-98,-98,-98,-98,-98,-98
7277,0,0,0,0,0,0,0,0,0,0,0,0,0,-98,-98,-98,-98,-98,-98,-98,-98,-98
7278,0,0,0,0,0,0,0,0,0,0,1,1,1,-98,-98,-98,-98,-98,-98,-98,-98,-98
7279,1,0,0,0,-98,0,0,0,0,0,1,1,0,-98,-98,-98,-98,-98,-98,-98,-98,-98
7280,0,0,0,0,0,0,0,0,0,0,0,1,0,0,0,1,0,0,0,0,1,0
7281,1,1,1,1,0,1,0,0,1,0,0,0,0,-98,-98,-98,-98,-98,-98,-98,-98,-98
7282,1,1,0,0,0,1,0,0,1,0,0,0,0,0,0,0,0,0,0,0,0,0
7283,0,1,1,1,1,1,0,0,1,0,1,1,0,-98,-98,-98,-98,-98,-98,-98,-98,-98
7284,0,0,0,0,0,-98,0,0,0,0,0,0,0,0,0,0,0,0,0,0,0,0
7285,-98,-98,-98,-98,-98,-98,-98,-98,0,0,0,0,0,-98,-98,-98,-98,-98,-98,-98,-98,-98
7286,0,0,1,0,0,0,0,0,1,0,1,1,0,-98,-98,-98,-98,-98,-98,-98,-98,-98
7287,0,0,0,0,0,-98,-98,-98,0,0,0,0,0,0,0,0,0,0,0,0,0,0
7288,-98,-98,0,0,-98,0,0,0,0,0,0,0,0,-98,-98,-98,-98,-98,-98,-98,-98,-98
7289,0,0,0,0,0,0,0,0,0,0,1,0,0,0,0,0,0,0,0,0,1,0
7290,0,0,0,0,0,0,0,0,0,0,0,0,0,0,0,1,0,1,0,0,0,0
7291,0,0,1,1,0,-98,0,0,0,0,0,0,0,-98,-98,-98,-98,-98,-98,-98,-98,-98
7292,1,1,0,0,0,1,0,0,1,0,0,0,0,-98,-98,-98,-98,-98,-98,-98,-98,-98
7293,0,0,0,0,0,0,0,0,0,0,1,0,1,0,0,0,0,0,0,0,1,0
7294,0,-98,0,0,0,-98,0,0,1,0,0,0,0,-98,-98,-98,-98,-98,-98,-98,-98,-98
7295,0,0,0,0,0,1,0,0,0,0,0,0,0,-98,-98,-98,-98,-98,-98,-98,-98,-98
7296,0,0,0,0,0,0,0,0,1,0,1,0,0,-98,-98,-98,-98,-98,-98,-98,-98,-98
7297,1,1,0,0,0,-98,0,0,0,0,0,0,0,-98,-98,-98,-98,-98,-98,-98,-98,-98
7298,0,0,0,0,0,0,0,0,0,0,0,0,0,-98,-98,-98,-98,-98,-98,-98,-98,-98
7299,0,0,0,0,0,0,0,0,0,0,0,1,1,-98,-98,-98,-98,-98,-98,-98,-98,-98
7300,-98,-98,-98,-98,-98,-98,-98,-98,1,0,1,0,0,-98,-98,-98,-98,-98,-98,-98,-98,-98
7301,0,0,0,0,0,0,0,0,0,0,1,1,0,0,0,0,1,0,0,0,1,0
7302,0,0,0,0,0,0,0,0,0,0,0,0,0,0,0,0,0,0,0,0,0,0
7303,1,0,0,0,0,0,0,0,1,0,1,0,0,-98,-98,-98,-98,-98,-98,-98,-98,-98
7304,0,1,0,0,0,-98,-98,-98,0,0,-98,-98,0,-98,-98,-98,-98,-98,-98,-98,-98,-98
7305,-98,-98,0,0,-98,0,0,0,0,0,0,0,0,0,0,0,0,0,0,0,1,0
7306,1,0,0,0,0,0,0,0,1,0,1,1,1,-98,-98,-98,-98,-98,-98,-98,-98,-98
7307,1,1,1,0,0,1,0,0,0,0,1,0,1,0,0,1,1,0,0,0,0,0
7308,1,0,0,0,0,1,-98,-98,1,0,1,1,0,0,0,0,0,0,0,0,1,0
7309,-98,-98,-98,-98,0,-98,0,0,1,1,0,0,0,-98,-98,-98,-98,-98,-98,-98,-98,-98
7310,1,0,0,0,0,0,0,0,1,0,1,1,0,-98,-98,-98,-98,-98,-98,-98,-98,-98
7311,0,0,0,0,-98,-98,0,0,0,0,0,0,0,-98,-98,-98,-98,-98,-98,-98,-98,-98
7312,0,1,-98,-98,0,-98,-98,-98,0,0,0,0,0,-98,-98,-98,-98,-98,-98,-98,-98,-98
7313,0,0,0,0,0,-98,0,0,0,0,0,1,0,0,0,0,0,1,0,0,1,0
7314,0,0,0,0,0,-98,0,0,0,0,0,0,0,0,0,0,0,0,0,0,0,0
7315,1,0,0,0,0,-98,0,0,1,1,0,0,1,0,0,0,0,0,0,0,0,0
7316,0,0,0,0,0,0,0,0,0,0,0,0,0,-98,-98,-98,-98,-98,-98,-98,-98,-98
7317,0,0,-98,-98,-98,-98,0,0,0,0,0,0,0,0,0,0,0,0,0,0,0,0
7318,-98,-98,-98,-98,-98,-98,0,0,0,0,0,0,1,-98,-98,-98,-98,-98,-98,-98,-98,-98
7319,0,0,0,0,-98,1,0,0,0,0,0,0,1,0,0,0,0,0,0,0,0,0
7320,0,0,0,0,0,1,0,0,1,0,0,0,0,-98,-98,-98,-98,-98,-98,-98,-98,-98
7321,1,0,0,0,0,-98,0,0,1,0,0,0,0,-98,-98,-98,-98,-98,-98,-98,-98,-98
7322,0,0,1,1,0,0,0,0,1,0,0,0,0,-98,-98,-98,-98,-98,-98,-98,-98,-98
7323,0,0,0,0,0,0,0,0,0,0,0,0,1,-98,-98,-98,-98,-98,-98,-98,-98,-98
7324,0,0,0,0,0,1,0,0,0,0,0,0,1,-98,-98,-98,-98,-98,-98,-98,-98,-98
7325,1,0,0,0,0,1,0,0,1,0,1,1,0,-98,-98,-98,-98,-98,-98,-98,-98,-98
7326,0,0,0,0,0,0,0,0,0,0,0,0,0,-98,-98,-98,-98,-98,-98,-98,-98,-98
7327,1,1,0,1,0,0,0,0,0,0,0,0,0,-98,-98,-98,-98,-98,-98,-98,-98,-98
7328,0,0,0,0,-98,-98,0,0,1,0,1,1,0,-98,-98,-98,-98,-98,-98,-98,-98,-98
7329,-98,-98,-98,-98,-98,-98,-98,-98,0,0,0,0,-98,0,0,0,0,0,0,0,0,0
7330,1,1,0,0,0,1,0,0,1,0,1,0,0,-98,-98,-98,-98,-98,-98,-98,-98,-98
7331,0,1,0,0,0,-98,0,0,0,0,0,0,0,-98,-98,-98,-98,-98,-98,-98,-98,-98
7332,-98,0,0,0,-98,-98,-98,-98,1,0,0,0,0,0,0,0,0,0,0,0,0,0
7333,1,0,0,0,0,1,0,0,0,0,0,0,0,-98,-98,-98,-98,-98,-98,-98,-98,-98
7334,0,0,0,0,0,0,0,0,0,0,1,1,0,-98,-98,-98,-98,-98,-98,-98,-98,-98
7335,0,0,0,0,0,-98,-98,-98,0,0,0,0,0,0,0,0,0,0,0,0,0,0
7336,0,0,-98,-98,0,-98,0,0,1,0,1,0,0,0,0,0,0,0,0,0,1,0
7337,1,0,0,0,0,0,0,0,0,0,1,1,0,-98,-98,-98,-98,-98,-98,-98,-98,-98
7338,0,0,0,0,0,1,0,0,0,0,0,0,0,-98,-98,-98,-98,-98,-98,-98,-98,-98
7339,0,1,0,0,0,1,0,0,1,0,1,1,0,-98,-98,-98,-98,-98,-98,-98,-98,-98
7340,0,0,0,0,0,-98,0,0,0,0,-98,-98,1,-98,-98,-98,-98,-98,-98,-98,-98,-98
7341,0,0,0,0,0,1,0,0,1,0,0,0,1,-98,-98,-98,-98,-98,-98,-98,-98,-98
7342,1,0,0,0,-98,-98,0,0,0,0,0,0,1,-98,-98,-98,-98,-98,-98,-98,-98,-98
7343,0,1,1,0,0,1,0,0,0,0,0,0,0,-98,-98,-98,-98,-98,-98,-98,-98,-98
7344,1,0,1,1,0,0,0,0,1,0,0,0,0,-98,-98,-98,-98,-98,-98,-98,-98,-98
7345,0,0,0,0,0,-98,0,0,0,0,0,0,0,-98,-98,-98,-98,-98,-98,-98,-98,-98
7346,-98,-98,-98,-98,-98,0,-98,-98,1,0,0,0,0,-98,-98,-98,-98,-98,-98,-98,-98,-98
7347,0,0,0,0,0,0,0,0,0,0,1,0,0,-98,-98,-98,-98,-98,-98,-98,-98,-98
7348,0,0,0,0,0,1,0,0,0,0,0,0,0,-98,-98,-98,-98,-98,-98,-98,-98,-98
7349,0,0,0,0,0,-98,0,0,0,0,0,0,0,0,0,0,0,0,0,0,0,0
7350,-98,0,0,0,-98,-98,0,0,1,0,0,0,0,-98,-98,-98,-98,-98,-98,-98,-98,-98
7351,1,1,0,0,0,-98,0,0,0,0,0,0,0,-98,-98,-98,-98,-98,-98,-98,-98,-98
7352,0,0,0,0,0,-98,0,0,1,0,0,0,0,-98,-98,-98,-98,-98,-98,-98,-98,-98
7353,1,1,1,0,0,0,0,0,1,1,1,1,0,-98,-98,-98,-98,-98,-98,-98,-98,-98
7354,0,-98,0,0,-98,-98,0,0,0,0,0,0,0,-98,-98,-98,-98,-98,-98,-98,-98,-98
7355,1,0,0,0,0,-98,0,0,1,0,0,0,0,-98,-98,-98,-98,-98,-98,-98,-98,-98
7356,0,-98,-98,-98,-98,-98,-98,-98,0,0,0,0,0,-98,-98,-98,-98,-98,-98,-98,-98,-98
7357,1,0,0,0,0,0,0,0,0,0,1,0,0,-98,-98,-98,-98,-98,-98,-98,-98,-98
7358,1,0,0,0,0,1,0,0,1,0,0,0,0,-98,-98,-98,-98,-98,-98,-98,-98,-98
7359,0,0,1,1,-98,-98,0,0,0,0,0,0,0,-98,-98,-98,-98,-98,-98,-98,-98,-98
7360,-98,-98,-98,-98,-98,-98,0,0,-98,-98,-98,-98,0,0,0,0,0,0,0,0,0,0
7361,0,0,0,0,0,0,0,0,1,0,0,0,0,-98,-98,-98,-98,-98,-98,-98,-98,-98
7362,0,0,0,0,0,-98,0,0,0,0,1,1,0,-98,-98,-98,-98,-98,-98,-98,-98,-98
7363,-98,-98,-98,-98,-98,-98,0,0,1,0,0,0,0,-98,-98,-98,-98,-98,-98,-98,-98,-98
7364,0,0,0,0,-98,-98,-98,-98,0,0,0,0,0,-98,-98,-98,-98,-98,-98,-98,-98,-98
7365,0,0,0,0,0,0,0,0,0,0,0,0,1,-98,-98,-98,-98,-98,-98,-98,-98,-98
7366,0,1,0,0,0,1,0,0,1,0,0,0,1,-98,-98,-98,-98,-98,-98,-98,-98,-98
7367,0,1,0,0,0,0,0,0,0,0,0,0,0,-98,-98,-98,-98,-98,-98,-98,-98,-98
7368,0,0,0,0,-98,-98,0,0,0,0,0,0,0,-98,-98,-98,-98,-98,-98,-98,-98,-98
7369,0,0,0,0,0,1,0,0,0,0,0,0,0,-98,-98,-98,-98,-98,-98,-98,-98,-98
7370,0,0,0,0,0,0,0,0,0,0,0,0,1,-98,-98,-98,-98,-98,-98,-98,-98,-98
7371,1,0,0,0,0,1,0,0,0,0,0,0,0,-98,-98,-98,-98,-98,-98,-98,-98,-98
7372,1,0,1,1,0,0,0,0,0,0,0,0,1,-98,-98,-98,-98,-98,-98,-98,-98,-98
7373,1,0,0,0,0,1,0,0,1,1,1,1,0,-98,-98,-98,-98,-98,-98,-98,-98,-98
7374,0,0,0,0,0,-98,0,0,1,0,0,0,0,0,0,0,0,0,0,0,0,0
7375,0,0,0,0,-98,-98,0,0,0,0,0,0,0,-98,-98,-98,-98,-98,-98,-98,-98,-98
7376,-98,-98,-98,-98,-98,1,-98,-98,0,0,0,0,1,-98,-98,-98,-98,-98,-98,-98,-98,-98
7377,0,0,1,1,1,0,1,1,0,0,0,0,1,-98,-98,-98,-98,-98,-98,-98,-98,-98
7378,1,1,0,0,0,1,0,0,1,0,0,0,0,-98,-98,-98,-98,-98,-98,-98,-98,-98
7379,0,0,0,0,0,0,0,0,0,0,0,0,1,-98,-98,-98,-98,-98,-98,-98,-98,-98
7380,0,-98,-98,-98,-98,-98,-98,-98,0,0,0,0,0,-98,-98,-98,-98,-98,-98,-98,-98,-98
7381,0,0,0,0,-97,0,0,0,1,1,1,1,1,-98,-98,-98,-98,-98,-98,-98,-98,-98
7382,1,0,0,0,0,0,0,0,1,0,1,1,0,-98,-98,-98,-98,-98,-98,-98,-98,-98
7383,1,0,1,0,0,1,0,0,1,0,0,0,0,0,0,0,0,0,0,0,0,0
7384,1,1,0,0,0,-98,0,0,0,0,0,0,0,-98,-98,-98,-98,-98,-98,-98,-98,-98
7385,-98,0,0,0,-98,-98,-98,-98,0,0,-98,-98,0,0,0,0,0,0,0,0,0,0
7386,1,1,0,0,0,-98,0,0,0,0,0,0,0,-98,-98,-98,-98,-98,-98,-98,-98,-98
7387,0,0,0,0,0,-98,0,0,1,0,1,1,0,-98,-98,-98,-98,-98,-98,-98,-98,-98
7388,0,0,0,0,-98,-98,0,0,0,0,0,0,0,-98,-98,-98,-98,-98,-98,-98,-98,-98
7389,0,-98,0,0,-98,1,-98,-98,0,0,1,0,0,-98,-98,-98,-98,-98,-98,-98,-98,-98
7390,-98,0,0,0,-98,-98,0,0,-98,-98,-98,-98,0,-98,-98,-98,-98,-98,-98,-98,-98,-98
7391,-98,0,0,0,-98,-98,0,0,0,0,0,0,0,0,0,0,0,0,0,0,1,0
7392,-98,-98,-98,-98,-98,-98,0,0,0,0,-98,-98,-98,-98,-98,-98,-98,-98,-98,-98,-98,-98
7393,0,0,0,0,-98,1,1,1,0,0,0,0,0,-98,-98,-98,-98,-98,-98,-98,-98,-98
7394,1,0,0,0,0,0,0,0,1,0,1,0,0,0,0,0,0,0,0,0,1,0
7395,-98,0,0,0,0,0,0,0,0,0,0,0,1,-98,-98,-98,-98,-98,-98,-98,-98,-98
7396,0,0,0,0,0,0,0,0,0,0,0,0,0,-98,-98,-98,-98,-98,-98,-98,-98,-98
7397,-98,0,0,0,0,0,0,0,0,0,0,0,0,0,0,0,0,0,0,0,1,0
7398,-98,-98,-98,-98,-98,-98,0,0,-98,-98,0,0,0,0,0,0,0,0,0,0,0,0
7399,1,1,0,0,0,1,0,1,1,1,0,0,0,-98,-98,-98,-98,-98,-98,-98,-98,-98
7400,0,0,0,0,0,-98,0,0,1,0,0,0,0,-98,-98,-98,-98,-98,-98,-98,-98,-98
7401,0,-98,0,0,0,0,0,0,0,0,0,0,0,0,0,0,0,0,0,0,0,0
7402,0,0,-98,-98,-98,0,0,0,1,0,0,0,1,-98,-98,-98,-98,-98,-98,-98,-98,-98
7403,-98,-98,-98,-98,-98,-98,-98,-98,0,0,-98,-98,-98,0,0,0,0,0,0,0,0,0
7404,1,0,0,0,0,1,0,0,1,1,1,1,0,-98,-98,-98,-98,-98,-98,-98,-98,-98
7405,0,0,1,1,0,0,0,0,1,0,0,0,0,-98,-98,-98,-98,-98,-98,-98,-98,-98
7406,0,0,0,0,0,1,1,1,1,1,0,0,0,-98,-98,-98,-98,-98,-98,-98,-98,-98
7407,-98,-98,-98,-98,-98,-98,-98,-98,-98,-98,0,0,0,-98,-98,-98,-98,-98,-98,-98,-98,-98
7408,0,0,0,0,0,0,0,0,0,0,0,0,0,0,0,1,0,0,0,0,0,0
7409,0,-98,-98,-98,-98,0,0,0,1,0,0,0,0,-98,-98,-98,-98,-98,-98,-98,-98,-98
7410,0,0,0,1,0,0,0,0,1,0,0,0,0,-98,-98,-98,-98,-98,-98,-98,-98,-98
7411,0,1,0,1,0,0,0,0,0,0,0,0,0,-98,-98,-98,-98,-98,-98,-98,-98,-98
7412,0,0,0,0,0,1,0,0,0,0,1,0,0,-98,-98,-98,-98,-98,-98,-98,-98,-98
7413,1,0,1,0,0,0,0,0,0,0,0,0,0,-98,-98,-98,-98,-98,-98,-98,-98,-98
7414,0,0,1,1,0,0,0,0,0,0,1,1,1,-98,-98,-98,-98,-98,-98,-98,-98,-98
7415,-98,-98,-98,-98,-98,-98,-98,-98,0,0,0,0,0,-98,-98,-98,-98,-98,-98,-98,-98,-98
7416,0,0,0,0,0,0,0,0,0,0,0,0,0,-98,-98,-98,-98,-98,-98,-98,-98,-98
7417,1,0,1,0,0,-98,0,0,1,0,0,0,0,-98,-98,-98,-98,-98,-98,-98,-98,-98
7418,-98,-98,0,0,-98,-98,0,0,0,0,-98,-98,0,-98,-98,-98,-98,-98,-98,-98,-98,-98
7419,1,1,0,0,0,-98,0,0,1,1,0,0,1,-98,-98,-98,-98,-98,-98,-98,-98,-98
7420,0,0,0,0,0,0,0,0,0,0,0,0,0,-98,-98,-98,-98,-98,-98,-98,-98,-98
7421,-98,-98,-98,-98,-98,-98,0,0,-98,-98,-98,-98,0,0,0,0,0,0,0,0,1,0
7422,0,0,0,0,0,0,0,0,1,0,0,0,1,-98,-98,-98,-98,-98,-98,-98,-98,-98
7423,0,0,0,0,0,1,0,0,0,0,0,0,0,-98,-98,-98,-98,-98,-98,-98,-98,-98
7424,0,0,0,0,0,0,0,0,1,0,0,0,0,-98,-98,-98,-98,-98,-98,-98,-98,-98
7425,-98,-98,-98,-98,-98,-98,-98,-98,-98,-98,-98,-98,0,-98,-98,-98,-98,-98,-98,-98,-98,-98
7426,0,-98,-98,-98,-98,-98,-98,-98,0,0,0,0,0,0,0,0,0,0,0,0,1,0
7427,0,0,0,0,0,0,0,0,0,0,0,0,0,-98,-98,-98,-98,-98,-98,-98,-98,-98
7428,1,0,1,1,0,0,0,0,1,1,0,0,0,-98,-98,-98,-98,-98,-98,-98,-98,-98
7429,1,1,1,0,0,1,0,0,0,0,0,0,0,-98,-98,-98,-98,-98,-98,-98,-98,-98
7430,0,0,0,0,0,0,0,0,0,0,0,0,0,0,0,0,0,0,0,0,0,0
7431,0,0,0,0,0,1,-98,-98,1,0,0,0,0,-98,-98,-98,-98,-98,-98,-98,-98,-98
7432,0,1,0,0,0,0,0,0,1,0,0,0,0,-98,-98,-98,-98,-98,-98,-98,-98,-98
7433,0,1,1,1,0,0,0,0,0,0,0,0,0,-98,-98,-98,-98,-98,-98,-98,-98,-98
7434,0,0,-98,-98,-98,0,0,0,0,0,0,0,0,-98,-98,-98,-98,-98,-98,-98,-98,-98
7435,1,1,1,0,0,-98,0,0,0,0,0,0,0,-98,-98,-98,-98,-98,-98,-98,-98,-98
7436,0,0,0,0,0,0,0,0,0,0,0,0,0,-98,-98,-98,-98,-98,-98,-98,-98,-98
7437,-98,-98,-98,-98,-98,1,-98,-98,-98,-98,-98,-98,-98,-98,-98,-98,-98,-98,-98,-98,-98,-98
7438,0,0,0,0,0,0,0,0,0,0,0,0,0,-98,-98,-98,-98,-98,-98,-98,-98,-98
7439,1,0,1,0,0,-98,0,0,0,0,1,0,0,-98,-98,-98,-98,-98,-98,-98,-98,-98
7440,0,0,0,0,-98,0,0,0,0,0,0,0,0,-98,-98,-98,-98,-98,-98,-98,-98,-98
7441,0,0,0,0,0,-98,0,0,0,0,0,0,0,-98,-98,-98,-98,-98,-98,-98,-98,-98
7442,1,0,1,1,0,1,0,1,0,1,0,0,1,-98,-98,-98,-98,-98,-98,-98,-98,-98
7443,0,-98,-98,-98,-98,-98,0,0,-98,-98,0,1,0,0,0,0,0,0,0,0,0,0
7444,0,0,0,0,0,1,0,0,1,1,0,0,0,-98,-98,-98,-98,-98,-98,-98,-98,-98
7445,0,0,0,0,0,0,0,0,1,1,0,0,0,-98,-98,-98,-98,-98,-98,-98,-98,-98
7446,1,0,1,0,0,0,0,0,0,0,1,0,0,0,0,0,0,0,0,0,0,0
7447,0,0,0,0,-98,0,0,0,0,0,0,0,0,0,0,0,0,0,0,0,0,0
7448,0,1,1,0,0,-98,0,0,1,0,0,0,0,-98,-98,-98,-98,-98,-98,-98,-98,-98
7449,0,0,1,0,0,-98,0,0,1,0,0,0,1,-98,-98,-98,-98,-98,-98,-98,-98,-98
7450,1,0,1,1,0,0,0,0,0,0,0,0,0,-98,-98,-98,-98,-98,-98,-98,-98,-98
7451,0,0,0,0,0,-98,0,0,0,0,0,0,0,-98,-98,-98,-98,-98,-98,-98,-98,-98
7452,0,0,0,0,0,0,0,0,0,0,0,0,0,-98,-98,-98,-98,-98,-98,-98,-98,-98
7453,0,0,0,0,0,0,0,0,1,0,0,0,0,-98,-98,-98,-98,-98,-98,-98,-98,-98
7454,1,0,0,0,0,-98,0,0,0,0,0,0,0,-98,-98,-98,-98,-98,-98,-98,-98,-98
7455,1,0,0,0,0,1,0,0,0,0,0,0,0,-98,-98,-98,-98,-98,-98,-98,-98,-98
7456,-98,0,-98,-98,-98,-98,0,0,0,0,-98,-98,0,-98,-98,-98,-98,-98,-98,-98,-98,-98
7457,0,0,1,0,0,1,0,0,1,0,1,1,0,0,0,0,0,0,0,0,0,0
7458,0,-98,-98,-98,-98,-98,-98,-98,1,0,0,0,-98,-98,-98,-98,-98,-98,-98,-98,-98,-98
7459,0,0,0,0,-98,-98,-98,-98,1,0,0,0,0,0,0,0,0,0,0,1,0,0
7460,0,0,0,0,0,0,0,0,0,0,0,0,0,-98,-98,-98,-98,-98,-98,-98,-98,-98
7461,0,0,0,0,0,0,0,0,0,0,0,0,0,-98,-98,-98,-98,-98,-98,-98,-98,-98
7462,0,-98,0,0,-98,0,0,0,0,0,0,0,0,-98,-98,-98,-98,-98,-98,-98,-98,-98
7463,0,0,0,0,0,0,0,0,0,0,0,0,0,-98,-98,-98,-98,-98,-98,-98,-98,-98
7464,0,0,0,0,0,0,0,0,1,0,1,0,1,0,0,0,0,0,0,0,0,0
7465,1,1,0,1,0,-98,0,0,0,0,1,1,1,0,0,0,0,0,0,0,0,0
7466,0,0,0,0,0,1,0,0,0,0,0,0,0,-98,-98,-98,-98,-98,-98,-98,-98,-98
7467,-98,-98,-98,-98,-98,-98,-98,-98,-98,-98,-98,-98,1,-98,-98,-98,-98,-98,-98,-98,-98,-98
7468,0,0,0,0,0,0,0,0,0,0,1,1,0,-98,-98,-98,-98,-98,-98,-98,-98,-98
7469,0,0,0,0,0,-98,0,0,0,0,0,0,0,-98,-98,-98,-98,-98,-98,-98,-98,-98
7470,0,0,0,0,0,0,0,0,0,0,0,0,0,-98,-98,-98,-98,-98,-98,-98,-98,-98
7471,0,0,0,0,-98,-98,0,0,0,0,0,0,0,-98,-98,-98,-98,-98,-98,-98,-98,-98
7472,0,0,0,0,0,0,0,0,0,0,0,0,0,-98,-98,-98,-98,-98,-98,-98,-98,-98
7473,0,0,0,0,-98,0,0,0,0,0,-98,-98,0,-98,-98,-98,-98,-98,-98,-98,-98,-98
7474,0,0,0,0,0,-98,-98,-98,0,0,1,1,0,-98,-98,-98,-98,-98,-98,-98,-98,-98
7475,0,0,0,0,0,-98,0,0,0,0,0,0,0,0,0,0,0,0,0,0,0,0
7476,0,-98,-98,-98,-98,-98,-98,-98,0,0,0,0,0,-98,-98,-98,-98,-98,-98,-98,-98,-98
7477,0,0,1,1,0,0,1,1,0,0,0,0,1,-98,-98,-98,-98,-98,-98,-98,-98,-98
7478,0,0,0,0,0,0,0,0,0,0,1,1,0,0,0,1,0,0,0,0,0,0
7479,1,0,0,0,-98,-98,0,0,1,0,0,0,0,-98,-98,-98,-98,-98,-98,-98,-98,-98
7480,0,0,0,0,-98,-98,0,0,0,0,0,0,1,-98,-98,-98,-98,-98,-98,-98,-98,-98
7481,0,-98,0,0,-98,-98,-98,-98,1,0,1,1,0,0,0,0,0,0,0,0,1,0
7482,0,0,0,0,-98,-98,-98,-98,0,0,0,0,0,-98,-98,-98,-98,-98,-98,-98,-98,-98
7483,0,1,0,0,0,-98,0,0,0,0,0,0,0,0,0,0,0,0,0,0,0,0
7484,0,-98,0,0,0,0,0,0,0,0,1,1,0,-98,-98,-98,-98,-98,-98,-98,-98,-98
7485,-98,-98,-98,-98,-98,-98,-98,-98,1,0,-98,-98,0,-98,-98,-98,-98,-98,-98,-98,-98,-98
7486,0,0,-98,-98,-98,-98,0,0,0,0,0,0,0,-98,-98,-98,-98,-98,-98,-98,-98,-98
7487,0,0,0,0,0,-98,0,0,0,0,0,0,0,-98,-98,-98,-98,-98,-98,-98,-98,-98
7488,0,-98,-98,-98,-98,0,0,0,1,0,1,0,0,-98,-98,-98,-98,-98,-98,-98,-98,-98
7489,0,0,0,0,-98,-98,0,0,0,0,1,1,0,0,0,0,0,0,0,0,1,0
7490,0,0,0,0,0,0,0,0,1,0,0,0,0,-98,-98,-98,-98,-98,-98,-98,-98,-98
7491,0,0,0,0,-98,0,0,0,0,0,0,0,0,-98,-98,-98,-98,-98,-98,-98,-98,-98
7492,0,0,0,0,0,0,0,0,0,0,0,0,0,-98,-98,-98,-98,-98,-98,-98,-98,-98
7493,0,-98,0,0,-98,-98,-98,-98,0,0,0,0,0,-98,-98,-98,-98,-98,-98,-98,-98,-98
7494,0,1,0,0,0,0,0,0,0,0,1,0,0,-98,-98,-98,-98,-98,-98,-98,-98,-98
7495,1,0,1,0,0,1,0,0,1,0,0,0,1,0,0,0,0,0,0,0,0,0
7496,0,0,0,0,0,0,0,0,0,0,0,0,0,-98,-98,-98,-98,-98,-98,-98,-98,-98
7497,0,0,0,0,0,0,0,0,0,0,0,0,0,0,0,0,0,0,0,0,0,0
7498,0,0,0,0,0,-98,0,0,1,0,0,0,0,-98,-98,-98,-98,-98,-98,-98,-98,-98
7499,0,0,0,0,0,0,0,0,1,0,0,0,0,-98,-98,-98,-98,-98,-98,-98,-98,-98
7500,-98,-98,-98,-98,0,0,0,0,0,0,1,1,0,-98,-98,-98,-98,-98,-98,-98,-98,-98
7501,0,0,0,0,0,0,0,0,0,0,0,0,1,-98,-98,-98,-98,-98,-98,-98,-98,-98
7502,0,-98,0,0,-98,-98,0,0,0,0,-98,-98,1,-98,-98,-98,-98,-98,-98,-98,-98,-98
7503,1,1,0,1,1,1,0,0,0,0,0,0,0,-98,-98,-98,-98,-98,-98,-98,-98,-98
7504,0,0,0,0,0,-98,0,0,0,1,0,0,0,-98,-98,-98,-98,-98,-98,-98,-98,-98
7505,0,0,0,0,-98,-98,0,0,0,0,0,0,0,-98,-98,-98,-98,-98,-98,-98,-98,-98
7506,1,0,-98,-98,-98,-98,-98,-98,1,0,1,1,0,-98,-98,-98,-98,-98,-98,-98,-98,-98
7507,0,0,0,0,0,0,0,0,0,0,0,0,0,-98,-98,-98,-98,-98,-98,-98,-98,-98
7508,1,0,0,0,0,0,0,0,0,0,1,1,0,0,0,0,0,0,0,0,0,0
7509,1,0,0,0,0,0,0,0,1,0,1,1,0,0,0,0,0,1,0,0,0,0
7510,1,0,0,0,0,0,0,0,1,1,1,1,0,-98,-98,-98,-98,-98,-98,-98,-98,-98
7511,0,0,0,0,0,-98,0,0,0,0,0,0,1,-98,-98,-98,-98,-98,-98,-98,-98,-98
7512,0,0,0,0,0,-98,0,0,0,0,1,1,1,0,0,0,0,1,0,0,0,0
7513,0,0,0,0,0,0,0,0,0,0,-98,-98,0,-98,-98,-98,-98,-98,-98,-98,-98,-98
7514,0,0,0,0,0,0,0,0,1,1,1,1,1,0,0,0,1,0,0,0,0,0
7515,0,1,0,0,-98,-98,0,0,0,0,0,0,0,-98,-98,-98,-98,-98,-98,-98,-98,-98
7516,-98,-98,-98,-98,-98,-98,-98,-98,1,0,-98,-98,0,-98,-98,-98,-98,-98,-98,-98,-98,-98
7517,0,-98,-98,-98,-98,-98,0,0,0,0,0,0,0,0,0,0,0,0,0,0,0,1
7518,0,-98,0,0,-98,0,-98,-98,0,0,0,0,0,0,0,0,0,0,0,0,0,0
7519,1,0,0,0,0,0,0,0,1,0,0,0,0,-98,-98,-98,-98,-98,-98,-98,-98,-98
7520,0,-98,-98,-98,-98,-98,0,0,0,0,0,0,0,0,0,0,0,0,0,0,0,0
7521,0,0,0,0,0,0,0,0,0,0,0,0,-98,-98,-98,-98,-98,-98,-98,-98,-98,-98
7522,0,1,1,1,1,1,1,1,0,0,0,0,1,-98,-98,-98,-98,-98,-98,-98,-98,-98
7523,1,0,1,0,0,-98,0,0,0,0,0,0,0,-98,-98,-98,-98,-98,-98,-98,-98,-98
7524,0,0,0,0,0,0,0,0,1,0,0,0,0,-98,-98,-98,-98,-98,-98,-98,-98,-98
7525,0,0,0,0,-98,0,0,0,0,0,0,0,0,-98,-98,-98,-98,-98,-98,-98,-98,-98
7526,-98,0,-98,-98,0,-98,0,0,0,0,0,0,0,-98,-98,-98,-98,-98,-98,-98,-98,-98
7527,0,0,0,0,0,-98,0,0,0,0,0,0,0,-98,-98,-98,-98,-98,-98,-98,-98,-98
7528,0,0,0,0,-98,0,0,0,0,0,0,0,0,-98,-98,-98,-98,-98,-98,-98,-98,-98
7529,1,0,0,0,0,1,0,0,0,0,0,0,0,-98,-98,-98,-98,-98,-98,-98,-98,-98
7530,0,0,0,0,0,-97,-98,-98,0,0,0,0,0,-98,-98,-98,-98,-98,-98,-98,-98,-98
7531,0,-98,-98,-98,-98,0,1,1,-98,-98,1,1,0,-98,-98,-98,-98,-98,-98,-98,-98,-98
7532,0,0,1,1,0,0,0,0,0,0,1,0,0,-98,-98,-98,-98,-98,-98,-98,-98,-98
7533,-98,1,0,0,-98,1,-98,-98,0,0,0,0,1,-98,-98,-98,-98,-98,-98,-98,-98,-98
7534,0,0,0,0,0,0,1,1,0,0,0,0,0,-98,-98,-98,-98,-98,-98,-98,-98,-98
7535,-98,0,0,0,-98,-98,0,0,0,0,1,1,0,-98,-98,-98,-98,-98,-98,-98,-98,-98
7536,0,0,0,0,0,0,0,0,1,0,0,0,1,-98,-98,-98,-98,-98,-98,-98,-98,-98
7537,0,0,0,0,0,0,0,0,0,0,0,0,1,-98,-98,-98,-98,-98,-98,-98,-98,-98
7538,0,0,1,1,0,0,1,1,0,0,1,1,1,0,0,0,0,0,0,0,1,0
7539,0,1,0,0,0,0,0,0,0,0,0,0,1,-98,-98,-98,-98,-98,-98,-98,-98,-98
7540,0,0,1,0,0,0,0,0,0,0,1,1,0,0,0,0,0,1,1,0,0,0
7541,0,0,0,0,0,0,0,0,1,0,0,0,0,0,0,0,0,0,0,0,1,0
7542,0,0,0,0,-98,-98,0,0,0,0,0,0,0,-98,-98,-98,-98,-98,-98,-98,-98,-98
7543,0,0,1,0,-98,0,0,0,0,0,0,0,0,0,0,0,0,0,0,0,0,0
7544,0,0,0,0,-98,-98,0,0,0,0,0,0,0,-98,-98,-98,-98,-98,-98,-98,-98,-98
7545,0,0,0,0,0,-98,-98,-98,0,0,0,1,0,-98,-98,-98,-98,-98,-98,-98,-98,-98
7546,0,0,1,1,0,-98,0,0,0,0,0,0,0,-98,-98,-98,-98,-98,-98,-98,-98,-98
7547,1,1,1,0,0,1,0,0,1,0,0,0,0,-98,-98,-98,-98,-98,-98,-98,-98,-98
7548,0,0,0,0,-98,0,0,0,0,0,1,0,0,0,0,0,0,0,0,0,1,0
7549,1,1,0,0,0,1,0,0,0,0,0,0,0,-98,-98,-98,-98,-98,-98,-98,-98,-98
7550,0,0,0,0,0,0,0,0,0,0,0,0,0,0,0,0,0,0,0,0,0,0
7551,0,0,0,0,0,0,0,0,0,0,0,0,0,-98,-98,-98,-98,-98,-98,-98,-98,-98
7552,0,0,0,0,-98,0,0,0,0,0,0,0,0,0,0,0,0,0,0,0,1,0
7553,1,0,0,0,-98,-98,0,0,1,0,1,1,0,0,0,0,0,0,0,0,0,0
7554,0,0,0,0,-98,-98,-98,-98,0,0,1,0,0,0,0,0,1,0,0,0,1,0
7555,0,0,0,0,-98,0,0,0,0,0,0,0,0,-98,-98,-98,-98,-98,-98,-98,-98,-98
7556,0,0,0,0,0,1,0,0,0,0,1,0,0,-98,-98,-98,-98,-98,-98,-98,-98,-98
7557,0,0,1,0,0,1,0,0,1,0,0,0,0,-98,-98,-98,-98,-98,-98,-98,-98,-98
7558,1,1,0,0,0,-98,0,0,0,0,0,0,1,-98,-98,-98,-98,-98,-98,-98,-98,-98
7559,1,0,0,0,0,1,0,0,1,0,1,1,1,-98,-98,-98,-98,-98,-98,-98,-98,-98
7560,1,1,0,0,0,1,0,0,0,0,0,0,0,-98,-98,-98,-98,-98,-98,-98,-98,-98
7561,0,0,0,0,0,0,0,0,1,0,0,0,0,-98,-98,-98,-98,-98,-98,-98,-98,-98
7562,0,0,0,0,0,-98,0,0,0,0,0,0,0,0,0,0,0,0,0,0,1,0
7563,0,0,0,0,0,-98,0,0,0,0,-98,-98,0,-98,-98,-98,-98,-98,-98,-98,-98,-98
7564,1,0,0,1,0,0,0,0,1,0,0,0,0,-98,-98,-98,-98,-98,-98,-98,-98,-98
7565,0,0,0,0,0,-98,0,0,0,0,0,0,0,-98,-98,-98,-98,-98,-98,-98,-98,-98
7566,0,0,0,0,0,0,0,0,1,0,0,0,1,0,0,0,0,0,0,0,0,0
7567,1,0,1,0,0,0,0,0,1,1,1,0,0,-98,-98,-98,-98,-98,-98,-98,-98,-98
7568,1,0,0,0,0,-98,1,1,1,0,0,0,1,-98,-98,-98,-98,-98,-98,-98,-98,-98
7569,1,0,0,0,0,0,0,0,0,0,1,1,0,0,0,0,0,0,0,0,0,0
7570,0,1,1,0,0,1,0,0,1,1,0,0,0,-98,-98,-98,-98,-98,-98,-98,-98,-98
7571,0,-98,0,0,-98,-98,0,0,0,0,0,0,0,-98,-98,-98,-98,-98,-98,-98,-98,-98
7572,0,1,0,0,0,1,0,0,1,0,0,0,0,0,0,1,1,0,0,0,0,0
7573,0,0,0,0,0,-98,0,0,0,0,0,0,0,0,0,0,0,0,0,0,0,0
7574,0,0,0,0,-98,-98,0,0,0,0,0,0,0,-98,-98,-98,-98,-98,-98,-98,-98,-98
7575,0,0,-98,-98,-98,-98,0,0,-98,-98,0,0,0,-98,-98,-98,-98,-98,-98,-98,-98,-98
7576,0,0,0,0,-98,1,0,0,0,0,0,0,0,-98,-98,-98,-98,-98,-98,-98,-98,-98
7577,0,0,0,0,0,1,-98,-98,0,0,-98,-98,0,-98,-98,-98,-98,-98,-98,-98,-98,-98
7578,0,0,0,0,0,-98,0,0,0,0,0,0,0,0,0,0,0,0,0,0,0,0
7579,0,0,0,0,0,0,0,0,0,0,0,0,0,-98,-98,-98,-98,-98,-98,-98,-98,-98
7580,0,0,0,0,-98,0,0,0,1,0,0,0,0,0,0,0,0,0,0,0,0,0
7581,0,1,1,0,0,1,0,0,1,0,0,0,0,-98,-98,-98,-98,-98,-98,-98,-98,-98
7582,0,-98,0,0,0,-98,-98,-98,0,0,0,0,0,-98,-98,-98,-98,-98,-98,-98,-98,-98
7583,1,0,0,0,-98,0,0,0,1,1,0,0,0,0,0,0,0,0,0,0,1,1
7584,0,0,0,0,0,0,0,0,1,0,1,0,0,-98,-98,-98,-98,-98,-98,-98,-98,-98
7585,0,0,0,0,0,0,0,0,1,0,0,0,0,0,0,0,0,0,0,0,1,0
7586,1,0,1,0,0,1,0,0,1,0,1,1,0,-98,-98,-98,-98,-98,-98,-98,-98,-98
7587,0,0,0,0,0,0,0,0,1,0,0,0,0,-98,-98,-98,-98,-98,-98,-98,-98,-98
7588,0,0,0,0,0,-98,0,0,1,1,1,1,0,0,0,0,0,0,0,0,1,0
7589,0,1,1,0,1,1,0,0,1,0,0,0,0,0,0,0,0,0,0,0,0,0
7590,0,0,0,0,-98,-98,0,0,1,0,0,0,0,-98,-98,-98,-98,-98,-98,-98,-98,-98
7591,0,0,0,0,0,-98,-98,-98,0,0,0,0,0,-98,-98,-98,-98,-98,-98,-98,-98,-98
7592,1,0,0,0,-98,-98,0,0,0,0,0,1,0,0,0,0,0,0,0,0,1,0
7593,0,0,0,0,0,0,0,0,0,0,0,0,0,0,0,0,0,0,0,0,1,0
7594,1,0,0,0,0,0,0,0,1,0,1,0,0,-98,-98,-98,-98,-98,-98,-98,-98,-98
7595,0,-98,0,0,-98,1,0,1,0,0,0,0,1,-98,-98,-98,-98,-98,-98,-98,-98,-98
7596,0,1,0,0,0,1,0,0,0,0,0,0,0,-98,-98,-98,-98,-98,-98,-98,-98,-98
7597,0,0,0,0,0,1,0,0,1,0,0,0,0,-98,-98,-98,-98,-98,-98,-98,-98,-98
7598,-98,-98,-98,-98,-98,-98,0,0,0,0,1,1,0,-98,-98,-98,-98,-98,-98,-98,-98,-98
7599,-98,-98,-98,-98,0,0,1,1,0,0,0,1,1,-98,-98,-98,-98,-98,-98,-98,-98,-98
7600,-98,-98,-98,-98,-98,-98,0,0,0,0,0,0,0,0,0,0,0,0,0,0,0,0
7601,0,0,1,0,0,-98,0,0,0,0,0,0,0,-98,-98,-98,-98,-98,-98,-98,-98,-98
7602,0,0,0,0,0,0,0,0,1,0,1,0,0,-98,-98,-98,-98,-98,-98,-98,-98,-98
7603,0,1,1,0,0,1,0,0,0,0,0,0,0,-98,-98,-98,-98,-98,-98,-98,-98,-98
7604,0,0,0,0,-98,0,0,0,0,0,0,0,0,0,0,1,0,0,0,0,1,0
7605,0,-98,-98,-98,-98,-98,-98,-98,0,0,0,0,0,0,0,0,0,0,0,0,1,0
7606,0,0,0,0,0,0,0,0,0,0,1,1,0,-98,-98,-98,-98,-98,-98,-98,-98,-98
7607,1,0,0,0,0,1,0,0,0,0,0,0,0,0,0,0,0,0,0,0,0,0
7608,0,0,0,0,0,0,0,0,0,0,0,0,0,-98,-98,-98,-98,-98,-98,-98,-98,-98
7609,1,0,0,0,0,0,0,0,1,0,0,0,0,-98,-98,-98,-98,-98,-98,-98,-98,-98
7610,-98,0,0,0,0,0,0,0,0,0,0,0,0,-98,-98,-98,-98,-98,-98,-98,-98,-98
7611,1,0,0,0,0,1,0,0,0,0,0,0,0,-98,-98,-98,-98,-98,-98,-98,-98,-98
7612,0,0,0,0,0,0,0,0,1,0,0,0,0,-98,-98,-98,-98,-98,-98,-98,-98,-98
7613,0,0,0,0,-98,0,0,0,0,0,-98,-98,-98,-98,-98,-98,-98,-98,-98,-98,-98,-98
7614,0,0,0,0,0,0,0,0,0,0,0,0,0,-98,-98,-98,-98,-98,-98,-98,-98,-98
7615,-98,0,0,0,0,-98,0,0,1,0,1,1,0,-98,-98,-98,-98,-98,-98,-98,-98,-98
7616,1,1,1,0,0,0,0,0,0,0,0,0,0,-98,-98,-98,-98,-98,-98,-98,-98,-98
7617,0,0,0,0,0,1,0,0,0,0,0,1,0,-98,-98,-98,-98,-98,-98,-98,-98,-98
7618,0,0,1,1,0,1,0,0,0,0,0,0,0,-98,-98,-98,-98,-98,-98,-98,-98,-98
7619,0,0,0,0,0,0,0,0,0,0,0,0,0,0,0,0,0,0,0,0,0,0
7620,0,0,0,0,0,0,0,0,0,0,0,0,0,-98,-98,-98,-98,-98,-98,-98,-98,-98
7621,1,0,0,0,0,1,0,0,1,1,1,1,1,0,1,0,0,0,0,0,0,1
7622,0,0,0,0,0,-98,1,0,0,0,0,0,0,0,0,0,0,0,0,0,0,0
7623,0,0,-98,-98,0,-98,0,0,0,0,1,1,0,-98,-98,-98,-98,-98,-98,-98,-98,-98
7624,0,0,0,0,-98,0,1,1,1,0,0,0,1,-98,-98,-98,-98,-98,-98,-98,-98,-98
7625,1,0,0,0,0,-98,0,0,0,0,1,1,0,-98,-98,-98,-98,-98,-98,-98,-98,-98
7626,0,0,0,0,0,0,0,0,0,0,1,0,0,0,0,0,0,0,0,0,0,0
7627,0,0,0,0,0,0,0,0,0,0,0,0,0,0,0,0,0,0,0,0,0,0
7628,0,0,0,0,0,0,0,0,1,0,0,0,0,-98,-98,-98,-98,-98,-98,-98,-98,-98
7629,0,0,1,0,0,0,0,0,1,0,0,0,1,-98,-98,-98,-98,-98,-98,-98,-98,-98
7630,0,0,0,0,-98,0,0,0,0,0,0,0,0,0,0,0,0,0,0,0,0,0
7631,0,0,0,0,0,0,1,1,0,0,0,0,0,0,0,0,0,0,0,0,0,0
7632,1,1,1,0,0,1,0,0,0,0,0,0,1,-98,-98,-98,-98,-98,-98,-98,-98,-98
7633,-98,-98,-98,-98,-98,-98,-98,-98,0,0,0,0,0,-98,-98,-98,-98,-98,-98,-98,-98,-98
7634,1,0,0,0,0,0,0,0,1,0,1,1,0,-98,-98,-98,-98,-98,-98,-98,-98,-98
7635,0,0,0,0,-98,0,0,0,1,0,1,1,1,-98,-98,-98,-98,-98,-98,-98,-98,-98
7636,0,0,0,0,0,1,0,0,0,0,0,0,0,0,0,0,0,0,0,0,0,0
7637,-98,-98,-98,-98,-98,-98,-98,-98,1,0,0,0,0,0,0,0,0,0,0,0,0,0
7638,1,1,0,0,0,-98,-98,-98,0,0,1,1,0,-98,-98,-98,-98,-98,-98,-98,-98,-98
7639,0,0,0,0,0,0,1,1,1,1,0,0,0,-98,-98,-98,-98,-98,-98,-98,-98,-98
7640,0,0,0,0,0,0,-98,-98,0,0,0,0,0,-98,-98,-98,-98,-98,-98,-98,-98,-98
7641,0,0,0,0,0,1,0,0,0,0,1,0,0,0,0,0,0,0,0,0,0,0
7642,-98,-98,-98,-98,-98,-98,-98,-98,0,0,-98,-98,0,0,0,0,0,0,0,0,1,1
7643,0,0,0,0,0,0,-98,-98,0,0,0,0,0,-98,-98,-98,-98,-98,-98,-98,-98,-98
7644,1,1,0,0,0,1,0,0,0,0,0,0,1,-98,-98,-98,-98,-98,-98,-98,-98,-98
7645,0,0,0,0,0,0,0,0,0,0,0,0,0,-98,-98,-98,-98,-98,-98,-98,-98,-98
7646,0,0,0,0,0,-98,0,0,0,0,0,0,0,0,0,0,0,0,0,0,1,0
7647,1,1,1,1,0,0,0,0,0,0,0,0,0,-98,-98,-98,-98,-98,-98,-98,-98,-98
7648,0,0,0,0,0,1,0,0,1,1,0,0,0,-98,-98,-98,-98,-98,-98,-98,-98,-98
7649,0,0,1,1,0,-98,1,1,0,0,0,0,0,-98,-98,-98,-98,-98,-98,-98,-98,-98
7650,0,0,0,0,0,-98,0,0,0,0,0,0,0,-98,-98,-98,-98,-98,-98,-98,-98,-98
7651,0,0,0,0,0,0,0,0,0,0,0,0,0,-98,-98,-98,-98,-98,-98,-98,-98,-98
7652,1,0,0,0,0,0,0,0,1,0,0,0,0,-98,-98,-98,-98,-98,-98,-98,-98,-98
7653,0,0,0,0,0,0,0,0,1,0,0,0,0,-98,-98,-98,-98,-98,-98,-98,-98,-98
7654,0,0,0,0,0,0,0,0,0,0,0,0,0,-98,-98,-98,-98,-98,-98,-98,-98,-98
7655,0,0,1,0,0,-98,0,0,1,0,1,0,0,-98,-98,-98,-98,-98,-98,-98,-98,-98
7656,1,0,0,0,0,0,0,0,0,0,0,0,0,-98,-98,-98,-98,-98,-98,-98,-98,-98
7657,0,1,1,1,1,1,0,0,0,0,0,0,0,-98,-98,-98,-98,-98,-98,-98,-98,-98
7658,-98,-98,-98,-98,-98,-98,-98,-98,0,0,1,1,0,-98,-98,-98,-98,-98,-98,-98,-98,-98
7659,-98,0,0,0,-98,0,-98,-98,0,0,0,0,0,0,0,0,0,0,0,0,1,0
7660,1,0,0,0,0,0,0,0,0,0,0,0,0,-98,-98,-98,-98,-98,-98,-98,-98,-98
7661,0,0,0,0,-98,0,0,0,0,0,-98,-98,1,-98,-98,-98,-98,-98,-98,-98,-98,-98
7662,1,0,0,0,0,1,0,0,1,0,0,0,0,-98,-98,-98,-98,-98,-98,-98,-98,-98
7663,0,0,0,0,0,0,0,0,0,0,0,0,0,-98,-98,-98,-98,-98,-98,-98,-98,-98
7664,0,0,0,0,0,-98,0,0,1,0,0,0,0,-98,-98,-98,-98,-98,-98,-98,-98,-98
7665,0,0,0,0,-98,0,0,0,0,0,0,0,0,-98,-98,-98,-98,-98,-98,-98,-98,-98
7666,-98,-98,-98,-98,-98,-98,-98,-98,1,0,0,0,-98,-98,-98,-98,-98,-98,-98,-98,-98,-98
7667,0,0,0,0,0,0,0,0,0,0,0,0,0,-98,-98,-98,-98,-98,-98,-98,-98,-98
7668,0,0,0,0,0,0,0,0,0,0,0,0,1,-98,-98,-98,-98,-98,-98,-98,-98,-98
7669,0,0,0,0,0,1,0,0,1,0,0,0,0,-98,-98,-98,-98,-98,-98,-98,-98,-98
7670,0,1,0,0,0,-98,0,0,0,0,0,0,0,-98,-98,-98,-98,-98,-98,-98,-98,-98
7671,1,0,0,0,0,-98,0,0,0,0,0,0,0,-98,-98,-98,-98,-98,-98,-98,-98,-98
7672,0,0,0,0,-98,0,0,0,0,0,-98,-98,1,-98,-98,-98,-98,-98,-98,-98,-98,-98
7673,0,0,0,0,0,0,0,0,0,0,1,1,0,-98,-98,-98,-98,-98,-98,-98,-98,-98
7674,0,1,1,0,0,-98,-98,-98,0,0,0,0,0,-98,-98,-98,-98,-98,-98,-98,-98,-98
7675,0,0,0,0,0,0,1,1,0,0,1,1,0,-98,-98,-98,-98,-98,-98,-98,-98,-98
7676,-98,-98,0,0,-98,-98,-98,-98,1,0,0,0,1,-98,-98,-98,-98,-98,-98,-98,-98,-98
7677,1,-98,0,0,-98,-98,0,0,0,0,0,0,0,0,0,0,0,0,0,0,1,0
7678,1,0,0,0,0,1,0,0,1,0,0,0,0,-98,-98,-98,-98,-98,-98,-98,-98,-98
7679,0,0,-98,-98,0,0,1,1,0,0,0,0,0,-98,-98,-98,-98,-98,-98,-98,-98,-98
7680,0,0,1,0,0,0,0,0,0,0,0,0,0,-98,-98,-98,-98,-98,-98,-98,-98,-98
7681,-98,-98,0,0,-98,-98,-98,-98,0,0,0,0,0,-98,-98,-98,-98,-98,-98,-98,-98,-98
7682,0,0,0,0,0,0,0,0,0,0,0,0,0,0,0,0,0,0,0,0,0,0
7683,0,1,0,0,0,-98,-98,-98,0,0,0,0,0,-98,-98,-98,-98,-98,-98,-98,-98,-98
7684,0,0,0,0,0,0,0,0,1,0,0,0,0,0,0,0,0,0,0,0,1,0
7685,0,0,0,0,0,-98,0,0,0,0,0,0,0,-98,-98,-98,-98,-98,-98,-98,-98,-98
7686,0,0,0,0,0,-98,1,1,0,0,0,0,0,0,0,0,0,0,0,0,0,0
7687,0,0,0,0,0,0,-98,-98,0,0,0,0,0,-98,-98,-98,-98,-98,-98,-98,-98,-98
7688,1,0,0,0,0,0,0,0,1,0,1,1,0,-98,-98,-98,-98,-98,-98,-98,-98,-98
7689,0,0,0,0,0,-98,-98,-98,0,0,0,0,0,-98,-98,-98,-98,-98,-98,-98,-98,-98
7690,-98,-98,-98,-98,-98,-98,-98,-98,-98,-98,-98,-98,0,-98,-98,-98,-98,-98,-98,-98,-98,-98
7691,0,0,0,0,0,0,-98,-98,1,0,0,0,1,-98,-98,-98,-98,-98,-98,-98,-98,-98
7692,1,0,0,0,0,0,0,0,0,0,1,1,0,0,0,0,0,0,0,0,0,0
7693,0,0,0,1,0,-98,0,0,0,0,1,0,0,-98,-98,-98,-98,-98,-98,-98,-98,-98
7694,0,0,0,0,0,0,0,0,0,0,0,0,0,-98,-98,-98,-98,-98,-98,-98,-98,-98
7695,0,0,0,0,0,0,0,0,0,0,1,0,0,-98,-98,-98,-98,-98,-98,-98,-98,-98
7696,0,0,0,0,0,0,-98,-98,0,0,0,0,0,-98,-98,-98,-98,-98,-98,-98,-98,-98
7697,1,1,0,0,0,-98,-98,-98,0,0,0,0,0,-98,-98,-98,-98,-98,-98,-98,-98,-98
7698,1,1,1,0,0,1,0,0,1,0,0,1,0,-98,-98,-98,-98,-98,-98,-98,-98,-98
7699,1,1,1,0,0,0,1,1,0,0,0,0,0,-98,-98,-98,-98,-98,-98,-98,-98,-98
7700,1,1,1,0,0,-98,0,0,0,0,0,0,0,-98,-98,-98,-98,-98,-98,-98,-98,-98
7701,-98,-98,-98,-98,-98,-98,-98,-98,0,0,0,0,0,-98,-98,-98,-98,-98,-98,-98,-98,-98
7702,0,0,0,0,0,0,0,0,0,0,0,0,0,-98,-98,-98,-98,-98,-98,-98,-98,-98
7703,1,1,1,0,0,-98,0,0,0,0,0,0,0,-98,-98,-98,-98,-98,-98,-98,-98,-98
7704,0,0,0,0,0,0,0,0,1,0,0,0,0,-98,-98,-98,-98,-98,-98,-98,-98,-98
7705,0,1,0,0,-98,-98,0,0,1,0,0,0,0,-98,-98,-98,-98,-98,-98,-98,-98,-98
7706,1,0,0,0,0,1,-98,-98,0,0,0,0,0,-98,-98,-98,-98,-98,-98,-98,-98,-98
7707,1,0,1,1,0,0,0,0,0,0,1,0,0,-98,-98,-98,-98,-98,-98,-98,-98,-98
7708,1,0,0,0,0,0,0,0,1,0,1,1,0,-98,-98,-98,-98,-98,-98,-98,-98,-98
7709,0,0,0,0,0,-98,0,0,0,0,0,0,0,-98,-98,-98,-98,-98,-98,-98,-98,-98
7710,1,1,1,0,0,0,0,0,0,0,0,0,0,-98,-98,-98,-98,-98,-98,-98,-98,-98
7711,0,0,0,0,0,-98,0,0,0,0,0,0,0,-98,-98,-98,-98,-98,-98,-98,-98,-98
7712,0,1,0,0,0,0,1,1,0,0,0,0,0,0,0,0,0,0,0,0,0,0
7713,0,0,0,0,0,0,0,0,1,0,0,0,1,0,0,0,1,0,0,0,0,0
7714,1,0,0,0,0,0,0,0,0,0,0,0,1,-98,-98,-98,-98,-98,-98,-98,-98,-98
7715,0,0,0,0,0,-98,0,0,0,0,0,0,0,-98,-98,-98,-98,-98,-98,-98,-98,-98
7716,0,0,0,0,-98,0,0,0,0,0,0,0,1,-98,-98,-98,-98,-98,-98,-98,-98,-98
7717,0,0,0,0,0,0,0,0,0,0,0,0,0,-98,-98,-98,-98,-98,-98,-98,-98,-98
7718,0,0,0,0,0,0,0,0,0,0,1,0,0,-98,-98,-98,-98,-98,-98,-98,-98,-98
7719,0,1,0,0,0,0,0,0,1,0,0,0,0,-98,-98,-98,-98,-98,-98,-98,-98,-98
7720,0,0,1,0,0,0,0,0,0,0,0,0,1,-98,-98,-98,-98,-98,-98,-98,-98,-98
7721,1,0,0,0,0,1,0,0,1,0,1,1,0,-98,-98,-98,-98,-98,-98,-98,-98,-98
7722,1,1,1,1,0,-98,0,0,0,0,0,0,0,-98,-98,-98,-98,-98,-98,-98,-98,-98
7723,0,0,0,0,-98,-98,0,0,0,0,0,0,0,0,0,0,0,0,0,0,0,0
7724,0,0,0,0,0,0,0,0,0,0,1,1,0,0,0,0,0,1,0,1,1,1
7725,1,0,0,0,0,0,0,0,0,0,0,0,0,-98,-98,-98,-98,-98,-98,-98,-98,-98
7726,1,1,0,0,0,0,0,0,1,0,0,0,0,-98,-98,-98,-98,-98,-98,-98,-98,-98
7727,-98,-98,-98,-98,-98,-98,-98,-98,0,0,-98,-98,-98,-98,-98,-98,-98,-98,-98,-98,-98,-98
7728,0,0,0,0,0,0,0,0,0,0,0,0,0,-98,-98,-98,-98,-98,-98,-98,-98,-98
7729,0,-98,0,0,-98,-98,-98,-98,0,0,0,0,0,-98,-98,-98,-98,-98,-98,-98,-98,-98
7730,-98,0,0,0,-98,-98,0,0,0,0,0,0,1,-98,-98,-98,-98,-98,-98,-98,-98,-98
7731,0,0,0,0,0,-98,0,0,0,0,0,0,1,-98,-98,-98,-98,-98,-98,-98,-98,-98
7732,0,0,0,0,-98,0,0,0,1,0,1,1,1,-98,-98,-98,-98,-98,-98,-98,-98,-98
7733,0,0,0,0,0,0,0,0,1,0,0,0,0,-98,-98,-98,-98,-98,-98,-98,-98,-98
7734,-98,-98,-98,-98,-98,-98,-98,-98,-98,-98,-98,-98,-98,-98,-98,-98,-98,-98,-98,-98,-98,-98
7735,1,1,1,0,0,-98,0,0,0,0,0,0,0,-98,-98,-98,-98,-98,-98,-98,-98,-98
7736,1,1,0,0,0,1,0,0,0,0,0,0,0,-98,-98,-98,-98,-98,-98,-98,-98,-98
7737,0,0,0,0,0,0,0,0,0,0,1,1,0,-98,-98,-98,-98,-98,-98,-98,-98,-98
7738,0,0,0,0,0,-98,0,0,0,0,0,0,0,-98,-98,-98,-98,-98,-98,-98,-98,-98
7739,-98,-98,0,0,-98,1,0,0,0,0,1,1,1,-98,-98,-98,-98,-98,-98,-98,-98,-98
7740,-98,0,0,0,-98,-98,0,0,0,0,-98,-98,0,-98,-98,-98,-98,-98,-98,-98,-98,-98
7741,0,-98,0,0,-98,-98,0,0,0,0,0,0,0,-98,-98,-98,-98,-98,-98,-98,-98,-98
7742,0,0,0,0,-98,-98,0,0,1,0,0,0,0,0,0,0,0,0,1,0,0,1
7743,1,0,0,0,0,0,0,0,0,0,0,0,0,-98,-98,-98,-98,-98,-98,-98,-98,-98
7744,0,0,-98,-98,-98,0,0,0,0,0,1,0,1,0,0,1,0,0,0,0,0,1
7745,0,-98,0,0,-98,-98,0,0,1,0,0,0,0,0,0,0,0,0,0,0,0,0
7746,0,0,0,0,0,-98,0,0,0,0,0,0,1,-98,-98,-98,-98,-98,-98,-98,-98,-98
7747,1,0,1,0,0,1,0,0,1,0,0,0,0,-98,-98,-98,-98,-98,-98,-98,-98,-98
7748,0,0,0,0,0,-98,0,0,0,0,0,0,0,-98,-98,-98,-98,-98,-98,-98,-98,-98
7749,1,1,-97,0,0,1,0,0,0,0,0,0,0,-98,-98,-98,-98,-98,-98,-98,-98,-98
7750,0,0,0,0,0,-98,0,0,0,0,0,0,0,0,0,0,0,0,0,0,0,0
7751,0,1,0,0,0,0,0,0,1,0,0,0,0,-98,-98,-98,-98,-98,-98,-98,-98,-98
7752,0,-98,-98,-98,-98,-98,-98,-98,0,0,0,0,0,0,0,0,1,0,0,0,0,1
7753,0,-98,-98,-98,0,-98,0,0,0,0,0,0,0,0,0,0,0,0,0,0,1,0
7754,0,0,0,0,0,0,0,0,0,0,0,0,0,-98,-98,-98,-98,-98,-98,-98,-98,-98
7755,0,0,0,0,0,-98,0,0,1,0,0,1,1,-98,-98,-98,-98,-98,-98,-98,-98,-98
7756,0,0,1,1,0,-98,1,1,0,0,0,0,0,0,0,0,0,0,0,0,0,0
7757,1,0,1,0,0,-98,0,0,1,0,0,0,0,0,0,0,0,0,0,0,0,0
7758,0,0,0,0,0,0,0,0,0,0,0,0,0,-98,-98,-98,-98,-98,-98,-98,-98,-98
7759,0,0,0,0,-98,-98,1,1,0,0,0,0,0,-98,-98,-98,-98,-98,-98,-98,-98,-98
7760,0,0,0,0,0,0,1,1,0,0,0,0,1,-98,-98,-98,-98,-98,-98,-98,-98,-98
7761,0,0,1,1,0,1,0,0,0,0,0,0,1,-98,-98,-98,-98,-98,-98,-98,-98,-98
7762,0,0,0,0,0,0,0,0,0,0,0,0,0,-98,-98,-98,-98,-98,-98,-98,-98,-98
7763,0,0,0,0,0,-98,-98,-98,0,0,0,0,0,-98,-98,-98,-98,-98,-98,-98,-98,-98
7764,0,0,0,0,0,1,0,0,1,0,0,0,0,-98,-98,-98,-98,-98,-98,-98,-98,-98
