id,age,job,marital,education,default,balance,housing,loan,contact,day,month,duration,campaign,pdays,previous,poutcome,deposit
1,59,admin.,married,secondary,no,2343,yes,no,unknown,5,may,1042,1,-1,0,unknown,yes
2,59,admin.,married,secondary,no,2343,yes,no,unknown,5,may,1042,1,-1,0,unknown,yes
3,56,admin.,married,secondary,no,45,no,no,unknown,5,may,1467,1,-1,0,unknown,yes
4,41,technician,married,secondary,no,1270,yes,no,unknown,5,may,1389,1,-1,0,unknown,yes
5,55,services,married,secondary,no,2476,yes,no,unknown,5,may,579,1,-1,0,unknown,yes
6,54,admin.,married,tertiary,no,184,no,no,unknown,5,may,673,2,-1,0,unknown,yes
7,42,management,single,tertiary,no,0,yes,yes,unknown,5,may,562,2,-1,0,unknown,yes
8,56,management,married,tertiary,no,830,yes,yes,unknown,6,may,1201,1,-1,0,unknown,yes
9,60,retired,divorced,secondary,no,545,yes,no,unknown,6,may,1030,1,-1,0,unknown,yes
10,37,technician,married,secondary,no,1,yes,no,unknown,6,may,608,1,-1,0,unknown,yes
11,28,services,single,secondary,no,5090,yes,no,unknown,6,may,1297,3,-1,0,unknown,yes
12,38,admin.,single,secondary,no,100,yes,no,unknown,7,may,786,1,-1,0,unknown,yes
13,30,blue-collar,married,secondary,no,309,yes,no,unknown,7,may,1574,2,-1,0,unknown,yes
14,29,management,married,tertiary,no,199,yes,yes,unknown,7,may,1689,4,-1,0,unknown,yes
15,46,blue-collar,single,tertiary,no,460,yes,no,unknown,7,may,1102,2,-1,0,unknown,yes
16,31,technician,single,tertiary,no,703,yes,no,unknown,8,may,943,2,-1,0,unknown,yes
17,35,management,divorced,tertiary,no,3837,yes,no,unknown,8,may,1084,1,-1,0,unknown,yes
18,32,blue-collar,single,primary,no,611,yes,no,unknown,8,may,541,3,-1,0,unknown,yes
19,49,services,married,secondary,no,-8,yes,no,unknown,8,may,1119,1,-1,0,unknown,yes
20,41,admin.,married,secondary,no,55,yes,no,unknown,8,may,1120,2,-1,0,unknown,yes
21,49,admin.,divorced,secondary,no,168,yes,yes,unknown,8,may,513,1,-1,0,unknown,yes
22,28,admin.,divorced,secondary,no,785,yes,no,unknown,8,may,442,2,-1,0,unknown,yes
23,43,management,single,tertiary,no,2067,yes,no,unknown,8,may,756,1,-1,0,unknown,yes
24,43,management,divorced,tertiary,no,388,yes,no,unknown,8,may,2087,2,-1,0,unknown,yes
25,43,blue-collar,married,primary,no,-192,yes,no,unknown,8,may,1120,2,-1,0,unknown,yes
26,37,unemployed,single,secondary,no,381,yes,no,unknown,8,may,985,2,-1,0,unknown,yes
27,35,blue-collar,single,secondary,no,40,yes,no,unknown,9,may,617,4,-1,0,unknown,yes
28,31,technician,single,tertiary,no,22,yes,no,unknown,9,may,483,3,-1,0,unknown,yes
29,43,blue-collar,single,secondary,no,3,yes,no,unknown,9,may,929,3,-1,0,unknown,yes
30,31,admin.,married,secondary,no,307,yes,no,unknown,9,may,538,1,-1,0,unknown,yes
31,28,blue-collar,single,secondary,no,759,yes,no,unknown,9,may,710,1,-1,0,unknown,yes
32,32,blue-collar,married,secondary,yes,-1,yes,no,unknown,9,may,653,1,-1,0,unknown,yes
33,60,technician,married,primary,no,65,yes,no,unknown,9,may,1028,2,-1,0,unknown,yes
34,26,blue-collar,single,secondary,no,82,yes,no,unknown,9,may,654,1,-1,0,unknown,yes
35,40,blue-collar,married,secondary,no,10,yes,no,unknown,9,may,1692,2,-1,0,unknown,yes
36,33,blue-collar,divorced,primary,no,390,yes,no,unknown,9,may,665,2,-1,0,unknown,yes
37,32,management,single,tertiary,no,311,no,no,unknown,12,may,757,2,-1,0,unknown,yes
38,35,blue-collar,married,primary,no,414,no,no,unknown,13,may,504,4,-1,0,unknown,yes
39,33,management,divorced,secondary,no,5,yes,no,unknown,13,may,1346,1,-1,0,unknown,yes
40,38,management,married,tertiary,no,119,yes,no,unknown,13,may,568,4,-1,0,unknown,yes
41,23,entrepreneur,single,primary,no,4,yes,no,unknown,13,may,395,2,-1,0,unknown,yes
42,60,blue-collar,married,primary,no,1262,yes,yes,unknown,13,may,1015,1,-1,0,unknown,yes
43,48,management,married,tertiary,no,1949,yes,no,unknown,13,may,683,2,-1,0,unknown,yes
44,45,entrepreneur,divorced,tertiary,no,-395,yes,no,unknown,13,may,470,1,-1,0,unknown,yes
45,36,blue-collar,married,secondary,no,1165,yes,no,unknown,13,may,1001,4,-1,0,unknown,yes
46,52,management,married,unknown,no,2240,yes,no,unknown,13,may,845,1,-1,0,unknown,yes
47,35,blue-collar,divorced,primary,no,300,yes,no,unknown,13,may,945,2,-1,0,unknown,yes
48,43,technician,married,secondary,no,3285,yes,no,unknown,13,may,1721,2,-1,0,unknown,yes
49,52,housemaid,married,secondary,no,3923,yes,no,unknown,14,may,942,3,-1,0,unknown,yes
50,53,technician,divorced,primary,no,1443,yes,no,unknown,14,may,476,1,-1,0,unknown,yes
51,48,blue-collar,divorced,primary,no,24,yes,no,unknown,14,may,832,1,-1,0,unknown,yes
52,41,blue-collar,single,primary,no,1618,yes,no,unknown,14,may,1553,1,-1,0,unknown,yes
53,39,management,divorced,tertiary,no,517,yes,yes,unknown,14,may,1328,1,-1,0,unknown,yes
54,59,retired,married,secondary,no,1521,yes,yes,unknown,14,may,1125,2,-1,0,unknown,yes
55,41,blue-collar,married,secondary,no,2823,yes,no,unknown,14,may,858,1,-1,0,unknown,yes
56,48,blue-collar,married,secondary,no,1405,yes,no,unknown,14,may,629,2,-1,0,unknown,yes
57,40,admin.,married,secondary,no,1535,yes,no,unknown,14,may,704,1,-1,0,unknown,yes
58,48,blue-collar,married,secondary,no,1596,yes,no,unknown,14,may,760,1,-1,0,unknown,yes
59,60,retired,married,primary,no,1542,yes,no,unknown,14,may,930,1,-1,0,unknown,yes
60,40,technician,single,unknown,no,3652,yes,no,unknown,14,may,1028,2,-1,0,unknown,yes
61,57,technician,married,tertiary,no,-1,no,no,unknown,14,may,850,2,-1,0,unknown,yes
62,51,blue-collar,married,secondary,no,7180,yes,no,unknown,14,may,927,1,-1,0,unknown,yes
63,41,blue-collar,divorced,secondary,no,5291,yes,no,unknown,14,may,1423,3,-1,0,unknown,yes
64,41,blue-collar,married,secondary,no,1384,yes,no,unknown,15,may,1162,4,-1,0,unknown,yes
65,52,blue-collar,divorced,primary,no,-191,yes,no,unknown,15,may,755,1,-1,0,unknown,yes
66,59,blue-collar,married,primary,no,320,yes,no,unknown,15,may,695,1,-1,0,unknown,yes
67,44,blue-collar,married,unknown,no,146,yes,no,unknown,15,may,483,1,-1,0,unknown,yes
68,49,unknown,married,primary,no,341,yes,yes,unknown,15,may,520,2,-1,0,unknown,yes
69,40,services,married,primary,no,-9,yes,no,unknown,15,may,920,2,-1,0,unknown,yes
70,41,admin.,married,primary,no,-306,yes,no,unknown,15,may,500,1,-1,0,unknown,yes
71,44,technician,married,tertiary,no,4580,yes,no,unknown,15,may,911,2,-1,0,unknown,yes
72,60,services,single,primary,no,313,yes,no,unknown,15,may,920,2,-1,0,unknown,yes
73,29,management,married,tertiary,no,10576,no,no,unknown,15,may,1224,2,-1,0,unknown,yes
74,41,retired,divorced,primary,no,-233,yes,no,unknown,15,may,1156,2,-1,0,unknown,yes
75,41,blue-collar,married,primary,no,2453,yes,no,unknown,15,may,1052,1,-1,0,unknown,yes
76,42,technician,single,secondary,no,1364,yes,no,unknown,15,may,1867,6,-1,0,unknown,yes
77,36,services,single,unknown,no,281,yes,no,unknown,16,may,515,1,-1,0,unknown,yes
78,39,technician,married,tertiary,no,94,yes,yes,unknown,16,may,813,1,-1,0,unknown,yes
79,31,self-employed,single,tertiary,no,144,yes,no,unknown,16,may,676,1,-1,0,unknown,yes
80,26,blue-collar,married,secondary,no,246,yes,no,unknown,16,may,1143,3,-1,0,unknown,yes
81,31,blue-collar,married,secondary,no,92,yes,no,unknown,16,may,688,1,-1,0,unknown,yes
82,29,admin.,single,secondary,no,163,yes,yes,unknown,16,may,803,1,-1,0,unknown,yes
83,37,services,divorced,secondary,no,49,yes,no,unknown,16,may,619,2,-1,0,unknown,yes
84,33,blue-collar,single,secondary,no,-416,yes,no,unknown,16,may,767,2,-1,0,unknown,yes
85,24,technician,single,secondary,no,409,yes,no,unknown,16,may,912,1,-1,0,unknown,yes
86,50,admin.,divorced,secondary,no,363,yes,no,unknown,16,may,1340,1,-1,0,unknown,yes
87,27,technician,single,tertiary,no,3706,yes,no,unknown,16,may,897,1,-1,0,unknown,yes
88,54,management,single,tertiary,no,4393,yes,no,unknown,16,may,1297,3,-1,0,unknown,yes
89,30,technician,single,secondary,no,863,yes,no,unknown,16,may,1193,5,-1,0,unknown,yes
90,34,blue-collar,married,primary,no,695,yes,yes,unknown,16,may,1064,4,-1,0,unknown,yes
91,37,management,single,secondary,no,792,yes,no,unknown,16,may,1187,4,-1,0,unknown,yes
92,41,admin.,single,secondary,no,1020,yes,no,unknown,19,may,882,1,-1,0,unknown,yes
93,47,blue-collar,married,secondary,no,863,yes,no,unknown,19,may,943,2,-1,0,unknown,yes
94,31,admin.,married,secondary,no,97,yes,no,unknown,19,may,607,1,-1,0,unknown,yes
95,31,blue-collar,married,secondary,no,754,yes,no,unknown,19,may,1022,4,-1,0,unknown,yes
96,43,services,divorced,secondary,no,1040,yes,no,unknown,19,may,552,3,-1,0,unknown,yes
97,37,management,divorced,tertiary,no,122,yes,no,unknown,19,may,1622,2,-1,0,unknown,yes
98,30,technician,single,tertiary,no,880,yes,yes,unknown,19,may,967,6,-1,0,unknown,yes
99,41,technician,married,secondary,no,501,yes,no,unknown,19,may,579,5,-1,0,unknown,yes
100,36,blue-collar,married,secondary,no,4438,yes,no,unknown,20,may,446,1,-1,0,unknown,yes
101,35,blue-collar,divorced,secondary,no,0,yes,no,unknown,20,may,1205,1,-1,0,unknown,yes
102,29,services,single,secondary,no,271,yes,no,unknown,20,may,1882,2,-1,0,unknown,yes
103,35,blue-collar,married,primary,no,102,yes,no,unknown,20,may,1334,1,-1,0,unknown,yes
104,31,blue-collar,married,secondary,no,2,yes,no,unknown,20,may,182,2,-1,0,unknown,yes
105,35,services,married,secondary,no,4170,yes,no,unknown,20,may,1777,1,-1,0,unknown,yes
106,34,technician,single,secondary,no,85,yes,no,unknown,20,may,1182,4,-1,0,unknown,yes
107,31,admin.,single,secondary,no,431,yes,yes,unknown,20,may,1045,1,-1,0,unknown,yes
108,44,technician,divorced,secondary,no,982,yes,no,unknown,20,may,650,3,-1,0,unknown,yes
109,36,blue-collar,married,primary,no,408,yes,yes,unknown,20,may,1063,2,-1,0,unknown,yes
110,35,blue-collar,married,unknown,no,4822,yes,no,unknown,20,may,843,2,-1,0,unknown,yes
111,41,blue-collar,married,primary,no,1250,yes,no,unknown,20,may,1392,2,-1,0,unknown,yes
112,31,blue-collar,single,primary,no,216,yes,no,unknown,21,may,565,1,-1,0,unknown,yes
113,34,blue-collar,married,secondary,no,1207,yes,no,unknown,21,may,905,1,-1,0,unknown,yes
114,32,technician,married,secondary,no,791,yes,no,unknown,21,may,783,2,-1,0,unknown,yes
115,36,management,married,tertiary,no,849,yes,yes,unknown,21,may,958,2,-1,0,unknown,yes
116,30,blue-collar,single,secondary,yes,239,yes,no,unknown,21,may,412,1,-1,0,unknown,yes
117,37,technician,single,secondary,no,1211,yes,no,unknown,21,may,795,1,-1,0,unknown,yes
118,36,blue-collar,married,primary,no,599,yes,no,unknown,21,may,649,2,-1,0,unknown,yes
119,31,management,single,tertiary,no,825,yes,no,unknown,21,may,506,2,-1,0,unknown,yes
120,27,technician,married,secondary,no,2183,yes,yes,unknown,21,may,857,1,-1,0,unknown,yes
121,34,retired,married,primary,no,4499,no,no,unknown,21,may,1681,1,-1,0,unknown,yes
122,30,technician,single,tertiary,no,1289,yes,no,unknown,21,may,1697,2,-1,0,unknown,yes
123,32,technician,single,tertiary,no,4665,yes,no,unknown,21,may,860,2,-1,0,unknown,yes
124,37,technician,single,secondary,no,3326,yes,no,unknown,21,may,799,1,-1,0,unknown,yes
125,32,blue-collar,married,secondary,no,783,yes,no,unknown,21,may,923,3,-1,0,unknown,yes
126,33,blue-collar,married,secondary,no,0,yes,no,unknown,21,may,521,3,-1,0,unknown,yes
127,35,blue-collar,married,primary,no,994,yes,no,unknown,23,may,1349,8,-1,0,unknown,yes
128,35,self-employed,divorced,tertiary,no,1354,yes,no,unknown,23,may,736,2,-1,0,unknown,yes
129,30,blue-collar,single,secondary,no,239,yes,no,unknown,23,may,785,1,-1,0,unknown,yes
130,45,blue-collar,divorced,primary,no,-311,yes,no,unknown,23,may,1030,1,-1,0,unknown,yes
131,45,admin.,married,secondary,no,149,yes,no,unknown,23,may,893,3,-1,0,unknown,yes
132,33,blue-collar,married,secondary,no,1464,yes,no,unknown,23,may,588,3,-1,0,unknown,yes
133,44,management,divorced,tertiary,no,5773,no,no,unknown,23,may,597,6,-1,0,unknown,yes
134,40,blue-collar,married,primary,no,278,yes,no,unknown,23,may,1015,3,-1,0,unknown,yes
135,31,blue-collar,married,secondary,no,2910,yes,no,unknown,23,may,1392,2,-1,0,unknown,yes
136,30,technician,married,tertiary,no,541,yes,no,unknown,26,may,414,2,-1,0,unknown,yes
137,44,technician,divorced,secondary,no,1262,yes,no,unknown,26,may,788,11,-1,0,unknown,yes
138,34,services,married,secondary,no,-538,yes,no,unknown,26,may,682,1,-1,0,unknown,yes
139,37,blue-collar,married,secondary,no,125,no,no,unknown,26,may,679,2,-1,0,unknown,yes
140,28,self-employed,single,tertiary,no,0,yes,no,unknown,26,may,1560,2,-1,0,unknown,yes
141,32,admin.,single,secondary,no,620,yes,no,unknown,26,may,1234,3,-1,0,unknown,yes
142,37,blue-collar,divorced,secondary,no,316,yes,no,unknown,26,may,642,2,-1,0,unknown,yes
143,34,management,married,tertiary,no,2287,yes,no,unknown,26,may,895,4,-1,0,unknown,yes
144,38,admin.,divorced,secondary,no,198,yes,no,unknown,26,may,431,2,-1,0,unknown,yes
145,28,admin.,single,secondary,no,460,yes,no,unknown,26,may,741,6,-1,0,unknown,yes
146,31,management,divorced,tertiary,no,1145,yes,no,unknown,26,may,1272,4,-1,0,unknown,yes
147,59,services,married,secondary,no,-22,yes,no,unknown,26,may,748,3,-1,0,unknown,yes
148,24,blue-collar,married,secondary,no,685,yes,no,unknown,26,may,896,3,-1,0,unknown,yes
149,26,services,single,secondary,no,901,yes,no,unknown,26,may,764,2,-1,0,unknown,yes
150,59,retired,single,secondary,no,351,yes,no,unknown,27,may,1063,5,-1,0,unknown,yes
151,30,entrepreneur,single,primary,no,0,yes,yes,unknown,27,may,1051,1,-1,0,unknown,yes
152,37,admin.,married,secondary,no,274,yes,no,unknown,27,may,731,3,-1,0,unknown,yes
153,30,admin.,single,secondary,no,-213,yes,yes,unknown,27,may,751,1,-1,0,unknown,yes
154,25,blue-collar,married,secondary,no,97,yes,no,unknown,27,may,709,1,-1,0,unknown,yes
155,44,services,divorced,secondary,no,51,yes,yes,unknown,27,may,3094,2,-1,0,unknown,yes
156,29,management,married,tertiary,no,314,no,no,unknown,28,may,938,2,-1,0,unknown,yes
157,26,management,single,tertiary,no,6840,yes,no,unknown,28,may,1560,2,-1,0,unknown,yes
158,26,technician,single,secondary,no,668,yes,no,unknown,28,may,576,3,-1,0,unknown,yes
159,27,services,single,secondary,no,54,yes,no,unknown,28,may,543,2,-1,0,unknown,yes
160,25,self-employed,single,secondary,no,1242,yes,no,unknown,28,may,615,2,-1,0,unknown,yes
161,28,management,married,secondary,no,292,yes,no,unknown,28,may,507,1,-1,0,unknown,yes
162,23,services,single,secondary,no,665,yes,no,unknown,28,may,1183,1,-1,0,unknown,yes
163,34,management,single,tertiary,no,1058,yes,no,unknown,28,may,864,2,-1,0,unknown,yes
164,28,student,single,secondary,no,949,yes,no,unknown,28,may,1730,1,-1,0,unknown,yes
165,51,entrepreneur,married,unknown,no,606,yes,no,unknown,28,may,560,9,-1,0,unknown,yes
166,35,blue-collar,married,secondary,no,0,yes,yes,unknown,29,may,543,1,-1,0,unknown,yes
167,35,admin.,married,secondary,no,404,yes,no,unknown,29,may,539,1,-1,0,unknown,yes
168,56,blue-collar,married,secondary,no,249,yes,no,unknown,29,may,791,2,-1,0,unknown,yes
169,45,unemployed,divorced,secondary,no,3354,yes,no,unknown,29,may,746,1,-1,0,unknown,yes
170,60,blue-collar,divorced,secondary,no,0,yes,no,unknown,29,may,1207,1,-1,0,unknown,yes
171,56,technician,married,secondary,no,589,yes,no,unknown,29,may,535,2,-1,0,unknown,yes
172,27,management,single,tertiary,no,12956,yes,no,unknown,29,may,789,3,-1,0,unknown,yes
173,30,admin.,married,secondary,no,873,yes,no,unknown,29,may,792,3,-1,0,unknown,yes
174,45,blue-collar,divorced,primary,no,594,yes,no,unknown,29,may,833,2,-1,0,unknown,yes
175,29,blue-collar,single,secondary,no,-20,yes,no,unknown,29,may,814,2,-1,0,unknown,yes
176,38,management,divorced,tertiary,no,4692,yes,no,unknown,29,may,1363,2,-1,0,unknown,yes
177,30,blue-collar,married,secondary,no,486,yes,no,unknown,29,may,1109,3,-1,0,unknown,yes
178,44,blue-collar,single,primary,no,1593,yes,no,unknown,29,may,828,3,-1,0,unknown,yes
179,36,management,single,tertiary,no,7606,yes,no,unknown,30,may,917,1,-1,0,unknown,yes
180,38,technician,married,secondary,no,226,yes,no,unknown,30,may,762,3,-1,0,unknown,yes
181,36,blue-collar,single,secondary,no,366,yes,yes,unknown,30,may,1133,2,-1,0,unknown,yes
182,37,management,divorced,secondary,no,16,yes,no,unknown,30,may,638,1,-1,0,unknown,yes
183,35,management,single,tertiary,no,565,yes,no,unknown,30,may,763,1,-1,0,unknown,yes
184,38,admin.,divorced,secondary,no,19,yes,no,unknown,30,may,604,2,-1,0,unknown,yes
185,40,services,married,primary,no,1082,yes,no,unknown,30,may,854,2,-1,0,unknown,yes
186,42,unemployed,divorced,secondary,no,1713,yes,no,unknown,30,may,855,2,-1,0,unknown,yes
187,46,management,divorced,tertiary,no,14481,yes,no,unknown,30,may,1269,1,-1,0,unknown,yes
188,35,technician,divorced,secondary,no,5724,yes,no,unknown,30,may,691,10,-1,0,unknown,yes
189,34,technician,divorced,secondary,no,1451,yes,no,unknown,30,may,1097,15,-1,0,unknown,yes
190,32,services,married,secondary,no,-34,yes,no,unknown,30,may,1236,2,-1,0,unknown,yes
191,50,unemployed,married,secondary,no,3674,yes,no,unknown,30,may,886,3,-1,0,unknown,yes
192,35,blue-collar,married,secondary,no,698,yes,yes,unknown,30,may,1343,3,-1,0,unknown,yes
193,36,technician,single,secondary,no,4136,yes,no,unknown,30,may,812,3,-1,0,unknown,yes
194,53,blue-collar,divorced,primary,no,2656,yes,no,unknown,30,may,1980,2,-1,0,unknown,yes
195,46,management,single,tertiary,no,2904,yes,no,unknown,30,may,984,2,-1,0,unknown,yes
196,26,management,single,tertiary,no,1004,yes,no,unknown,30,may,228,2,-1,0,unknown,yes
197,45,technician,single,secondary,no,410,yes,no,unknown,30,may,891,4,-1,0,unknown,yes
198,31,unemployed,divorced,primary,no,0,yes,no,unknown,30,may,745,12,-1,0,unknown,yes
199,29,management,single,tertiary,no,0,yes,no,unknown,30,may,539,12,-1,0,unknown,yes
200,53,entrepreneur,single,secondary,no,62,yes,no,unknown,30,may,1044,5,-1,0,unknown,yes
201,27,blue-collar,married,primary,no,416,yes,no,unknown,30,may,1193,2,-1,0,unknown,yes
202,39,management,married,tertiary,no,2763,yes,no,unknown,2,jun,526,2,-1,0,unknown,yes
203,36,services,married,secondary,no,2984,yes,no,unknown,2,jun,394,1,-1,0,unknown,yes
204,41,blue-collar,married,primary,no,143,yes,yes,unknown,2,jun,659,2,-1,0,unknown,yes
205,36,services,married,primary,no,0,yes,no,unknown,2,jun,1036,1,-1,0,unknown,yes
206,32,technician,married,secondary,no,696,yes,no,unknown,2,jun,815,1,-1,0,unknown,yes
207,35,services,married,secondary,no,152,yes,no,unknown,2,jun,563,1,-1,0,unknown,yes
208,36,management,single,tertiary,no,-78,yes,no,unknown,2,jun,1068,1,-1,0,unknown,yes
209,35,management,married,tertiary,no,867,yes,no,unknown,2,jun,230,3,-1,0,unknown,yes
210,30,blue-collar,single,secondary,no,953,yes,no,unknown,2,jun,747,2,-1,0,unknown,yes
211,42,blue-collar,married,secondary,no,443,yes,no,unknown,2,jun,671,5,-1,0,unknown,yes
212,42,technician,single,secondary,yes,-1129,yes,no,unknown,2,jun,555,5,-1,0,unknown,yes
213,32,blue-collar,married,primary,no,415,yes,no,unknown,2,jun,777,4,-1,0,unknown,yes
214,29,blue-collar,single,secondary,no,260,yes,no,unknown,2,jun,707,14,-1,0,unknown,yes
215,44,management,divorced,tertiary,yes,-411,yes,no,unknown,2,jun,432,4,-1,0,unknown,yes
216,32,technician,single,secondary,no,1279,yes,no,unknown,3,jun,1173,3,-1,0,unknown,yes
217,31,unemployed,married,secondary,no,86,yes,yes,unknown,3,jun,963,2,-1,0,unknown,yes
218,40,self-employed,married,secondary,yes,-754,yes,yes,unknown,3,jun,941,3,-1,0,unknown,yes
219,43,entrepreneur,married,secondary,no,0,no,no,unknown,3,jun,1025,7,-1,0,unknown,yes
220,27,management,single,secondary,no,178,yes,no,unknown,3,jun,732,2,-1,0,unknown,yes
221,37,services,single,secondary,no,278,yes,no,unknown,3,jun,1045,3,-1,0,unknown,yes
222,23,services,single,secondary,no,425,yes,no,unknown,3,jun,768,1,-1,0,unknown,yes
223,25,management,married,primary,no,168,yes,no,unknown,3,jun,801,1,-1,0,unknown,yes
224,26,blue-collar,single,secondary,yes,-36,yes,no,unknown,3,jun,482,2,-1,0,unknown,yes
225,47,blue-collar,divorced,primary,no,126,yes,no,unknown,3,jun,2456,2,-1,0,unknown,yes
226,35,admin.,married,secondary,no,-87,yes,no,unknown,3,jun,1363,7,-1,0,unknown,yes
227,32,technician,single,tertiary,no,6281,yes,no,unknown,3,jun,1336,4,-1,0,unknown,yes
228,45,management,divorced,secondary,no,644,yes,no,unknown,4,jun,633,1,-1,0,unknown,yes
229,30,admin.,divorced,secondary,no,377,yes,no,unknown,4,jun,524,15,-1,0,unknown,yes
230,29,services,single,secondary,no,-271,yes,no,unknown,4,jun,578,1,-1,0,unknown,yes
231,38,blue-collar,married,primary,no,5839,yes,no,unknown,4,jun,984,2,-1,0,unknown,yes
232,23,blue-collar,single,secondary,no,492,yes,no,unknown,4,jun,638,1,-1,0,unknown,yes
233,27,management,single,tertiary,no,99,yes,no,unknown,4,jun,767,2,-1,0,unknown,yes
234,27,management,single,tertiary,yes,-713,yes,no,unknown,4,jun,525,2,-1,0,unknown,yes
235,29,services,single,secondary,no,32,yes,no,unknown,4,jun,563,1,-1,0,unknown,yes
236,30,self-employed,married,tertiary,no,543,yes,yes,unknown,4,jun,1449,6,-1,0,unknown,yes
237,36,blue-collar,married,primary,no,403,yes,no,unknown,4,jun,920,1,-1,0,unknown,yes
238,35,admin.,divorced,secondary,no,437,yes,no,unknown,4,jun,908,1,-1,0,unknown,yes
239,36,blue-collar,married,secondary,no,1772,no,no,unknown,5,jun,208,1,-1,0,unknown,yes
240,59,retired,divorced,primary,no,-88,yes,no,unknown,5,jun,910,2,-1,0,unknown,yes
241,47,entrepreneur,married,secondary,no,0,no,no,unknown,5,jun,1446,1,-1,0,unknown,yes
242,58,entrepreneur,married,tertiary,no,853,no,no,unknown,5,jun,1149,2,-1,0,unknown,yes
243,37,management,single,tertiary,no,240,no,no,unknown,5,jun,1123,1,-1,0,unknown,yes
244,46,admin.,single,secondary,no,849,yes,no,unknown,5,jun,508,2,-1,0,unknown,yes
245,43,blue-collar,single,secondary,no,318,yes,no,unknown,5,jun,736,2,-1,0,unknown,yes
246,27,management,single,tertiary,no,703,yes,no,unknown,5,jun,590,3,-1,0,unknown,yes
247,38,services,divorced,secondary,no,61,no,no,unknown,5,jun,636,1,-1,0,unknown,yes
248,53,housemaid,married,primary,no,104,no,yes,unknown,5,jun,701,1,-1,0,unknown,yes
249,47,blue-collar,married,secondary,no,1996,no,no,unknown,5,jun,761,2,-1,0,unknown,yes
250,56,housemaid,divorced,primary,yes,1238,no,no,unknown,5,jun,1558,1,-1,0,unknown,yes
251,41,housemaid,married,secondary,no,879,no,no,unknown,5,jun,1053,2,-1,0,unknown,yes
252,29,self-employed,married,secondary,no,425,yes,no,unknown,5,jun,562,15,-1,0,unknown,yes
253,50,technician,married,secondary,no,416,yes,no,unknown,5,jun,494,5,-1,0,unknown,yes
254,45,blue-collar,divorced,primary,no,844,no,no,unknown,5,jun,1018,3,-1,0,unknown,yes
255,35,blue-collar,married,secondary,no,860,yes,no,unknown,5,jun,884,4,-1,0,unknown,yes
256,26,technician,single,secondary,no,639,yes,no,unknown,6,jun,709,5,-1,0,unknown,yes
257,26,admin.,married,secondary,no,710,yes,yes,unknown,6,jun,1276,2,-1,0,unknown,yes
258,37,blue-collar,married,unknown,no,1508,no,yes,unknown,6,jun,381,2,-1,0,unknown,yes
259,30,admin.,single,secondary,no,223,yes,no,unknown,6,jun,862,11,-1,0,unknown,yes
260,38,management,single,tertiary,no,619,yes,no,unknown,6,jun,460,4,-1,0,unknown,yes
261,37,services,divorced,secondary,no,319,yes,no,unknown,6,jun,467,3,-1,0,unknown,yes
262,53,technician,married,secondary,no,480,no,no,unknown,6,jun,648,2,-1,0,unknown,yes
263,29,blue-collar,single,primary,no,213,yes,no,unknown,6,jun,2653,3,-1,0,unknown,yes
264,35,management,single,tertiary,no,68,no,no,unknown,6,jun,1085,1,-1,0,unknown,yes
265,28,blue-collar,married,secondary,no,2788,yes,no,unknown,6,jun,369,2,-1,0,unknown,yes
266,55,blue-collar,married,unknown,no,7561,no,no,unknown,6,jun,685,3,-1,0,unknown,yes
267,49,management,divorced,secondary,no,-46,yes,no,unknown,9,jun,1055,10,-1,0,unknown,yes
268,50,services,married,secondary,no,1595,no,no,unknown,9,jun,882,1,-1,0,unknown,yes
269,43,management,single,tertiary,no,1046,no,no,unknown,9,jun,901,1,-1,0,unknown,yes
270,58,self-employed,divorced,tertiary,no,1382,no,no,unknown,9,jun,700,1,-1,0,unknown,yes
271,38,technician,married,primary,no,217,yes,no,unknown,9,jun,491,6,-1,0,unknown,yes
272,48,blue-collar,divorced,primary,no,183,no,no,unknown,9,jun,940,1,-1,0,unknown,yes
273,59,management,married,secondary,no,1321,no,no,unknown,9,jun,3881,3,-1,0,unknown,yes
274,58,blue-collar,married,secondary,no,25,no,no,unknown,9,jun,486,3,-1,0,unknown,yes
275,36,self-employed,single,tertiary,no,4844,no,no,unknown,9,jun,1137,3,-1,0,unknown,yes
276,42,entrepreneur,married,tertiary,no,5345,no,no,unknown,11,jun,878,3,-1,0,unknown,yes
277,41,admin.,single,secondary,no,812,no,yes,unknown,11,jun,583,4,-1,0,unknown,yes
278,42,admin.,married,secondary,no,105,no,no,unknown,11,jun,1159,4,-1,0,unknown,yes
279,39,management,married,tertiary,no,-190,no,yes,unknown,11,jun,893,8,-1,0,unknown,yes
280,57,housemaid,married,primary,no,625,no,yes,unknown,11,jun,867,1,-1,0,unknown,yes
281,52,retired,married,unknown,no,293,no,no,unknown,11,jun,706,1,-1,0,unknown,yes
282,59,retired,married,unknown,no,1033,no,no,unknown,11,jun,1199,1,-1,0,unknown,yes
283,56,blue-collar,married,secondary,no,1210,no,no,unknown,11,jun,935,1,-1,0,unknown,yes
284,49,management,married,tertiary,no,64,no,no,unknown,11,jun,586,1,-1,0,unknown,yes
285,35,blue-collar,divorced,unknown,no,164,no,no,unknown,11,jun,967,2,-1,0,unknown,yes
286,36,unemployed,married,secondary,no,1766,no,no,unknown,11,jun,595,2,-1,0,unknown,yes
287,40,admin.,single,tertiary,no,1248,no,no,unknown,11,jun,1290,2,-1,0,unknown,yes
288,55,blue-collar,married,secondary,no,0,no,no,unknown,12,jun,614,2,-1,0,unknown,yes
289,58,admin.,married,secondary,no,826,no,no,unknown,12,jun,885,1,-1,0,unknown,yes
290,39,self-employed,married,tertiary,no,2630,no,no,unknown,12,jun,651,5,-1,0,unknown,yes
291,47,housemaid,single,tertiary,no,3727,no,no,unknown,12,jun,993,6,-1,0,unknown,yes
292,40,management,married,secondary,no,406,yes,no,unknown,12,jun,577,2,-1,0,unknown,yes
293,35,blue-collar,married,tertiary,no,2999,no,no,unknown,12,jun,1141,6,-1,0,unknown,yes
294,48,blue-collar,married,secondary,no,1000,yes,no,unknown,12,jun,1268,2,-1,0,unknown,yes
295,48,management,divorced,tertiary,no,503,no,yes,unknown,12,jun,1243,7,-1,0,unknown,yes
296,24,blue-collar,single,secondary,yes,-203,yes,no,unknown,12,jun,465,3,-1,0,unknown,yes
297,49,blue-collar,married,primary,no,361,yes,no,unknown,16,jun,513,2,-1,0,unknown,yes
298,36,blue-collar,married,secondary,no,274,yes,no,unknown,16,jun,686,11,-1,0,unknown,yes
299,52,retired,divorced,tertiary,no,3687,yes,yes,unknown,16,jun,741,4,-1,0,unknown,yes
300,42,entrepreneur,single,unknown,no,323,no,no,unknown,16,jun,617,1,-1,0,unknown,yes
301,36,services,married,secondary,no,981,no,no,unknown,16,jun,1093,1,-1,0,unknown,yes
302,36,blue-collar,divorced,secondary,no,638,yes,no,unknown,16,jun,1395,2,-1,0,unknown,yes
303,48,unemployed,single,tertiary,no,3229,no,no,unknown,16,jun,1089,1,-1,0,unknown,yes
304,51,management,single,secondary,no,1610,yes,no,unknown,16,jun,1248,3,-1,0,unknown,yes
305,51,blue-collar,married,secondary,no,33,no,yes,unknown,16,jun,721,3,-1,0,unknown,yes
306,46,technician,married,secondary,no,536,yes,no,unknown,16,jun,750,2,-1,0,unknown,yes
307,37,management,married,tertiary,no,0,no,no,unknown,16,jun,637,6,-1,0,unknown,yes
308,36,entrepreneur,married,tertiary,no,3057,no,no,unknown,16,jun,2769,4,-1,0,unknown,yes
309,47,management,married,secondary,no,2892,no,no,unknown,17,jun,556,1,-1,0,unknown,yes
310,40,technician,divorced,tertiary,no,0,no,no,unknown,17,jun,522,1,-1,0,unknown,yes
311,38,student,single,tertiary,no,3316,no,no,unknown,17,jun,1345,3,-1,0,unknown,yes
312,40,management,married,secondary,no,106,no,no,unknown,17,jun,676,2,-1,0,unknown,yes
313,39,blue-collar,married,primary,no,2303,yes,no,unknown,17,jun,775,3,-1,0,unknown,yes
314,60,management,married,tertiary,no,3301,no,no,unknown,17,jun,2621,3,-1,0,unknown,yes
315,39,self-employed,single,tertiary,no,426,no,no,unknown,18,jun,1029,1,-1,0,unknown,yes
316,51,services,divorced,secondary,no,9,no,no,unknown,18,jun,371,2,-1,0,unknown,yes
317,27,admin.,married,secondary,no,-97,yes,no,unknown,18,jun,1528,2,-1,0,unknown,yes
318,41,management,single,tertiary,no,11008,no,no,unknown,18,jun,1540,1,-1,0,unknown,yes
319,42,blue-collar,single,primary,no,4930,no,no,unknown,18,jun,973,1,-1,0,unknown,yes
320,41,entrepreneur,married,secondary,no,707,no,no,unknown,18,jun,707,1,-1,0,unknown,yes
321,33,technician,married,secondary,no,4,yes,yes,unknown,18,jun,625,2,-1,0,unknown,yes
322,46,admin.,married,secondary,no,126,no,no,unknown,18,jun,1255,1,-1,0,unknown,yes
323,31,blue-collar,married,secondary,no,671,yes,no,unknown,18,jun,704,4,-1,0,unknown,yes
324,41,blue-collar,married,primary,no,219,no,yes,unknown,18,jun,1574,3,-1,0,unknown,yes
325,41,blue-collar,divorced,secondary,no,3622,no,no,unknown,19,jun,1135,4,-1,0,unknown,yes
326,55,retired,divorced,secondary,no,1580,no,yes,unknown,19,jun,1007,1,-1,0,unknown,yes
327,53,technician,married,secondary,no,1319,no,no,unknown,19,jun,1318,3,-1,0,unknown,yes
328,55,housemaid,married,primary,no,2152,no,no,unknown,19,jun,922,2,-1,0,unknown,yes
329,39,services,married,secondary,no,2843,yes,no,unknown,19,jun,585,1,-1,0,unknown,yes
330,40,entrepreneur,married,tertiary,yes,0,no,no,unknown,19,jun,952,4,-1,0,unknown,yes
331,59,retired,married,primary,no,1115,no,no,unknown,19,jun,834,1,-1,0,unknown,yes
332,42,blue-collar,single,secondary,no,625,no,no,unknown,19,jun,651,3,-1,0,unknown,yes
333,41,blue-collar,married,primary,no,246,no,no,unknown,19,jun,683,3,-1,0,unknown,yes
334,27,blue-collar,married,secondary,no,61,yes,no,unknown,19,jun,1012,1,-1,0,unknown,yes
335,25,blue-collar,single,secondary,no,-191,yes,no,unknown,19,jun,958,7,-1,0,unknown,yes
336,43,unemployed,married,primary,no,519,no,no,unknown,20,jun,973,2,-1,0,unknown,yes
337,44,services,married,secondary,no,522,no,yes,unknown,20,jun,911,1,-1,0,unknown,yes
338,26,blue-collar,single,secondary,no,-46,yes,no,unknown,20,jun,382,7,-1,0,unknown,yes
339,52,retired,married,tertiary,no,2269,no,no,unknown,20,jun,1210,1,-1,0,unknown,yes
340,54,services,married,unknown,no,386,no,yes,unknown,20,jun,838,1,-1,0,unknown,yes
341,56,management,married,tertiary,no,0,no,yes,unknown,20,jun,422,1,-1,0,unknown,yes
342,57,management,married,tertiary,no,9103,no,yes,unknown,20,jun,1098,2,-1,0,unknown,yes
343,29,blue-collar,single,secondary,no,908,yes,no,unknown,20,jun,1663,1,-1,0,unknown,yes
344,47,technician,married,tertiary,no,1694,no,yes,unknown,20,jun,560,3,-1,0,unknown,yes
345,57,management,married,tertiary,no,-92,yes,yes,unknown,20,jun,1617,1,-1,0,unknown,yes
346,40,blue-collar,married,secondary,no,188,yes,yes,unknown,20,jun,570,2,-1,0,unknown,yes
347,46,services,divorced,secondary,no,0,no,no,unknown,20,jun,1023,3,-1,0,unknown,yes
348,43,blue-collar,single,secondary,no,740,yes,no,unknown,20,jun,585,2,-1,0,unknown,yes
349,45,management,married,tertiary,no,655,no,no,unknown,20,jun,693,3,-1,0,unknown,yes
350,24,management,married,secondary,no,867,yes,no,unknown,20,jun,546,10,-1,0,unknown,yes
351,40,blue-collar,married,secondary,no,1009,yes,yes,unknown,20,jun,1036,5,-1,0,unknown,yes
352,38,services,divorced,unknown,no,6360,no,no,unknown,20,jun,1409,2,-1,0,unknown,yes
353,36,unemployed,married,tertiary,no,4145,no,no,unknown,20,jun,988,4,-1,0,unknown,yes
354,27,blue-collar,single,secondary,yes,-27,no,no,unknown,23,jun,498,2,-1,0,unknown,yes
355,26,admin.,single,primary,no,-122,yes,no,unknown,23,jun,670,3,-1,0,unknown,yes
356,43,management,married,tertiary,no,149,yes,no,unknown,23,jun,662,2,-1,0,unknown,yes
357,25,blue-collar,single,primary,no,52,yes,no,unknown,24,jun,528,2,-1,0,unknown,yes
358,27,blue-collar,married,tertiary,no,335,yes,no,unknown,26,jun,519,3,-1,0,unknown,yes
359,30,technician,married,tertiary,no,526,yes,yes,unknown,26,jun,677,3,-1,0,unknown,yes
360,28,admin.,single,secondary,no,-7,no,yes,unknown,26,jun,3183,2,-1,0,unknown,yes
361,27,blue-collar,married,primary,no,-413,no,yes,unknown,27,jun,422,6,-1,0,unknown,yes
362,32,admin.,divorced,secondary,no,-241,no,yes,unknown,27,jun,856,2,-1,0,unknown,yes
363,41,blue-collar,single,secondary,no,75,yes,no,unknown,1,jul,479,9,-1,0,unknown,yes
364,37,technician,single,tertiary,no,0,no,no,unknown,1,jul,1135,2,-1,0,unknown,yes
365,27,technician,single,secondary,no,158,no,no,unknown,1,jul,650,2,-1,0,unknown,yes
366,29,services,single,secondary,no,84,no,yes,unknown,3,jul,587,3,-1,0,unknown,yes
367,33,services,married,secondary,no,114,no,yes,unknown,3,jul,676,1,-1,0,unknown,yes
368,36,technician,married,primary,no,0,no,no,unknown,4,jul,584,1,-1,0,unknown,yes
369,28,blue-collar,single,secondary,no,-127,yes,no,cellular,4,jul,1044,3,-1,0,unknown,yes
370,55,blue-collar,married,secondary,no,49,yes,no,cellular,7,jul,494,4,-1,0,unknown,yes
371,51,technician,married,secondary,no,216,no,no,cellular,7,jul,615,2,-1,0,unknown,yes
372,39,technician,single,secondary,no,506,yes,no,cellular,7,jul,718,2,-1,0,unknown,yes
373,42,blue-collar,divorced,primary,no,213,yes,no,cellular,7,jul,434,3,-1,0,unknown,yes
374,33,services,single,secondary,no,170,no,no,cellular,7,jul,782,1,-1,0,unknown,yes
375,36,entrepreneur,divorced,tertiary,no,776,no,yes,cellular,7,jul,722,3,-1,0,unknown,yes
376,45,technician,married,secondary,no,879,no,no,cellular,7,jul,621,2,-1,0,unknown,yes
377,37,self-employed,married,secondary,no,1633,no,no,cellular,7,jul,629,2,-1,0,unknown,yes
378,46,unemployed,married,secondary,no,926,no,no,cellular,7,jul,385,5,-1,0,unknown,yes
379,32,self-employed,single,tertiary,no,2559,no,no,cellular,7,jul,889,1,-1,0,unknown,yes
380,28,technician,single,secondary,no,909,no,yes,cellular,7,jul,532,1,-1,0,unknown,yes
381,45,admin.,divorced,secondary,no,-176,no,yes,cellular,7,jul,574,1,-1,0,unknown,yes
382,41,blue-collar,single,secondary,yes,1085,yes,yes,cellular,7,jul,599,1,-1,0,unknown,yes
383,59,blue-collar,divorced,primary,no,1265,no,yes,cellular,7,jul,849,1,-1,0,unknown,yes
384,47,technician,single,secondary,no,-239,yes,yes,cellular,7,jul,973,3,-1,0,unknown,yes
385,31,blue-collar,single,secondary,no,726,no,no,cellular,7,jul,719,2,-1,0,unknown,yes
386,31,management,single,tertiary,no,296,no,yes,cellular,8,jul,509,4,-1,0,unknown,yes
387,33,entrepreneur,married,secondary,no,-627,yes,yes,cellular,8,jul,740,1,-1,0,unknown,yes
388,52,entrepreneur,married,tertiary,yes,-468,no,no,cellular,8,jul,534,1,-1,0,unknown,yes
389,26,self-employed,single,secondary,no,551,no,no,cellular,8,jul,531,1,-1,0,unknown,yes
390,25,technician,single,secondary,no,0,no,yes,cellular,8,jul,634,1,-1,0,unknown,yes
391,25,blue-collar,married,secondary,no,101,no,yes,cellular,8,jul,460,3,-1,0,unknown,yes
392,28,blue-collar,single,secondary,no,517,no,yes,cellular,8,jul,681,1,-1,0,unknown,yes
393,33,entrepreneur,divorced,tertiary,no,37,no,yes,cellular,8,jul,1082,1,-1,0,unknown,yes
394,45,management,divorced,tertiary,no,854,no,yes,cellular,8,jul,730,1,-1,0,unknown,yes
395,36,services,married,secondary,no,30,no,yes,cellular,8,jul,716,5,-1,0,unknown,yes
396,26,blue-collar,single,secondary,yes,81,no,yes,cellular,8,jul,803,2,-1,0,unknown,yes
397,38,technician,married,secondary,no,0,no,no,cellular,8,jul,635,1,-1,0,unknown,yes
398,56,blue-collar,single,secondary,no,663,no,yes,cellular,8,jul,819,3,-1,0,unknown,yes
399,26,admin.,single,secondary,no,102,no,yes,cellular,8,jul,658,2,-1,0,unknown,yes
400,26,technician,married,secondary,no,370,no,yes,cellular,8,jul,1061,4,-1,0,unknown,yes
401,25,blue-collar,single,secondary,no,189,no,yes,cellular,8,jul,687,2,-1,0,unknown,yes
402,26,unemployed,single,secondary,no,111,no,no,cellular,9,jul,537,1,-1,0,unknown,yes
403,40,blue-collar,married,primary,no,665,yes,no,cellular,9,jul,781,1,-1,0,unknown,yes
404,37,admin.,married,primary,no,214,yes,no,cellular,9,jul,645,1,-1,0,unknown,yes
405,43,blue-collar,single,primary,no,0,no,no,cellular,9,jul,1242,1,-1,0,unknown,yes
406,41,services,divorced,tertiary,no,1583,yes,no,cellular,9,jul,662,1,-1,0,unknown,yes
407,49,blue-collar,married,secondary,no,0,no,yes,cellular,9,jul,625,1,-1,0,unknown,yes
408,29,admin.,divorced,tertiary,yes,0,no,yes,cellular,9,jul,426,3,-1,0,unknown,yes
409,39,services,divorced,secondary,no,687,yes,no,cellular,9,jul,869,1,-1,0,unknown,yes
410,38,management,married,tertiary,yes,327,yes,yes,cellular,9,jul,556,5,-1,0,unknown,yes
411,26,technician,married,secondary,no,-119,no,yes,cellular,9,jul,359,5,-1,0,unknown,yes
412,32,management,married,tertiary,no,794,yes,yes,cellular,9,jul,1014,1,-1,0,unknown,yes
413,33,blue-collar,married,primary,no,-191,yes,yes,cellular,9,jul,1290,4,-1,0,unknown,yes
414,31,management,single,tertiary,no,409,no,yes,cellular,9,jul,564,5,-1,0,unknown,yes
415,49,blue-collar,married,primary,no,3,no,yes,cellular,9,jul,1439,6,-1,0,unknown,yes
416,27,unemployed,single,primary,no,9,no,yes,cellular,9,jul,919,2,-1,0,unknown,yes
417,30,blue-collar,single,secondary,no,155,yes,yes,cellular,9,jul,1426,3,-1,0,unknown,yes
418,35,blue-collar,married,secondary,no,1330,no,no,cellular,10,jul,901,1,-1,0,unknown,yes
419,26,blue-collar,single,secondary,no,-29,yes,no,cellular,10,jul,998,4,-1,0,unknown,yes
420,45,entrepreneur,married,unknown,no,3133,yes,yes,cellular,10,jul,804,1,-1,0,unknown,yes
421,34,admin.,married,secondary,no,-33,yes,yes,cellular,10,jul,961,1,-1,0,unknown,yes
422,28,admin.,single,secondary,no,-170,no,yes,cellular,10,jul,720,2,-1,0,unknown,yes
423,25,blue-collar,single,secondary,no,1243,no,yes,cellular,10,jul,1341,7,-1,0,unknown,yes
424,30,blue-collar,single,secondary,no,1598,yes,no,cellular,10,jul,634,1,-1,0,unknown,yes
425,30,services,married,secondary,no,5,no,yes,cellular,10,jul,829,5,-1,0,unknown,yes
426,47,services,married,secondary,no,367,yes,no,cellular,10,jul,476,4,-1,0,unknown,yes
427,57,admin.,divorced,secondary,no,658,no,no,cellular,10,jul,724,1,-1,0,unknown,yes
428,38,management,married,tertiary,no,1722,yes,no,cellular,10,jul,500,1,-1,0,unknown,yes
429,54,technician,married,secondary,no,-315,no,yes,cellular,10,jul,2029,1,-1,0,unknown,yes
430,25,blue-collar,single,primary,no,2483,no,no,cellular,10,jul,1499,3,-1,0,unknown,yes
431,30,blue-collar,married,secondary,no,0,yes,yes,cellular,10,jul,1399,1,-1,0,unknown,yes
432,26,management,single,tertiary,no,45,no,no,cellular,10,jul,1187,3,-1,0,unknown,yes
433,31,student,married,primary,no,46,yes,no,cellular,10,jul,487,1,-1,0,unknown,yes
434,29,blue-collar,single,secondary,no,482,no,yes,cellular,10,jul,1097,3,-1,0,unknown,yes
435,49,blue-collar,married,secondary,no,3728,yes,no,cellular,11,jul,1060,2,-1,0,unknown,yes
436,60,retired,divorced,secondary,no,1099,no,no,cellular,11,jul,764,2,-1,0,unknown,yes
437,60,management,married,tertiary,no,2222,yes,no,cellular,11,jul,1120,2,-1,0,unknown,yes
438,29,management,single,tertiary,no,983,yes,no,cellular,11,jul,963,2,-1,0,unknown,yes
439,55,management,divorced,secondary,no,204,yes,no,cellular,11,jul,1973,2,-1,0,unknown,yes
440,44,admin.,married,secondary,no,1074,yes,no,cellular,11,jul,911,2,-1,0,unknown,yes
441,47,technician,married,secondary,no,3466,yes,no,cellular,11,jul,853,2,-1,0,unknown,yes
442,35,admin.,married,secondary,no,-203,yes,no,cellular,11,jul,1649,2,-1,0,unknown,yes
443,35,entrepreneur,married,secondary,no,2436,no,yes,cellular,14,jul,1397,3,-1,0,unknown,yes
444,38,technician,married,secondary,no,976,yes,no,cellular,14,jul,766,3,-1,0,unknown,yes
445,34,entrepreneur,married,tertiary,no,146,yes,no,cellular,14,jul,788,2,-1,0,unknown,yes
446,50,technician,married,secondary,no,156,no,yes,cellular,14,jul,1130,3,-1,0,unknown,yes
447,43,admin.,married,tertiary,no,189,yes,no,cellular,14,jul,1062,4,-1,0,unknown,yes
448,44,admin.,divorced,secondary,no,163,yes,no,cellular,14,jul,1669,2,-1,0,unknown,yes
449,51,services,divorced,secondary,no,242,no,yes,cellular,14,jul,1336,4,-1,0,unknown,yes
450,31,technician,married,secondary,no,1173,yes,no,cellular,14,jul,444,3,-1,0,unknown,yes
451,39,technician,married,tertiary,no,0,yes,no,cellular,14,jul,894,7,-1,0,unknown,yes
452,59,management,married,tertiary,no,296,no,yes,cellular,15,jul,805,3,-1,0,unknown,yes
453,25,services,single,secondary,no,333,no,yes,cellular,15,jul,1056,2,-1,0,unknown,yes
454,58,management,married,tertiary,no,3864,yes,no,cellular,15,jul,815,4,-1,0,unknown,yes
455,30,entrepreneur,married,primary,no,2686,yes,no,cellular,15,jul,808,3,-1,0,unknown,yes
456,34,blue-collar,single,primary,no,-109,yes,no,cellular,15,jul,860,4,-1,0,unknown,yes
457,51,services,divorced,secondary,no,65,no,yes,cellular,15,jul,881,1,-1,0,unknown,yes
458,60,retired,married,secondary,no,597,no,no,cellular,15,jul,981,1,-1,0,unknown,yes
459,51,entrepreneur,married,secondary,no,-799,no,yes,cellular,15,jul,1001,3,-1,0,unknown,yes
460,37,management,divorced,tertiary,no,1775,no,no,cellular,15,jul,514,5,-1,0,unknown,yes
461,30,blue-collar,single,primary,no,0,no,no,cellular,15,jul,716,3,-1,0,unknown,yes
462,46,entrepreneur,divorced,secondary,no,-563,no,yes,cellular,15,jul,769,4,-1,0,unknown,yes
463,29,student,single,tertiary,no,5,no,no,cellular,15,jul,889,5,-1,0,unknown,yes
464,27,entrepreneur,married,tertiary,no,139,no,no,cellular,15,jul,448,5,-1,0,unknown,yes
465,28,management,single,tertiary,no,0,yes,no,cellular,16,jul,767,5,-1,0,unknown,yes
466,34,blue-collar,single,secondary,no,855,yes,no,cellular,16,jul,578,1,-1,0,unknown,yes
467,29,blue-collar,single,unknown,no,694,yes,yes,cellular,16,jul,1806,4,-1,0,unknown,yes
468,27,management,single,tertiary,no,151,yes,no,cellular,16,jul,496,1,-1,0,unknown,yes
469,26,technician,single,secondary,no,354,no,no,cellular,16,jul,586,1,-1,0,unknown,yes
470,36,management,married,tertiary,no,673,yes,no,cellular,16,jul,689,1,-1,0,unknown,yes
471,44,blue-collar,married,primary,no,1265,yes,no,cellular,16,jul,555,1,-1,0,unknown,yes
472,39,blue-collar,married,tertiary,no,597,no,no,cellular,16,jul,686,6,-1,0,unknown,yes
473,30,technician,married,secondary,no,-393,yes,yes,cellular,16,jul,435,1,-1,0,unknown,yes
474,31,unemployed,divorced,tertiary,no,256,yes,no,cellular,16,jul,873,2,-1,0,unknown,yes
475,56,blue-collar,married,primary,no,0,yes,no,cellular,16,jul,1222,1,-1,0,unknown,yes
476,29,blue-collar,married,secondary,no,2870,yes,no,cellular,16,jul,988,1,-1,0,unknown,yes
477,43,blue-collar,married,secondary,no,184,no,yes,cellular,16,jul,1019,11,-1,0,unknown,yes
478,32,blue-collar,married,secondary,no,1905,yes,no,cellular,16,jul,709,2,-1,0,unknown,yes
479,30,admin.,single,secondary,no,-36,no,no,cellular,16,jul,561,9,-1,0,unknown,yes
480,40,blue-collar,married,secondary,no,-839,yes,yes,cellular,16,jul,1018,2,-1,0,unknown,yes
481,42,services,married,secondary,no,3465,yes,yes,cellular,16,jul,1039,2,-1,0,unknown,yes
482,27,student,married,secondary,no,119,yes,no,cellular,16,jul,781,2,-1,0,unknown,yes
483,35,management,married,tertiary,no,36,no,yes,cellular,16,jul,1656,5,-1,0,unknown,yes
484,35,housemaid,married,primary,no,113,yes,no,cellular,17,jul,923,2,-1,0,unknown,yes
485,32,blue-collar,single,secondary,no,118,yes,no,cellular,17,jul,1275,1,-1,0,unknown,yes
486,39,technician,married,secondary,no,251,yes,no,cellular,17,jul,342,2,-1,0,unknown,yes
487,31,blue-collar,divorced,secondary,no,-277,yes,no,telephone,17,jul,1008,2,-1,0,unknown,yes
488,26,services,single,secondary,no,-189,no,yes,cellular,17,jul,538,2,-1,0,unknown,yes
489,42,management,married,tertiary,no,4,yes,no,cellular,17,jul,795,1,-1,0,unknown,yes
490,27,services,single,secondary,no,1820,yes,no,cellular,17,jul,1027,1,-1,0,unknown,yes
491,33,self-employed,divorced,secondary,no,1904,yes,no,cellular,17,jul,1584,2,-1,0,unknown,yes
492,51,blue-collar,married,primary,no,201,yes,no,cellular,17,jul,582,2,-1,0,unknown,yes
493,33,admin.,married,secondary,no,0,yes,no,telephone,17,jul,1448,7,-1,0,unknown,yes
494,30,technician,single,tertiary,no,178,no,no,cellular,17,jul,656,3,-1,0,unknown,yes
495,52,housemaid,married,primary,no,3798,yes,no,cellular,17,jul,1208,1,-1,0,unknown,yes
496,42,blue-collar,divorced,primary,no,301,yes,no,cellular,17,jul,1175,2,-1,0,unknown,yes
497,31,management,divorced,tertiary,no,294,yes,no,cellular,17,jul,536,5,-1,0,unknown,yes
498,27,services,married,secondary,no,0,yes,no,cellular,17,jul,991,5,-1,0,unknown,yes
499,44,blue-collar,single,secondary,no,292,no,yes,cellular,17,jul,1153,4,-1,0,unknown,yes
500,40,entrepreneur,divorced,secondary,no,2998,yes,no,cellular,18,jul,623,3,-1,0,unknown,yes
501,46,housemaid,divorced,primary,no,2084,yes,no,cellular,18,jul,1081,2,-1,0,unknown,yes
502,32,services,divorced,secondary,no,454,yes,no,cellular,18,jul,978,1,-1,0,unknown,yes
503,56,technician,divorced,secondary,no,179,no,no,cellular,18,jul,536,1,-1,0,unknown,yes
504,33,blue-collar,married,secondary,no,661,yes,no,cellular,18,jul,968,1,-1,0,unknown,yes
505,33,blue-collar,married,secondary,no,89,yes,no,cellular,18,jul,278,2,-1,0,unknown,yes
506,32,self-employed,married,primary,no,102,yes,no,cellular,18,jul,560,1,-1,0,unknown,yes
507,41,blue-collar,divorced,primary,no,138,yes,no,cellular,18,jul,640,3,-1,0,unknown,yes
508,31,admin.,single,secondary,no,622,no,no,cellular,18,jul,420,1,-1,0,unknown,yes
509,30,admin.,divorced,secondary,no,10,yes,no,cellular,18,jul,658,2,-1,0,unknown,yes
510,34,admin.,divorced,secondary,no,-251,no,no,cellular,18,jul,641,1,-1,0,unknown,yes
511,43,entrepreneur,married,secondary,no,104,yes,no,cellular,18,jul,635,3,-1,0,unknown,yes
512,28,blue-collar,married,secondary,no,173,no,no,cellular,18,jul,588,7,-1,0,unknown,yes
513,32,admin.,divorced,secondary,no,-46,no,yes,cellular,18,jul,1373,4,-1,0,unknown,yes
514,31,blue-collar,divorced,secondary,no,0,yes,yes,cellular,18,jul,913,4,-1,0,unknown,yes
515,35,entrepreneur,single,tertiary,no,145,yes,no,cellular,18,jul,799,2,-1,0,unknown,yes
516,31,management,married,tertiary,no,325,yes,no,cellular,18,jul,1139,2,-1,0,unknown,yes
517,25,services,single,secondary,no,2311,no,yes,cellular,21,jul,1105,2,-1,0,unknown,yes
518,56,retired,divorced,tertiary,no,158,no,yes,cellular,21,jul,854,1,-1,0,unknown,yes
519,47,technician,married,secondary,no,1981,yes,no,cellular,21,jul,919,2,-1,0,unknown,yes
520,39,management,married,tertiary,no,1423,yes,no,telephone,21,jul,733,3,-1,0,unknown,yes
521,51,management,married,tertiary,no,2455,yes,no,cellular,21,jul,553,1,-1,0,unknown,yes
522,54,technician,divorced,secondary,no,859,no,yes,cellular,21,jul,710,1,-1,0,unknown,yes
523,58,retired,married,unknown,no,9004,no,no,cellular,21,jul,891,4,-1,0,unknown,yes
524,42,unemployed,married,unknown,no,970,yes,no,telephone,21,jul,691,10,-1,0,unknown,yes
525,56,services,married,primary,no,486,no,yes,telephone,21,jul,1877,1,-1,0,unknown,yes
526,55,housemaid,married,secondary,no,127,yes,no,telephone,21,jul,1130,8,-1,0,unknown,yes
527,26,blue-collar,single,primary,no,409,yes,no,cellular,21,jul,577,2,-1,0,unknown,yes
528,40,admin.,single,secondary,no,664,no,no,cellular,21,jul,1342,2,-1,0,unknown,yes
529,26,technician,single,secondary,no,223,no,yes,cellular,21,jul,1002,3,-1,0,unknown,yes
530,35,management,single,tertiary,no,-324,no,yes,cellular,21,jul,985,11,-1,0,unknown,yes
531,34,services,single,secondary,no,-30,no,no,cellular,21,jul,1360,3,-1,0,unknown,yes
532,41,management,single,tertiary,no,1253,no,no,cellular,21,jul,1134,5,-1,0,unknown,yes
533,44,management,married,primary,no,4758,yes,no,cellular,22,jul,712,6,-1,0,unknown,yes
534,33,management,single,tertiary,no,30,yes,no,cellular,22,jul,1077,1,-1,0,unknown,yes
535,36,management,divorced,tertiary,no,81,no,yes,cellular,22,jul,560,1,-1,0,unknown,yes
536,38,technician,married,secondary,no,0,yes,no,cellular,22,jul,1545,1,-1,0,unknown,yes
537,35,technician,married,tertiary,no,328,yes,no,cellular,22,jul,654,2,-1,0,unknown,yes
538,41,technician,single,tertiary,no,145,no,no,cellular,22,jul,1833,2,-1,0,unknown,yes
539,41,management,divorced,unknown,no,465,yes,no,cellular,22,jul,1508,1,-1,0,unknown,yes
540,28,blue-collar,married,secondary,no,751,yes,no,cellular,22,jul,598,5,-1,0,unknown,yes
541,26,services,married,secondary,no,-379,yes,yes,cellular,22,jul,1237,7,-1,0,unknown,yes
542,39,blue-collar,single,secondary,no,0,no,no,cellular,22,jul,864,4,-1,0,unknown,yes
543,25,admin.,married,unknown,no,349,yes,no,cellular,22,jul,1037,8,-1,0,unknown,yes
544,37,admin.,married,secondary,no,1110,yes,no,telephone,22,jul,802,11,-1,0,unknown,yes
545,25,management,married,secondary,no,2228,yes,no,cellular,23,jul,754,1,-1,0,unknown,yes
546,46,management,divorced,tertiary,no,2166,yes,no,cellular,23,jul,870,1,-1,0,unknown,yes
547,25,blue-collar,single,secondary,no,-247,yes,no,cellular,23,jul,633,1,-1,0,unknown,yes
548,28,technician,single,tertiary,no,-123,no,yes,cellular,23,jul,690,1,-1,0,unknown,yes
549,33,services,divorced,secondary,no,44,no,yes,cellular,23,jul,529,1,-1,0,unknown,yes
550,32,management,single,secondary,no,131,yes,yes,cellular,23,jul,1152,2,-1,0,unknown,yes
551,32,blue-collar,married,secondary,no,476,yes,no,cellular,23,jul,956,9,-1,0,unknown,yes
552,47,technician,single,secondary,no,1101,yes,no,cellular,23,jul,957,3,-1,0,unknown,yes
553,50,entrepreneur,married,tertiary,no,-168,yes,no,cellular,23,jul,1327,2,-1,0,unknown,yes
554,27,technician,married,secondary,no,-392,yes,no,cellular,23,jul,228,2,-1,0,unknown,yes
555,45,admin.,married,secondary,no,524,yes,no,cellular,23,jul,808,1,-1,0,unknown,yes
556,51,admin.,single,secondary,no,895,no,no,cellular,23,jul,638,2,-1,0,unknown,yes
557,36,admin.,married,secondary,no,212,yes,yes,cellular,23,jul,1201,6,-1,0,unknown,yes
558,51,self-employed,married,secondary,no,95,yes,no,cellular,23,jul,1309,4,-1,0,unknown,yes
559,33,services,single,tertiary,no,395,yes,no,cellular,23,jul,1359,6,-1,0,unknown,yes
560,59,technician,married,secondary,no,135,yes,yes,cellular,23,jul,416,4,-1,0,unknown,yes
561,38,entrepreneur,married,tertiary,no,0,no,no,cellular,23,jul,532,2,-1,0,unknown,yes
562,40,services,married,secondary,no,471,yes,no,cellular,24,jul,430,4,-1,0,unknown,yes
563,51,blue-collar,married,primary,no,603,yes,no,cellular,24,jul,853,2,-1,0,unknown,yes
564,41,entrepreneur,single,secondary,no,663,no,no,cellular,24,jul,1204,1,-1,0,unknown,yes
565,38,entrepreneur,married,secondary,no,593,yes,yes,cellular,24,jul,1484,24,-1,0,unknown,yes
566,31,management,married,tertiary,no,1224,yes,yes,cellular,24,jul,1441,2,-1,0,unknown,yes
567,28,admin.,single,secondary,no,2,yes,no,cellular,24,jul,454,1,-1,0,unknown,yes
568,41,blue-collar,married,secondary,yes,720,no,yes,cellular,24,jul,651,1,-1,0,unknown,yes
569,33,management,divorced,tertiary,no,990,yes,no,cellular,24,jul,1491,2,-1,0,unknown,yes
570,25,student,single,secondary,no,1747,yes,no,cellular,24,jul,903,1,-1,0,unknown,yes
571,45,admin.,divorced,secondary,no,59,yes,no,cellular,24,jul,873,8,-1,0,unknown,yes
572,31,blue-collar,married,primary,no,33,yes,no,cellular,24,jul,901,2,-1,0,unknown,yes
573,28,services,single,secondary,no,340,yes,no,cellular,24,jul,821,2,-1,0,unknown,yes
574,49,technician,divorced,secondary,no,305,no,no,cellular,24,jul,367,2,-1,0,unknown,yes
575,25,services,married,secondary,no,0,yes,no,cellular,24,jul,458,9,-1,0,unknown,yes
576,28,unemployed,single,tertiary,no,497,yes,no,cellular,24,jul,1602,6,-1,0,unknown,yes
577,54,retired,married,secondary,no,1371,no,no,telephone,25,jul,1492,2,-1,0,unknown,yes
578,28,technician,single,tertiary,no,1628,yes,no,cellular,25,jul,1422,2,-1,0,unknown,yes
579,27,technician,single,tertiary,no,372,yes,yes,cellular,25,jul,728,2,-1,0,unknown,yes
580,49,blue-collar,single,primary,no,566,yes,no,cellular,25,jul,979,2,-1,0,unknown,yes
581,53,blue-collar,married,primary,no,343,yes,no,cellular,25,jul,616,5,-1,0,unknown,yes
582,26,technician,single,secondary,no,941,no,yes,cellular,25,jul,784,1,-1,0,unknown,yes
583,37,services,married,secondary,no,775,no,yes,cellular,25,jul,1000,1,-1,0,unknown,yes
584,34,blue-collar,single,secondary,no,1759,no,yes,cellular,25,jul,695,1,-1,0,unknown,yes
585,51,retired,married,primary,no,1495,no,no,telephone,25,jul,1946,4,-1,0,unknown,yes
586,39,housemaid,married,secondary,no,1444,no,no,telephone,25,jul,362,8,-1,0,unknown,yes
587,35,technician,single,tertiary,no,470,yes,no,cellular,25,jul,743,13,-1,0,unknown,yes
588,51,unemployed,married,primary,no,1162,yes,no,cellular,25,jul,2015,1,-1,0,unknown,yes
589,30,management,single,tertiary,no,2,yes,yes,cellular,25,jul,1031,8,-1,0,unknown,yes
590,42,blue-collar,single,primary,no,1628,yes,no,cellular,25,jul,590,8,-1,0,unknown,yes
591,54,management,married,secondary,no,1134,yes,no,cellular,25,jul,1330,3,-1,0,unknown,yes
592,51,blue-collar,married,primary,no,0,yes,yes,cellular,25,jul,946,3,-1,0,unknown,yes
593,57,retired,divorced,primary,no,63,no,yes,cellular,25,jul,1448,17,-1,0,unknown,yes
594,30,management,married,tertiary,no,1221,yes,no,telephone,25,jul,279,4,-1,0,unknown,yes
595,37,blue-collar,single,secondary,no,5024,no,yes,cellular,25,jul,661,4,-1,0,unknown,yes
596,39,technician,married,secondary,no,10685,yes,no,cellular,25,jul,1369,9,-1,0,unknown,yes
597,35,technician,married,tertiary,no,1629,no,no,cellular,25,jul,653,4,-1,0,unknown,yes
598,48,management,married,secondary,no,268,yes,no,cellular,28,jul,458,7,-1,0,unknown,yes
599,31,management,married,tertiary,no,0,yes,yes,cellular,28,jul,664,8,-1,0,unknown,yes
600,35,self-employed,married,secondary,no,5613,yes,no,cellular,28,jul,699,3,-1,0,unknown,yes
601,48,housemaid,married,secondary,no,513,no,yes,cellular,28,jul,939,3,-1,0,unknown,yes
602,53,housemaid,married,primary,no,362,no,no,cellular,28,jul,1169,2,-1,0,unknown,yes
603,27,technician,single,secondary,no,3933,no,no,cellular,28,jul,837,3,-1,0,unknown,yes
604,55,technician,married,secondary,no,3899,yes,no,telephone,28,jul,596,4,-1,0,unknown,yes
605,40,services,married,secondary,no,473,yes,no,cellular,28,jul,383,3,-1,0,unknown,yes
606,40,self-employed,single,tertiary,no,1616,no,no,telephone,28,jul,1009,7,-1,0,unknown,yes
607,38,blue-collar,divorced,secondary,no,1817,yes,no,cellular,28,jul,1096,4,-1,0,unknown,yes
608,54,retired,single,secondary,no,129,no,yes,cellular,28,jul,867,2,-1,0,unknown,yes
609,54,technician,married,secondary,no,1938,no,yes,cellular,28,jul,551,3,-1,0,unknown,yes
610,50,admin.,single,secondary,no,133,no,no,cellular,28,jul,890,4,-1,0,unknown,yes
611,48,management,divorced,tertiary,no,2263,no,no,cellular,29,jul,874,2,-1,0,unknown,yes
612,41,services,married,unknown,no,1538,no,no,cellular,29,jul,710,2,-1,0,unknown,yes
613,51,blue-collar,divorced,primary,no,5,no,no,cellular,29,jul,600,2,-1,0,unknown,yes
614,42,technician,single,tertiary,no,2625,no,no,cellular,29,jul,2516,2,-1,0,unknown,yes
615,58,retired,divorced,secondary,no,1080,yes,no,cellular,29,jul,1058,2,-1,0,unknown,yes
616,47,unemployed,married,secondary,no,312,no,no,cellular,29,jul,884,1,-1,0,unknown,yes
617,58,admin.,married,secondary,no,145,yes,no,telephone,29,jul,616,13,-1,0,unknown,yes
618,41,blue-collar,married,secondary,no,-190,no,yes,cellular,29,jul,808,3,-1,0,unknown,yes
619,50,admin.,married,secondary,no,2678,no,no,telephone,30,jul,1011,6,-1,0,unknown,yes
620,46,housemaid,married,secondary,no,271,yes,no,cellular,30,jul,1013,29,-1,0,unknown,yes
621,44,blue-collar,married,secondary,no,0,no,no,cellular,30,jul,684,2,-1,0,unknown,yes
622,36,services,married,secondary,no,0,no,no,cellular,30,jul,843,2,-1,0,unknown,yes
623,58,management,divorced,secondary,no,3161,no,no,telephone,30,jul,542,2,-1,0,unknown,yes
624,44,unemployed,single,primary,yes,-4,no,yes,cellular,30,jul,788,2,-1,0,unknown,yes
625,49,entrepreneur,divorced,unknown,yes,-701,yes,no,cellular,30,jul,988,2,-1,0,unknown,yes
626,55,management,married,tertiary,no,-375,no,no,cellular,30,jul,814,2,-1,0,unknown,yes
627,52,unemployed,married,primary,no,959,no,no,telephone,30,jul,694,2,-1,0,unknown,yes
628,60,retired,divorced,secondary,no,1091,no,no,cellular,30,jul,441,5,-1,0,unknown,yes
629,41,services,married,unknown,yes,-1,no,yes,cellular,30,jul,1171,4,-1,0,unknown,yes
630,36,management,married,tertiary,no,96,no,no,cellular,30,jul,729,4,-1,0,unknown,yes
631,41,blue-collar,divorced,primary,no,0,no,no,cellular,30,jul,509,2,-1,0,unknown,yes
632,50,entrepreneur,married,tertiary,no,230,no,no,telephone,30,jul,1089,4,-1,0,unknown,yes
633,44,housemaid,married,primary,no,-156,no,yes,cellular,30,jul,1211,2,-1,0,unknown,yes
634,54,technician,married,secondary,no,114,no,no,cellular,30,jul,458,3,-1,0,unknown,yes
635,35,management,married,tertiary,no,-468,yes,no,cellular,30,jul,540,8,-1,0,unknown,yes
636,59,retired,divorced,secondary,no,679,no,no,cellular,30,jul,761,4,-1,0,unknown,yes
637,42,entrepreneur,married,unknown,no,206,yes,no,cellular,30,jul,695,2,-1,0,unknown,yes
638,27,management,single,tertiary,no,1,yes,no,cellular,30,jul,764,4,-1,0,unknown,yes
639,59,housemaid,divorced,primary,no,2518,no,no,cellular,30,jul,675,3,-1,0,unknown,yes
640,43,admin.,married,secondary,no,378,no,no,cellular,30,jul,782,8,-1,0,unknown,yes
641,39,technician,single,secondary,no,391,no,yes,cellular,30,jul,962,4,-1,0,unknown,yes
642,33,unemployed,married,secondary,no,-144,no,no,cellular,30,jul,481,3,-1,0,unknown,yes
643,36,self-employed,single,tertiary,no,1240,no,no,cellular,31,jul,812,3,-1,0,unknown,yes
644,35,blue-collar,divorced,primary,no,1792,yes,no,cellular,31,jul,630,6,-1,0,unknown,yes
645,50,blue-collar,married,unknown,no,2284,yes,no,telephone,31,jul,1088,17,-1,0,unknown,yes
646,55,technician,married,secondary,no,264,yes,yes,cellular,31,jul,1150,5,-1,0,unknown,yes
647,51,unemployed,divorced,tertiary,no,0,no,no,cellular,31,jul,574,2,-1,0,unknown,yes
648,48,entrepreneur,married,tertiary,yes,-392,no,no,cellular,31,jul,725,4,-1,0,unknown,yes
649,55,housemaid,divorced,primary,no,77,no,no,cellular,31,jul,463,6,-1,0,unknown,yes
650,30,services,married,secondary,no,48,yes,no,cellular,31,jul,662,13,-1,0,unknown,yes
651,53,blue-collar,married,primary,no,252,no,no,cellular,31,jul,727,4,-1,0,unknown,yes
652,40,blue-collar,married,secondary,no,1954,no,no,cellular,31,jul,1107,2,-1,0,unknown,yes
653,44,technician,married,primary,no,755,no,yes,cellular,31,jul,829,4,-1,0,unknown,yes
654,49,management,divorced,tertiary,no,755,no,no,cellular,31,jul,1212,4,-1,0,unknown,yes
655,40,admin.,married,secondary,no,341,no,no,cellular,31,jul,1142,5,-1,0,unknown,yes
656,58,unemployed,married,primary,no,1183,no,no,cellular,31,jul,1721,5,-1,0,unknown,yes
657,49,services,married,secondary,no,388,no,no,telephone,31,jul,1032,4,-1,0,unknown,yes
658,38,technician,married,secondary,no,1919,no,no,cellular,4,aug,846,1,-1,0,unknown,yes
659,51,housemaid,divorced,tertiary,no,1613,no,no,cellular,4,aug,870,1,-1,0,unknown,yes
660,36,management,divorced,tertiary,no,0,no,no,cellular,4,aug,1165,1,-1,0,unknown,yes
661,55,retired,married,secondary,no,0,no,no,cellular,4,aug,1110,1,-1,0,unknown,yes
662,43,technician,married,tertiary,no,0,no,no,cellular,4,aug,1488,2,-1,0,unknown,yes
663,60,management,divorced,secondary,no,0,no,no,cellular,5,aug,603,3,-1,0,unknown,yes
664,57,retired,married,secondary,no,466,no,no,cellular,5,aug,641,2,-1,0,unknown,yes
665,41,technician,married,tertiary,no,515,no,no,cellular,5,aug,837,2,-1,0,unknown,yes
666,50,technician,married,tertiary,no,2313,no,no,cellular,5,aug,553,1,-1,0,unknown,yes
667,53,blue-collar,married,secondary,no,-8,no,no,cellular,5,aug,794,1,-1,0,unknown,yes
668,59,retired,married,primary,no,1634,yes,yes,cellular,5,aug,836,1,-1,0,unknown,yes
669,59,housemaid,married,primary,no,100,no,no,cellular,5,aug,1134,1,-1,0,unknown,yes
670,52,unknown,married,unknown,no,5361,no,no,cellular,5,aug,607,3,-1,0,unknown,yes
671,58,management,divorced,tertiary,no,1257,no,no,cellular,5,aug,1536,1,-1,0,unknown,yes
672,59,retired,married,primary,no,3400,yes,no,cellular,5,aug,515,3,-1,0,unknown,yes
673,49,technician,single,secondary,no,1377,no,no,cellular,5,aug,935,1,-1,0,unknown,yes
674,33,management,divorced,tertiary,no,2885,no,no,cellular,5,aug,1051,2,-1,0,unknown,yes
675,55,blue-collar,married,primary,no,512,no,no,cellular,5,aug,1200,2,-1,0,unknown,yes
676,42,technician,married,tertiary,no,921,no,no,cellular,5,aug,531,3,-1,0,unknown,yes
677,52,services,married,secondary,no,1000,no,no,cellular,5,aug,766,2,-1,0,unknown,yes
678,38,technician,married,tertiary,no,202,no,no,cellular,5,aug,1311,2,-1,0,unknown,yes
679,55,technician,married,tertiary,no,169,no,yes,cellular,5,aug,618,2,-1,0,unknown,yes
680,49,technician,married,tertiary,no,3726,no,no,cellular,5,aug,875,2,-1,0,unknown,yes
681,56,technician,divorced,secondary,no,146,yes,no,cellular,5,aug,419,3,-1,0,unknown,yes
682,46,technician,married,secondary,no,940,no,no,cellular,5,aug,1227,2,-1,0,unknown,yes
683,57,retired,divorced,tertiary,no,734,no,no,cellular,6,aug,1357,4,-1,0,unknown,yes
684,61,retired,married,secondary,no,77,no,no,cellular,6,aug,455,4,-1,0,unknown,yes
685,45,admin.,married,secondary,no,925,no,no,cellular,6,aug,406,2,-1,0,unknown,yes
686,39,management,married,tertiary,no,1836,no,no,cellular,6,aug,902,3,-1,0,unknown,yes
687,46,admin.,married,secondary,no,660,no,no,cellular,6,aug,740,2,-1,0,unknown,yes
688,43,management,single,tertiary,no,1304,no,no,cellular,6,aug,501,2,-1,0,unknown,yes
689,34,services,married,secondary,no,2956,no,no,cellular,6,aug,835,2,-1,0,unknown,yes
690,35,management,divorced,tertiary,no,146,no,no,cellular,6,aug,720,2,-1,0,unknown,yes
691,36,management,divorced,tertiary,yes,36,no,no,cellular,6,aug,836,4,-1,0,unknown,yes
692,45,management,divorced,tertiary,no,1,no,no,cellular,6,aug,490,2,-1,0,unknown,yes
693,47,technician,married,secondary,no,2480,no,no,cellular,6,aug,763,2,-1,0,unknown,yes
694,42,technician,married,tertiary,no,14282,yes,no,cellular,6,aug,649,4,-1,0,unknown,yes
695,40,management,single,tertiary,no,0,no,no,cellular,6,aug,641,6,-1,0,unknown,yes
696,40,technician,divorced,secondary,no,311,no,no,cellular,6,aug,738,2,-1,0,unknown,yes
697,32,technician,married,secondary,no,560,no,no,cellular,6,aug,1044,4,-1,0,unknown,yes
698,33,technician,single,secondary,no,3059,no,yes,cellular,6,aug,482,2,-1,0,unknown,yes
699,32,self-employed,married,tertiary,no,1423,no,no,cellular,6,aug,1249,4,-1,0,unknown,yes
700,46,blue-collar,married,primary,no,874,no,no,cellular,6,aug,996,1,-1,0,unknown,yes
701,50,admin.,married,secondary,no,706,yes,no,cellular,6,aug,1250,4,-1,0,unknown,yes
702,51,blue-collar,married,primary,no,7098,no,no,cellular,6,aug,1471,7,-1,0,unknown,yes
703,30,management,single,tertiary,no,5389,no,no,cellular,6,aug,1456,3,-1,0,unknown,yes
704,39,technician,single,secondary,no,1104,no,no,cellular,7,aug,395,2,-1,0,unknown,yes
705,47,admin.,married,secondary,no,3070,no,no,cellular,7,aug,663,4,-1,0,unknown,yes
706,40,technician,divorced,secondary,no,0,no,no,cellular,7,aug,674,2,-1,0,unknown,yes
707,50,blue-collar,married,primary,no,4108,yes,no,cellular,7,aug,526,2,-1,0,unknown,yes
708,60,management,married,tertiary,no,0,no,no,cellular,7,aug,401,3,-1,0,unknown,yes
709,32,management,single,tertiary,no,4291,no,no,cellular,7,aug,1321,9,-1,0,unknown,yes
710,57,technician,married,tertiary,no,6822,no,no,cellular,7,aug,797,2,-1,0,unknown,yes
711,41,self-employed,married,tertiary,no,231,no,no,cellular,7,aug,352,2,-1,0,unknown,yes
712,50,technician,married,secondary,no,3176,no,no,cellular,7,aug,670,1,-1,0,unknown,yes
713,46,technician,divorced,secondary,no,-824,yes,no,cellular,7,aug,429,3,-1,0,unknown,yes
714,31,management,married,tertiary,no,676,no,no,cellular,7,aug,1182,1,-1,0,unknown,yes
715,36,technician,single,secondary,no,651,no,no,cellular,7,aug,876,1,-1,0,unknown,yes
716,45,technician,divorced,secondary,no,2657,no,no,cellular,7,aug,895,3,-1,0,unknown,yes
717,33,technician,divorced,secondary,no,801,no,no,cellular,7,aug,341,5,-1,0,unknown,yes
718,47,services,married,secondary,no,405,no,yes,cellular,8,aug,994,2,-1,0,unknown,yes
719,35,management,married,tertiary,no,82,no,no,cellular,8,aug,507,4,-1,0,unknown,yes
720,38,management,married,tertiary,no,179,no,no,unknown,8,aug,317,4,-1,0,unknown,yes
721,33,management,married,tertiary,no,1047,no,no,cellular,8,aug,512,4,-1,0,unknown,yes
722,44,technician,single,secondary,no,7138,no,no,cellular,8,aug,809,2,-1,0,unknown,yes
723,31,management,single,tertiary,no,165,no,yes,cellular,8,aug,523,2,-1,0,unknown,yes
724,31,management,single,tertiary,no,37,no,no,cellular,8,aug,669,2,-1,0,unknown,yes
725,49,services,married,secondary,no,823,no,no,cellular,8,aug,780,4,-1,0,unknown,yes
726,52,services,married,primary,no,1625,no,no,cellular,8,aug,459,2,-1,0,unknown,yes
727,31,technician,married,tertiary,no,120,no,no,cellular,8,aug,1000,1,-1,0,unknown,yes
728,35,management,married,tertiary,no,2957,yes,yes,cellular,8,aug,733,3,-1,0,unknown,yes
729,31,management,single,tertiary,no,2,no,no,cellular,8,aug,848,1,-1,0,unknown,yes
730,36,technician,divorced,secondary,no,1,no,no,cellular,8,aug,1242,3,-1,0,unknown,yes
731,39,management,married,tertiary,no,1795,no,no,cellular,8,aug,922,7,-1,0,unknown,yes
732,46,management,married,tertiary,no,4,no,no,cellular,8,aug,1206,4,-1,0,unknown,yes
733,48,blue-collar,married,primary,no,476,no,no,cellular,11,aug,856,3,-1,0,unknown,yes
734,36,management,married,tertiary,no,9,no,no,cellular,11,aug,386,4,-1,0,unknown,yes
735,30,management,married,tertiary,no,131,yes,no,cellular,11,aug,384,6,-1,0,unknown,yes
736,33,management,single,tertiary,no,1120,no,no,cellular,11,aug,1070,2,-1,0,unknown,yes
737,57,housemaid,married,primary,no,2785,no,no,cellular,11,aug,610,4,-1,0,unknown,yes
738,33,management,single,tertiary,no,0,no,no,cellular,11,aug,699,7,-1,0,unknown,yes
739,35,management,married,tertiary,no,43,no,no,cellular,11,aug,917,4,-1,0,unknown,yes
740,53,management,married,tertiary,no,0,no,no,cellular,11,aug,608,2,-1,0,unknown,yes
741,41,management,married,secondary,no,456,yes,no,cellular,11,aug,734,4,-1,0,unknown,yes
742,32,management,single,secondary,no,2018,no,no,cellular,11,aug,1238,1,-1,0,unknown,yes
743,41,management,married,tertiary,no,0,no,no,cellular,11,aug,1242,5,-1,0,unknown,yes
744,35,technician,single,secondary,no,354,no,no,cellular,11,aug,444,3,-1,0,unknown,yes
745,48,blue-collar,married,primary,no,719,no,yes,cellular,11,aug,418,5,-1,0,unknown,yes
746,34,management,married,tertiary,no,828,no,yes,cellular,11,aug,1080,3,-1,0,unknown,yes
747,47,blue-collar,married,secondary,no,2787,no,no,cellular,11,aug,479,1,-1,0,unknown,yes
748,46,unemployed,married,secondary,no,2551,no,no,cellular,12,aug,645,2,-1,0,unknown,yes
749,60,retired,married,secondary,no,2722,no,no,cellular,12,aug,506,2,-1,0,unknown,yes
750,39,management,married,secondary,no,1880,no,no,cellular,12,aug,768,2,-1,0,unknown,yes
751,57,blue-collar,married,primary,no,2112,no,no,cellular,12,aug,1134,2,-1,0,unknown,yes
752,36,unemployed,divorced,secondary,no,871,no,no,cellular,12,aug,396,3,-1,0,unknown,yes
753,30,management,married,secondary,no,850,no,no,cellular,12,aug,507,2,-1,0,unknown,yes
754,33,technician,married,secondary,no,3243,no,no,cellular,12,aug,439,4,-1,0,unknown,yes
755,30,management,married,tertiary,no,1567,yes,no,cellular,12,aug,1133,4,-1,0,unknown,yes
756,36,technician,single,secondary,yes,12,no,no,cellular,12,aug,587,2,-1,0,unknown,yes
757,49,blue-collar,married,primary,no,128,no,no,cellular,12,aug,696,2,-1,0,unknown,yes
758,49,blue-collar,married,secondary,no,553,no,no,cellular,12,aug,645,8,-1,0,unknown,yes
759,40,unemployed,divorced,secondary,no,1694,no,no,cellular,12,aug,473,6,-1,0,unknown,yes
760,49,blue-collar,married,primary,no,408,no,no,cellular,12,aug,559,4,-1,0,unknown,yes
761,38,management,married,tertiary,no,1223,no,no,cellular,12,aug,1092,5,-1,0,unknown,yes
762,31,management,single,tertiary,no,1858,no,no,cellular,12,aug,453,3,-1,0,unknown,yes
763,34,management,married,tertiary,no,520,yes,no,cellular,12,aug,1307,4,-1,0,unknown,yes
764,39,management,married,tertiary,no,271,yes,no,cellular,12,aug,1344,1,-1,0,unknown,yes
765,40,management,married,secondary,no,4396,no,no,cellular,12,aug,432,3,-1,0,unknown,yes
766,47,technician,married,secondary,no,568,yes,no,cellular,12,aug,1613,1,-1,0,unknown,yes
767,37,technician,single,secondary,no,3665,no,no,cellular,12,aug,664,3,-1,0,unknown,yes
768,44,technician,single,secondary,no,244,yes,no,cellular,12,aug,1735,4,-1,0,unknown,yes
769,55,management,married,tertiary,no,568,no,no,cellular,12,aug,940,10,-1,0,unknown,yes
770,40,technician,married,secondary,no,42,no,no,cellular,13,aug,1842,2,-1,0,unknown,yes
771,54,retired,married,primary,no,309,no,no,cellular,13,aug,969,2,-1,0,unknown,yes
772,35,technician,married,secondary,no,-180,no,yes,cellular,13,aug,823,2,-1,0,unknown,yes
773,32,technician,single,tertiary,no,34646,no,no,telephone,13,aug,618,9,-1,0,unknown,yes
774,36,management,divorced,tertiary,no,59,no,no,cellular,13,aug,526,2,-1,0,unknown,yes
775,37,management,married,tertiary,no,4436,no,no,cellular,13,aug,846,5,-1,0,unknown,yes
776,37,technician,single,secondary,no,-242,yes,no,cellular,13,aug,1149,6,-1,0,unknown,yes
777,50,self-employed,married,secondary,no,10052,no,no,cellular,13,aug,665,2,-1,0,unknown,yes
778,58,retired,married,tertiary,no,0,no,no,cellular,13,aug,641,4,-1,0,unknown,yes
779,52,technician,divorced,secondary,no,152,no,no,cellular,13,aug,404,6,-1,0,unknown,yes
780,31,management,married,tertiary,no,156,no,no,cellular,13,aug,657,7,-1,0,unknown,yes
781,40,management,married,tertiary,no,66,no,no,cellular,13,aug,737,4,-1,0,unknown,yes
782,34,management,single,tertiary,no,9827,yes,no,cellular,13,aug,871,4,-1,0,unknown,yes
783,53,services,married,secondary,no,6170,no,no,cellular,13,aug,838,4,-1,0,unknown,yes
784,43,management,married,tertiary,no,2383,no,no,cellular,13,aug,379,6,-1,0,unknown,yes
785,30,technician,single,tertiary,no,635,no,no,cellular,13,aug,851,8,-1,0,unknown,yes
786,34,technician,single,secondary,no,16,no,no,cellular,13,aug,990,1,-1,0,unknown,yes
787,48,admin.,divorced,secondary,no,362,no,no,cellular,13,aug,529,1,-1,0,unknown,yes
788,33,management,married,tertiary,no,191,no,no,cellular,13,aug,1148,2,-1,0,unknown,yes
789,37,management,single,tertiary,no,455,yes,no,cellular,13,aug,904,6,-1,0,unknown,yes
790,57,technician,divorced,secondary,no,3043,no,no,cellular,14,aug,707,2,-1,0,unknown,yes
791,55,retired,married,primary,no,3334,no,no,cellular,14,aug,632,4,-1,0,unknown,yes
792,34,technician,married,tertiary,no,8029,yes,no,cellular,14,aug,593,4,-1,0,unknown,yes
793,44,entrepreneur,married,tertiary,no,624,no,no,telephone,14,aug,552,2,-1,0,unknown,yes
794,35,management,single,tertiary,no,331,no,no,cellular,14,aug,857,2,-1,0,unknown,yes
795,34,housemaid,married,primary,no,2929,no,no,cellular,14,aug,518,2,-1,0,unknown,yes
796,49,services,married,secondary,no,1314,no,no,cellular,14,aug,834,14,-1,0,unknown,yes
797,30,technician,married,secondary,no,289,yes,no,cellular,14,aug,1184,4,-1,0,unknown,yes
798,32,management,single,tertiary,no,20,no,no,cellular,14,aug,1151,2,-1,0,unknown,yes
799,56,blue-collar,married,primary,no,8163,no,no,cellular,14,aug,1231,4,-1,0,unknown,yes
800,50,management,single,tertiary,no,1200,no,no,cellular,14,aug,904,3,-1,0,unknown,yes
801,32,technician,single,secondary,no,1732,yes,no,cellular,14,aug,1871,3,-1,0,unknown,yes
802,45,technician,single,tertiary,no,0,no,no,cellular,18,aug,773,4,-1,0,unknown,yes
803,52,management,married,tertiary,no,576,no,no,cellular,18,aug,762,3,-1,0,unknown,yes
804,60,blue-collar,married,primary,no,493,no,no,cellular,18,aug,671,4,-1,0,unknown,yes
805,47,management,married,tertiary,no,682,no,no,cellular,18,aug,638,6,-1,0,unknown,yes
806,32,technician,single,secondary,no,0,no,no,cellular,18,aug,594,4,-1,0,unknown,yes
807,55,blue-collar,married,primary,no,3485,no,no,cellular,18,aug,625,4,-1,0,unknown,yes
808,36,management,single,tertiary,no,2944,no,no,cellular,18,aug,882,8,-1,0,unknown,yes
809,46,technician,married,secondary,no,1353,no,no,cellular,18,aug,528,5,-1,0,unknown,yes
810,55,management,divorced,tertiary,no,0,no,no,cellular,18,aug,309,4,-1,0,unknown,yes
811,30,management,single,tertiary,no,1541,no,no,cellular,18,aug,471,8,-1,0,unknown,yes
812,54,blue-collar,married,secondary,no,548,no,no,cellular,18,aug,520,7,-1,0,unknown,yes
813,31,management,divorced,tertiary,no,254,no,no,cellular,18,aug,1576,8,-1,0,unknown,yes
814,46,technician,single,tertiary,no,4414,no,no,cellular,18,aug,504,7,-1,0,unknown,yes
815,61,management,married,secondary,no,985,no,no,cellular,18,aug,998,6,-1,0,unknown,yes
816,58,retired,married,primary,no,1241,no,no,cellular,18,aug,194,2,-1,0,unknown,yes
817,38,technician,single,secondary,no,3278,no,no,cellular,19,aug,645,14,-1,0,unknown,yes
818,49,technician,married,secondary,no,412,no,no,cellular,19,aug,1293,8,-1,0,unknown,yes
819,43,management,single,tertiary,no,483,no,no,cellular,19,aug,950,6,-1,0,unknown,yes
820,52,management,married,tertiary,no,7135,no,no,cellular,19,aug,1032,3,-1,0,unknown,yes
821,33,self-employed,single,tertiary,no,61,no,no,cellular,19,aug,836,3,-1,0,unknown,yes
822,33,management,married,tertiary,no,1412,yes,no,unknown,19,aug,480,1,-1,0,unknown,yes
823,53,management,married,tertiary,no,15,no,no,cellular,20,aug,921,2,-1,0,unknown,yes
824,40,admin.,single,tertiary,no,27,no,no,cellular,20,aug,467,2,-1,0,unknown,yes
825,44,self-employed,married,tertiary,no,1196,no,no,cellular,20,aug,552,5,-1,0,unknown,yes
826,42,technician,divorced,secondary,no,19,no,no,cellular,20,aug,875,4,-1,0,unknown,yes
827,33,management,single,tertiary,no,432,no,no,telephone,20,aug,588,6,-1,0,unknown,yes
828,53,technician,married,tertiary,no,988,no,no,cellular,20,aug,1408,5,-1,0,unknown,yes
829,60,admin.,married,tertiary,no,1614,no,no,cellular,20,aug,921,6,-1,0,unknown,yes
830,33,technician,single,secondary,no,163,yes,no,cellular,20,aug,627,2,-1,0,unknown,yes
831,37,technician,married,tertiary,no,247,no,no,cellular,20,aug,625,6,-1,0,unknown,yes
832,45,admin.,married,secondary,no,236,no,no,cellular,20,aug,703,2,-1,0,unknown,yes
833,34,technician,single,secondary,no,666,no,no,cellular,21,aug,1503,2,-1,0,unknown,yes
834,56,technician,married,tertiary,no,73,no,no,cellular,21,aug,644,4,-1,0,unknown,yes
835,57,technician,divorced,tertiary,no,96,no,no,cellular,21,aug,913,4,-1,0,unknown,yes
836,32,management,single,tertiary,no,46,no,no,cellular,21,aug,788,6,-1,0,unknown,yes
837,50,services,married,secondary,no,1501,no,no,cellular,21,aug,946,4,-1,0,unknown,yes
838,30,services,single,tertiary,no,-477,no,yes,cellular,21,aug,1532,2,-1,0,unknown,yes
839,56,admin.,married,secondary,no,1694,no,no,cellular,21,aug,793,10,-1,0,unknown,yes
840,55,blue-collar,married,secondary,no,196,no,no,cellular,21,aug,81,1,-1,0,unknown,yes
841,34,self-employed,single,tertiary,no,462,no,no,cellular,21,aug,1877,3,-1,0,unknown,yes
842,52,management,married,tertiary,no,1227,no,no,cellular,22,aug,1123,4,-1,0,unknown,yes
843,32,management,single,tertiary,no,522,no,no,cellular,22,aug,576,2,-1,0,unknown,yes
844,31,self-employed,married,tertiary,no,94,no,no,cellular,22,aug,579,2,-1,0,unknown,yes
845,44,technician,married,secondary,no,267,no,no,cellular,22,aug,520,2,-1,0,unknown,yes
846,33,management,married,tertiary,no,4570,no,no,cellular,22,aug,1258,2,-1,0,unknown,yes
847,53,blue-collar,married,secondary,no,25,no,no,cellular,22,aug,528,2,-1,0,unknown,yes
848,46,management,single,tertiary,no,0,no,no,cellular,22,aug,686,2,-1,0,unknown,yes
849,46,entrepreneur,married,tertiary,no,1920,no,no,cellular,22,aug,604,6,-1,0,unknown,yes
850,59,admin.,married,secondary,no,1575,yes,no,cellular,22,aug,1241,11,-1,0,unknown,yes
851,51,unemployed,married,secondary,no,234,no,no,cellular,22,aug,735,1,-1,0,unknown,yes
852,57,retired,married,primary,no,3518,yes,no,cellular,25,aug,626,3,-1,0,unknown,yes
853,43,technician,married,secondary,no,136,no,no,cellular,25,aug,363,7,-1,0,unknown,yes
854,48,management,single,tertiary,no,830,no,no,cellular,25,aug,961,4,-1,0,unknown,yes
855,33,housemaid,married,primary,no,2054,no,no,cellular,25,aug,472,6,-1,0,unknown,yes
856,59,blue-collar,married,primary,no,-546,no,no,cellular,25,aug,1152,6,-1,0,unknown,yes
857,58,blue-collar,married,primary,no,5188,yes,no,cellular,25,aug,606,6,-1,0,unknown,yes
858,32,management,single,tertiary,no,1882,no,no,cellular,25,aug,497,5,-1,0,unknown,yes
859,44,management,married,tertiary,no,792,no,no,cellular,25,aug,630,7,-1,0,unknown,yes
860,47,blue-collar,married,unknown,yes,162,no,no,cellular,25,aug,366,3,-1,0,unknown,yes
861,34,technician,married,secondary,no,1035,no,no,cellular,25,aug,1374,10,-1,0,unknown,yes
862,51,retired,married,tertiary,no,746,no,no,cellular,25,aug,372,5,-1,0,unknown,yes
863,60,unknown,married,unknown,no,17297,no,no,cellular,26,aug,664,11,-1,0,unknown,yes
864,46,admin.,married,secondary,no,22,no,no,cellular,26,aug,388,6,-1,0,unknown,yes
865,41,technician,married,tertiary,no,231,no,no,cellular,26,aug,428,2,-1,0,unknown,yes
866,34,self-employed,single,secondary,no,296,no,no,cellular,27,aug,609,13,-1,0,unknown,yes
867,31,technician,divorced,tertiary,no,0,no,no,cellular,27,aug,581,6,-1,0,unknown,yes
868,37,management,married,tertiary,no,40,no,no,cellular,27,aug,1033,4,-1,0,unknown,yes
869,59,retired,married,secondary,no,2396,no,no,cellular,27,aug,1040,6,-1,0,unknown,yes
870,55,services,married,unknown,no,2944,no,no,cellular,27,aug,672,6,-1,0,unknown,yes
871,33,management,single,tertiary,no,7084,no,no,cellular,27,aug,512,8,-1,0,unknown,yes
872,30,technician,married,tertiary,no,569,no,no,cellular,27,aug,976,12,-1,0,unknown,yes
873,36,management,married,tertiary,no,0,no,no,telephone,27,aug,645,9,-1,0,unknown,yes
874,44,management,married,tertiary,no,1138,no,no,cellular,27,aug,523,3,-1,0,unknown,yes
875,36,technician,divorced,secondary,no,54,yes,no,cellular,27,aug,1642,3,-1,0,unknown,yes
876,33,management,single,tertiary,no,2637,no,no,cellular,28,aug,583,17,-1,0,unknown,yes
877,36,technician,married,secondary,no,2473,no,no,cellular,28,aug,965,4,-1,0,unknown,yes
878,53,blue-collar,married,primary,no,5603,no,no,cellular,28,aug,2372,6,-1,0,unknown,yes
879,47,admin.,divorced,secondary,no,225,no,no,cellular,28,aug,1126,4,-1,0,unknown,yes
880,39,management,married,tertiary,no,-17,yes,yes,cellular,28,aug,908,1,-1,0,unknown,yes
881,35,technician,single,secondary,no,3490,yes,no,cellular,29,aug,643,2,-1,0,unknown,yes
882,32,management,single,tertiary,no,769,no,no,cellular,29,aug,695,2,-1,0,unknown,yes
883,46,technician,divorced,secondary,no,-90,no,yes,telephone,17,oct,270,1,-1,0,unknown,yes
884,30,self-employed,married,tertiary,no,1785,no,no,unknown,17,oct,235,1,-1,0,unknown,yes
885,36,self-employed,single,tertiary,no,-103,yes,yes,telephone,17,oct,3253,1,-1,0,unknown,yes
886,47,admin.,divorced,secondary,no,555,yes,yes,telephone,17,oct,478,1,-1,0,unknown,yes
887,52,technician,married,secondary,no,5303,yes,no,unknown,19,oct,133,1,-1,0,unknown,yes
888,43,management,married,tertiary,no,1258,no,no,unknown,20,oct,312,1,-1,0,unknown,yes
889,44,technician,single,secondary,no,1679,no,no,telephone,20,oct,718,1,-1,0,unknown,yes
890,30,blue-collar,married,secondary,no,1664,yes,no,telephone,20,oct,2016,1,-1,0,unknown,yes
891,32,admin.,married,secondary,no,8749,yes,yes,unknown,21,oct,294,1,-1,0,unknown,yes
892,42,admin.,single,secondary,no,-247,yes,yes,telephone,21,oct,519,1,166,1,other,yes
893,33,services,married,secondary,no,3444,yes,no,telephone,21,oct,144,1,91,4,failure,yes
894,45,admin.,married,secondary,no,5346,yes,yes,unknown,21,oct,187,1,-1,0,unknown,yes
895,45,blue-collar,married,secondary,no,1144,yes,no,unknown,22,oct,676,1,-1,0,unknown,yes
896,28,student,single,secondary,no,2351,no,no,telephone,22,oct,157,1,-1,0,unknown,yes
897,32,technician,single,tertiary,no,5514,no,no,telephone,22,oct,181,1,-1,0,unknown,yes
898,28,self-employed,married,secondary,no,123,no,yes,telephone,22,oct,313,1,-1,0,unknown,yes
899,44,admin.,divorced,primary,no,429,yes,no,telephone,23,oct,80,1,-1,0,unknown,yes
900,51,entrepreneur,married,tertiary,no,5254,yes,no,unknown,23,oct,134,1,-1,0,unknown,yes
901,56,technician,married,secondary,no,589,yes,no,unknown,23,oct,518,1,147,2,success,yes
902,40,technician,divorced,tertiary,no,568,yes,no,unknown,24,oct,112,1,-1,0,unknown,yes
903,49,admin.,married,secondary,no,10250,yes,no,telephone,24,oct,97,1,-1,0,unknown,yes
904,50,management,single,tertiary,no,3537,no,no,unknown,24,oct,305,1,-1,0,unknown,yes
905,58,admin.,divorced,secondary,no,1947,no,no,telephone,26,oct,228,1,-1,0,unknown,yes
906,37,admin.,married,secondary,no,1967,no,no,telephone,27,oct,376,1,-1,0,unknown,yes
907,27,entrepreneur,married,secondary,no,2329,no,no,telephone,27,oct,131,1,-1,0,unknown,yes
908,47,management,divorced,tertiary,no,12026,yes,no,telephone,27,oct,251,1,-1,0,unknown,yes
909,39,admin.,married,secondary,no,1757,no,no,telephone,28,oct,125,1,-1,0,unknown,yes
910,43,management,married,secondary,no,107,yes,yes,telephone,28,oct,135,1,-1,0,unknown,yes
911,34,technician,married,secondary,no,1012,yes,yes,telephone,28,oct,540,1,-1,0,unknown,yes
912,35,management,divorced,tertiary,no,0,yes,no,telephone,29,oct,171,1,-1,0,unknown,yes
913,58,management,divorced,tertiary,no,372,no,yes,unknown,29,oct,11,1,-1,0,unknown,yes
914,35,management,single,tertiary,no,7506,yes,no,unknown,30,oct,248,1,-1,0,unknown,yes
915,42,technician,divorced,secondary,no,314,yes,no,unknown,30,oct,234,1,-1,0,unknown,yes
916,43,retired,married,secondary,no,860,no,no,telephone,30,oct,132,1,-1,0,unknown,yes
917,34,housemaid,married,secondary,no,0,yes,no,unknown,30,oct,154,1,-1,0,unknown,yes
918,35,blue-collar,single,secondary,no,3623,no,no,telephone,30,oct,160,1,-1,0,unknown,yes
919,38,admin.,single,secondary,no,2470,no,no,telephone,31,oct,227,1,-1,0,unknown,yes
920,39,blue-collar,married,secondary,no,1307,yes,no,telephone,31,oct,158,1,-1,0,unknown,yes
921,58,retired,divorced,tertiary,no,3237,no,no,telephone,31,oct,615,1,-1,0,unknown,yes
922,60,management,married,tertiary,no,5041,no,no,telephone,4,nov,399,1,-1,0,unknown,yes
923,56,technician,married,secondary,no,6619,yes,no,telephone,4,nov,465,1,-1,0,unknown,yes
924,31,management,married,tertiary,no,1331,no,no,unknown,5,nov,268,1,-1,0,unknown,yes
925,37,services,married,secondary,no,1970,yes,no,telephone,5,nov,253,1,-1,0,unknown,yes
926,59,retired,divorced,secondary,no,1026,no,no,unknown,5,nov,669,1,-1,0,unknown,yes
927,49,management,married,secondary,no,249,no,no,telephone,6,nov,234,1,-1,0,unknown,yes
928,30,management,single,tertiary,no,12857,yes,no,cellular,6,nov,150,1,-1,0,unknown,yes
929,31,technician,single,tertiary,no,2807,no,no,unknown,8,nov,154,1,-1,0,unknown,yes
930,40,blue-collar,married,secondary,no,5060,no,no,unknown,9,nov,299,1,-1,0,unknown,yes
931,43,admin.,married,secondary,no,2271,no,no,telephone,10,nov,524,1,-1,0,unknown,yes
932,48,management,married,tertiary,no,1,no,no,telephone,10,nov,248,1,-1,0,unknown,yes
933,34,management,married,tertiary,no,676,no,no,telephone,11,nov,486,1,-1,0,unknown,yes
934,28,self-employed,single,tertiary,no,160,no,no,unknown,11,nov,158,1,-1,0,unknown,yes
935,34,admin.,married,tertiary,no,899,yes,no,unknown,12,nov,114,1,170,3,failure,yes
936,47,blue-collar,married,secondary,no,1230,yes,no,telephone,12,nov,378,1,-1,0,unknown,yes
937,59,housemaid,married,tertiary,no,0,no,no,telephone,13,nov,494,1,-1,0,unknown,yes
938,32,blue-collar,single,tertiary,no,700,no,no,unknown,13,nov,90,1,-1,0,unknown,yes
939,31,entrepreneur,single,secondary,no,0,no,no,telephone,13,nov,160,1,-1,0,unknown,yes
940,27,student,single,secondary,no,67,no,no,telephone,14,nov,239,1,-1,0,unknown,yes
941,35,unemployed,single,secondary,no,127,yes,no,telephone,14,nov,162,1,-1,0,unknown,yes
942,32,blue-collar,married,secondary,no,2089,yes,no,cellular,14,nov,132,1,-1,0,unknown,yes
943,57,blue-collar,married,unknown,no,3585,no,no,telephone,14,nov,172,1,-1,0,unknown,yes
944,58,management,married,tertiary,no,4152,yes,no,telephone,14,nov,160,1,-1,0,unknown,yes
945,30,technician,single,secondary,no,816,yes,no,unknown,14,nov,179,1,-1,0,unknown,yes
946,37,management,married,secondary,no,5447,yes,yes,cellular,17,nov,1789,1,-1,0,unknown,yes
947,44,technician,divorced,secondary,no,275,no,no,cellular,17,nov,1077,1,-1,0,unknown,yes
948,57,blue-collar,married,secondary,no,1540,yes,no,cellular,17,nov,564,1,-1,0,unknown,yes
949,34,blue-collar,married,secondary,no,751,yes,yes,cellular,17,nov,1303,1,-1,0,unknown,yes
950,54,unemployed,single,secondary,no,380,no,no,cellular,17,nov,696,2,-1,0,unknown,yes
951,55,retired,married,secondary,no,1504,yes,yes,cellular,17,nov,761,1,-1,0,unknown,yes
952,59,management,married,tertiary,no,1783,no,yes,cellular,17,nov,540,2,-1,0,unknown,yes
953,53,retired,married,tertiary,no,2269,no,no,cellular,17,nov,1091,2,150,1,success,yes
954,37,technician,married,secondary,no,5115,yes,no,cellular,17,nov,1210,2,171,4,failure,yes
955,45,entrepreneur,married,secondary,no,781,no,yes,cellular,17,nov,652,2,126,2,failure,yes
956,49,technician,single,secondary,no,-188,yes,yes,cellular,17,nov,454,1,-1,0,unknown,yes
957,31,blue-collar,single,tertiary,no,761,no,no,telephone,18,nov,514,2,-1,0,unknown,yes
958,31,admin.,single,secondary,no,19,yes,no,cellular,18,nov,1978,1,-1,0,unknown,yes
959,35,technician,married,secondary,no,4508,yes,no,cellular,18,nov,854,1,-1,0,unknown,yes
960,37,entrepreneur,divorced,tertiary,no,66,no,no,cellular,18,nov,1164,2,-1,0,unknown,yes
961,48,management,married,tertiary,no,2266,no,no,cellular,18,nov,676,1,-1,0,unknown,yes
962,39,technician,single,secondary,no,4646,yes,no,cellular,18,nov,486,1,-1,0,unknown,yes
963,34,management,single,tertiary,no,1494,yes,no,cellular,18,nov,596,1,182,1,other,yes
964,49,management,married,tertiary,no,1050,yes,no,cellular,18,nov,924,1,-1,0,unknown,yes
965,41,management,married,tertiary,no,0,yes,no,cellular,18,nov,897,3,-1,0,unknown,yes
966,46,management,married,secondary,no,0,no,no,cellular,18,nov,1855,1,-1,0,unknown,yes
967,54,management,divorced,tertiary,no,2171,yes,yes,telephone,18,nov,1034,1,-1,0,unknown,yes
968,38,technician,married,tertiary,no,3234,no,no,cellular,18,nov,578,2,-1,0,unknown,yes
969,39,entrepreneur,married,secondary,no,11887,no,no,cellular,18,nov,1181,2,-1,0,unknown,yes
970,46,management,married,tertiary,no,0,no,no,cellular,18,nov,716,2,110,3,other,yes
971,58,management,divorced,tertiary,no,5037,yes,no,cellular,18,nov,1437,2,-1,0,unknown,yes
972,32,self-employed,single,tertiary,no,386,yes,no,cellular,18,nov,482,1,-1,0,unknown,yes
973,30,admin.,married,secondary,no,8781,yes,no,cellular,18,nov,898,1,-1,0,unknown,yes
974,51,entrepreneur,married,primary,no,538,no,no,cellular,18,nov,1122,4,-1,0,unknown,yes
975,30,management,single,tertiary,no,5561,yes,no,cellular,19,nov,511,1,-1,0,unknown,yes
976,35,management,divorced,tertiary,no,859,yes,yes,cellular,19,nov,1554,1,-1,0,unknown,yes
977,30,services,single,primary,no,0,yes,yes,cellular,19,nov,686,1,-1,0,unknown,yes
978,30,self-employed,single,secondary,no,-617,no,yes,cellular,19,nov,925,1,-1,0,unknown,yes
979,43,management,married,tertiary,no,1429,yes,no,cellular,19,nov,1015,1,198,2,other,yes
980,47,management,married,unknown,no,4189,yes,no,cellular,19,nov,489,3,-1,0,unknown,yes
981,51,retired,married,tertiary,no,580,no,no,cellular,19,nov,694,2,-1,0,unknown,yes
982,32,services,single,secondary,no,2615,no,no,cellular,19,nov,853,1,-1,0,unknown,yes
983,53,unemployed,divorced,secondary,no,587,no,no,cellular,19,nov,561,1,-1,0,unknown,yes
984,33,technician,single,tertiary,no,149,yes,no,cellular,19,nov,424,2,182,1,other,yes
985,40,blue-collar,single,secondary,no,3,no,no,cellular,19,nov,998,1,-1,0,unknown,yes
986,42,blue-collar,married,primary,no,807,yes,no,cellular,19,nov,1057,1,-1,0,unknown,yes
987,46,unemployed,divorced,secondary,no,3354,yes,no,cellular,19,nov,522,1,174,1,success,yes
988,32,self-employed,single,tertiary,no,1249,yes,no,cellular,19,nov,472,1,-1,0,unknown,yes
989,38,blue-collar,married,primary,no,190,yes,no,telephone,19,nov,623,1,175,1,other,yes
990,32,technician,single,tertiary,no,550,no,no,cellular,19,nov,337,1,-1,0,unknown,yes
991,30,entrepreneur,married,secondary,no,12737,no,yes,cellular,19,nov,589,2,-1,0,unknown,yes
992,35,technician,married,secondary,no,0,yes,no,cellular,19,nov,644,4,-1,0,unknown,yes
993,36,admin.,married,secondary,no,1207,yes,no,cellular,19,nov,1792,2,-1,0,unknown,yes
994,43,self-employed,divorced,secondary,no,347,no,no,cellular,19,nov,1468,3,-1,0,unknown,yes
995,42,management,married,tertiary,no,3713,no,no,cellular,19,nov,709,2,-1,0,unknown,yes
996,40,management,married,tertiary,no,3352,yes,no,cellular,19,nov,639,2,27,1,success,yes
997,32,blue-collar,married,secondary,no,254,yes,no,cellular,19,nov,1720,3,-1,0,unknown,yes
998,32,technician,married,tertiary,no,4654,yes,yes,cellular,20,nov,276,1,128,2,failure,yes
999,41,blue-collar,single,secondary,yes,-386,no,yes,cellular,20,nov,477,1,-1,0,unknown,yes
1000,34,blue-collar,single,secondary,no,3043,yes,yes,cellular,20,nov,670,1,-1,0,unknown,yes
1001,40,services,single,secondary,no,1547,yes,no,cellular,20,nov,405,1,-1,0,unknown,yes
1002,32,services,single,tertiary,no,945,no,no,cellular,20,nov,531,1,-1,0,unknown,yes
1003,32,technician,single,secondary,no,6402,yes,no,cellular,20,nov,628,1,-1,0,unknown,yes
1004,36,self-employed,single,secondary,no,1295,no,no,cellular,20,nov,1192,1,-1,0,unknown,yes
1005,45,technician,married,secondary,no,6993,yes,no,cellular,20,nov,283,1,-1,0,unknown,yes
1006,47,self-employed,married,secondary,no,4420,yes,yes,cellular,20,nov,454,1,-1,0,unknown,yes
1007,35,management,divorced,tertiary,no,141,no,yes,cellular,20,nov,728,1,-1,0,unknown,yes
1008,36,services,married,secondary,no,11462,yes,no,cellular,20,nov,993,1,-1,0,unknown,yes
1009,33,technician,married,tertiary,no,6843,no,no,cellular,20,nov,755,1,100,10,other,yes
1010,30,blue-collar,married,secondary,no,501,yes,yes,cellular,20,nov,994,1,177,1,failure,yes
1011,32,services,single,secondary,no,5806,yes,no,cellular,20,nov,1503,2,-1,0,unknown,yes
1012,45,entrepreneur,married,tertiary,no,20138,yes,no,cellular,20,nov,871,5,-1,0,unknown,yes
1013,47,services,married,secondary,no,1315,no,no,cellular,20,nov,329,4,-1,0,unknown,yes
1014,46,technician,married,tertiary,no,0,no,no,cellular,20,nov,531,1,167,1,failure,yes
1015,39,unemployed,single,tertiary,no,7,yes,no,cellular,20,nov,931,4,-1,0,unknown,yes
1016,30,services,married,secondary,no,3929,yes,no,cellular,20,nov,593,1,-1,0,unknown,yes
1017,45,self-employed,married,secondary,no,7,no,no,cellular,20,nov,691,1,-1,0,unknown,yes
1018,43,blue-collar,married,secondary,no,699,yes,yes,cellular,20,nov,1258,2,122,2,other,yes
1019,53,blue-collar,married,primary,no,421,yes,no,cellular,20,nov,677,1,-1,0,unknown,yes
1020,43,technician,married,tertiary,no,4333,yes,no,cellular,20,nov,1490,3,-1,0,unknown,yes
1021,54,management,divorced,secondary,no,300,yes,no,cellular,20,nov,562,2,-1,0,unknown,yes
1022,30,blue-collar,single,secondary,no,7773,yes,no,cellular,20,nov,705,1,-1,0,unknown,yes
1023,30,admin.,married,secondary,no,1794,no,no,cellular,20,nov,1035,1,-1,0,unknown,yes
1024,36,management,single,tertiary,no,2032,no,yes,cellular,20,nov,736,1,-1,0,unknown,yes
1025,33,management,married,tertiary,no,3401,no,no,cellular,20,nov,253,1,-1,0,unknown,yes
1026,38,entrepreneur,married,tertiary,no,1110,yes,no,cellular,20,nov,888,2,183,2,failure,yes
1027,37,technician,divorced,secondary,no,3068,yes,yes,cellular,20,nov,370,2,195,1,other,yes
1028,32,services,married,secondary,no,983,yes,no,cellular,20,nov,500,2,133,1,failure,yes
1029,59,technician,divorced,secondary,no,2396,no,no,cellular,20,nov,488,1,-1,0,unknown,yes
1030,59,retired,married,secondary,no,6888,no,no,telephone,20,nov,1025,2,-1,0,unknown,yes
1031,46,admin.,divorced,secondary,no,2087,no,no,cellular,20,nov,768,3,-1,0,unknown,yes
1032,32,blue-collar,single,primary,no,121,yes,no,cellular,20,nov,758,1,-1,0,unknown,yes
1033,52,entrepreneur,single,tertiary,no,3469,yes,no,cellular,20,nov,653,1,-1,0,unknown,yes
1034,45,blue-collar,married,primary,no,5461,yes,no,cellular,20,nov,841,2,-1,0,unknown,yes
1035,52,blue-collar,married,secondary,no,7119,no,yes,telephone,20,nov,871,3,-1,0,unknown,yes
1036,31,blue-collar,married,tertiary,no,-35,no,no,cellular,20,nov,952,2,-1,0,unknown,yes
1037,31,unemployed,married,secondary,no,314,yes,no,cellular,20,nov,1341,3,178,7,failure,yes
1038,39,technician,single,secondary,no,18508,no,no,cellular,20,nov,1598,4,-1,0,unknown,yes
1039,35,blue-collar,married,secondary,no,5639,yes,no,cellular,20,nov,945,2,-1,0,unknown,yes
1040,33,services,married,secondary,no,2918,no,yes,cellular,20,nov,1059,2,-1,0,unknown,yes
1041,50,blue-collar,married,primary,no,12519,yes,no,cellular,21,nov,615,3,34,1,failure,yes
1042,36,management,married,tertiary,no,4069,no,no,cellular,21,nov,517,1,-1,0,unknown,yes
1043,34,admin.,single,tertiary,no,4254,yes,no,cellular,21,nov,714,1,-1,0,unknown,yes
1044,46,blue-collar,divorced,primary,no,219,yes,no,cellular,21,nov,729,1,-1,0,unknown,yes
1045,47,technician,married,secondary,no,0,no,no,cellular,21,nov,591,1,10,1,failure,yes
1046,39,admin.,single,secondary,no,2263,yes,yes,telephone,21,nov,1158,9,-1,0,unknown,yes
1047,31,self-employed,single,tertiary,no,2589,no,no,cellular,21,nov,614,1,-1,0,unknown,yes
1048,41,management,single,tertiary,no,1982,no,no,cellular,21,nov,558,1,-1,0,unknown,yes
1049,59,management,married,tertiary,no,7049,no,no,cellular,21,nov,530,1,163,2,failure,yes
1050,39,management,divorced,tertiary,no,1968,no,no,cellular,21,nov,648,1,-1,0,unknown,yes
1051,48,housemaid,married,primary,no,7195,no,no,cellular,21,nov,609,2,-1,0,unknown,yes
1052,50,admin.,married,secondary,no,4117,no,no,cellular,21,nov,530,1,-1,0,unknown,yes
1053,31,admin.,single,secondary,no,3950,yes,no,cellular,21,nov,529,1,-1,0,unknown,yes
1054,30,services,single,secondary,no,495,yes,no,cellular,21,nov,641,1,-1,0,unknown,yes
1055,31,management,married,secondary,no,8629,yes,no,cellular,21,nov,957,1,184,2,failure,yes
1056,30,technician,married,secondary,no,455,yes,no,cellular,21,nov,758,1,-1,0,unknown,yes
1057,34,blue-collar,single,secondary,no,4536,yes,no,cellular,21,nov,963,1,-1,0,unknown,yes
1058,53,blue-collar,married,secondary,no,1777,yes,no,cellular,21,nov,796,5,154,1,failure,yes
1059,34,blue-collar,married,primary,no,3527,yes,no,cellular,21,nov,1022,1,-1,0,unknown,yes
1060,57,management,married,tertiary,no,372,no,no,cellular,21,nov,553,3,-1,0,unknown,yes
1061,41,services,single,secondary,no,92,no,no,cellular,21,nov,372,1,-1,0,unknown,yes
1062,40,admin.,married,primary,no,72,yes,yes,cellular,21,nov,849,1,-1,0,unknown,yes
1063,37,admin.,divorced,secondary,no,1533,yes,no,cellular,21,nov,555,4,-1,0,unknown,yes
1064,31,management,married,tertiary,no,4148,yes,no,cellular,21,nov,316,3,99,9,other,yes
1065,58,management,married,tertiary,no,96,no,no,cellular,21,nov,850,1,-1,0,unknown,yes
1066,39,unemployed,married,secondary,no,2245,no,no,cellular,21,nov,749,2,-1,0,unknown,yes
1067,47,technician,married,secondary,no,834,no,yes,cellular,21,nov,902,1,133,2,other,yes
1068,44,management,married,tertiary,no,4119,yes,yes,telephone,21,nov,1074,1,-1,0,unknown,yes
1069,45,technician,married,tertiary,no,-525,no,yes,cellular,21,nov,980,2,-1,0,unknown,yes
1070,41,entrepreneur,married,primary,no,39,yes,no,cellular,21,nov,549,2,-1,0,unknown,yes
1071,33,technician,single,tertiary,no,0,yes,no,cellular,21,nov,654,1,-1,0,unknown,yes
1072,30,student,single,tertiary,no,2766,no,no,cellular,21,nov,834,1,-1,0,unknown,yes
1073,30,student,single,tertiary,no,3300,no,no,cellular,21,nov,1571,1,-1,0,unknown,yes
1074,42,management,married,tertiary,no,36,no,no,cellular,21,nov,664,3,-1,0,unknown,yes
1075,49,management,married,tertiary,no,22520,no,no,cellular,21,nov,579,9,-1,0,unknown,yes
1076,59,unemployed,single,primary,no,7724,no,no,cellular,21,nov,373,3,-1,0,unknown,yes
1077,31,unknown,married,secondary,no,111,no,no,cellular,21,nov,504,2,93,2,failure,yes
1078,43,management,married,tertiary,no,2640,no,no,cellular,21,nov,314,4,-1,0,unknown,yes
1079,38,management,married,tertiary,no,3436,no,no,cellular,21,nov,663,4,-1,0,unknown,yes
1080,30,services,married,secondary,no,0,yes,no,cellular,21,nov,681,4,-1,0,unknown,yes
1081,35,admin.,divorced,secondary,no,3636,no,yes,cellular,21,nov,808,2,-1,0,unknown,yes
1082,43,technician,married,secondary,no,3288,yes,no,cellular,21,nov,775,3,-1,0,unknown,yes
1083,34,management,single,tertiary,no,2633,yes,no,cellular,21,nov,705,6,-1,0,unknown,yes
1084,52,blue-collar,married,secondary,no,580,no,no,cellular,21,nov,965,2,-1,0,unknown,yes
1085,46,management,married,secondary,no,149,no,no,cellular,21,nov,1222,2,-1,0,unknown,yes
1086,46,services,divorced,secondary,no,4329,no,no,cellular,21,nov,534,2,-1,0,unknown,yes
1087,37,admin.,single,secondary,no,1097,yes,no,cellular,21,nov,1555,2,-1,0,unknown,yes
1088,42,management,married,tertiary,no,1275,yes,yes,cellular,21,nov,925,5,-1,0,unknown,yes
1089,23,unemployed,single,primary,no,1003,no,no,telephone,27,nov,8,1,-1,0,unknown,yes
1090,53,management,NULL,secondary,no,1004,no,yes,telephone,22,dec,119,1,-1,0,unknown,yes
1091,26,unemployed,single,tertiary,no,814,no,no,cellular,28,jan,1387,1,-1,0,unknown,yes
1092,49,technician,married,secondary,no,808,yes,no,cellular,28,jan,1232,1,-1,0,unknown,yes
1093,34,unknown,single,secondary,no,859,no,no,cellular,28,jan,829,1,-1,0,unknown,yes
1094,28,unknown,single,secondary,no,4465,no,no,cellular,28,jan,769,1,-1,0,unknown,yes
1095,46,technician,divorced,tertiary,no,0,no,no,cellular,28,jan,1199,2,-1,0,unknown,yes
1096,26,unemployed,single,secondary,no,622,no,no,cellular,28,jan,1451,2,-1,0,unknown,yes
1097,31,services,single,secondary,no,1709,no,yes,telephone,28,jan,944,3,-1,0,unknown,yes
1098,51,admin.,single,tertiary,no,394,no,no,telephone,28,jan,968,2,-1,0,unknown,yes
1099,47,blue-collar,married,secondary,no,1125,yes,no,cellular,29,jan,1101,1,-1,0,unknown,yes
1100,53,blue-collar,married,primary,yes,-462,no,no,cellular,29,jan,470,1,-1,0,unknown,yes
1101,29,unemployed,single,primary,no,550,no,no,cellular,29,jan,801,1,-1,0,unknown,yes
1102,32,technician,single,secondary,no,540,no,yes,cellular,29,jan,750,1,-1,0,unknown,yes
1103,26,blue-collar,single,primary,no,941,no,no,cellular,29,jan,1165,1,-1,0,unknown,yes
1104,40,management,single,tertiary,no,1361,no,no,cellular,29,jan,1473,1,-1,0,unknown,yes
1105,33,services,single,tertiary,no,-452,no,no,cellular,29,jan,692,2,-1,0,unknown,yes
1106,49,unemployed,married,primary,no,518,no,no,cellular,29,jan,1917,2,-1,0,unknown,yes
1107,60,technician,married,tertiary,no,-71,yes,yes,cellular,30,jan,1451,1,-1,0,unknown,yes
1108,41,management,single,secondary,no,3234,yes,no,cellular,30,jan,2770,1,-1,0,unknown,yes
1109,36,technician,single,secondary,no,98,no,no,cellular,30,jan,771,1,-1,0,unknown,yes
1110,29,services,single,unknown,no,196,no,no,cellular,30,jan,726,2,-1,0,unknown,yes
1111,42,admin.,divorced,secondary,no,936,no,no,cellular,30,jan,931,1,-1,0,unknown,yes
1112,33,entrepreneur,single,tertiary,no,300,yes,yes,cellular,30,jan,922,5,-1,0,unknown,yes
1113,31,admin.,divorced,secondary,no,217,yes,no,cellular,30,jan,1776,2,-1,0,unknown,yes
1114,31,unemployed,single,primary,no,163,no,no,cellular,30,jan,707,2,2,1,other,yes
1115,26,services,single,secondary,no,110,no,no,cellular,30,jan,1136,2,-1,0,unknown,yes
1116,40,technician,single,tertiary,no,1646,yes,no,cellular,2,feb,215,1,242,2,failure,yes
1117,45,unemployed,married,secondary,no,2040,no,no,telephone,2,feb,803,1,-1,0,unknown,yes
1118,55,technician,married,secondary,yes,-308,no,no,cellular,2,feb,781,1,-1,0,unknown,yes
1119,29,technician,single,tertiary,no,2325,no,no,cellular,2,feb,125,1,-1,0,unknown,yes
1120,47,management,single,tertiary,no,86,no,no,cellular,2,feb,1086,1,-1,0,unknown,yes
1121,50,unemployed,divorced,unknown,no,1088,no,no,cellular,2,feb,749,1,-1,0,unknown,yes
1122,44,unemployed,married,secondary,no,0,yes,no,cellular,2,feb,699,1,272,1,failure,yes
1123,56,unemployed,married,secondary,no,0,no,no,telephone,2,feb,492,1,-1,0,unknown,yes
1124,39,student,single,tertiary,no,2103,no,no,cellular,2,feb,588,1,-1,0,unknown,yes
1125,59,retired,single,secondary,no,2,no,no,telephone,2,feb,935,1,-1,0,unknown,yes
1126,43,management,divorced,secondary,no,51,no,no,cellular,2,feb,430,1,-1,0,unknown,yes
1127,36,admin.,married,secondary,no,96,no,no,cellular,2,feb,302,1,-1,0,unknown,yes
1128,29,admin.,single,secondary,no,1027,yes,no,cellular,2,feb,177,1,-1,0,unknown,yes
1129,38,management,married,tertiary,no,1308,yes,no,cellular,2,feb,626,1,-1,0,unknown,yes
1130,41,services,divorced,secondary,no,840,yes,no,cellular,2,feb,938,1,-1,0,unknown,yes
1131,58,management,divorced,tertiary,no,5701,no,no,cellular,2,feb,521,1,-1,0,unknown,yes
1132,61,management,married,tertiary,no,6016,no,no,cellular,2,feb,670,3,-1,0,unknown,yes
1133,36,management,married,tertiary,no,630,no,no,cellular,2,feb,285,1,-1,0,unknown,yes
1134,30,self-employed,single,tertiary,no,432,yes,no,cellular,2,feb,402,1,-1,0,unknown,yes
1135,43,admin.,single,secondary,no,-247,yes,yes,cellular,2,feb,751,2,76,4,failure,yes
1136,39,services,married,secondary,no,52,no,no,telephone,2,feb,1420,3,-1,0,unknown,yes
1137,48,blue-collar,single,primary,no,623,yes,no,cellular,2,feb,1425,2,-1,0,unknown,yes
1138,26,student,single,secondary,no,0,no,no,cellular,2,feb,1223,2,-1,0,unknown,yes
1139,51,technician,married,secondary,no,100,no,no,cellular,2,feb,467,2,-1,0,unknown,yes
1140,37,management,married,tertiary,no,4089,yes,no,cellular,2,feb,289,2,174,4,other,yes
1141,29,technician,single,tertiary,no,1669,no,no,cellular,3,feb,297,1,-1,0,unknown,yes
1142,57,admin.,married,secondary,no,169,no,no,cellular,3,feb,369,1,-1,0,unknown,yes
1143,25,admin.,single,secondary,no,483,no,yes,cellular,3,feb,189,1,-1,0,unknown,yes
1144,68,retired,divorced,primary,no,250,no,no,cellular,3,feb,360,1,-1,0,unknown,yes
1145,34,management,married,tertiary,no,0,yes,no,cellular,3,feb,251,1,-1,0,unknown,yes
1146,38,technician,divorced,secondary,no,902,yes,no,cellular,3,feb,650,1,-1,0,unknown,yes
1147,54,technician,divorced,secondary,no,2156,yes,no,cellular,3,feb,261,1,195,4,failure,yes
1148,32,management,single,tertiary,no,2360,no,no,cellular,3,feb,152,2,160,5,other,yes
1149,41,blue-collar,married,primary,no,201,yes,no,cellular,3,feb,157,1,-1,0,unknown,yes
1150,48,technician,single,secondary,no,-92,yes,no,cellular,3,feb,1393,1,-1,0,unknown,yes
1151,59,retired,divorced,secondary,no,514,no,no,cellular,3,feb,261,1,-1,0,unknown,yes
1152,39,unemployed,single,secondary,no,-114,yes,no,cellular,3,feb,372,1,-1,0,unknown,yes
1153,31,management,married,tertiary,no,1331,no,no,cellular,3,feb,182,2,90,1,success,yes
1154,30,entrepreneur,single,secondary,no,732,no,no,cellular,3,feb,1404,4,-1,0,unknown,yes
1155,40,management,married,tertiary,no,1308,no,no,telephone,3,feb,1776,2,-1,0,unknown,yes
1156,28,self-employed,married,tertiary,no,0,yes,no,cellular,4,feb,546,3,196,4,failure,yes
1157,52,management,married,tertiary,no,-970,yes,no,cellular,4,feb,489,1,-1,0,unknown,yes
1158,32,technician,single,tertiary,no,1246,yes,no,cellular,4,feb,192,2,-1,0,unknown,yes
1159,34,management,married,tertiary,no,73,no,no,cellular,4,feb,426,2,-1,0,unknown,yes
1160,31,unemployed,single,primary,no,406,no,no,cellular,4,feb,736,1,-1,0,unknown,yes
1161,57,admin.,married,secondary,no,4391,no,no,telephone,4,feb,1416,1,-1,0,unknown,yes
1162,31,self-employed,married,tertiary,no,168,no,no,cellular,4,feb,193,2,-1,0,unknown,yes
1163,29,management,married,tertiary,no,1441,yes,no,cellular,4,feb,80,2,-1,0,unknown,yes
1164,75,retired,divorced,primary,no,3881,yes,no,cellular,4,feb,136,3,-1,0,unknown,yes
1165,32,admin.,single,secondary,no,678,yes,no,cellular,4,feb,1579,1,246,4,failure,yes
1166,31,management,married,tertiary,no,141,yes,no,cellular,4,feb,572,2,238,7,other,yes
1167,41,self-employed,single,tertiary,no,-94,yes,no,cellular,4,feb,1164,1,203,1,failure,yes
1168,22,admin.,single,tertiary,no,897,yes,no,cellular,4,feb,133,4,-1,0,unknown,yes
1169,31,unemployed,single,secondary,no,1214,no,no,cellular,4,feb,974,1,-1,0,unknown,yes
1170,69,retired,married,primary,no,324,no,no,cellular,4,feb,136,4,-1,0,unknown,yes
1171,30,self-employed,married,tertiary,no,2666,no,no,cellular,4,feb,467,1,-1,0,unknown,yes
1172,49,blue-collar,divorced,secondary,no,10613,no,yes,cellular,4,feb,1226,1,-1,0,unknown,yes
1173,29,management,single,tertiary,no,697,no,no,cellular,4,feb,206,1,-1,0,unknown,yes
1174,43,blue-collar,married,secondary,no,953,yes,no,cellular,4,feb,765,2,-1,0,unknown,yes
1175,28,services,single,primary,no,198,no,no,cellular,4,feb,976,2,-1,0,unknown,yes
1176,56,unemployed,single,primary,no,1110,no,no,cellular,4,feb,945,2,-1,0,unknown,yes
1177,39,admin.,married,secondary,no,130,yes,yes,cellular,4,feb,1290,2,-1,0,unknown,yes
1178,33,blue-collar,married,secondary,no,315,no,no,cellular,4,feb,146,3,-1,0,unknown,yes
1179,38,technician,married,tertiary,no,4383,no,no,cellular,4,feb,1381,4,-1,0,unknown,yes
1180,30,admin.,single,secondary,no,313,yes,no,cellular,4,feb,1121,2,-1,0,unknown,yes
1181,29,technician,married,secondary,no,273,no,no,cellular,4,feb,2775,2,-1,0,unknown,yes
1182,69,management,married,tertiary,no,840,no,no,telephone,5,feb,128,3,-1,0,unknown,yes
1183,NULL,management,married,tertiary,no,309,yes,no,cellular,5,feb,676,1,-1,0,unknown,yes
1184,35,management,single,tertiary,no,2707,no,no,cellular,5,feb,699,1,-1,0,unknown,yes
1185,31,technician,single,tertiary,no,1109,no,no,cellular,5,feb,642,1,167,2,failure,yes
1186,26,entrepreneur,single,secondary,no,101,yes,no,cellular,5,feb,810,1,268,1,failure,yes
1187,26,entrepreneur,single,tertiary,no,725,no,no,cellular,5,feb,1916,2,189,29,other,yes
1188,34,unemployed,married,primary,no,309,no,no,cellular,5,feb,578,1,-1,0,unknown,yes
1189,42,technician,single,secondary,no,541,yes,no,cellular,5,feb,656,1,-1,0,unknown,yes
1190,54,services,married,unknown,no,0,yes,no,cellular,5,feb,686,2,267,1,other,yes
1191,53,management,married,tertiary,no,1624,no,no,cellular,5,feb,158,3,-1,0,unknown,yes
1192,54,technician,married,secondary,no,0,no,no,telephone,5,feb,744,3,-1,0,unknown,yes
1193,48,entrepreneur,single,tertiary,no,318,yes,no,cellular,5,feb,1017,4,-1,0,unknown,yes
1194,40,unemployed,married,primary,no,1908,yes,no,cellular,5,feb,1661,2,-1,0,unknown,yes
1195,28,technician,single,tertiary,no,676,no,no,cellular,5,feb,1138,2,-1,0,unknown,yes
1196,34,entrepreneur,married,tertiary,no,1076,yes,no,cellular,5,feb,136,10,-1,0,unknown,yes
1197,34,management,single,tertiary,no,1228,no,no,cellular,5,feb,263,8,-1,0,unknown,yes
1198,32,management,single,tertiary,no,0,no,no,cellular,5,feb,550,4,-1,0,unknown,yes
1199,31,services,single,secondary,no,13,no,yes,cellular,6,feb,1019,2,-1,0,unknown,yes
1200,31,management,single,tertiary,no,12857,yes,no,cellular,6,feb,158,1,92,1,success,yes
1201,66,technician,married,secondary,no,0,no,no,cellular,6,feb,751,1,-1,0,unknown,yes
1202,37,technician,single,tertiary,no,6101,no,no,cellular,6,feb,141,1,-1,0,unknown,yes
1203,33,management,married,tertiary,no,158,no,no,cellular,6,feb,192,2,-1,0,unknown,yes
1204,50,management,married,tertiary,no,346,no,no,cellular,6,feb,178,1,-1,0,unknown,yes
1205,33,blue-collar,single,secondary,no,697,no,no,cellular,6,feb,860,2,-1,0,unknown,yes
1206,56,management,married,tertiary,no,616,no,no,cellular,6,feb,156,1,-1,0,unknown,yes
1207,26,services,single,tertiary,no,1140,yes,no,cellular,6,feb,984,2,-1,0,unknown,yes
1208,59,retired,divorced,tertiary,no,3444,no,no,cellular,6,feb,241,2,-1,0,unknown,yes
1209,32,blue-collar,married,secondary,no,1879,no,no,cellular,6,feb,591,8,-1,0,unknown,yes
1210,22,student,single,secondary,no,0,no,no,cellular,6,feb,229,6,-1,0,unknown,yes
1211,34,management,married,tertiary,no,0,no,no,cellular,6,feb,787,3,9,1,other,yes
1212,39,services,married,tertiary,no,1493,no,no,cellular,9,feb,912,3,-1,0,unknown,yes
1213,28,technician,single,secondary,no,313,no,no,cellular,9,feb,1183,2,-1,0,unknown,yes
1214,31,self-employed,single,tertiary,no,1815,no,no,telephone,9,feb,1541,1,-1,0,unknown,yes
1215,33,blue-collar,single,tertiary,no,700,no,no,cellular,9,feb,126,1,88,1,success,yes
1216,66,retired,married,primary,no,206,no,no,cellular,9,feb,479,1,-1,0,unknown,yes
1217,26,admin.,single,secondary,no,255,no,no,cellular,9,feb,190,1,-1,0,unknown,yes
1218,30,admin.,single,secondary,no,270,no,no,cellular,9,feb,123,1,-1,0,unknown,yes
1219,28,technician,single,tertiary,no,4987,no,no,cellular,9,feb,253,21,-1,0,unknown,yes
1220,29,technician,single,tertiary,no,673,yes,no,cellular,9,feb,835,3,-1,0,unknown,yes
1221,49,services,married,secondary,no,320,no,no,telephone,9,feb,1971,4,-1,0,unknown,yes
1222,34,admin.,married,secondary,no,0,yes,no,cellular,10,feb,97,1,85,1,failure,yes
1223,47,blue-collar,married,secondary,no,292,no,no,cellular,10,feb,277,1,-1,0,unknown,yes
1224,42,technician,married,tertiary,no,757,no,no,cellular,10,feb,154,1,-1,0,unknown,yes
1225,43,management,married,tertiary,no,40,no,no,cellular,10,feb,147,1,-1,0,unknown,yes
1226,61,retired,married,tertiary,no,1257,no,no,cellular,10,feb,503,1,-1,0,unknown,yes
1227,35,technician,single,secondary,no,1693,yes,no,cellular,10,feb,515,1,-1,0,unknown,yes
1228,40,blue-collar,married,secondary,no,5060,no,no,cellular,10,feb,154,2,93,1,success,yes
1229,31,management,divorced,tertiary,no,373,no,no,cellular,10,feb,132,6,-1,0,unknown,yes
1230,33,management,married,secondary,no,369,no,no,cellular,11,feb,446,1,-1,0,unknown,yes
1231,69,retired,married,primary,no,2346,no,no,cellular,11,feb,354,2,-1,0,unknown,yes
1232,30,services,single,secondary,no,1599,no,no,cellular,11,feb,152,2,-1,0,unknown,yes
1233,41,technician,married,secondary,no,1066,no,no,cellular,11,feb,109,3,-1,0,unknown,yes
1234,31,management,married,tertiary,no,2603,yes,no,cellular,11,feb,280,4,-1,0,unknown,yes
1235,22,student,single,secondary,no,381,no,no,cellular,12,feb,227,1,-1,0,unknown,yes
1236,37,admin.,married,secondary,no,1314,yes,no,cellular,12,feb,118,4,210,3,failure,yes
1237,48,management,single,tertiary,no,5689,no,no,cellular,12,feb,262,1,-1,0,unknown,yes
1238,85,retired,married,primary,no,12114,no,no,telephone,12,feb,165,2,-1,0,unknown,yes
1239,72,retired,married,tertiary,no,0,no,no,cellular,13,feb,99,1,-1,0,unknown,yes
1240,46,admin.,divorced,secondary,no,2232,no,no,cellular,13,feb,121,1,-1,0,unknown,yes
1241,26,technician,single,tertiary,no,11862,no,no,cellular,13,feb,119,1,-1,0,unknown,yes
1242,37,technician,married,tertiary,no,127,yes,no,cellular,13,feb,71,1,-1,0,unknown,yes
1243,53,management,divorced,tertiary,no,2152,no,no,cellular,13,feb,75,3,-1,0,unknown,yes
1244,33,management,single,tertiary,no,3552,no,no,cellular,13,feb,158,2,85,3,failure,yes
1245,90,retired,divorced,secondary,no,1,no,no,cellular,13,feb,152,3,-1,0,unknown,yes
1246,54,admin.,divorced,secondary,no,1872,no,no,cellular,13,feb,439,5,-1,0,unknown,yes
1247,67,retired,married,tertiary,no,1341,no,no,cellular,13,feb,706,1,-1,0,unknown,yes
1248,42,management,divorced,unknown,no,7702,no,no,cellular,16,feb,138,2,-1,0,unknown,yes
1249,71,retired,married,primary,no,4657,no,no,cellular,16,feb,93,5,-1,0,unknown,yes
1250,44,admin.,divorced,secondary,no,397,yes,yes,cellular,16,feb,127,1,257,1,other,yes
1251,47,entrepreneur,married,tertiary,no,0,no,no,cellular,16,feb,261,2,-1,0,unknown,yes
1252,44,admin.,married,tertiary,no,348,yes,yes,cellular,16,feb,170,2,-1,0,unknown,yes
1253,37,technician,single,secondary,no,2442,no,no,cellular,16,feb,91,3,-1,0,unknown,yes
1254,37,services,married,secondary,no,1543,yes,no,cellular,16,feb,138,2,-1,0,unknown,yes
1255,28,self-employed,single,tertiary,no,805,no,no,cellular,16,feb,331,1,-1,0,unknown,yes
1256,21,blue-collar,single,secondary,no,2265,no,no,cellular,17,feb,92,2,-1,0,unknown,yes
1257,32,management,single,tertiary,no,312,no,no,cellular,17,feb,232,2,-1,0,unknown,yes
1258,51,technician,married,secondary,no,196,yes,yes,cellular,17,feb,88,1,-1,0,unknown,yes
1259,26,student,single,secondary,no,620,no,no,cellular,17,feb,104,1,-1,0,unknown,yes
1260,74,retired,married,secondary,no,1714,no,no,telephone,17,feb,127,1,-1,0,unknown,yes
1261,65,retired,married,tertiary,no,2416,no,no,cellular,17,feb,221,2,-1,0,unknown,yes
1262,47,technician,married,secondary,no,335,no,no,cellular,17,feb,226,1,-1,0,unknown,yes
1263,38,admin.,married,secondary,no,755,yes,no,cellular,17,feb,120,1,-1,0,unknown,yes
1264,71,retired,married,secondary,no,2850,no,no,cellular,17,feb,185,1,-1,0,unknown,yes
1265,29,services,married,secondary,no,1135,yes,no,cellular,17,feb,323,1,-1,0,unknown,yes
1266,61,retired,married,primary,no,197,no,no,cellular,17,feb,113,1,-1,0,unknown,yes
1267,57,retired,divorced,primary,no,720,no,no,telephone,17,feb,202,4,-1,0,unknown,yes
1268,37,management,married,tertiary,no,5355,no,no,telephone,17,feb,466,4,-1,0,unknown,yes
1269,68,retired,married,secondary,no,445,no,no,cellular,18,feb,475,1,-1,0,unknown,yes
1270,29,management,single,tertiary,no,5359,no,no,cellular,18,feb,147,1,-1,0,unknown,yes
1271,51,entrepreneur,married,primary,no,1443,no,no,cellular,18,feb,172,10,-1,0,unknown,yes
1272,41,technician,divorced,secondary,no,4047,yes,no,cellular,18,feb,343,1,-1,0,unknown,yes
1273,24,student,single,secondary,no,23878,no,no,cellular,18,feb,185,1,-1,0,unknown,yes
1274,24,blue-collar,single,secondary,no,167,no,yes,cellular,18,feb,134,2,-1,0,unknown,yes
1275,59,unemployed,married,secondary,no,1047,no,no,cellular,18,feb,83,3,-1,0,unknown,yes
1276,85,retired,divorced,primary,no,7613,no,no,cellular,18,feb,355,3,-1,0,unknown,yes
1277,51,technician,married,secondary,no,117,no,no,cellular,18,feb,442,2,-1,0,unknown,yes
1278,39,technician,married,secondary,no,2266,no,no,cellular,18,feb,208,4,-1,0,unknown,yes
1279,44,management,married,primary,no,558,no,no,cellular,19,feb,268,5,-1,0,unknown,yes
1280,26,admin.,single,secondary,no,2509,no,no,cellular,19,feb,654,3,-1,0,unknown,yes
1281,48,management,married,tertiary,no,1808,yes,no,cellular,26,feb,245,1,-1,0,unknown,yes
1282,37,technician,single,secondary,no,1130,no,no,cellular,26,feb,152,1,-1,0,unknown,yes
1283,71,retired,married,tertiary,no,653,no,no,telephone,26,feb,367,1,-1,0,unknown,yes
1284,62,housemaid,married,unknown,no,2021,no,no,telephone,26,feb,361,1,-1,0,unknown,yes
1285,26,admin.,single,tertiary,no,313,no,yes,cellular,26,feb,210,2,-1,0,unknown,yes
1286,43,unemployed,single,tertiary,no,983,yes,no,cellular,26,feb,97,1,-1,0,unknown,yes
1287,30,management,single,tertiary,no,5561,yes,no,cellular,27,feb,195,1,100,1,success,yes
1288,50,management,married,unknown,no,8345,no,no,cellular,27,feb,194,1,261,1,failure,yes
1289,25,technician,single,secondary,no,1231,yes,no,cellular,27,feb,412,5,-1,0,unknown,yes
1290,25,admin.,single,tertiary,no,3730,yes,no,cellular,27,feb,353,1,-1,0,unknown,yes
1291,31,management,single,tertiary,no,924,no,no,cellular,27,feb,172,1,-1,0,unknown,yes
1292,28,technician,single,tertiary,no,2489,yes,no,telephone,27,feb,342,2,-1,0,unknown,yes
1293,66,retired,married,secondary,no,995,no,no,cellular,27,feb,131,2,-1,0,unknown,yes
1294,41,management,married,secondary,no,280,yes,no,cellular,27,feb,87,2,-1,0,unknown,yes
1295,46,technician,married,secondary,no,3434,no,yes,cellular,27,feb,115,1,-1,0,unknown,yes
1296,42,unemployed,married,tertiary,no,576,no,no,cellular,27,feb,156,1,-1,0,unknown,yes
1297,28,technician,single,secondary,no,1363,no,no,cellular,27,feb,79,1,-1,0,unknown,yes
1298,39,blue-collar,single,primary,no,581,yes,no,cellular,27,feb,233,1,270,1,other,yes
1299,42,services,married,secondary,no,1376,yes,no,cellular,2,mar,712,4,-1,0,unknown,yes
1300,35,services,married,secondary,no,52,yes,no,cellular,2,mar,378,4,-1,0,unknown,yes
1301,55,technician,married,secondary,no,0,yes,yes,cellular,2,mar,116,1,-1,0,unknown,yes
1302,37,technician,married,NULL,no,549,no,no,cellular,2,mar,239,1,-1,0,unknown,yes
1303,29,management,single,tertiary,no,92,no,no,cellular,2,mar,175,5,-1,0,unknown,yes
1304,49,management,married,tertiary,no,2881,no,no,cellular,2,mar,120,3,-1,0,unknown,yes
1305,44,technician,single,secondary,no,250,no,no,telephone,2,mar,382,2,-1,0,unknown,yes
1306,54,admin.,married,secondary,no,602,no,no,cellular,3,mar,143,2,-1,0,unknown,yes
1307,28,management,single,tertiary,no,730,yes,no,cellular,3,mar,631,1,-1,0,unknown,yes
1308,30,admin.,single,secondary,no,523,no,yes,cellular,3,mar,83,1,-1,0,unknown,yes
1309,47,technician,married,secondary,no,293,no,no,cellular,3,mar,499,1,-1,0,unknown,yes
1310,34,blue-collar,single,secondary,no,215,no,no,cellular,3,mar,350,3,-1,0,unknown,yes
1311,37,unknown,single,tertiary,no,0,no,no,cellular,3,mar,426,1,-1,0,unknown,yes
1312,25,self-employed,single,tertiary,no,42,yes,no,cellular,3,mar,320,1,-1,0,unknown,yes
1313,29,technician,single,secondary,no,316,yes,no,cellular,3,mar,156,1,-1,0,unknown,yes
1314,62,management,married,secondary,no,4562,yes,no,cellular,3,mar,168,1,-1,0,unknown,yes
1315,58,management,divorced,secondary,no,10180,no,no,cellular,3,mar,180,2,-1,0,unknown,yes
1316,46,management,married,tertiary,no,0,no,no,cellular,3,mar,305,13,-1,0,unknown,yes
1317,56,retired,married,tertiary,no,281,no,no,cellular,3,mar,96,2,-1,0,unknown,yes
1318,33,management,married,tertiary,no,250,no,no,cellular,4,mar,377,6,-1,0,unknown,yes
1319,27,student,single,tertiary,no,0,no,no,cellular,5,mar,82,3,-1,0,unknown,yes
1320,60,retired,married,secondary,no,404,no,no,cellular,5,mar,308,2,196,2,failure,yes
1321,32,management,single,tertiary,no,506,no,no,cellular,5,mar,63,2,-1,0,unknown,yes
1322,83,retired,divorced,primary,no,1097,no,no,telephone,5,mar,181,1,-1,0,unknown,yes
1323,35,self-employed,married,tertiary,no,3698,yes,no,cellular,5,mar,106,1,-1,0,unknown,yes
1324,31,management,divorced,tertiary,no,883,yes,no,cellular,5,mar,112,2,106,1,failure,yes
1325,30,student,single,tertiary,no,2539,no,no,telephone,5,mar,199,5,-1,0,unknown,yes
1326,29,technician,married,secondary,no,2326,no,no,cellular,6,mar,195,1,-1,0,unknown,yes
1327,36,management,single,tertiary,no,811,no,no,cellular,6,mar,229,1,-1,0,unknown,yes
1328,57,management,married,tertiary,no,256,no,no,cellular,6,mar,227,1,-1,0,unknown,yes
1329,21,blue-collar,single,secondary,no,682,no,no,cellular,6,mar,266,1,-1,0,unknown,yes
1330,44,management,single,tertiary,no,483,no,no,cellular,6,mar,207,2,199,6,success,yes
1331,23,management,single,tertiary,no,1506,no,no,cellular,9,mar,131,4,-1,0,unknown,yes
1332,34,management,single,tertiary,no,575,no,no,cellular,9,mar,116,1,-1,0,unknown,yes
1333,32,self-employed,married,secondary,no,409,no,no,cellular,9,mar,217,2,-1,0,unknown,yes
1334,37,unemployed,single,tertiary,no,1316,yes,no,cellular,10,mar,350,2,112,3,failure,yes
1335,35,management,single,tertiary,no,671,yes,no,cellular,10,mar,112,1,-1,0,unknown,yes
1336,47,management,married,tertiary,no,2351,no,no,cellular,10,mar,80,1,-1,0,unknown,yes
1337,61,management,married,tertiary,no,997,no,no,cellular,10,mar,106,1,-1,0,unknown,yes
1338,30,management,single,tertiary,no,4808,no,no,cellular,10,mar,272,1,-1,0,unknown,yes
1339,70,retired,married,secondary,no,6422,no,no,cellular,10,mar,122,1,-1,0,unknown,yes
1340,52,management,married,tertiary,no,31,no,no,cellular,10,mar,135,1,-1,0,unknown,yes
1341,28,management,single,secondary,no,171,no,no,cellular,10,mar,93,1,-1,0,unknown,yes
1342,57,management,married,tertiary,no,2681,no,no,cellular,11,mar,266,2,-1,0,unknown,yes
1343,24,admin.,single,tertiary,no,-61,no,no,cellular,11,mar,95,4,-1,0,unknown,yes
1344,32,management,married,tertiary,no,8929,no,no,cellular,11,mar,126,1,-1,0,unknown,yes
1345,65,housemaid,married,primary,no,715,no,no,cellular,11,mar,323,1,-1,0,unknown,yes
1346,44,management,married,tertiary,no,1058,no,no,cellular,11,mar,188,3,-1,0,unknown,yes
1347,32,entrepreneur,single,tertiary,no,-34,yes,no,cellular,11,mar,101,1,-1,0,unknown,yes
1348,33,technician,single,tertiary,no,258,no,no,cellular,12,mar,80,4,-1,0,unknown,yes
1349,53,services,divorced,secondary,no,0,no,no,cellular,12,mar,80,2,-1,0,unknown,yes
1350,31,management,divorced,tertiary,no,71,no,no,cellular,12,mar,119,1,-1,0,unknown,yes
1351,58,self-employed,married,tertiary,no,5810,no,no,cellular,12,mar,139,1,-1,0,unknown,yes
1352,30,management,single,tertiary,no,3473,no,no,cellular,12,mar,1209,2,-1,0,unknown,yes
1353,47,blue-collar,married,secondary,no,238,yes,yes,cellular,13,mar,3076,1,-1,0,unknown,yes
1354,60,technician,married,secondary,no,1740,no,no,cellular,13,mar,296,2,-1,0,unknown,yes
1355,36,entrepreneur,divorced,tertiary,no,3407,no,no,cellular,16,mar,392,4,-1,0,unknown,yes
1356,37,services,single,secondary,no,1045,no,no,cellular,17,mar,406,2,41,1,failure,yes
1357,43,admin.,married,secondary,no,132,no,no,cellular,17,mar,220,1,-1,0,unknown,yes
1358,37,admin.,single,tertiary,no,1000,yes,no,cellular,17,mar,195,1,-1,0,unknown,yes
1359,31,management,single,tertiary,no,115,no,no,cellular,17,mar,187,1,-1,0,unknown,yes
1360,31,technician,married,secondary,no,180,no,no,cellular,17,mar,299,2,-1,0,unknown,yes
1361,30,management,single,tertiary,no,201,yes,no,cellular,17,mar,325,2,-1,0,unknown,yes
1362,30,management,married,tertiary,no,8089,yes,no,cellular,18,mar,232,2,294,2,failure,yes
1363,32,admin.,single,tertiary,no,8866,no,no,cellular,18,mar,278,2,-1,0,unknown,yes
1364,35,admin.,married,secondary,no,2,yes,no,cellular,18,mar,194,1,-1,0,unknown,yes
1365,59,technician,married,secondary,no,259,no,no,cellular,18,mar,224,1,-1,0,unknown,yes
1366,33,housemaid,single,tertiary,no,1107,yes,no,cellular,18,mar,201,1,-1,0,unknown,yes
1367,37,management,single,tertiary,no,1730,no,no,cellular,19,mar,167,1,-1,0,unknown,yes
1368,31,services,married,secondary,no,447,no,no,cellular,19,mar,220,3,-1,0,unknown,yes
1369,26,management,single,tertiary,no,2786,no,no,cellular,23,mar,415,1,-1,0,unknown,yes
1370,53,technician,married,secondary,no,10185,no,no,cellular,23,mar,115,1,-1,0,unknown,yes
1371,34,unemployed,married,secondary,no,978,no,no,cellular,24,mar,132,1,-1,0,unknown,yes
1372,46,management,divorced,tertiary,no,-130,yes,no,cellular,24,mar,144,2,-1,0,unknown,yes
1373,76,retired,divorced,primary,no,3049,no,no,cellular,24,mar,170,3,-1,0,unknown,yes
1374,46,management,married,tertiary,no,11385,no,no,cellular,24,mar,269,3,-1,0,unknown,yes
1375,83,retired,divorced,primary,no,46,no,no,cellular,25,mar,115,1,-1,0,unknown,yes
1376,23,student,single,secondary,no,4126,no,no,cellular,25,mar,96,2,-1,0,unknown,yes
1377,34,management,single,tertiary,no,212,no,no,cellular,25,mar,278,8,-1,0,unknown,yes
1378,24,student,single,secondary,no,1250,no,no,cellular,25,mar,411,2,-1,0,unknown,yes
1379,41,management,divorced,tertiary,no,25,yes,yes,cellular,26,mar,117,2,-1,0,unknown,yes
1380,28,admin.,single,secondary,no,1277,no,no,cellular,26,mar,475,1,-1,0,unknown,yes
1381,34,technician,married,secondary,no,390,yes,no,cellular,27,mar,95,2,231,2,failure,yes
1382,77,retired,married,secondary,no,9601,no,no,telephone,27,mar,515,1,-1,0,unknown,yes
1383,36,management,married,secondary,no,565,no,no,cellular,27,mar,300,1,-1,0,unknown,yes
1384,58,management,married,tertiary,no,1384,yes,no,cellular,27,mar,342,1,-1,0,unknown,yes
1385,46,admin.,married,secondary,no,-522,yes,no,cellular,27,mar,243,3,239,13,other,yes
1386,59,retired,married,tertiary,no,9676,no,no,telephone,27,mar,234,2,-1,0,unknown,yes
1387,19,student,single,primary,no,134,no,no,cellular,27,mar,271,2,-1,0,unknown,yes
1388,23,management,single,tertiary,no,2143,no,no,cellular,30,mar,180,2,-1,0,unknown,yes
1389,27,management,single,tertiary,no,831,no,no,cellular,30,mar,1081,2,-1,0,unknown,yes
1390,73,retired,divorced,primary,no,2308,no,no,telephone,30,mar,163,2,-1,0,unknown,yes
1391,41,management,married,tertiary,no,1468,yes,no,cellular,31,mar,237,3,-1,0,unknown,yes
1392,30,admin.,single,tertiary,no,311,no,no,cellular,31,mar,158,2,-1,0,unknown,yes
1393,26,admin.,single,secondary,no,274,no,no,cellular,1,apr,351,3,-1,0,unknown,yes
1394,38,blue-collar,single,tertiary,no,172,yes,no,cellular,1,apr,1176,1,-1,0,unknown,yes
1395,46,management,divorced,tertiary,no,507,yes,no,cellular,1,apr,1196,1,-1,0,unknown,yes
1396,27,technician,single,tertiary,no,393,no,no,cellular,1,apr,165,2,-1,0,unknown,yes
1397,63,self-employed,married,tertiary,no,-39,no,no,cellular,1,apr,387,2,-1,0,unknown,yes
1398,34,admin.,married,secondary,no,1474,no,no,cellular,2,apr,739,2,-1,0,unknown,yes
1399,32,admin.,single,secondary,no,471,no,yes,cellular,2,apr,243,3,-1,0,unknown,yes
1400,33,management,single,tertiary,no,3161,yes,no,cellular,2,apr,313,3,-1,0,unknown,yes
1401,47,blue-collar,married,secondary,no,1612,yes,no,cellular,2,apr,1164,1,-1,0,unknown,yes
1402,48,admin.,divorced,secondary,no,4099,no,no,cellular,2,apr,397,2,-1,0,unknown,yes
1403,58,unknown,married,unknown,no,68,no,no,cellular,2,apr,268,1,-1,0,unknown,yes
1404,50,management,married,tertiary,no,414,yes,no,cellular,3,apr,707,1,302,3,failure,yes
1405,26,blue-collar,single,secondary,no,5005,no,yes,cellular,3,apr,117,1,-1,0,unknown,yes
1406,39,blue-collar,married,secondary,no,1756,yes,no,cellular,3,apr,939,1,-1,0,unknown,yes
1407,55,blue-collar,divorced,secondary,no,1613,yes,no,cellular,3,apr,296,1,270,3,failure,yes
1408,41,self-employed,married,secondary,no,3123,yes,no,cellular,3,apr,1203,2,135,2,failure,yes
1409,54,entrepreneur,divorced,unknown,no,4736,yes,no,telephone,6,apr,475,6,307,5,failure,yes
1410,33,technician,single,tertiary,no,127,yes,no,cellular,6,apr,583,2,222,17,failure,yes
1411,42,management,single,tertiary,no,11891,no,no,cellular,6,apr,158,1,-1,0,unknown,yes
1412,NULL,blue-collar,married,primary,no,4979,no,no,telephone,6,apr,180,1,-1,0,unknown,yes
1413,40,management,married,secondary,no,754,no,yes,cellular,6,apr,635,1,-1,0,unknown,yes
1414,37,admin.,married,secondary,no,1207,yes,no,telephone,6,apr,1353,2,138,2,success,yes
1415,44,blue-collar,single,secondary,no,712,yes,yes,cellular,6,apr,740,3,-1,0,unknown,yes
1416,30,blue-collar,single,tertiary,no,297,no,no,cellular,7,apr,465,4,-1,0,unknown,yes
1417,26,self-employed,single,secondary,no,3676,no,no,cellular,7,apr,148,1,-1,0,unknown,yes
1418,47,unemployed,married,secondary,no,817,no,no,cellular,7,apr,721,4,-1,0,unknown,yes
1419,46,blue-collar,single,tertiary,no,283,no,no,cellular,7,apr,299,1,-1,0,unknown,yes
1420,25,admin.,single,secondary,no,82,no,yes,cellular,7,apr,104,2,-1,0,unknown,yes
1421,56,technician,married,secondary,no,2847,no,no,cellular,8,apr,327,1,-1,0,unknown,yes
1422,36,blue-collar,single,secondary,no,1822,yes,no,cellular,8,apr,952,1,323,1,other,yes
1423,35,technician,single,secondary,no,16,yes,no,cellular,8,apr,903,1,-1,0,unknown,yes
1424,54,unemployed,married,secondary,no,377,no,no,cellular,8,apr,1134,1,-1,0,unknown,yes
1425,48,management,married,secondary,no,4415,yes,no,cellular,8,apr,1032,3,141,7,failure,yes
1426,32,technician,married,secondary,no,303,yes,no,cellular,8,apr,150,1,267,4,failure,yes
1427,60,admin.,divorced,secondary,no,12039,no,no,telephone,8,apr,236,1,-1,0,unknown,yes
1428,67,retired,married,secondary,no,1443,no,no,cellular,8,apr,245,1,-1,0,unknown,yes
1429,32,management,single,tertiary,no,1781,no,no,cellular,8,apr,321,1,-1,0,unknown,yes
1430,26,admin.,married,secondary,no,3415,no,no,cellular,8,apr,209,1,-1,0,unknown,yes
1431,33,management,single,tertiary,no,318,yes,no,cellular,8,apr,1190,1,141,3,other,yes
1432,21,student,single,primary,no,423,no,no,cellular,8,apr,104,5,-1,0,unknown,yes
1433,30,technician,single,secondary,no,2544,no,no,cellular,8,apr,108,2,-1,0,unknown,yes
1434,27,student,single,secondary,no,2614,no,no,cellular,8,apr,143,2,-1,0,unknown,yes
1435,30,services,single,secondary,no,1268,yes,no,cellular,8,apr,105,4,320,8,other,yes
1436,36,blue-collar,married,secondary,no,536,yes,no,cellular,8,apr,274,3,-1,0,unknown,yes
1437,27,admin.,married,secondary,no,1293,yes,no,cellular,8,apr,1665,3,-1,0,unknown,yes
1438,29,management,single,tertiary,no,1377,no,no,cellular,8,apr,548,2,-1,0,unknown,yes
1439,38,blue-collar,single,secondary,no,2580,yes,no,cellular,8,apr,1691,2,264,3,failure,yes
1440,23,admin.,single,tertiary,no,314,no,yes,cellular,8,apr,142,4,-1,0,unknown,yes
1441,38,technician,married,tertiary,no,206,no,no,cellular,8,apr,350,2,-1,0,unknown,yes
1442,30,technician,single,secondary,no,3286,yes,no,cellular,9,apr,743,1,-1,0,unknown,yes
1443,41,services,married,secondary,no,803,yes,no,cellular,9,apr,592,4,316,3,failure,yes
1444,33,technician,single,secondary,no,719,yes,no,cellular,9,apr,448,2,316,6,failure,yes
1445,35,admin.,married,secondary,no,898,yes,no,cellular,9,apr,214,1,-1,0,unknown,yes
1446,29,admin.,married,tertiary,no,332,no,no,cellular,9,apr,179,1,-1,0,unknown,yes
1447,68,retired,divorced,primary,no,695,no,no,cellular,9,apr,233,1,-1,0,unknown,yes
1448,20,student,single,secondary,no,1819,no,no,cellular,9,apr,245,3,-1,0,unknown,yes
1449,30,management,single,tertiary,no,2544,no,no,cellular,9,apr,152,2,-1,0,unknown,yes
1450,32,blue-collar,married,secondary,no,759,yes,no,cellular,9,apr,317,5,-1,0,unknown,yes
1451,28,management,divorced,tertiary,no,229,yes,no,cellular,9,apr,1042,2,315,2,other,yes
1452,45,blue-collar,married,secondary,no,96,yes,no,cellular,13,apr,348,3,256,2,failure,yes
1453,29,technician,single,secondary,no,110,yes,no,cellular,13,apr,1036,1,-1,0,unknown,yes
1454,31,blue-collar,married,secondary,no,1406,yes,yes,cellular,13,apr,1091,2,-1,0,unknown,yes
1455,39,services,divorced,secondary,no,0,yes,no,cellular,13,apr,1006,2,-1,0,unknown,yes
1456,42,blue-collar,married,primary,no,2103,yes,no,cellular,13,apr,384,2,-1,0,unknown,yes
1457,35,management,single,tertiary,no,1599,yes,yes,cellular,13,apr,407,1,-1,0,unknown,yes
1458,34,technician,single,tertiary,no,925,yes,no,cellular,13,apr,709,1,-1,0,unknown,yes
1459,26,management,single,tertiary,no,-3,no,no,cellular,13,apr,1022,2,-1,0,unknown,yes
1460,29,services,divorced,secondary,no,84,yes,no,cellular,13,apr,1101,2,-1,0,unknown,yes
1461,44,self-employed,single,tertiary,no,1367,yes,no,cellular,13,apr,1232,3,146,1,other,yes
1462,34,management,married,tertiary,no,703,yes,no,cellular,14,apr,342,1,-1,0,unknown,yes
1463,33,management,married,tertiary,no,0,yes,no,cellular,14,apr,535,3,328,1,failure,yes
1464,34,management,single,tertiary,no,2646,no,no,cellular,14,apr,142,1,-1,0,unknown,yes
1465,33,admin.,single,secondary,no,572,yes,no,cellular,14,apr,344,1,74,2,failure,yes
1466,22,student,single,secondary,no,107,no,no,cellular,14,apr,125,1,-1,0,unknown,yes
1467,32,technician,married,secondary,no,765,yes,yes,cellular,14,apr,850,2,-1,0,unknown,yes
1468,36,services,single,secondary,no,-253,yes,no,cellular,14,apr,1073,1,-1,0,unknown,yes
1469,44,admin.,divorced,secondary,no,0,no,no,cellular,14,apr,1594,1,148,1,failure,yes
1470,65,retired,married,secondary,no,2,no,no,cellular,14,apr,450,1,-1,0,unknown,yes
1471,61,self-employed,divorced,tertiary,no,6,yes,no,cellular,14,apr,133,2,-1,0,unknown,yes
1472,41,housemaid,married,primary,no,0,no,no,cellular,14,apr,168,1,-1,0,unknown,yes
1473,24,management,married,unknown,no,448,no,no,cellular,14,apr,324,1,-1,0,unknown,yes
1474,77,retired,divorced,tertiary,no,4659,no,no,cellular,14,apr,161,1,-1,0,unknown,yes
1475,62,housemaid,married,tertiary,no,1528,no,no,cellular,14,apr,496,1,-1,0,unknown,yes
1476,30,unemployed,married,tertiary,no,330,no,no,cellular,14,apr,111,1,-1,0,unknown,yes
1477,29,admin.,single,secondary,no,731,no,no,cellular,14,apr,107,3,-1,0,unknown,yes
1478,29,unemployed,single,secondary,no,25,no,no,cellular,14,apr,207,2,-1,0,unknown,yes
1479,65,management,married,secondary,no,587,no,no,cellular,15,apr,223,2,-1,0,unknown,yes
1480,43,services,married,primary,no,2557,yes,no,telephone,15,apr,165,2,327,3,failure,yes
1481,70,retired,divorced,primary,no,275,no,no,cellular,15,apr,82,1,-1,0,unknown,yes
1482,32,services,married,secondary,no,1129,yes,no,cellular,15,apr,903,2,341,2,failure,yes
1483,46,technician,married,secondary,no,2149,yes,no,cellular,15,apr,282,2,-1,0,unknown,yes
1484,33,admin.,married,secondary,no,855,no,no,cellular,15,apr,110,1,-1,0,unknown,yes
1485,57,services,married,primary,no,491,yes,no,cellular,15,apr,1217,3,-1,0,unknown,yes
1486,62,blue-collar,married,secondary,no,180,no,no,cellular,15,apr,389,2,-1,0,unknown,yes
1487,32,services,single,secondary,no,133,no,no,cellular,15,apr,171,1,-1,0,unknown,yes
1488,39,blue-collar,single,secondary,no,649,yes,no,cellular,15,apr,668,1,-1,0,unknown,yes
1489,76,housemaid,divorced,primary,no,1411,no,no,telephone,15,apr,170,3,-1,0,unknown,yes
1490,36,admin.,single,secondary,no,11174,yes,no,cellular,15,apr,953,1,-1,0,unknown,yes
1491,27,technician,single,secondary,no,439,yes,no,cellular,15,apr,1038,2,-1,0,unknown,yes
1492,38,management,single,tertiary,no,6158,yes,no,cellular,15,apr,139,5,145,9,failure,yes
1493,56,blue-collar,married,primary,no,3498,no,no,cellular,15,apr,264,2,-1,0,unknown,yes
1494,51,unemployed,married,tertiary,no,1801,no,no,cellular,16,apr,838,3,-1,0,unknown,yes
1495,39,management,married,tertiary,no,937,no,no,cellular,16,apr,144,4,-1,0,unknown,yes
1496,35,management,divorced,tertiary,no,26,no,no,cellular,16,apr,78,2,-1,0,unknown,yes
1497,32,blue-collar,married,secondary,yes,-53,yes,no,cellular,16,apr,648,1,272,1,other,yes
1498,51,housemaid,married,unknown,no,2337,yes,no,cellular,16,apr,251,2,266,3,other,yes
1499,37,technician,married,secondary,no,1762,no,no,cellular,16,apr,334,2,-1,0,unknown,yes
1500,52,entrepreneur,single,tertiary,no,3469,yes,no,cellular,16,apr,583,1,147,1,success,yes
1501,35,technician,married,secondary,no,545,yes,no,cellular,16,apr,1579,1,234,4,failure,yes
1502,47,admin.,married,secondary,no,3480,no,no,cellular,16,apr,443,1,-1,0,unknown,yes
1503,31,technician,married,secondary,no,183,no,no,cellular,16,apr,495,1,-1,0,unknown,yes
1504,49,services,married,secondary,no,2416,yes,no,cellular,16,apr,1366,1,-1,0,unknown,yes
1505,30,management,single,tertiary,no,424,no,no,cellular,16,apr,298,4,-1,0,unknown,yes
1506,35,blue-collar,single,secondary,no,0,yes,no,cellular,16,apr,1174,1,345,4,other,yes
1507,44,management,married,primary,no,294,no,no,cellular,16,apr,165,3,-1,0,unknown,yes
1508,42,blue-collar,married,secondary,no,1598,yes,yes,cellular,16,apr,1463,2,-1,0,unknown,yes
1509,29,management,single,tertiary,no,268,no,no,cellular,16,apr,667,1,-1,0,unknown,yes
1510,42,technician,divorced,secondary,no,214,no,no,cellular,16,apr,127,1,-1,0,unknown,yes
1511,43,management,married,tertiary,no,240,yes,no,cellular,16,apr,453,1,-1,0,unknown,yes
1512,36,technician,single,secondary,no,2511,yes,no,cellular,16,apr,700,5,-1,0,unknown,yes
1513,36,technician,married,tertiary,no,4596,yes,no,cellular,16,apr,901,2,-1,0,unknown,yes
1514,32,services,married,secondary,no,1273,yes,no,cellular,16,apr,1365,2,328,1,failure,yes
1515,54,technician,married,secondary,no,3994,no,yes,cellular,16,apr,299,2,-1,0,unknown,yes
1516,50,management,married,tertiary,no,469,no,no,cellular,16,apr,161,1,-1,0,unknown,yes
1517,32,technician,single,tertiary,no,932,yes,no,cellular,16,apr,944,1,318,1,failure,yes
1518,28,student,single,tertiary,no,844,no,no,cellular,16,apr,551,2,-1,0,unknown,yes
1519,40,services,divorced,primary,no,471,yes,no,cellular,16,apr,1156,1,345,2,failure,yes
1520,34,admin.,single,secondary,no,63,yes,no,cellular,17,apr,678,1,-1,0,unknown,yes
1521,52,retired,divorced,primary,no,-779,yes,yes,cellular,17,apr,709,1,-1,0,unknown,yes
1522,35,blue-collar,married,secondary,no,293,yes,no,cellular,17,apr,1017,1,325,1,other,yes
1523,32,management,divorced,tertiary,no,294,yes,no,cellular,17,apr,1095,1,274,5,success,yes
1524,60,management,married,tertiary,no,13546,no,no,cellular,17,apr,452,3,-1,0,unknown,yes
1525,34,blue-collar,married,primary,no,329,yes,no,cellular,17,apr,952,1,343,1,failure,yes
1526,30,admin.,single,secondary,no,69,yes,no,cellular,17,apr,997,1,-1,0,unknown,yes
1527,39,self-employed,married,tertiary,no,-3058,yes,yes,cellular,17,apr,882,3,-1,0,unknown,yes
1528,40,services,single,secondary,no,224,yes,no,cellular,17,apr,875,2,-1,0,unknown,yes
1529,38,management,married,tertiary,no,165,yes,no,cellular,17,apr,526,1,260,2,other,yes
1530,35,management,single,tertiary,no,397,yes,no,cellular,17,apr,594,1,-1,0,unknown,yes
1531,37,blue-collar,married,primary,no,3154,yes,no,cellular,17,apr,404,1,305,3,failure,yes
1532,29,technician,married,secondary,no,1180,yes,no,cellular,17,apr,367,3,323,3,failure,yes
1533,36,technician,single,secondary,yes,-487,yes,no,cellular,17,apr,1080,1,-1,0,unknown,yes
1534,34,management,married,secondary,yes,879,yes,no,cellular,17,apr,712,1,344,1,failure,yes
1535,33,technician,married,secondary,no,806,no,no,cellular,17,apr,108,1,-1,0,unknown,yes
1536,29,technician,single,secondary,no,674,no,no,cellular,17,apr,170,5,-1,0,unknown,yes
1537,33,management,married,tertiary,no,0,yes,no,cellular,17,apr,378,1,-1,0,unknown,yes
1538,41,self-employed,married,secondary,no,323,yes,no,cellular,17,apr,949,2,254,6,other,yes
1539,74,retired,married,secondary,no,921,no,no,telephone,17,apr,394,2,-1,0,unknown,yes
1540,53,technician,married,secondary,no,5303,yes,no,telephone,17,apr,320,3,180,1,success,yes
1541,38,admin.,married,secondary,no,0,yes,yes,cellular,17,apr,547,2,-1,0,unknown,yes
1542,41,technician,married,secondary,no,4004,no,no,cellular,17,apr,314,2,-1,0,unknown,yes
1543,52,technician,married,secondary,no,386,no,no,cellular,20,apr,438,1,-1,0,unknown,yes
1544,40,technician,married,primary,no,284,yes,no,cellular,20,apr,1332,2,-1,0,unknown,yes
1545,32,entrepreneur,married,secondary,no,-242,yes,no,cellular,20,apr,1202,3,-1,0,unknown,yes
1546,28,technician,married,secondary,no,1086,yes,no,cellular,20,apr,1112,3,-1,0,unknown,yes
1547,28,management,single,secondary,no,2840,no,no,cellular,20,apr,227,5,-1,0,unknown,yes
1548,35,management,married,tertiary,no,43,yes,no,cellular,20,apr,860,1,-1,0,unknown,yes
1549,46,management,married,primary,no,3229,yes,no,cellular,20,apr,1550,1,-1,0,unknown,yes
1550,50,unknown,married,primary,no,341,yes,yes,cellular,20,apr,670,4,340,2,success,yes
1551,44,blue-collar,single,secondary,no,0,no,no,cellular,20,apr,133,1,-1,0,unknown,yes
1552,29,blue-collar,divorced,secondary,no,-19,yes,no,cellular,20,apr,712,4,-1,0,unknown,yes
1553,61,retired,married,secondary,no,243,no,no,cellular,20,apr,194,1,-1,0,unknown,yes
1554,70,retired,married,secondary,no,2575,no,no,telephone,20,apr,216,2,-1,0,unknown,yes
1555,44,blue-collar,married,secondary,yes,105,yes,no,cellular,20,apr,586,1,-1,0,unknown,yes
1556,59,management,married,tertiary,no,0,yes,yes,cellular,20,apr,392,1,-1,0,unknown,yes
1557,45,blue-collar,married,primary,yes,-443,yes,yes,cellular,20,apr,691,1,-1,0,unknown,yes
1558,39,technician,married,tertiary,no,1524,no,no,cellular,20,apr,567,1,-1,0,unknown,yes
1559,36,blue-collar,married,primary,no,1925,yes,no,cellular,20,apr,904,2,-1,0,unknown,yes
1560,78,retired,married,primary,no,240,no,no,cellular,20,apr,325,1,-1,0,unknown,yes
1561,28,technician,single,tertiary,no,387,yes,no,cellular,20,apr,205,1,82,1,failure,yes
1562,50,self-employed,divorced,tertiary,no,13,yes,no,cellular,20,apr,76,1,-1,0,unknown,yes
1563,73,retired,divorced,tertiary,no,3203,no,no,cellular,20,apr,148,1,-1,0,unknown,yes
1564,34,management,married,tertiary,no,606,no,no,cellular,20,apr,97,1,-1,0,unknown,yes
1565,28,student,single,secondary,no,0,no,no,cellular,20,apr,185,1,-1,0,unknown,yes
1566,42,admin.,divorced,secondary,no,527,no,yes,cellular,20,apr,112,1,-1,0,unknown,yes
1567,54,unemployed,divorced,secondary,no,309,no,no,cellular,20,apr,241,1,-1,0,unknown,yes
1568,27,blue-collar,married,secondary,no,4333,no,no,cellular,20,apr,163,1,-1,0,unknown,yes
1569,73,retired,married,primary,no,253,no,no,cellular,20,apr,345,1,-1,0,unknown,yes
1570,33,management,single,tertiary,no,6807,no,no,cellular,20,apr,163,1,-1,0,unknown,yes
1571,51,entrepreneur,married,tertiary,no,83,no,no,cellular,20,apr,267,2,-1,0,unknown,yes
1572,32,management,single,tertiary,no,819,yes,no,cellular,20,apr,114,2,-1,0,unknown,yes
1573,33,technician,married,secondary,no,1968,yes,no,cellular,20,apr,1817,3,-1,0,unknown,yes
1574,26,services,single,secondary,no,136,no,no,cellular,20,apr,120,1,-1,0,unknown,yes
1575,32,technician,single,secondary,no,1995,yes,no,cellular,20,apr,121,1,-1,0,unknown,yes
1576,41,blue-collar,divorced,primary,no,285,yes,no,cellular,20,apr,1272,2,-1,0,unknown,yes
1577,39,blue-collar,married,unknown,no,621,yes,no,cellular,20,apr,1333,5,-1,0,unknown,yes
1578,24,student,single,secondary,no,597,yes,no,cellular,20,apr,943,3,-1,0,unknown,yes
1579,37,blue-collar,divorced,secondary,no,0,yes,no,cellular,21,apr,146,4,-1,0,unknown,yes
1580,35,management,single,tertiary,no,1750,yes,no,cellular,21,apr,333,3,-1,0,unknown,yes
1581,26,student,single,tertiary,no,10086,no,no,cellular,21,apr,110,2,-1,0,unknown,yes
1582,29,technician,single,secondary,no,3466,no,no,cellular,21,apr,274,1,-1,0,unknown,yes
1583,63,retired,married,unknown,no,2193,no,no,telephone,21,apr,1348,4,-1,0,unknown,yes
1584,95,retired,divorced,primary,no,2282,no,no,telephone,21,apr,207,17,-1,0,unknown,yes
1585,65,retired,married,tertiary,no,1973,no,no,telephone,21,apr,396,3,-1,0,unknown,yes
1586,59,technician,married,secondary,no,10925,no,no,cellular,21,apr,100,1,-1,0,unknown,yes
1587,35,management,single,tertiary,no,704,no,no,cellular,21,apr,164,1,-1,0,unknown,yes
1588,74,retired,married,secondary,no,9480,no,no,cellular,21,apr,211,1,-1,0,unknown,yes
1589,56,unemployed,married,primary,no,3391,no,no,cellular,21,apr,243,1,-1,0,unknown,yes
1590,26,student,single,tertiary,no,1134,no,no,cellular,21,apr,464,4,-1,0,unknown,yes
1591,30,blue-collar,single,unknown,no,6281,no,no,cellular,21,apr,149,2,-1,0,unknown,yes
1592,29,self-employed,married,secondary,no,123,no,yes,cellular,21,apr,158,2,181,1,success,yes
1593,78,retired,married,primary,no,8556,no,no,telephone,21,apr,137,2,-1,0,unknown,yes
1594,45,unknown,divorced,unknown,no,0,no,no,cellular,21,apr,278,3,-1,0,unknown,yes
1595,29,blue-collar,single,secondary,no,2,yes,yes,cellular,21,apr,379,5,-1,0,unknown,yes
1596,39,admin.,married,tertiary,no,1108,no,no,cellular,21,apr,204,1,-1,0,unknown,yes
1597,45,management,married,tertiary,no,212,no,no,cellular,21,apr,65,2,-1,0,unknown,yes
1598,45,technician,married,tertiary,no,5110,no,no,cellular,22,apr,341,2,-1,0,unknown,yes
1599,36,student,single,secondary,no,17,no,no,cellular,22,apr,621,1,-1,0,unknown,yes
1600,41,unknown,single,unknown,no,942,no,no,cellular,22,apr,219,1,-1,0,unknown,yes
1601,38,technician,married,secondary,no,0,yes,no,cellular,22,apr,315,1,-1,0,unknown,yes
1602,33,admin.,married,tertiary,no,882,no,no,cellular,22,apr,104,1,183,4,failure,yes
1603,30,services,married,tertiary,no,81,no,no,cellular,22,apr,145,1,-1,0,unknown,yes
1604,65,retired,married,primary,no,276,no,no,cellular,22,apr,229,1,-1,0,unknown,yes
1605,75,retired,married,tertiary,no,2991,no,no,cellular,22,apr,240,1,-1,0,unknown,yes
1606,65,management,divorced,tertiary,no,90,yes,no,cellular,22,apr,416,1,-1,0,unknown,yes
1607,53,management,married,tertiary,no,3754,no,no,cellular,22,apr,307,1,278,2,failure,yes
1608,40,management,married,primary,no,395,yes,no,cellular,22,apr,232,4,-1,0,unknown,yes
1609,31,admin.,single,tertiary,no,676,yes,no,cellular,22,apr,124,2,343,2,other,yes
1610,25,student,single,secondary,no,8,no,no,cellular,22,apr,107,2,-1,0,unknown,yes
1611,37,technician,married,secondary,no,0,yes,no,cellular,22,apr,1288,3,-1,0,unknown,yes
1612,32,management,single,tertiary,no,2069,no,no,cellular,22,apr,545,1,-1,0,unknown,yes
1613,45,management,married,tertiary,no,506,no,no,cellular,23,apr,229,2,-1,0,unknown,yes
1614,35,management,married,tertiary,no,8,no,no,cellular,23,apr,93,3,-1,0,unknown,yes
1615,74,retired,married,primary,no,670,no,no,cellular,23,apr,266,5,-1,0,unknown,yes
1616,37,management,married,tertiary,no,0,yes,no,cellular,23,apr,242,5,153,7,failure,yes
1617,59,blue-collar,married,primary,no,1939,no,no,cellular,23,apr,172,1,-1,0,unknown,yes
1618,76,management,married,unknown,no,1780,yes,no,telephone,23,apr,413,3,-1,0,unknown,yes
1619,25,blue-collar,single,secondary,no,0,no,no,cellular,23,apr,163,1,-1,0,unknown,yes
1620,27,services,single,secondary,no,955,no,no,cellular,23,apr,206,1,-1,0,unknown,yes
1621,39,admin.,married,secondary,no,732,no,no,cellular,23,apr,522,4,-1,0,unknown,yes
1622,24,services,single,unknown,no,2022,no,no,cellular,23,apr,159,4,-1,0,unknown,yes
1623,28,blue-collar,single,tertiary,no,4099,no,no,cellular,23,apr,116,4,-1,0,unknown,yes
1624,51,management,married,tertiary,no,4917,no,no,cellular,23,apr,113,1,-1,0,unknown,yes
1625,66,retired,married,primary,no,2883,no,no,cellular,23,apr,158,1,-1,0,unknown,yes
1626,28,unemployed,single,primary,no,1374,no,no,cellular,23,apr,203,4,-1,0,unknown,yes
1627,30,management,single,tertiary,no,398,no,no,cellular,24,apr,235,2,-1,0,unknown,yes
1628,58,blue-collar,married,secondary,no,3027,yes,no,cellular,24,apr,160,1,-1,0,unknown,yes
1629,32,management,single,tertiary,no,2974,yes,no,cellular,24,apr,227,1,4,1,failure,yes
1630,31,technician,single,tertiary,no,1081,no,no,cellular,24,apr,202,5,261,2,failure,yes
1631,71,technician,married,tertiary,no,383,no,no,cellular,27,apr,388,3,-1,0,unknown,yes
1632,37,admin.,married,tertiary,no,3913,yes,no,cellular,27,apr,124,1,-1,0,unknown,yes
1633,56,management,divorced,tertiary,no,3287,no,no,cellular,27,apr,497,1,-1,0,unknown,yes
1634,65,retired,married,primary,no,3629,no,no,cellular,27,apr,148,1,-1,0,unknown,yes
1635,72,self-employed,married,tertiary,no,132,no,no,cellular,27,apr,444,1,-1,0,unknown,yes
1636,51,admin.,single,secondary,no,726,yes,no,cellular,27,apr,89,8,-1,0,unknown,yes
1637,35,blue-collar,married,secondary,no,149,yes,no,cellular,29,apr,507,3,349,1,other,yes
1638,34,blue-collar,married,secondary,no,640,yes,no,cellular,29,apr,636,2,-1,0,unknown,yes
1639,29,admin.,married,secondary,no,7707,yes,no,cellular,29,apr,961,2,334,2,failure,yes
1640,30,technician,single,tertiary,no,53,no,no,cellular,29,apr,375,1,-1,0,unknown,yes
1641,39,technician,single,secondary,no,15,yes,no,cellular,30,apr,510,1,-1,0,unknown,yes
1642,45,management,married,tertiary,no,242,no,no,cellular,30,apr,587,1,-1,0,unknown,yes
1643,28,admin.,single,secondary,no,377,no,no,cellular,30,apr,571,1,-1,0,unknown,yes
1644,52,unemployed,married,secondary,no,94,no,no,cellular,30,apr,244,1,-1,0,unknown,yes
1645,59,retired,married,primary,no,363,no,no,cellular,30,apr,400,1,-1,0,unknown,yes
1646,38,services,married,secondary,no,1970,yes,no,cellular,30,apr,701,1,176,1,success,yes
1647,47,technician,married,secondary,no,1167,yes,no,cellular,30,apr,968,1,87,5,failure,yes
1648,52,management,married,tertiary,no,193,no,no,cellular,30,apr,381,1,269,1,failure,yes
1649,38,management,married,tertiary,no,0,yes,no,cellular,30,apr,571,1,-1,0,unknown,yes
1650,29,student,single,secondary,no,78,no,no,cellular,30,apr,239,1,-1,0,unknown,yes
1651,36,unemployed,single,tertiary,no,1291,no,no,cellular,30,apr,195,1,86,1,success,yes
1652,58,retired,married,tertiary,no,1425,no,no,cellular,30,apr,224,1,-1,0,unknown,yes
1653,31,technician,married,tertiary,no,3382,no,no,cellular,30,apr,739,1,-1,0,unknown,yes
1654,59,retired,divorced,secondary,no,5583,yes,no,cellular,30,apr,720,1,-1,0,unknown,yes
1655,47,blue-collar,married,secondary,no,1230,yes,no,cellular,30,apr,412,1,169,1,success,yes
1656,36,admin.,married,secondary,no,96,no,no,cellular,30,apr,208,1,87,1,success,yes
1657,21,student,single,secondary,no,224,no,no,cellular,30,apr,871,1,-1,0,unknown,yes
1658,23,student,single,secondary,no,0,no,no,cellular,30,apr,297,1,83,6,success,yes
1659,47,blue-collar,married,secondary,no,1730,yes,no,cellular,30,apr,231,1,-1,0,unknown,yes
1660,29,management,single,tertiary,no,697,no,no,cellular,30,apr,365,1,85,1,success,yes
1661,25,management,single,tertiary,no,943,no,no,cellular,30,apr,512,1,-1,0,unknown,yes
1662,37,technician,married,secondary,no,1458,no,no,cellular,30,apr,281,1,-1,0,unknown,yes
1663,33,admin.,married,secondary,no,95,yes,no,cellular,30,apr,335,1,-1,0,unknown,yes
1664,59,technician,married,secondary,no,2308,no,no,cellular,30,apr,815,1,87,1,other,yes
1665,58,management,divorced,tertiary,no,5701,no,no,cellular,30,apr,354,1,87,1,success,yes
1666,44,blue-collar,married,unknown,no,1529,yes,no,cellular,30,apr,347,1,-1,0,unknown,yes
1667,48,blue-collar,married,secondary,no,292,no,no,cellular,30,apr,271,1,79,1,success,yes
1668,34,self-employed,married,primary,no,7468,yes,yes,cellular,30,apr,383,1,-1,0,unknown,yes
1669,42,technician,married,unknown,no,1559,no,no,cellular,30,apr,368,1,-1,0,unknown,yes
1670,54,admin.,divorced,secondary,no,1693,no,no,cellular,30,apr,1277,1,87,2,other,yes
1671,42,technician,married,tertiary,no,757,no,no,cellular,30,apr,354,1,79,1,success,yes
1672,42,blue-collar,married,primary,no,201,yes,no,cellular,30,apr,841,1,85,2,failure,yes
1673,44,self-employed,divorced,tertiary,no,1070,yes,no,cellular,30,apr,381,1,160,2,other,yes
1674,37,blue-collar,married,secondary,no,1330,no,no,cellular,30,apr,390,1,-1,0,unknown,yes
1675,29,student,single,secondary,no,314,no,no,cellular,30,apr,465,1,-1,0,unknown,yes
1676,47,unknown,married,unknown,no,677,no,no,cellular,30,apr,900,2,86,2,failure,yes
1677,24,management,single,tertiary,no,2845,no,no,cellular,30,apr,779,2,-1,0,unknown,yes
1678,34,admin.,single,secondary,no,-32,no,yes,cellular,30,apr,246,2,-1,0,unknown,yes
1679,30,management,single,tertiary,no,398,no,no,cellular,30,apr,554,1,6,2,success,yes
1680,46,technician,married,secondary,no,0,no,no,cellular,30,apr,200,1,259,2,other,yes
1681,34,services,married,secondary,no,1337,no,no,cellular,30,apr,442,1,-1,0,unknown,yes
1682,59,retired,married,secondary,no,493,no,no,cellular,30,apr,237,1,-1,0,unknown,yes
1683,35,management,single,tertiary,no,1750,yes,no,cellular,30,apr,687,1,9,3,success,yes
1684,33,technician,married,tertiary,no,4401,no,no,cellular,30,apr,439,1,-1,0,unknown,yes
1685,35,management,married,tertiary,no,193,yes,no,cellular,30,apr,565,1,13,1,failure,yes
1686,37,management,married,tertiary,no,5106,no,no,cellular,30,apr,244,1,-1,0,unknown,yes
1687,35,admin.,single,tertiary,no,994,no,no,cellular,30,apr,400,1,87,2,failure,yes
1688,38,technician,single,tertiary,no,1101,no,no,cellular,30,apr,800,1,-1,0,unknown,yes
1689,33,blue-collar,single,unknown,no,129,yes,yes,cellular,30,apr,482,1,161,1,failure,yes
1690,42,management,married,tertiary,no,6060,yes,no,cellular,30,apr,316,1,350,2,failure,yes
1691,33,management,married,tertiary,no,55,no,no,cellular,30,apr,526,2,87,3,failure,yes
1692,53,management,married,tertiary,no,1624,no,no,cellular,30,apr,284,3,84,3,success,yes
1693,53,services,married,secondary,no,341,no,no,cellular,30,apr,423,2,-1,0,unknown,yes
1694,31,management,single,tertiary,no,2016,no,no,cellular,30,apr,209,1,-1,0,unknown,yes
1695,26,admin.,single,secondary,no,255,no,no,cellular,30,apr,457,1,80,1,success,yes
1696,30,technician,single,secondary,no,4684,yes,no,cellular,30,apr,268,3,-1,0,unknown,yes
1697,24,admin.,single,secondary,no,1052,no,no,cellular,30,apr,354,1,-1,0,unknown,yes
1698,28,management,single,tertiary,no,1808,no,no,cellular,30,apr,309,1,-1,0,unknown,yes
1699,26,unemployed,single,tertiary,no,3511,no,no,cellular,30,apr,439,2,-1,0,unknown,yes
1700,35,technician,married,secondary,no,518,yes,no,cellular,30,apr,616,1,-1,0,unknown,yes
1701,28,technician,single,secondary,no,227,no,no,cellular,30,apr,278,1,-1,0,unknown,yes
1702,30,admin.,single,secondary,no,270,no,no,cellular,30,apr,437,1,80,1,success,yes
1703,32,management,married,tertiary,no,4733,no,no,cellular,30,apr,532,1,-1,0,unknown,yes
1704,52,self-employed,married,tertiary,no,6657,no,no,telephone,30,apr,917,1,-1,0,unknown,yes
1705,38,management,married,tertiary,no,613,no,no,cellular,30,apr,242,1,86,1,success,yes
1706,34,self-employed,single,tertiary,no,5462,no,no,cellular,30,apr,430,1,-1,0,unknown,yes
1707,29,technician,single,secondary,no,674,no,no,cellular,30,apr,483,1,13,5,success,yes
1708,30,management,single,tertiary,no,364,no,no,cellular,30,apr,306,2,-1,0,unknown,yes
1709,31,services,single,secondary,no,181,no,no,cellular,30,apr,325,1,-1,0,unknown,yes
1710,24,student,single,primary,no,474,no,no,cellular,30,apr,551,1,-1,0,unknown,yes
1711,25,management,single,tertiary,no,219,no,no,cellular,30,apr,458,1,-1,0,unknown,yes
1712,47,management,single,tertiary,no,86,no,no,cellular,30,apr,387,3,87,1,success,yes
1713,33,student,single,unknown,no,1170,no,no,cellular,30,apr,352,1,-1,0,unknown,yes
1714,34,admin.,single,tertiary,no,18,yes,yes,cellular,30,apr,359,1,-1,0,unknown,yes
1715,36,technician,single,tertiary,no,197,no,no,cellular,30,apr,260,1,-1,0,unknown,yes
1716,50,management,married,tertiary,no,938,no,no,cellular,30,apr,780,1,-1,0,unknown,yes
1717,34,management,single,tertiary,no,1228,no,no,cellular,30,apr,580,2,84,8,success,yes
1718,54,technician,divorced,secondary,no,2156,yes,no,cellular,30,apr,258,1,86,5,success,yes
1719,47,technician,married,tertiary,no,2408,no,no,cellular,30,apr,376,1,-1,0,unknown,yes
1720,31,admin.,married,secondary,no,35,no,no,cellular,30,apr,615,1,-1,0,unknown,yes
1721,36,management,married,tertiary,no,393,yes,no,cellular,30,apr,555,2,-1,0,unknown,yes
1722,35,services,married,unknown,no,618,no,no,cellular,30,apr,951,1,-1,0,unknown,yes
1723,25,student,single,secondary,no,1608,no,no,cellular,30,apr,664,2,-1,0,unknown,yes
1724,46,management,married,tertiary,no,699,no,no,cellular,30,apr,970,1,87,1,failure,yes
1725,49,entrepreneur,single,secondary,no,5802,no,no,cellular,30,apr,618,2,-1,0,unknown,yes
1726,47,blue-collar,married,primary,no,2749,yes,no,cellular,30,apr,774,2,164,1,failure,yes
1727,35,management,single,tertiary,no,1162,no,no,cellular,30,apr,175,1,-1,0,unknown,yes
1728,30,technician,married,secondary,no,776,no,no,cellular,30,apr,861,2,-1,0,unknown,yes
1729,31,management,single,tertiary,no,1619,no,no,cellular,30,apr,327,2,-1,0,unknown,yes
1730,55,admin.,married,secondary,no,139,no,no,cellular,30,apr,241,1,-1,0,unknown,yes
1731,25,admin.,single,secondary,no,2816,no,no,cellular,30,apr,327,1,-1,0,unknown,yes
1732,26,technician,single,secondary,no,507,no,no,cellular,30,apr,380,1,-1,0,unknown,yes
1733,85,retired,married,primary,no,98,no,no,cellular,30,apr,416,1,-1,0,unknown,yes
1734,29,management,single,tertiary,no,2753,no,no,cellular,30,apr,645,1,-1,0,unknown,yes
1735,39,management,married,tertiary,no,0,no,no,cellular,30,apr,342,3,22,3,other,yes
1736,33,blue-collar,single,secondary,no,498,no,no,cellular,30,apr,301,1,-1,0,unknown,yes
1737,33,blue-collar,single,tertiary,no,700,no,no,cellular,30,apr,169,1,80,2,success,yes
1738,58,management,married,tertiary,no,4152,yes,no,cellular,30,apr,750,2,164,4,other,yes
1739,61,retired,divorced,secondary,no,927,no,no,cellular,30,apr,427,3,-1,0,unknown,yes
1740,50,admin.,single,secondary,no,2252,no,no,cellular,30,apr,652,2,-1,0,unknown,yes
1741,54,technician,married,secondary,no,0,no,no,telephone,30,apr,766,3,84,3,success,yes
1742,33,technician,married,tertiary,no,0,no,no,cellular,30,apr,227,2,-1,0,unknown,yes
1743,36,admin.,single,secondary,no,728,no,no,cellular,30,apr,230,1,-1,0,unknown,yes
1744,31,management,single,tertiary,no,354,no,no,cellular,30,apr,502,1,9,2,success,yes
1745,24,student,single,secondary,no,382,no,no,cellular,30,apr,567,2,-1,0,unknown,yes
1746,29,management,single,tertiary,no,36252,yes,no,cellular,30,apr,501,1,-1,0,unknown,yes
1747,40,management,married,tertiary,no,158,no,no,telephone,30,apr,712,2,-1,0,unknown,yes
1748,29,blue-collar,single,secondary,no,734,yes,yes,cellular,30,apr,259,1,296,1,other,yes
1749,30,admin.,single,tertiary,no,305,no,no,cellular,30,apr,633,1,85,2,success,yes
1750,45,blue-collar,married,secondary,no,10252,no,no,cellular,4,may,675,2,-1,0,unknown,yes
1751,37,management,single,tertiary,no,3141,no,no,cellular,4,may,384,2,-1,0,unknown,yes
1752,28,unemployed,single,primary,no,236,no,no,cellular,4,may,193,1,87,3,failure,yes
1753,33,management,single,tertiary,no,5437,no,no,cellular,4,may,267,1,91,1,failure,yes
1754,33,technician,married,secondary,no,133,no,no,cellular,4,may,218,1,-1,0,unknown,yes
1755,45,blue-collar,married,secondary,no,640,yes,no,cellular,4,may,447,1,-1,0,unknown,yes
1756,25,student,single,tertiary,no,253,no,no,cellular,4,may,597,1,-1,0,unknown,yes
1757,41,blue-collar,married,secondary,no,5060,no,no,cellular,4,may,963,1,83,3,success,yes
1758,38,technician,divorced,secondary,no,902,yes,no,cellular,4,may,301,3,90,1,success,yes
1759,47,technician,married,secondary,no,335,no,no,cellular,4,may,417,1,76,1,success,yes
1760,49,management,married,tertiary,no,1,no,no,telephone,4,may,1076,3,175,1,success,yes
1761,42,admin.,single,secondary,no,1451,yes,no,cellular,4,may,251,4,-1,0,unknown,yes
1762,33,technician,single,tertiary,no,1636,yes,no,cellular,4,may,592,1,66,1,success,yes
1763,36,admin.,married,tertiary,no,3221,no,no,cellular,4,may,322,11,-1,0,unknown,yes
1764,60,technician,married,secondary,no,316,no,no,cellular,4,may,545,2,263,4,failure,yes
1765,33,technician,married,secondary,no,2044,yes,no,cellular,4,may,532,3,-1,0,unknown,yes
1766,33,technician,married,secondary,no,557,no,no,cellular,4,may,367,1,-1,0,unknown,yes
1767,33,services,single,secondary,no,489,yes,no,cellular,4,may,297,4,334,1,other,yes
1768,32,student,single,tertiary,no,1138,no,no,cellular,4,may,214,3,83,3,success,yes
1769,36,self-employed,married,secondary,no,188,yes,yes,cellular,4,may,1046,3,333,2,success,yes
1770,45,technician,married,secondary,no,1998,no,no,cellular,4,may,237,5,-1,0,unknown,yes
1771,35,management,married,tertiary,no,520,yes,no,cellular,4,may,458,3,17,5,failure,yes
1772,38,management,divorced,tertiary,no,6368,yes,no,cellular,4,may,922,4,-1,0,unknown,yes
1773,30,self-employed,married,tertiary,no,2666,no,no,cellular,4,may,781,3,89,1,success,yes
1774,31,technician,married,secondary,no,4182,yes,no,cellular,4,may,347,2,-1,0,unknown,yes
1775,32,self-employed,divorced,tertiary,no,3271,no,no,cellular,4,may,949,3,-1,0,unknown,yes
1776,44,self-employed,married,unknown,no,163,yes,no,cellular,4,may,364,3,-1,0,unknown,yes
1777,39,management,single,tertiary,no,1515,yes,no,cellular,4,may,815,6,167,6,failure,yes
1778,45,blue-collar,married,primary,no,803,yes,no,cellular,4,may,742,4,-1,0,unknown,yes
1779,32,blue-collar,single,secondary,no,400,no,no,cellular,4,may,268,3,-1,0,unknown,yes
1780,39,management,single,tertiary,no,2454,yes,no,cellular,4,may,716,3,263,2,failure,yes
1781,30,management,single,tertiary,no,533,no,no,cellular,4,may,365,4,-1,0,unknown,yes
1782,63,management,married,unknown,no,2352,no,no,telephone,4,may,475,7,-1,0,unknown,yes
1783,56,retired,married,primary,no,9367,no,no,cellular,4,may,617,2,-1,0,unknown,yes
1784,26,technician,single,secondary,no,237,yes,no,cellular,4,may,1091,3,-1,0,unknown,yes
1785,37,student,single,unknown,no,444,no,no,cellular,4,may,1063,5,-1,0,unknown,yes
1786,29,management,single,tertiary,no,9407,no,no,cellular,4,may,267,6,-1,0,unknown,yes
1787,24,student,single,secondary,no,387,no,no,telephone,4,may,340,8,-1,0,unknown,yes
1788,35,entrepreneur,married,secondary,no,2971,no,no,cellular,4,may,429,4,164,2,failure,yes
1789,43,technician,married,tertiary,no,2643,no,no,telephone,4,may,331,5,-1,0,unknown,yes
1790,39,blue-collar,married,secondary,no,261,no,no,cellular,4,may,841,4,-1,0,unknown,yes
1791,59,retired,divorced,secondary,no,514,no,no,cellular,4,may,673,6,90,1,success,yes
1792,50,blue-collar,married,primary,no,5872,yes,no,cellular,5,may,762,3,-1,0,unknown,yes
1793,44,services,divorced,secondary,no,-368,yes,no,cellular,5,may,895,1,-1,0,unknown,yes
1794,35,student,single,secondary,no,188,yes,no,cellular,5,may,863,1,78,8,success,yes
1795,30,blue-collar,married,secondary,no,61,yes,no,cellular,5,may,525,1,-1,0,unknown,yes
1796,58,admin.,married,secondary,no,2160,yes,yes,cellular,5,may,1090,1,-1,0,unknown,yes
1797,37,management,married,tertiary,no,658,yes,no,cellular,5,may,838,1,-1,0,unknown,yes
1798,39,management,married,tertiary,no,0,yes,no,cellular,5,may,811,2,-1,0,unknown,yes
1799,31,blue-collar,single,secondary,no,196,yes,no,cellular,5,may,568,1,341,7,failure,yes
1800,33,self-employed,single,tertiary,no,94,yes,no,cellular,5,may,955,2,-1,0,unknown,yes
1801,41,management,married,tertiary,no,326,yes,no,cellular,5,may,788,1,-1,0,unknown,yes
1802,44,services,married,secondary,no,-395,yes,no,cellular,5,may,894,1,-1,0,unknown,yes
1803,46,blue-collar,married,unknown,no,9328,yes,no,cellular,5,may,725,3,-1,0,unknown,yes
1804,30,technician,single,secondary,no,-522,yes,yes,cellular,5,may,670,2,286,6,failure,yes
1805,35,admin.,married,secondary,no,1286,yes,no,cellular,5,may,862,3,337,1,other,yes
1806,27,admin.,married,secondary,no,710,yes,yes,cellular,6,may,653,1,334,2,success,yes
1807,39,technician,divorced,tertiary,yes,3,no,no,cellular,6,may,488,1,-1,0,unknown,yes
1808,32,self-employed,single,tertiary,no,0,yes,no,cellular,6,may,767,1,-1,0,unknown,yes
1809,37,technician,divorced,secondary,no,141,yes,no,cellular,6,may,848,1,364,3,failure,yes
1810,31,technician,single,secondary,no,53,yes,yes,cellular,6,may,530,1,-1,0,unknown,yes
1811,30,management,divorced,tertiary,no,415,yes,yes,cellular,6,may,984,1,343,4,failure,yes
1812,34,entrepreneur,married,tertiary,no,0,yes,no,cellular,6,may,611,1,183,1,failure,yes
1813,31,blue-collar,single,secondary,no,1979,yes,yes,cellular,6,may,1205,1,-1,0,unknown,yes
1814,27,admin.,married,secondary,no,0,yes,no,cellular,6,may,837,1,-1,0,unknown,yes
1815,36,management,single,tertiary,no,7506,yes,no,cellular,6,may,839,2,188,1,success,yes
1816,32,admin.,married,secondary,no,752,yes,no,cellular,6,may,519,2,166,5,failure,yes
1817,49,management,married,secondary,no,99,yes,no,cellular,6,may,687,2,343,1,failure,yes
1818,29,admin.,single,secondary,no,266,yes,no,cellular,6,may,540,1,-1,0,unknown,yes
1819,29,admin.,single,secondary,no,27,yes,no,cellular,6,may,754,1,-1,0,unknown,yes
1820,28,blue-collar,single,secondary,no,524,yes,no,cellular,6,may,554,2,-1,0,unknown,yes
1821,60,management,married,tertiary,no,5990,yes,no,cellular,6,may,396,3,-1,0,unknown,yes
1822,33,management,married,secondary,no,3935,yes,no,cellular,6,may,765,1,342,2,failure,yes
1823,35,management,married,tertiary,no,991,yes,no,cellular,6,may,1489,3,-1,0,unknown,yes
1824,31,management,single,tertiary,no,59,yes,yes,cellular,6,may,1347,2,363,1,failure,yes
1825,40,management,married,tertiary,no,1598,yes,yes,cellular,6,may,1074,4,344,3,failure,yes
1826,29,management,married,tertiary,no,0,yes,no,cellular,6,may,667,2,-1,0,unknown,yes
1827,35,management,married,tertiary,no,802,yes,no,cellular,6,may,686,2,-1,0,unknown,yes
1828,32,management,married,tertiary,no,2465,yes,yes,cellular,7,may,923,1,-1,0,unknown,yes
1829,26,management,single,tertiary,no,114,yes,no,cellular,7,may,457,1,-1,0,unknown,yes
1830,42,blue-collar,married,primary,no,1461,yes,no,cellular,7,may,757,2,170,3,failure,yes
1831,33,admin.,single,tertiary,no,475,yes,no,cellular,7,may,1046,1,-1,0,unknown,yes
1832,36,management,single,tertiary,no,4,yes,no,cellular,7,may,855,2,342,1,failure,yes
1833,35,management,single,tertiary,no,1618,yes,yes,cellular,7,may,542,1,-1,0,unknown,yes
1834,30,services,single,secondary,no,-271,yes,no,cellular,7,may,609,1,337,1,success,yes
1835,59,admin.,single,secondary,no,2166,yes,yes,cellular,7,may,574,1,-1,0,unknown,yes
1836,44,blue-collar,married,primary,no,4031,yes,no,cellular,7,may,983,4,-1,0,unknown,yes
1837,50,services,married,primary,no,5024,yes,yes,cellular,7,may,661,1,267,11,other,yes
1838,51,technician,married,secondary,no,-1944,yes,no,cellular,7,may,623,1,-1,0,unknown,yes
1839,51,admin.,married,secondary,no,3025,no,no,cellular,7,may,476,1,352,1,other,yes
1840,60,blue-collar,married,unknown,no,2090,yes,no,cellular,7,may,957,2,-1,0,unknown,yes
1841,29,technician,single,tertiary,no,0,yes,no,cellular,7,may,347,2,337,6,failure,yes
1842,43,management,married,tertiary,no,1429,yes,no,cellular,7,may,1030,1,169,3,success,yes
1843,31,admin.,single,secondary,no,0,yes,no,cellular,7,may,895,2,295,2,failure,yes
1844,26,blue-collar,single,secondary,no,311,yes,no,cellular,7,may,798,2,-1,0,unknown,yes
1845,23,housemaid,married,tertiary,no,66,yes,no,cellular,7,may,1391,2,-1,0,unknown,yes
1846,49,blue-collar,single,primary,no,2146,yes,no,cellular,7,may,1516,2,353,2,other,yes
1847,42,unemployed,married,secondary,no,356,yes,no,cellular,7,may,787,3,356,2,failure,yes
1848,39,blue-collar,married,secondary,no,62,yes,no,cellular,7,may,877,3,-1,0,unknown,yes
1849,45,admin.,married,secondary,yes,-106,yes,yes,cellular,7,may,553,3,288,1,other,yes
1850,45,services,divorced,secondary,no,608,yes,yes,cellular,7,may,1135,3,323,30,failure,yes
1851,39,technician,divorced,secondary,no,291,yes,no,cellular,7,may,882,2,-1,0,unknown,yes
1852,45,blue-collar,divorced,secondary,no,-184,yes,no,cellular,7,may,878,3,170,5,failure,yes
1853,39,admin.,single,secondary,no,2345,yes,no,cellular,8,may,491,2,344,2,failure,yes
1854,23,technician,single,secondary,no,4,yes,no,cellular,8,may,763,1,-1,0,unknown,yes
1855,57,admin.,married,secondary,no,6005,yes,no,cellular,8,may,704,1,323,6,failure,yes
1856,32,blue-collar,married,secondary,no,333,yes,no,cellular,8,may,501,2,-1,0,unknown,yes
1857,29,management,single,tertiary,no,3041,yes,no,cellular,8,may,606,3,-1,0,unknown,yes
1858,42,management,married,tertiary,no,4,yes,no,cellular,8,may,579,2,295,1,success,yes
1859,47,blue-collar,divorced,primary,no,603,yes,yes,cellular,8,may,1080,1,-1,0,unknown,yes
1860,36,management,married,tertiary,no,0,yes,no,cellular,8,may,308,3,-1,0,unknown,yes
1861,57,management,married,tertiary,no,830,yes,yes,cellular,8,may,662,1,367,1,success,yes
1862,36,technician,single,tertiary,no,962,yes,no,cellular,8,may,568,1,-1,0,unknown,yes
1863,53,technician,single,tertiary,no,185,yes,no,cellular,8,may,1448,2,-1,0,unknown,yes
1864,56,blue-collar,divorced,primary,no,-9,yes,yes,cellular,8,may,728,1,-1,0,unknown,yes
1865,33,admin.,divorced,tertiary,no,891,no,no,cellular,8,may,398,2,-1,0,unknown,yes
1866,59,retired,married,tertiary,no,148,yes,yes,cellular,8,may,685,2,366,1,other,yes
1867,47,retired,married,primary,no,1374,no,yes,telephone,8,may,479,2,359,3,failure,yes
1868,42,management,married,tertiary,no,-556,yes,yes,cellular,8,may,682,3,347,3,failure,yes
1869,38,self-employed,single,tertiary,no,1612,yes,no,cellular,8,may,423,1,-1,0,unknown,yes
1870,40,self-employed,married,secondary,no,0,yes,no,cellular,11,may,657,1,-1,0,unknown,yes
1871,41,admin.,single,secondary,no,-109,yes,yes,cellular,11,may,1038,1,370,1,failure,yes
1872,43,management,divorced,tertiary,no,580,yes,no,cellular,11,may,1514,1,284,2,failure,yes
1873,24,services,married,secondary,no,4500,yes,no,cellular,11,may,733,2,-1,0,unknown,yes
1874,40,services,married,secondary,no,-192,yes,no,cellular,11,may,666,1,-1,0,unknown,yes
1875,40,blue-collar,married,secondary,no,-438,no,no,cellular,11,may,1017,1,-1,0,unknown,yes
1876,34,services,single,secondary,no,-701,yes,no,cellular,11,may,610,2,-1,0,unknown,yes
1877,36,management,single,tertiary,no,1400,yes,no,cellular,11,may,608,3,-1,0,unknown,yes
1878,38,services,married,secondary,no,5293,yes,no,cellular,11,may,475,1,171,6,failure,yes
1879,39,blue-collar,married,secondary,no,785,yes,no,cellular,11,may,1232,2,-1,0,unknown,yes
1880,25,student,single,primary,no,373,yes,no,cellular,11,may,819,2,-1,0,unknown,yes
1881,39,management,married,tertiary,no,763,yes,no,cellular,11,may,877,7,300,2,other,yes
1882,41,blue-collar,married,secondary,no,1236,yes,no,cellular,11,may,911,3,-1,0,unknown,yes
1883,36,admin.,divorced,secondary,no,-811,yes,no,cellular,12,may,365,2,-1,0,unknown,yes
1884,34,entrepreneur,married,primary,no,7279,yes,no,cellular,12,may,882,1,-1,0,unknown,yes
1885,34,admin.,divorced,secondary,no,479,yes,no,cellular,12,may,515,1,350,5,failure,yes
1886,38,housemaid,single,primary,no,199,yes,no,cellular,12,may,1203,1,306,1,failure,yes
1887,40,blue-collar,married,secondary,no,1808,yes,no,cellular,12,may,560,1,-1,0,unknown,yes
1888,31,admin.,married,secondary,no,2,yes,yes,cellular,12,may,703,4,-1,0,unknown,yes
1889,37,blue-collar,married,primary,no,-106,yes,yes,cellular,12,may,690,1,-1,0,unknown,yes
1890,58,entrepreneur,married,secondary,no,670,yes,no,cellular,12,may,1272,1,-1,0,unknown,yes
1891,48,services,divorced,secondary,no,-361,yes,no,cellular,12,may,1062,3,349,3,other,yes
1892,35,blue-collar,married,primary,no,159,yes,yes,cellular,12,may,826,1,-1,0,unknown,yes
1893,34,admin.,single,secondary,no,151,yes,no,cellular,12,may,590,1,370,1,other,yes
1894,51,blue-collar,married,secondary,no,518,yes,no,cellular,12,may,918,1,-1,0,unknown,yes
1895,39,management,single,tertiary,no,5073,yes,no,cellular,12,may,1182,1,286,4,failure,yes
1896,39,admin.,married,secondary,no,607,yes,no,cellular,12,may,454,2,364,3,failure,yes
1897,36,blue-collar,divorced,primary,no,-308,yes,no,cellular,12,may,725,1,-1,0,unknown,yes
1898,47,services,married,secondary,no,367,yes,no,cellular,12,may,309,1,306,4,success,yes
1899,35,blue-collar,single,secondary,no,855,yes,no,cellular,12,may,549,1,300,1,success,yes
1900,33,blue-collar,married,secondary,no,1240,yes,no,cellular,12,may,844,1,-1,0,unknown,yes
1901,47,admin.,married,secondary,no,663,yes,yes,cellular,12,may,409,1,274,6,other,yes
1902,38,services,single,secondary,no,895,yes,no,cellular,12,may,1531,1,-1,0,unknown,yes
1903,46,blue-collar,married,primary,no,804,yes,no,cellular,12,may,1063,2,361,1,success,yes
1904,42,blue-collar,married,primary,no,-407,yes,yes,cellular,12,may,829,7,-1,0,unknown,yes
1905,47,blue-collar,married,secondary,no,802,yes,yes,cellular,12,may,289,2,-1,0,unknown,yes
1906,37,admin.,single,primary,no,912,yes,no,cellular,12,may,637,3,328,22,other,yes
1907,31,admin.,single,tertiary,no,355,yes,no,cellular,12,may,609,1,-1,0,unknown,yes
1908,46,technician,married,secondary,no,3,yes,yes,cellular,12,may,614,3,-1,0,unknown,yes
1909,36,services,single,secondary,no,0,yes,no,cellular,12,may,398,6,-1,0,unknown,yes
1910,40,services,married,secondary,no,1836,yes,no,cellular,12,may,750,2,-1,0,unknown,yes
1911,39,management,married,tertiary,no,1425,yes,no,cellular,12,may,775,3,-1,0,unknown,yes
1912,45,self-employed,divorced,tertiary,no,963,yes,no,cellular,12,may,528,5,-1,0,unknown,yes
1913,59,admin.,married,secondary,no,145,yes,no,telephone,12,may,556,2,287,13,success,yes
1914,34,blue-collar,married,secondary,no,634,no,yes,cellular,12,may,737,3,-1,0,unknown,yes
1915,40,blue-collar,married,unknown,no,87,yes,no,cellular,13,may,477,3,-1,0,unknown,yes
1916,50,blue-collar,married,primary,no,-522,yes,no,cellular,13,may,863,3,-1,0,unknown,yes
1917,36,blue-collar,married,primary,no,319,yes,no,cellular,13,may,774,2,301,1,failure,yes
1918,35,admin.,single,secondary,no,0,yes,no,cellular,13,may,1073,1,-1,0,unknown,yes
1919,36,blue-collar,single,secondary,no,478,yes,no,cellular,13,may,610,1,-1,0,unknown,yes
1920,35,blue-collar,single,primary,no,-276,yes,no,cellular,13,may,850,1,-1,0,unknown,yes
1921,47,blue-collar,married,primary,no,4227,yes,no,cellular,13,may,659,1,-1,0,unknown,yes
1922,47,housemaid,single,primary,no,2785,yes,no,cellular,13,may,570,1,-1,0,unknown,yes
1923,38,blue-collar,married,primary,no,1401,no,no,cellular,13,may,516,1,-1,0,unknown,yes
1924,33,management,single,tertiary,no,0,yes,no,cellular,13,may,585,1,-1,0,unknown,yes
1925,38,blue-collar,married,primary,no,1852,yes,no,cellular,13,may,606,1,-1,0,unknown,yes
1926,39,blue-collar,married,secondary,no,462,yes,no,cellular,13,may,590,1,-1,0,unknown,yes
1927,43,housemaid,single,primary,no,800,yes,no,cellular,13,may,902,1,-1,0,unknown,yes
1928,33,technician,married,secondary,no,221,yes,no,cellular,13,may,669,1,355,4,failure,yes
1929,34,blue-collar,married,secondary,no,1089,yes,no,cellular,13,may,394,3,-1,0,unknown,yes
1930,28,admin.,divorced,secondary,no,451,yes,no,cellular,13,may,302,1,301,1,success,yes
1931,34,blue-collar,married,secondary,no,496,yes,no,cellular,13,may,333,1,-1,0,unknown,yes
1932,42,blue-collar,single,secondary,no,1080,yes,yes,cellular,13,may,951,3,370,4,failure,yes
1933,33,management,married,tertiary,no,1064,yes,no,cellular,13,may,562,1,-1,0,unknown,yes
1934,39,management,married,tertiary,no,297,yes,no,cellular,13,may,734,2,-1,0,unknown,yes
1935,32,management,single,tertiary,no,3,yes,no,cellular,13,may,568,1,-1,0,unknown,yes
1936,34,management,single,tertiary,no,76,yes,no,cellular,13,may,747,2,371,3,failure,yes
1937,32,blue-collar,single,primary,no,398,yes,no,cellular,13,may,716,1,-1,0,unknown,yes
1938,48,admin.,divorced,secondary,no,83,yes,no,cellular,13,may,1101,1,-1,0,unknown,yes
1939,31,admin.,married,secondary,no,879,yes,no,cellular,13,may,394,1,-1,0,unknown,yes
1940,33,services,married,secondary,no,210,yes,no,cellular,13,may,1207,2,-1,0,unknown,yes
1941,48,services,divorced,secondary,no,-276,yes,yes,cellular,13,may,674,1,-1,0,unknown,yes
1942,33,blue-collar,single,primary,no,863,yes,no,telephone,13,may,622,3,-1,0,unknown,yes
1943,30,student,single,tertiary,no,228,yes,no,cellular,13,may,314,2,-1,0,unknown,yes
1944,35,management,single,tertiary,no,1396,yes,no,cellular,13,may,809,1,300,1,failure,yes
1945,51,blue-collar,divorced,primary,no,-19,yes,no,cellular,13,may,829,1,296,11,failure,yes
1946,38,services,single,secondary,no,2253,yes,no,cellular,13,may,937,3,-1,0,unknown,yes
1947,39,blue-collar,single,primary,no,0,yes,yes,cellular,13,may,1975,5,-1,0,unknown,yes
1948,27,blue-collar,single,primary,no,265,yes,no,cellular,13,may,1119,2,-1,0,unknown,yes
1949,50,technician,divorced,secondary,no,-54,yes,yes,cellular,13,may,698,2,292,1,failure,yes
1950,34,management,single,tertiary,no,3821,yes,no,cellular,13,may,649,2,-1,0,unknown,yes
1951,38,blue-collar,divorced,primary,no,0,yes,no,cellular,13,may,531,2,-1,0,unknown,yes
1952,29,services,divorced,secondary,no,-7,yes,no,cellular,13,may,1279,3,-1,0,unknown,yes
1953,40,blue-collar,married,primary,no,830,yes,no,cellular,13,may,873,3,370,2,failure,yes
1954,32,technician,single,tertiary,no,0,yes,yes,cellular,13,may,440,2,-1,0,unknown,yes
1955,38,blue-collar,married,primary,no,4406,yes,no,telephone,13,may,689,2,-1,0,unknown,yes
1956,36,admin.,divorced,secondary,no,437,yes,no,cellular,14,may,722,2,344,1,success,yes
1957,28,blue-collar,single,primary,no,54,yes,no,cellular,14,may,533,1,371,1,other,yes
1958,49,blue-collar,married,secondary,no,-454,yes,no,cellular,14,may,558,1,-1,0,unknown,yes
1959,26,blue-collar,single,secondary,no,1006,yes,no,cellular,14,may,667,1,-1,0,unknown,yes
1960,44,admin.,divorced,secondary,no,2999,yes,no,cellular,14,may,717,1,-1,0,unknown,yes
1961,49,management,married,tertiary,no,85,yes,no,cellular,14,may,590,5,359,1,other,yes
1962,31,self-employed,single,tertiary,no,17924,yes,no,cellular,14,may,745,1,174,3,failure,yes
1963,55,blue-collar,divorced,primary,no,8180,no,no,cellular,14,may,854,2,360,1,failure,yes
1964,32,management,married,tertiary,no,2431,yes,no,cellular,14,may,646,5,-1,0,unknown,yes
1965,35,services,married,secondary,no,341,yes,no,cellular,14,may,345,1,-1,0,unknown,yes
1966,35,blue-collar,single,secondary,no,4963,yes,no,cellular,14,may,456,1,300,1,failure,yes
1967,31,admin.,married,secondary,no,8781,yes,no,cellular,14,may,680,1,177,1,success,yes
1968,28,admin.,divorced,secondary,no,-504,yes,yes,cellular,14,may,578,1,-1,0,unknown,yes
1969,39,management,married,tertiary,no,1738,yes,no,cellular,14,may,633,1,358,1,other,yes
1970,48,blue-collar,married,primary,no,214,yes,yes,cellular,14,may,307,1,177,2,failure,yes
1971,32,admin.,married,secondary,no,684,yes,no,cellular,14,may,607,3,-1,0,unknown,yes
1972,41,blue-collar,married,secondary,no,580,yes,no,cellular,14,may,874,1,363,1,failure,yes
1973,34,management,married,tertiary,no,273,yes,no,cellular,14,may,492,1,175,2,failure,yes
1974,32,blue-collar,single,secondary,no,811,yes,no,cellular,14,may,563,1,-1,0,unknown,yes
1975,34,admin.,married,primary,no,0,yes,yes,cellular,14,may,1020,1,-1,0,unknown,yes
1976,36,self-employed,divorced,tertiary,no,1354,yes,no,cellular,14,may,1723,1,356,2,success,yes
1977,29,admin.,divorced,secondary,no,-254,yes,no,cellular,14,may,406,2,-1,0,unknown,yes
1978,54,management,divorced,tertiary,no,-449,yes,no,cellular,14,may,691,1,-1,0,unknown,yes
1979,29,blue-collar,married,secondary,no,7863,yes,no,cellular,14,may,1129,1,-1,0,unknown,yes
1980,35,blue-collar,divorced,secondary,no,336,yes,no,cellular,14,may,191,1,346,2,failure,yes
1981,36,blue-collar,married,secondary,no,1049,yes,no,cellular,14,may,224,4,-1,0,unknown,yes
1982,37,services,married,secondary,no,6089,yes,no,cellular,14,may,616,2,-1,0,unknown,yes
1983,37,management,divorced,tertiary,no,-42,yes,no,cellular,14,may,668,2,-1,0,unknown,yes
1984,31,blue-collar,single,secondary,no,953,yes,no,cellular,14,may,479,1,346,2,success,yes
1985,33,admin.,single,secondary,no,315,yes,yes,cellular,14,may,888,3,-1,0,unknown,yes
1986,59,retired,divorced,secondary,no,5845,no,no,cellular,14,may,1060,2,-1,0,unknown,yes
1987,30,blue-collar,married,secondary,no,378,yes,no,cellular,14,may,566,2,-1,0,unknown,yes
1988,53,services,divorced,secondary,no,765,yes,no,cellular,14,may,959,3,174,7,other,yes
1989,26,blue-collar,married,secondary,no,5795,yes,no,cellular,14,may,1094,2,-1,0,unknown,yes
1990,30,admin.,single,secondary,no,315,yes,no,cellular,14,may,884,3,346,4,failure,yes
1991,35,management,single,tertiary,no,916,yes,no,cellular,14,may,460,2,-1,0,unknown,yes
1992,34,admin.,married,secondary,no,124,yes,no,telephone,14,may,604,4,366,2,other,yes
1993,33,services,married,secondary,no,207,yes,no,cellular,14,may,629,4,-1,0,unknown,yes
1994,59,retired,married,tertiary,no,422,yes,no,cellular,14,may,647,4,-1,0,unknown,yes
1995,36,technician,single,secondary,no,125,yes,no,cellular,15,may,676,3,-1,0,unknown,yes
1996,34,services,single,secondary,no,2,yes,no,cellular,15,may,153,2,-1,0,unknown,yes
1997,39,services,single,secondary,no,7066,yes,no,cellular,15,may,667,3,357,3,other,yes
1998,42,services,married,secondary,no,146,yes,yes,cellular,15,may,670,4,346,1,failure,yes
1999,60,retired,divorced,secondary,no,496,yes,no,cellular,15,may,655,2,-1,0,unknown,yes
2000,56,services,single,secondary,no,-40,yes,no,cellular,15,may,311,1,368,2,failure,yes
2001,30,services,single,secondary,no,140,yes,no,cellular,15,may,760,1,-1,0,unknown,yes
2002,26,services,married,secondary,no,77,yes,no,cellular,15,may,619,1,340,4,failure,yes
2003,35,blue-collar,married,primary,no,22,yes,no,cellular,15,may,1190,2,302,2,other,yes
2004,22,blue-collar,single,secondary,no,-51,yes,no,cellular,15,may,859,1,-1,0,unknown,yes
2005,26,blue-collar,single,secondary,no,26,yes,yes,cellular,15,may,899,1,-1,0,unknown,yes
2006,28,admin.,single,secondary,no,154,yes,no,cellular,15,may,536,1,364,1,other,yes
2007,35,admin.,divorced,secondary,no,534,no,no,cellular,15,may,669,1,312,3,failure,yes
2008,35,housemaid,married,tertiary,no,1265,yes,no,cellular,15,may,326,5,179,4,failure,yes
2009,55,technician,married,tertiary,no,-466,yes,no,cellular,15,may,901,1,-1,0,unknown,yes
2010,32,services,married,secondary,no,38,yes,no,cellular,15,may,744,1,-1,0,unknown,yes
2011,28,management,single,secondary,no,703,yes,no,cellular,15,may,485,1,88,1,other,yes
2012,31,admin.,married,secondary,no,685,yes,no,cellular,15,may,552,1,329,3,failure,yes
2013,23,blue-collar,single,secondary,no,780,yes,no,cellular,15,may,416,1,-1,0,unknown,yes
2014,26,technician,single,tertiary,no,-67,yes,no,cellular,15,may,637,1,-1,0,unknown,yes
2015,46,blue-collar,married,primary,no,1085,yes,yes,cellular,15,may,523,2,353,58,other,yes
2016,34,blue-collar,married,secondary,no,29,yes,no,cellular,15,may,285,5,-1,0,unknown,yes
2017,60,management,single,tertiary,no,560,no,no,cellular,15,may,730,5,-1,0,unknown,yes
2018,28,student,single,tertiary,no,22,yes,no,cellular,15,may,536,2,-1,0,unknown,yes
2019,29,services,married,secondary,no,6567,yes,no,cellular,15,may,792,2,298,1,failure,yes
2020,39,entrepreneur,married,secondary,no,2139,yes,no,cellular,15,may,576,4,371,1,failure,yes
2021,54,unemployed,married,secondary,no,582,yes,no,cellular,15,may,693,5,372,2,failure,yes
2022,34,technician,single,secondary,no,194,yes,yes,cellular,15,may,1015,1,-1,0,unknown,yes
2023,27,services,single,secondary,no,353,yes,no,cellular,15,may,663,1,-1,0,unknown,yes
2024,28,services,single,secondary,no,341,yes,no,cellular,15,may,437,3,347,3,other,yes
2025,39,entrepreneur,married,tertiary,yes,-172,yes,no,cellular,15,may,562,2,-1,0,unknown,yes
2026,60,retired,divorced,secondary,no,-639,yes,no,cellular,15,may,585,1,-1,0,unknown,yes
2027,26,student,single,secondary,no,864,yes,no,cellular,15,may,659,1,-1,0,unknown,yes
2028,32,management,married,secondary,no,134,yes,yes,cellular,15,may,532,3,-1,0,unknown,yes
2029,40,admin.,single,secondary,no,50,no,no,cellular,15,may,837,1,-1,0,unknown,yes
2030,25,admin.,single,secondary,no,507,yes,no,cellular,15,may,832,1,367,3,failure,yes
2031,48,blue-collar,married,secondary,no,480,yes,no,cellular,15,may,830,1,352,2,failure,yes
2032,37,entrepreneur,single,secondary,no,-22,yes,no,cellular,15,may,317,1,-1,0,unknown,yes
2033,39,admin.,divorced,secondary,no,878,yes,no,cellular,15,may,611,5,-1,0,unknown,yes
2034,40,admin.,married,secondary,no,2574,yes,no,cellular,15,may,432,1,176,1,failure,yes
2035,31,management,single,tertiary,no,2734,yes,no,cellular,15,may,858,3,-1,0,unknown,yes
2036,42,admin.,divorced,secondary,no,241,yes,no,cellular,15,may,1012,3,-1,0,unknown,yes
2037,51,blue-collar,married,primary,no,129,yes,no,cellular,15,may,611,2,-1,0,unknown,yes
2038,28,management,single,tertiary,no,41,yes,no,cellular,15,may,885,3,352,2,other,yes
2039,32,management,married,tertiary,no,3387,yes,no,cellular,15,may,1111,5,-1,0,unknown,yes
2040,36,admin.,single,secondary,no,148,yes,no,cellular,15,may,1357,4,374,2,failure,yes
2041,36,blue-collar,married,secondary,no,249,yes,no,cellular,15,may,709,5,-1,0,unknown,yes
2042,38,self-employed,single,tertiary,no,5774,yes,no,cellular,15,may,406,4,359,5,other,yes
2043,36,services,single,secondary,no,0,yes,no,cellular,15,may,1002,4,-1,0,unknown,yes
2044,40,blue-collar,married,primary,no,1841,yes,no,cellular,15,may,880,4,-1,0,unknown,yes
2045,37,blue-collar,married,primary,no,2120,yes,no,cellular,15,may,655,3,175,4,failure,yes
2046,51,management,single,tertiary,no,297,yes,no,cellular,15,may,415,4,375,1,failure,yes
2047,34,services,divorced,secondary,no,89,yes,no,cellular,15,may,1871,4,-1,0,unknown,yes
2048,56,blue-collar,married,primary,no,827,yes,no,telephone,15,may,462,4,-1,0,unknown,yes
2049,35,blue-collar,married,secondary,no,205,yes,yes,cellular,15,may,1313,7,312,1,failure,yes
2050,34,technician,married,tertiary,no,3743,yes,no,cellular,18,may,722,4,-1,0,unknown,yes
2051,39,services,married,secondary,no,117,yes,no,cellular,18,may,1032,2,-1,0,unknown,yes
2052,29,blue-collar,married,secondary,no,-493,yes,no,cellular,18,may,536,2,334,4,failure,yes
2053,33,management,single,tertiary,no,62,yes,no,cellular,18,may,473,3,-1,0,unknown,yes
2054,40,admin.,single,secondary,no,2040,yes,no,cellular,18,may,906,2,350,2,failure,yes
2055,22,services,single,secondary,no,344,yes,no,cellular,18,may,347,1,-1,0,unknown,yes
2056,32,technician,single,secondary,no,230,yes,no,cellular,18,may,442,1,266,8,failure,yes
2057,33,admin.,single,secondary,no,1277,yes,no,cellular,18,may,827,1,-1,0,unknown,yes
2058,29,blue-collar,married,secondary,no,104,yes,no,cellular,18,may,903,4,-1,0,unknown,yes
2059,29,technician,single,secondary,no,706,yes,no,cellular,18,may,1340,1,-1,0,unknown,yes
2060,24,blue-collar,single,secondary,no,174,yes,yes,cellular,18,may,487,1,-1,0,unknown,yes
2061,31,blue-collar,single,secondary,no,239,yes,no,cellular,18,may,666,1,360,1,success,yes
2062,27,blue-collar,single,secondary,no,513,yes,yes,cellular,18,may,351,1,-1,0,unknown,yes
2063,32,management,single,tertiary,no,7290,yes,no,cellular,18,may,357,1,-1,0,unknown,yes
2064,30,blue-collar,single,secondary,no,5909,yes,no,cellular,18,may,420,2,-1,0,unknown,yes
2065,27,services,single,secondary,no,-195,yes,no,cellular,18,may,391,1,-1,0,unknown,yes
2066,55,blue-collar,married,secondary,no,3917,yes,no,cellular,18,may,565,1,-1,0,unknown,yes
2067,28,admin.,single,secondary,no,352,yes,yes,cellular,18,may,431,1,-1,0,unknown,yes
2068,29,technician,single,tertiary,no,615,yes,no,cellular,18,may,373,1,-1,0,unknown,yes
2069,55,retired,divorced,tertiary,no,0,no,no,cellular,18,may,616,1,370,1,success,yes
2070,25,blue-collar,single,secondary,no,217,yes,no,cellular,18,may,504,1,-1,0,unknown,yes
2071,36,housemaid,single,secondary,no,1015,yes,no,cellular,18,may,1008,1,347,2,success,yes
2072,27,blue-collar,married,unknown,no,409,yes,no,cellular,18,may,525,1,-1,0,unknown,yes
2073,25,services,single,secondary,no,1119,yes,no,cellular,18,may,1063,1,-1,0,unknown,yes
2074,32,blue-collar,single,primary,no,12198,yes,no,cellular,18,may,178,1,-1,0,unknown,yes
2075,33,admin.,single,tertiary,no,235,yes,no,cellular,18,may,525,1,-1,0,unknown,yes
2076,38,entrepreneur,married,tertiary,no,170,yes,no,cellular,18,may,442,1,-1,0,unknown,yes
2077,45,technician,divorced,secondary,no,-357,yes,yes,cellular,18,may,618,1,355,2,failure,yes
2078,30,blue-collar,single,secondary,no,2145,yes,no,cellular,18,may,727,2,-1,0,unknown,yes
2079,32,blue-collar,married,primary,no,-454,yes,yes,cellular,18,may,801,5,355,2,failure,yes
2080,26,blue-collar,single,primary,no,-887,yes,no,cellular,18,may,827,2,-1,0,unknown,yes
2081,25,blue-collar,single,primary,no,292,yes,yes,cellular,18,may,1027,2,-1,0,unknown,yes
2082,33,blue-collar,married,secondary,no,139,yes,yes,cellular,18,may,732,2,291,5,failure,yes
2083,32,technician,single,tertiary,no,2684,yes,no,cellular,18,may,542,2,-1,0,unknown,yes
2084,34,blue-collar,married,primary,no,-1,yes,no,cellular,18,may,1057,6,355,1,other,yes
2085,29,management,married,tertiary,no,1387,yes,no,cellular,18,may,256,2,-1,0,unknown,yes
2086,28,self-employed,married,secondary,no,-522,yes,yes,cellular,18,may,638,2,-1,0,unknown,yes
2087,38,technician,single,secondary,no,-242,yes,no,cellular,18,may,1173,3,278,6,success,yes
2088,35,services,single,secondary,no,719,yes,no,cellular,18,may,1359,3,368,3,failure,yes
2089,28,admin.,single,secondary,no,0,yes,yes,cellular,18,may,390,5,-1,0,unknown,yes
2090,29,unemployed,single,tertiary,no,497,yes,no,cellular,18,may,642,3,298,6,success,yes
2091,20,blue-collar,single,secondary,no,76,yes,no,cellular,18,may,639,2,-1,0,unknown,yes
2092,45,admin.,divorced,secondary,no,397,yes,yes,cellular,22,may,582,1,95,2,success,yes
2093,37,management,married,tertiary,no,3723,no,no,cellular,22,may,354,1,-1,0,unknown,yes
2094,32,technician,single,tertiary,no,1625,no,no,cellular,22,may,796,1,109,1,failure,yes
2095,59,admin.,married,secondary,no,106,no,no,cellular,22,may,186,1,-1,0,unknown,yes
2096,37,services,married,secondary,no,1543,yes,no,cellular,22,may,298,1,10,6,failure,yes
2097,59,management,married,tertiary,no,2239,no,no,cellular,22,may,431,1,-1,0,unknown,yes
2098,27,technician,divorced,secondary,no,1977,yes,no,cellular,22,may,449,1,-1,0,unknown,yes
2099,39,management,single,tertiary,no,0,yes,no,cellular,22,may,271,1,93,3,success,yes
2100,43,services,married,secondary,no,2145,no,no,cellular,22,may,271,1,183,3,failure,yes
2101,39,technician,married,secondary,no,116,no,no,cellular,22,may,554,2,-1,0,unknown,yes
2102,26,student,single,secondary,no,620,no,no,cellular,22,may,223,1,94,1,success,yes
2103,39,management,single,tertiary,no,307,no,no,cellular,22,may,182,2,-1,0,unknown,yes
2104,43,management,divorced,unknown,no,7702,no,no,cellular,22,may,460,1,95,2,success,yes
2105,27,student,single,tertiary,no,3733,yes,no,cellular,22,may,198,1,98,6,success,yes
2106,32,services,single,secondary,no,3993,no,no,cellular,22,may,148,2,-1,0,unknown,yes
2107,29,management,single,tertiary,no,428,no,no,cellular,22,may,293,2,-1,0,unknown,yes
2108,42,management,married,primary,no,5310,yes,no,cellular,22,may,545,2,186,1,success,yes
2109,53,blue-collar,married,unknown,no,2509,no,no,telephone,22,may,231,2,-1,0,unknown,yes
2110,36,management,married,tertiary,no,255,no,no,cellular,22,may,970,2,92,2,other,yes
2111,27,management,single,tertiary,no,616,yes,no,cellular,22,may,685,1,101,1,other,yes
2112,43,admin.,single,secondary,no,733,yes,no,cellular,25,may,282,1,187,3,success,yes
2113,60,retired,divorced,tertiary,no,439,no,yes,cellular,25,may,464,1,321,1,failure,yes
2114,29,technician,single,secondary,no,590,no,no,cellular,25,may,124,1,-1,0,unknown,yes
2115,26,blue-collar,single,tertiary,no,567,no,no,cellular,25,may,421,1,-1,0,unknown,yes
2116,26,student,single,unknown,no,689,no,no,cellular,25,may,678,2,-1,0,unknown,yes
2117,28,technician,single,tertiary,no,386,no,no,cellular,25,may,867,1,-1,0,unknown,yes
2118,28,technician,single,tertiary,no,0,yes,no,cellular,25,may,269,1,40,2,failure,yes
2119,28,management,single,tertiary,no,957,no,no,cellular,25,may,915,2,-1,0,unknown,yes
2120,40,technician,married,secondary,no,312,no,no,cellular,25,may,612,7,-1,0,unknown,yes
2121,24,blue-collar,single,secondary,no,167,no,yes,cellular,25,may,288,1,96,2,success,yes
2122,56,retired,divorced,tertiary,no,13094,no,no,cellular,25,may,1064,1,-1,0,unknown,yes
2123,34,management,single,tertiary,no,5086,no,no,cellular,25,may,213,4,-1,0,unknown,yes
2124,28,admin.,single,secondary,no,707,yes,no,cellular,25,may,226,1,-1,0,unknown,yes
2125,37,services,married,secondary,no,466,yes,yes,cellular,25,may,377,1,-1,0,unknown,yes
2126,32,services,single,secondary,no,152,yes,no,cellular,25,may,158,2,-1,0,unknown,yes
2127,43,technician,divorced,secondary,no,1612,no,no,cellular,25,may,262,2,353,1,other,yes
2128,36,technician,married,tertiary,no,911,yes,yes,cellular,25,may,117,2,21,3,failure,yes
2129,35,technician,single,secondary,no,27,yes,no,cellular,25,may,214,1,305,1,other,yes
2130,29,technician,single,secondary,no,6,no,no,cellular,25,may,315,1,-1,0,unknown,yes
2131,27,student,single,secondary,no,253,no,no,cellular,25,may,242,2,-1,0,unknown,yes
2132,32,technician,single,tertiary,no,705,yes,no,cellular,25,may,414,2,35,4,failure,yes
2133,33,technician,single,tertiary,no,109,yes,yes,cellular,25,may,601,2,10,7,failure,yes
2134,24,student,single,secondary,no,23878,no,no,cellular,26,may,133,1,97,1,success,yes
2135,58,technician,married,secondary,no,3399,no,no,cellular,26,may,1078,1,97,7,other,yes
2136,43,management,married,tertiary,no,79,no,no,cellular,26,may,640,1,-1,0,unknown,yes
2137,26,management,married,tertiary,no,243,no,no,cellular,26,may,482,1,-1,0,unknown,yes
2138,31,technician,single,secondary,no,138,no,no,cellular,26,may,91,1,285,2,other,yes
2139,25,management,single,tertiary,no,1317,no,no,cellular,26,may,176,1,-1,0,unknown,yes
2140,58,retired,married,secondary,no,2714,no,no,cellular,26,may,165,1,287,2,failure,yes
2141,48,management,divorced,tertiary,no,17964,yes,no,cellular,26,may,208,2,96,3,other,yes
2142,60,retired,married,tertiary,no,846,no,no,telephone,26,may,1346,1,-1,0,unknown,yes
2143,25,student,single,tertiary,no,326,no,no,cellular,26,may,390,1,-1,0,unknown,yes
2144,26,student,single,secondary,no,100,no,no,cellular,26,may,445,1,-1,0,unknown,yes
2145,25,student,single,secondary,no,304,no,no,cellular,26,may,226,2,-1,0,unknown,yes
2146,26,student,single,tertiary,no,39,no,no,cellular,26,may,396,3,-1,0,unknown,yes
2147,32,management,single,tertiary,no,312,no,no,cellular,26,may,208,2,98,2,success,yes
2148,25,admin.,married,tertiary,no,906,no,no,cellular,26,may,253,1,-1,0,unknown,yes
2149,21,admin.,single,secondary,no,524,no,no,cellular,26,may,185,1,-1,0,unknown,yes
2150,41,self-employed,single,tertiary,no,1081,no,no,cellular,27,may,229,3,-1,0,unknown,yes
2151,30,admin.,single,secondary,no,983,yes,no,cellular,27,may,189,2,-1,0,unknown,yes
2152,47,admin.,divorced,secondary,no,2232,no,no,cellular,27,may,439,1,103,1,success,yes
2153,37,admin.,married,secondary,no,1967,no,no,cellular,27,may,242,1,212,1,success,yes
2154,34,admin.,married,secondary,no,1406,yes,no,cellular,27,may,145,1,-1,0,unknown,yes
2155,28,admin.,single,secondary,no,157,no,no,cellular,27,may,155,3,-1,0,unknown,yes
2156,24,admin.,single,tertiary,no,0,yes,no,cellular,27,may,122,2,-1,0,unknown,yes
2157,26,admin.,single,secondary,no,2509,no,no,cellular,27,may,776,3,97,3,success,yes
2158,35,technician,married,secondary,no,1368,no,no,cellular,27,may,329,1,41,2,other,yes
2159,54,retired,divorced,tertiary,no,3076,no,no,cellular,27,may,367,2,-1,0,unknown,yes
2160,44,management,married,tertiary,no,7818,no,no,cellular,27,may,412,1,-1,0,unknown,yes
2161,56,admin.,single,secondary,no,4118,no,no,telephone,27,may,165,1,-1,0,unknown,yes
2162,25,admin.,single,tertiary,no,760,yes,no,cellular,27,may,223,3,89,2,failure,yes
2163,25,student,single,unknown,no,277,no,no,cellular,27,may,311,2,-1,0,unknown,yes
2164,50,management,married,tertiary,no,253,no,no,cellular,28,may,513,9,-1,0,unknown,yes
2165,55,admin.,married,secondary,no,602,no,no,cellular,1,jun,324,3,90,2,success,yes
2166,57,management,married,tertiary,no,473,no,no,cellular,1,jun,295,1,-1,0,unknown,yes
2167,48,management,married,tertiary,no,1167,yes,yes,cellular,1,jun,264,1,-1,0,unknown,yes
2168,25,unemployed,single,tertiary,no,343,no,no,cellular,1,jun,377,1,-1,0,unknown,yes
2169,49,management,married,tertiary,no,1808,yes,no,cellular,1,jun,205,1,95,1,success,yes
2170,25,technician,single,secondary,no,1199,no,no,cellular,1,jun,287,1,-1,0,unknown,yes
2171,38,housemaid,divorced,secondary,no,70,no,no,cellular,1,jun,263,1,-1,0,unknown,yes
2172,45,blue-collar,married,secondary,no,1723,no,no,cellular,1,jun,166,2,-1,0,unknown,yes
2173,33,management,married,tertiary,no,1323,no,no,cellular,1,jun,327,1,-1,0,unknown,yes
2174,45,admin.,married,tertiary,no,2552,no,no,cellular,1,jun,69,1,293,7,failure,yes
2175,26,management,single,secondary,no,2613,no,no,cellular,1,jun,326,1,-1,0,unknown,yes
2176,49,admin.,married,secondary,no,0,no,no,cellular,1,jun,1460,1,-1,0,unknown,yes
2177,25,technician,single,secondary,no,938,no,no,cellular,1,jun,1048,1,-1,0,unknown,yes
2178,53,technician,married,secondary,no,284,no,no,cellular,1,jun,781,1,-1,0,unknown,yes
2179,43,management,married,tertiary,no,1059,no,yes,cellular,1,jun,335,2,-1,0,unknown,yes
2180,49,technician,married,secondary,no,1684,no,yes,cellular,1,jun,412,2,-1,0,unknown,yes
2181,54,management,married,tertiary,no,534,no,no,cellular,1,jun,177,2,-1,0,unknown,yes
2182,47,technician,married,secondary,no,293,no,no,cellular,1,jun,251,1,90,1,success,yes
2183,34,blue-collar,married,secondary,no,262,no,no,cellular,1,jun,339,1,-1,0,unknown,yes
2184,54,services,divorced,secondary,no,0,no,no,cellular,1,jun,174,1,81,2,success,yes
2185,43,management,divorced,tertiary,no,2367,no,no,cellular,1,jun,114,1,38,2,other,yes
2186,23,services,single,secondary,no,31,no,no,cellular,1,jun,192,1,-1,0,unknown,yes
2187,48,management,married,tertiary,no,3842,no,no,cellular,1,jun,215,2,-1,0,unknown,yes
2188,30,self-employed,single,tertiary,no,3343,no,no,cellular,1,jun,235,1,-1,0,unknown,yes
2189,38,unemployed,single,secondary,no,804,no,no,cellular,1,jun,1087,1,-1,0,unknown,yes
2190,34,student,single,unknown,no,1011,no,no,cellular,1,jun,253,1,-1,0,unknown,yes
2191,52,admin.,single,secondary,no,-528,yes,yes,cellular,1,jun,1144,2,-1,0,unknown,yes
2192,27,management,single,tertiary,no,1840,no,no,cellular,1,jun,220,1,28,8,other,yes
2193,40,blue-collar,married,secondary,no,1451,no,no,cellular,1,jun,314,1,-1,0,unknown,yes
2194,47,management,married,tertiary,no,2351,no,no,cellular,2,jun,163,2,84,1,success,yes
2195,26,management,single,tertiary,no,1623,no,no,cellular,2,jun,479,1,-1,0,unknown,yes
2196,37,admin.,married,secondary,no,597,no,no,cellular,2,jun,395,1,-1,0,unknown,yes
2197,34,management,married,tertiary,no,611,no,no,cellular,2,jun,350,1,-1,0,unknown,yes
2198,26,admin.,single,tertiary,no,313,no,yes,cellular,2,jun,199,1,96,2,success,yes
2199,44,management,married,tertiary,no,1954,no,no,cellular,2,jun,294,1,-1,0,unknown,yes
2200,29,management,single,tertiary,no,307,yes,no,cellular,2,jun,690,1,-1,0,unknown,yes
2201,40,unemployed,single,tertiary,no,7968,no,no,cellular,2,jun,596,1,-1,0,unknown,yes
2202,43,blue-collar,married,secondary,no,2160,no,no,cellular,2,jun,169,1,-1,0,unknown,yes
2203,52,technician,divorced,secondary,no,1005,yes,no,cellular,2,jun,195,1,-1,0,unknown,yes
2204,38,admin.,married,tertiary,no,1988,no,no,cellular,2,jun,103,1,67,4,success,yes
2205,33,services,divorced,secondary,no,1117,no,no,cellular,2,jun,417,1,-1,0,unknown,yes
2206,50,technician,married,secondary,no,3370,no,no,cellular,2,jun,160,2,-1,0,unknown,yes
2207,53,admin.,married,secondary,no,109,no,no,telephone,2,jun,270,1,-1,0,unknown,yes
2208,42,services,married,secondary,no,1376,yes,no,cellular,2,jun,271,2,92,4,success,yes
2209,49,technician,married,tertiary,no,523,yes,no,cellular,2,jun,712,1,60,3,failure,yes
2210,27,technician,single,tertiary,no,15161,no,no,cellular,2,jun,74,1,120,1,success,yes
2211,32,admin.,married,tertiary,no,653,no,no,cellular,2,jun,84,1,-1,0,unknown,yes
2212,31,student,single,tertiary,no,64,no,no,cellular,2,jun,261,2,-1,0,unknown,yes
2213,29,technician,single,secondary,no,1165,no,no,cellular,2,jun,245,1,-1,0,unknown,yes
2214,49,services,married,secondary,no,7019,yes,no,cellular,2,jun,263,1,368,3,failure,yes
2215,46,blue-collar,married,secondary,no,1568,yes,no,cellular,2,jun,310,1,55,6,other,yes
2216,57,blue-collar,married,primary,no,3109,no,no,cellular,2,jun,482,2,-1,0,unknown,yes
2217,28,technician,single,tertiary,no,4987,no,no,cellular,2,jun,924,2,113,21,success,yes
2218,37,entrepreneur,married,tertiary,no,189,no,no,cellular,2,jun,253,2,-1,0,unknown,yes
2219,38,blue-collar,married,secondary,no,2467,no,no,cellular,2,jun,192,1,-1,0,unknown,yes
2220,49,management,married,tertiary,no,5887,no,no,cellular,2,jun,181,3,293,2,failure,yes
2221,35,technician,married,tertiary,no,1354,no,no,cellular,2,jun,250,2,-1,0,unknown,yes
2222,29,technician,married,secondary,no,23,yes,no,cellular,2,jun,163,1,55,2,failure,yes
2223,52,technician,married,secondary,no,0,no,no,cellular,2,jun,541,3,-1,0,unknown,yes
2224,34,unemployed,married,secondary,no,978,no,no,cellular,3,jun,262,2,71,1,success,yes
2225,60,technician,married,secondary,no,294,no,no,telephone,3,jun,206,4,-1,0,unknown,yes
2226,32,self-employed,married,secondary,no,409,no,no,cellular,3,jun,115,2,86,2,success,yes
2227,27,admin.,single,secondary,no,261,yes,yes,cellular,3,jun,592,4,-1,0,unknown,yes
2228,55,entrepreneur,married,secondary,no,27624,no,no,telephone,3,jun,437,1,-1,0,unknown,yes
2229,29,management,single,tertiary,no,3846,no,no,cellular,3,jun,313,2,-1,0,unknown,yes
2230,42,blue-collar,married,secondary,no,2913,no,no,cellular,3,jun,705,1,195,1,failure,yes
2231,33,management,divorced,tertiary,no,2240,no,no,cellular,3,jun,198,1,-1,0,unknown,yes
2232,29,blue-collar,married,primary,no,5,no,no,cellular,3,jun,321,1,-1,0,unknown,yes
2233,39,admin.,married,secondary,no,150,no,no,cellular,3,jun,296,4,-1,0,unknown,yes
2234,31,technician,single,tertiary,no,882,no,no,cellular,3,jun,411,1,-1,0,unknown,yes
2235,60,management,divorced,tertiary,no,366,no,no,cellular,3,jun,593,1,-1,0,unknown,yes
2236,25,student,single,tertiary,no,1189,no,no,cellular,3,jun,165,1,-1,0,unknown,yes
2237,45,admin.,married,secondary,no,204,yes,no,cellular,3,jun,224,2,-1,0,unknown,yes
2238,29,management,single,tertiary,no,637,yes,no,cellular,3,jun,340,1,119,1,failure,yes
2239,55,management,divorced,tertiary,no,2383,no,no,cellular,3,jun,591,2,-1,0,unknown,yes
2240,26,technician,single,secondary,no,1231,yes,no,cellular,3,jun,385,2,96,5,success,yes
2241,30,management,single,tertiary,no,3340,no,no,cellular,3,jun,238,3,-1,0,unknown,yes
2242,54,admin.,divorced,secondary,no,200,no,no,cellular,3,jun,170,1,-1,0,unknown,yes
2243,39,blue-collar,single,tertiary,no,48,no,no,cellular,3,jun,539,1,-1,0,unknown,yes
2244,26,management,single,tertiary,no,2786,no,no,cellular,3,jun,300,2,72,1,success,yes
2245,57,retired,married,secondary,no,5313,no,no,cellular,3,jun,200,1,-1,0,unknown,yes
2246,39,unemployed,married,tertiary,no,201,no,no,cellular,3,jun,699,1,119,1,failure,yes
2247,25,blue-collar,single,secondary,no,389,no,no,cellular,3,jun,837,1,-1,0,unknown,yes
2248,43,blue-collar,married,primary,no,3917,no,no,cellular,3,jun,725,2,93,1,success,yes
2249,32,blue-collar,married,secondary,no,889,yes,no,cellular,3,jun,1076,2,85,3,other,yes
2250,43,management,divorced,tertiary,no,481,yes,no,cellular,3,jun,187,1,20,1,other,yes
2251,50,management,divorced,tertiary,no,810,no,no,cellular,4,jun,510,3,-1,0,unknown,yes
2252,35,services,married,secondary,no,52,yes,no,cellular,4,jun,328,2,94,4,success,yes
2253,37,management,married,tertiary,no,108,yes,yes,cellular,4,jun,262,2,-1,0,unknown,yes
2254,42,admin.,single,secondary,no,684,no,no,cellular,4,jun,207,1,-1,0,unknown,yes
2255,27,management,married,secondary,no,2071,no,no,cellular,4,jun,449,1,-1,0,unknown,yes
2256,27,services,single,secondary,no,339,no,no,cellular,4,jun,182,1,-1,0,unknown,yes
2257,29,management,single,tertiary,no,572,no,no,cellular,4,jun,224,1,-1,0,unknown,yes
2258,29,student,single,secondary,no,1779,no,no,cellular,4,jun,400,1,-1,0,unknown,yes
2259,26,student,single,secondary,no,132,no,no,cellular,4,jun,217,1,-1,0,unknown,yes
2260,39,admin.,single,tertiary,no,22086,no,no,cellular,4,jun,160,1,-1,0,unknown,yes
2261,41,services,married,secondary,no,0,yes,yes,cellular,4,jun,352,2,122,2,failure,yes
2262,29,management,married,tertiary,no,205,no,no,cellular,4,jun,787,1,-1,0,unknown,yes
2263,33,technician,single,tertiary,no,317,yes,no,cellular,4,jun,323,1,80,14,other,yes
2264,32,management,married,tertiary,no,4945,no,no,cellular,4,jun,160,1,119,2,other,yes
2265,30,management,married,tertiary,no,419,yes,no,cellular,4,jun,194,1,-1,0,unknown,yes
2266,38,technician,single,secondary,no,1130,no,no,cellular,4,jun,96,2,98,1,success,yes
2267,55,admin.,married,secondary,no,1662,no,no,cellular,4,jun,94,2,-1,0,unknown,yes
2268,25,admin.,single,secondary,no,1871,no,no,cellular,4,jun,136,1,-1,0,unknown,yes
2269,38,entrepreneur,divorced,secondary,no,1190,yes,no,cellular,4,jun,81,2,391,3,failure,yes
2270,35,blue-collar,married,secondary,no,563,no,yes,cellular,4,jun,147,1,119,3,failure,yes
2271,31,unemployed,married,secondary,no,6,no,no,cellular,4,jun,121,4,-1,0,unknown,yes
2272,25,services,single,secondary,no,594,no,no,cellular,4,jun,89,2,-1,0,unknown,yes
2273,31,management,single,tertiary,no,617,no,no,cellular,4,jun,1161,1,97,2,success,yes
2274,27,student,single,secondary,no,538,no,no,cellular,4,jun,124,2,-1,0,unknown,yes
2275,34,admin.,single,secondary,no,303,no,no,cellular,4,jun,282,3,126,3,failure,yes
2276,40,admin.,single,secondary,no,985,yes,no,cellular,4,jun,592,3,50,8,failure,yes
2277,27,admin.,married,secondary,no,897,no,no,cellular,5,jun,397,1,-1,0,unknown,yes
2278,28,management,single,secondary,no,171,no,no,cellular,5,jun,324,1,87,1,success,yes
2279,28,management,single,secondary,no,1633,no,no,cellular,5,jun,275,1,-1,0,unknown,yes
2280,35,admin.,divorced,secondary,no,1085,no,no,cellular,5,jun,199,1,86,7,success,yes
2281,58,retired,married,primary,no,1980,no,no,cellular,5,jun,255,1,-1,0,unknown,yes
2282,44,technician,married,tertiary,no,1933,no,no,cellular,5,jun,462,1,-1,0,unknown,yes
2283,57,retired,married,secondary,no,1841,no,no,telephone,5,jun,302,1,-1,0,unknown,yes
2284,25,self-employed,single,tertiary,no,42,yes,no,cellular,5,jun,149,1,94,1,success,yes
2285,21,student,single,secondary,no,794,no,no,cellular,5,jun,191,1,-1,0,unknown,yes
2286,49,technician,married,secondary,no,905,no,no,cellular,5,jun,1543,1,-1,0,unknown,yes
2287,54,management,married,tertiary,no,8295,no,no,cellular,5,jun,207,1,-1,0,unknown,yes
2288,59,retired,married,primary,no,0,no,no,cellular,5,jun,493,2,-1,0,unknown,yes
2289,28,management,single,tertiary,no,874,yes,no,cellular,5,jun,509,1,-1,0,unknown,yes
2290,37,blue-collar,married,secondary,no,4321,no,no,cellular,5,jun,657,1,-1,0,unknown,yes
2291,30,technician,single,tertiary,no,0,yes,no,cellular,5,jun,159,2,-1,0,unknown,yes
2292,35,housemaid,single,primary,no,745,no,no,telephone,5,jun,522,3,-1,0,unknown,yes
2293,31,management,single,tertiary,no,924,no,no,cellular,5,jun,207,2,98,1,success,yes
2294,41,unemployed,single,primary,no,216,no,no,cellular,5,jun,577,3,-1,0,unknown,yes
2295,30,unemployed,single,tertiary,no,1159,no,no,telephone,5,jun,366,1,-1,0,unknown,yes
2296,28,self-employed,single,tertiary,no,3290,no,no,cellular,5,jun,201,2,-1,0,unknown,yes
2297,31,unemployed,single,secondary,no,582,yes,no,cellular,5,jun,548,2,-1,0,unknown,yes
2298,53,management,divorced,tertiary,no,380,no,yes,cellular,5,jun,438,2,-1,0,unknown,yes
2299,22,blue-collar,single,secondary,no,682,no,no,cellular,5,jun,126,2,91,1,success,yes
2300,36,services,married,primary,no,92,yes,no,cellular,5,jun,244,7,-1,0,unknown,yes
2301,33,technician,single,secondary,no,66,no,no,cellular,5,jun,157,2,-1,0,unknown,yes
2302,31,technician,single,tertiary,no,252,no,no,cellular,8,jun,107,3,-1,0,unknown,yes
2303,49,admin.,married,tertiary,no,6574,no,no,cellular,8,jun,138,3,-1,0,unknown,yes
2304,51,self-employed,married,unknown,no,2094,no,no,cellular,8,jun,458,6,-1,0,unknown,yes
2305,34,technician,married,secondary,no,294,yes,no,cellular,8,jun,301,3,-1,0,unknown,yes
2306,35,blue-collar,married,primary,no,1177,no,no,cellular,8,jun,243,4,-1,0,unknown,yes
2307,32,admin.,single,tertiary,no,8866,no,no,cellular,9,jun,234,2,83,2,success,yes
2308,36,entrepreneur,divorced,tertiary,no,3407,no,no,cellular,9,jun,993,4,85,4,success,yes
2309,31,management,single,tertiary,no,5205,no,no,cellular,9,jun,529,2,-1,0,unknown,yes
2310,25,technician,single,tertiary,no,3630,no,no,telephone,9,jun,221,7,-1,0,unknown,yes
2311,25,services,single,tertiary,no,12,no,no,cellular,12,jun,126,6,-1,0,unknown,yes
2312,60,management,married,secondary,no,544,no,no,cellular,12,jun,95,7,357,2,failure,yes
2313,40,self-employed,single,tertiary,no,10346,no,no,cellular,15,jun,491,2,207,1,other,yes
2314,50,management,married,tertiary,no,1612,no,no,cellular,15,jun,532,2,98,2,other,yes
2315,32,management,single,tertiary,no,718,yes,no,cellular,15,jun,95,1,-1,0,unknown,yes
2316,60,admin.,married,secondary,no,3547,no,no,telephone,15,jun,351,6,-1,0,unknown,yes
2317,32,services,married,secondary,no,914,no,no,cellular,15,jun,372,1,-1,0,unknown,yes
2318,52,entrepreneur,married,secondary,no,1306,no,no,cellular,15,jun,288,1,-1,0,unknown,yes
2319,59,technician,married,secondary,no,259,no,no,cellular,15,jun,415,1,89,1,success,yes
2320,56,retired,married,secondary,no,-1206,yes,no,cellular,15,jun,382,2,-1,0,unknown,yes
2321,47,management,single,tertiary,no,372,no,no,cellular,15,jun,257,1,-1,0,unknown,yes
2322,43,management,married,tertiary,no,3518,no,no,cellular,15,jun,181,2,-1,0,unknown,yes
2323,25,services,single,secondary,no,505,no,no,cellular,15,jun,284,1,-1,0,unknown,yes
2324,31,student,single,secondary,no,1776,no,no,cellular,15,jun,220,1,207,1,other,yes
2325,27,management,single,tertiary,no,20585,no,no,cellular,15,jun,188,1,-1,0,unknown,yes
2326,26,admin.,married,secondary,no,1595,no,no,cellular,15,jun,155,1,105,1,failure,yes
2327,37,admin.,single,tertiary,no,1000,yes,no,cellular,15,jun,322,1,90,1,success,yes
2328,27,admin.,single,tertiary,no,138,no,no,cellular,15,jun,89,2,-1,0,unknown,yes
2329,49,management,married,tertiary,no,561,no,no,cellular,15,jun,173,1,-1,0,unknown,yes
2330,26,management,single,tertiary,no,170,no,no,cellular,15,jun,129,1,-1,0,unknown,yes
2331,28,management,single,tertiary,no,502,no,no,cellular,16,jun,136,2,-1,0,unknown,yes
2332,33,blue-collar,married,secondary,no,379,yes,yes,cellular,16,jun,263,2,-1,0,unknown,yes
2333,31,technician,married,unknown,no,14533,no,no,cellular,16,jun,245,2,-1,0,unknown,yes
2334,32,services,married,secondary,no,689,yes,yes,cellular,16,jun,162,3,-1,0,unknown,yes
2335,30,technician,single,secondary,no,2567,no,no,cellular,18,jun,813,4,-1,0,unknown,yes
2336,34,management,married,tertiary,no,443,no,no,cellular,18,jun,235,3,-1,0,unknown,yes
2337,58,retired,married,primary,no,2074,no,no,cellular,18,jun,259,2,-1,0,unknown,yes
2338,34,management,married,tertiary,no,2374,yes,yes,cellular,18,jun,270,2,314,2,failure,yes
2339,26,services,single,secondary,no,1347,no,no,telephone,18,jun,280,6,92,5,other,yes
2340,49,management,single,tertiary,no,7443,no,no,telephone,19,jun,293,5,211,2,failure,yes
2341,57,management,married,tertiary,no,10583,no,no,cellular,22,jun,295,3,-1,0,unknown,yes
2342,83,retired,married,primary,no,425,no,no,telephone,22,jun,883,1,140,1,failure,yes
2343,61,management,married,tertiary,no,997,no,no,cellular,22,jun,269,1,104,1,success,yes
2344,64,retired,married,secondary,no,5966,yes,no,cellular,22,jun,983,1,-1,0,unknown,yes
2345,37,admin.,married,secondary,no,2061,yes,yes,cellular,22,jun,459,1,109,3,failure,yes
2346,68,retired,married,secondary,no,0,no,no,cellular,22,jun,586,1,-1,0,unknown,yes
2347,71,retired,married,tertiary,no,2887,no,no,cellular,30,jun,128,1,-1,0,unknown,yes
2348,54,management,married,tertiary,no,1464,no,no,cellular,30,jun,157,1,-1,0,unknown,yes
2349,37,management,married,tertiary,no,1315,no,no,cellular,30,jun,224,1,-1,0,unknown,yes
2350,22,student,single,unknown,no,466,no,no,cellular,30,jun,377,1,-1,0,unknown,yes
2351,44,management,married,tertiary,no,2383,no,no,cellular,1,jul,571,2,-1,0,unknown,yes
2352,37,entrepreneur,married,tertiary,no,1649,no,yes,cellular,1,jul,140,3,-1,0,unknown,yes
2353,72,self-employed,married,tertiary,no,132,no,no,cellular,1,jul,260,2,65,1,success,yes
2354,69,retired,divorced,primary,no,482,no,no,cellular,2,jul,260,2,-1,0,unknown,yes
2355,41,blue-collar,married,secondary,no,203,no,no,cellular,2,jul,342,2,-1,0,unknown,yes
2356,44,blue-collar,married,secondary,no,88,yes,no,cellular,2,jul,275,1,-1,0,unknown,yes
2357,32,services,single,secondary,no,2881,no,no,cellular,2,jul,356,1,-1,0,unknown,yes
2358,79,retired,married,secondary,no,668,no,no,telephone,2,jul,363,1,-1,0,unknown,yes
2359,33,technician,married,secondary,no,73,yes,no,cellular,2,jul,218,1,-1,0,unknown,yes
2360,45,management,married,tertiary,no,1309,no,no,cellular,2,jul,367,1,-1,0,unknown,yes
2361,40,management,married,tertiary,no,2763,yes,no,cellular,2,jul,566,1,395,2,success,yes
2362,42,entrepreneur,married,secondary,no,2959,yes,no,telephone,2,jul,711,1,342,1,failure,yes
2363,30,technician,single,secondary,no,930,no,no,cellular,2,jul,396,1,-1,0,unknown,yes
2364,28,management,single,tertiary,no,12956,yes,no,cellular,2,jul,940,1,399,3,success,yes
2365,58,housemaid,divorced,secondary,no,0,no,no,cellular,2,jul,478,2,-1,0,unknown,yes
2366,39,admin.,divorced,secondary,no,19,yes,no,cellular,2,jul,503,2,147,5,success,yes
2367,31,blue-collar,married,secondary,no,625,yes,no,cellular,2,jul,135,2,49,3,failure,yes
2368,45,admin.,married,unknown,no,5511,no,no,cellular,2,jul,272,1,-1,0,unknown,yes
2369,56,blue-collar,married,primary,no,1137,no,no,telephone,2,jul,176,1,-1,0,unknown,yes
2370,46,management,divorced,tertiary,no,1329,no,no,cellular,3,jul,247,2,-1,0,unknown,yes
2371,56,retired,married,secondary,no,1044,no,no,telephone,3,jul,353,2,-1,0,unknown,yes
2372,27,services,single,secondary,no,302,no,no,cellular,3,jul,203,1,-1,0,unknown,yes
2373,30,unemployed,married,tertiary,no,330,no,no,cellular,3,jul,264,1,80,1,success,yes
2374,26,self-employed,single,tertiary,no,2857,no,no,cellular,3,jul,446,1,-1,0,unknown,yes
2375,35,unemployed,single,primary,no,68,no,no,cellular,3,jul,175,1,-1,0,unknown,yes
2376,52,blue-collar,married,primary,no,1524,no,no,cellular,3,jul,1007,6,-1,0,unknown,yes
2377,54,admin.,married,secondary,no,1633,no,no,cellular,3,jul,409,2,-1,0,unknown,yes
2378,41,entrepreneur,married,primary,no,0,no,no,cellular,3,jul,438,2,389,1,other,yes
2379,24,management,single,tertiary,no,507,no,no,cellular,3,jul,257,1,-1,0,unknown,yes
2380,28,blue-collar,single,secondary,no,643,no,no,cellular,3,jul,308,2,-1,0,unknown,yes
2381,62,management,married,tertiary,no,2785,no,no,cellular,6,jul,270,3,-1,0,unknown,yes
2382,52,technician,married,secondary,no,137,no,no,cellular,6,jul,227,2,-1,0,unknown,yes
2383,23,services,single,secondary,no,870,no,no,cellular,6,jul,316,4,-1,0,unknown,yes
2384,82,retired,married,primary,no,8603,no,no,cellular,7,jul,429,1,-1,0,unknown,yes
2385,63,retired,married,secondary,no,18016,no,no,cellular,7,jul,371,1,-1,0,unknown,yes
2386,32,admin.,married,secondary,no,51,yes,yes,cellular,7,jul,297,1,-1,0,unknown,yes
2387,31,management,married,tertiary,no,1032,no,no,cellular,7,jul,284,1,-1,0,unknown,yes
2388,37,services,married,secondary,no,981,no,no,cellular,7,jul,682,2,386,1,success,yes
2389,40,technician,single,tertiary,no,431,no,no,cellular,7,jul,180,2,-1,0,unknown,yes
2390,66,retired,married,secondary,no,203,no,no,cellular,7,jul,376,1,-1,0,unknown,yes
2391,37,management,married,tertiary,no,3737,no,no,cellular,7,jul,224,1,-1,0,unknown,yes
2392,38,unemployed,married,primary,no,7005,yes,no,cellular,7,jul,370,1,412,1,failure,yes
2393,27,student,single,secondary,no,111,no,no,cellular,7,jul,495,2,-1,0,unknown,yes
2394,58,retired,married,primary,no,565,no,no,telephone,7,jul,876,1,-1,0,unknown,yes
2395,49,housemaid,married,primary,no,889,no,no,telephone,7,jul,388,1,-1,0,unknown,yes
2396,31,management,single,secondary,no,202,yes,no,cellular,8,jul,167,1,62,1,failure,yes
2397,31,management,single,tertiary,no,307,no,no,cellular,8,jul,361,1,229,2,failure,yes
2398,38,student,married,unknown,no,0,no,no,cellular,8,jul,341,1,385,1,failure,yes
2399,79,retired,married,primary,no,429,no,no,telephone,8,jul,1006,2,-1,0,unknown,yes
2400,71,retired,married,tertiary,no,4388,no,no,cellular,8,jul,896,2,-1,0,unknown,yes
2401,52,technician,married,tertiary,no,2557,no,no,cellular,8,jul,340,1,156,1,other,yes
2402,55,management,married,unknown,no,3122,no,no,cellular,8,jul,349,1,-1,0,unknown,yes
2403,46,blue-collar,married,secondary,no,922,yes,no,telephone,8,jul,576,1,-1,0,unknown,yes
2404,28,management,single,tertiary,no,3796,no,no,cellular,8,jul,315,2,-1,0,unknown,yes
2405,22,student,single,secondary,no,185,no,no,cellular,8,jul,153,1,-1,0,unknown,yes
2406,49,management,single,tertiary,no,151,yes,no,cellular,8,jul,97,3,-1,0,unknown,yes
2407,20,student,single,unknown,no,829,no,no,cellular,9,jul,253,2,-1,0,unknown,yes
2408,19,student,single,primary,no,103,no,no,cellular,10,jul,104,2,-1,0,unknown,yes
2409,34,blue-collar,single,primary,no,79,no,no,telephone,10,jul,336,4,-1,0,unknown,yes
2410,73,management,married,tertiary,no,1609,no,no,cellular,14,jul,169,2,-1,0,unknown,yes
2411,27,management,single,tertiary,no,2489,no,no,cellular,15,jul,323,2,163,2,other,yes
2412,59,blue-collar,divorced,primary,no,989,no,no,cellular,20,jul,125,2,-1,0,unknown,yes
2413,25,student,single,tertiary,no,58,no,no,cellular,24,jul,139,5,-1,0,unknown,yes
2414,44,entrepreneur,single,unknown,no,323,no,no,cellular,28,jul,332,2,181,2,failure,yes
2415,28,management,single,tertiary,no,5474,no,no,cellular,28,jul,486,5,-1,0,unknown,yes
2416,25,management,single,tertiary,no,219,no,no,cellular,4,aug,576,1,96,1,success,yes
2417,28,management,married,tertiary,no,1240,no,no,cellular,4,aug,849,1,-1,0,unknown,yes
2418,52,admin.,married,secondary,no,1228,yes,yes,cellular,4,aug,218,1,-1,0,unknown,yes
2419,57,management,married,tertiary,no,1660,no,no,cellular,4,aug,642,1,-1,0,unknown,yes
2420,49,management,divorced,tertiary,no,914,no,no,cellular,4,aug,185,1,-1,0,unknown,yes
2421,33,technician,married,tertiary,no,1699,no,no,cellular,4,aug,600,1,-1,0,unknown,yes
2422,47,technician,married,secondary,no,1167,yes,no,cellular,4,aug,505,1,96,6,success,yes
2423,68,retired,married,secondary,no,19317,yes,no,cellular,4,aug,249,1,-1,0,unknown,yes
2424,40,technician,single,tertiary,no,1646,yes,no,cellular,4,aug,173,1,92,5,success,yes
2425,46,management,married,tertiary,no,242,no,no,cellular,4,aug,120,2,96,1,success,yes
2426,29,technician,single,secondary,no,382,no,no,cellular,5,aug,409,4,-1,0,unknown,yes
2427,55,management,divorced,tertiary,no,2383,no,no,cellular,5,aug,1019,2,63,2,success,yes
2428,30,self-employed,married,tertiary,no,2666,no,no,cellular,5,aug,475,2,93,4,success,yes
2429,49,admin.,divorced,secondary,no,1718,no,yes,cellular,5,aug,211,1,-1,0,unknown,yes
2430,48,management,married,tertiary,no,1147,no,no,cellular,5,aug,389,1,64,2,success,yes
2431,21,student,single,secondary,no,216,no,no,cellular,5,aug,414,1,-1,0,unknown,yes
2432,45,admin.,married,secondary,no,153,no,no,cellular,5,aug,277,1,-1,0,unknown,yes
2433,43,management,married,tertiary,no,1791,no,no,cellular,5,aug,254,1,-1,0,unknown,yes
2434,47,management,single,tertiary,no,86,no,no,cellular,5,aug,253,1,97,4,success,yes
2435,27,management,single,tertiary,no,6791,no,no,cellular,5,aug,179,2,69,26,other,yes
2436,20,student,married,unknown,no,292,no,no,cellular,5,aug,385,2,93,1,failure,yes
2437,37,unemployed,single,tertiary,no,1291,no,no,cellular,5,aug,150,1,97,2,success,yes
2438,61,management,married,tertiary,no,175,no,no,telephone,5,aug,270,2,-1,0,unknown,yes
2439,57,services,single,secondary,no,0,no,no,cellular,6,aug,355,1,-1,0,unknown,yes
2440,40,management,married,tertiary,no,0,no,no,cellular,6,aug,131,2,98,6,success,yes
2441,53,admin.,divorced,secondary,no,0,yes,yes,cellular,6,aug,1452,1,98,2,failure,yes
2442,65,unknown,married,unknown,no,4717,no,no,telephone,6,aug,256,1,-1,0,unknown,yes
2443,67,retired,married,tertiary,no,701,no,no,cellular,6,aug,254,2,-1,0,unknown,yes
2444,66,retired,married,tertiary,no,3,no,no,cellular,6,aug,550,1,-1,0,unknown,yes
2445,67,management,married,tertiary,no,405,no,no,cellular,7,aug,345,2,-1,0,unknown,yes
2446,57,retired,married,secondary,no,168,no,no,cellular,7,aug,342,1,-1,0,unknown,yes
2447,38,admin.,married,tertiary,no,4297,no,no,cellular,7,aug,206,2,-1,0,unknown,yes
2448,56,management,divorced,tertiary,no,10532,no,no,cellular,7,aug,324,1,-1,0,unknown,yes
2449,46,management,married,tertiary,no,4693,no,yes,cellular,7,aug,79,1,394,2,failure,yes
2450,69,technician,married,secondary,no,9064,no,no,cellular,7,aug,714,1,-1,0,unknown,yes
2451,32,services,single,secondary,no,6983,no,no,cellular,7,aug,255,1,-1,0,unknown,yes
2452,72,retired,married,tertiary,no,2,no,no,cellular,7,aug,147,2,-1,0,unknown,yes
2453,41,admin.,married,tertiary,no,1536,no,no,cellular,7,aug,273,1,95,2,failure,yes
2454,72,retired,married,primary,no,1612,no,no,cellular,7,aug,530,2,-1,0,unknown,yes
2455,33,unemployed,married,secondary,no,1211,no,no,cellular,7,aug,456,1,-1,0,unknown,yes
2456,37,admin.,married,secondary,no,96,no,no,cellular,7,aug,155,1,99,2,success,yes
2457,34,management,married,tertiary,no,0,yes,no,cellular,7,aug,262,1,99,2,success,yes
2458,44,admin.,single,secondary,no,1534,no,no,cellular,7,aug,166,1,99,2,other,yes
2459,42,services,single,secondary,no,3403,yes,no,cellular,7,aug,215,1,99,1,failure,yes
2460,58,unemployed,married,secondary,no,687,yes,no,cellular,7,aug,221,1,99,2,success,yes
2461,34,technician,married,tertiary,no,7050,no,no,cellular,7,aug,130,1,-1,0,unknown,yes
2462,55,entrepreneur,divorced,secondary,no,538,yes,no,cellular,7,aug,353,2,-1,0,unknown,yes
2463,71,retired,married,primary,no,2600,no,no,cellular,7,aug,212,1,-1,0,unknown,yes
2464,23,student,single,secondary,no,0,no,no,cellular,7,aug,217,1,99,7,success,yes
2465,60,management,single,tertiary,no,1034,yes,no,cellular,7,aug,231,3,-1,0,unknown,yes
2466,18,student,single,unknown,no,108,no,no,cellular,10,aug,167,1,-1,0,unknown,yes
2467,54,technician,married,secondary,no,10185,no,no,cellular,10,aug,559,1,70,2,other,yes
2468,59,retired,divorced,tertiary,no,3444,no,no,cellular,10,aug,252,1,185,2,success,yes
2469,32,self-employed,single,tertiary,no,1815,no,no,telephone,10,aug,235,1,102,2,failure,yes
2470,61,self-employed,divorced,tertiary,no,52587,no,no,cellular,10,aug,290,1,-1,0,unknown,yes
2471,31,management,married,tertiary,no,10884,no,no,cellular,10,aug,294,3,98,2,success,yes
2472,42,blue-collar,married,primary,no,201,yes,no,cellular,11,aug,265,1,103,3,success,yes
2473,42,unemployed,married,unknown,no,190,no,no,cellular,11,aug,704,2,-1,0,unknown,yes
2474,42,services,single,tertiary,no,94,yes,no,cellular,11,aug,176,2,90,4,failure,yes
2475,70,housemaid,divorced,primary,no,1311,no,no,cellular,11,aug,651,1,-1,0,unknown,yes
2476,57,technician,married,secondary,no,589,yes,no,cellular,11,aug,167,1,190,5,failure,yes
2477,60,retired,married,secondary,no,1853,no,no,cellular,11,aug,408,1,-1,0,unknown,yes
2478,53,blue-collar,divorced,primary,no,4401,no,no,telephone,11,aug,254,1,-1,0,unknown,yes
2479,48,unemployed,divorced,secondary,no,201,no,no,cellular,11,aug,140,1,-1,0,unknown,yes
2480,30,management,single,tertiary,no,533,no,no,cellular,11,aug,229,2,99,4,success,yes
2481,39,management,single,tertiary,no,3840,yes,no,cellular,11,aug,315,2,-1,0,unknown,yes
2482,42,technician,married,secondary,no,994,yes,no,cellular,11,aug,149,1,78,5,failure,yes
2483,26,admin.,single,secondary,no,96,no,no,cellular,11,aug,349,1,70,3,failure,yes
2484,46,management,married,tertiary,no,1600,yes,yes,cellular,11,aug,1244,1,-1,0,unknown,yes
2485,40,admin.,single,secondary,no,100,yes,no,cellular,11,aug,221,1,461,1,success,yes
2486,39,admin.,married,secondary,no,260,yes,no,cellular,11,aug,175,2,116,2,failure,yes
2487,58,self-employed,married,primary,no,1013,yes,no,cellular,11,aug,206,1,461,1,failure,yes
2488,42,blue-collar,married,secondary,no,413,yes,no,cellular,11,aug,589,2,-1,0,unknown,yes
2489,31,services,single,secondary,no,181,no,no,cellular,12,aug,182,1,104,1,success,yes
2490,21,student,single,secondary,no,123,no,no,telephone,12,aug,449,1,-1,0,unknown,yes
2491,35,self-employed,single,tertiary,no,353,no,no,cellular,12,aug,582,1,-1,0,unknown,yes
2492,50,technician,divorced,unknown,no,2794,no,no,cellular,12,aug,1336,2,-1,0,unknown,yes
2493,36,management,single,tertiary,no,3850,yes,no,cellular,12,aug,239,2,100,4,failure,yes
2494,75,retired,married,primary,no,2970,no,no,cellular,12,aug,641,1,-1,0,unknown,yes
2495,20,student,single,primary,no,6991,no,no,cellular,12,aug,178,2,-1,0,unknown,yes
2496,57,admin.,single,secondary,no,2223,no,no,cellular,12,aug,1064,1,-1,0,unknown,yes
2497,41,management,married,tertiary,no,27696,no,no,cellular,12,aug,147,2,104,1,failure,yes
2498,59,technician,married,secondary,no,116,no,no,cellular,12,aug,398,4,422,3,failure,yes
2499,36,management,married,tertiary,no,2987,yes,no,cellular,12,aug,307,1,-1,0,unknown,yes
2500,18,student,single,primary,no,608,no,no,cellular,12,aug,267,1,-1,0,unknown,yes
2501,34,management,single,tertiary,no,48,yes,no,cellular,12,aug,810,3,93,6,failure,yes
2502,55,management,married,primary,no,113,no,no,cellular,12,aug,306,1,457,3,failure,yes
2503,33,blue-collar,single,secondary,no,498,no,no,cellular,12,aug,338,2,104,1,success,yes
2504,43,technician,married,tertiary,no,2643,no,no,cellular,12,aug,188,3,100,5,success,yes
2505,34,services,married,secondary,no,1337,no,no,cellular,12,aug,255,2,104,1,success,yes
2506,35,services,married,unknown,no,618,no,no,cellular,12,aug,293,1,104,1,success,yes
2507,43,technician,single,secondary,no,451,no,no,cellular,12,aug,289,2,-1,0,unknown,yes
2508,74,retired,married,primary,no,0,no,no,telephone,13,aug,562,2,-1,0,unknown,yes
2509,45,unemployed,divorced,primary,yes,11,no,no,cellular,13,aug,489,5,-1,0,unknown,yes
2510,38,blue-collar,married,secondary,no,1165,yes,no,cellular,13,aug,784,3,94,10,failure,yes
2511,32,management,single,tertiary,no,2465,no,no,cellular,13,aug,414,1,-1,0,unknown,yes
2512,29,admin.,single,tertiary,no,41,yes,no,cellular,13,aug,148,2,-1,0,unknown,yes
2513,31,admin.,married,secondary,no,35,no,no,cellular,13,aug,315,2,105,1,success,yes
2514,50,services,married,secondary,no,3169,no,no,cellular,13,aug,399,1,430,1,failure,yes
2515,44,technician,divorced,secondary,no,14,no,no,cellular,13,aug,234,1,-1,0,unknown,yes
2516,23,student,single,secondary,no,431,no,no,cellular,13,aug,496,2,-1,0,unknown,yes
2517,56,management,married,tertiary,no,616,no,no,cellular,13,aug,293,2,105,2,success,yes
2518,76,retired,married,primary,no,3324,no,no,cellular,13,aug,227,2,192,1,failure,yes
2519,28,technician,single,secondary,no,113,no,no,cellular,13,aug,204,3,105,1,failure,yes
2520,34,management,single,tertiary,no,13014,no,no,cellular,13,aug,738,1,-1,0,unknown,yes
2521,56,retired,married,primary,no,9367,no,no,cellular,13,aug,320,2,101,2,success,yes
2522,45,management,single,tertiary,no,2067,yes,no,cellular,13,aug,393,2,462,1,success,yes
2523,36,technician,single,secondary,no,376,no,no,cellular,13,aug,479,1,-1,0,unknown,yes
2524,57,retired,single,tertiary,no,842,no,no,cellular,13,aug,284,3,-1,0,unknown,yes
2525,49,technician,married,tertiary,no,1235,no,no,cellular,13,aug,354,3,-1,0,unknown,yes
2526,49,management,married,tertiary,no,1,no,no,telephone,13,aug,640,2,101,4,success,yes
2527,37,management,married,tertiary,no,1276,no,no,cellular,14,aug,156,2,-1,0,unknown,yes
2528,46,unemployed,single,tertiary,no,44,no,no,cellular,14,aug,225,1,-1,0,unknown,yes
2529,26,admin.,single,secondary,no,255,no,no,cellular,14,aug,209,2,106,2,success,yes
2530,47,unemployed,married,secondary,no,926,no,no,cellular,14,aug,436,1,403,5,success,yes
2531,36,management,married,primary,no,1506,no,no,cellular,14,aug,326,3,-1,0,unknown,yes
2532,37,student,single,unknown,no,444,no,no,cellular,14,aug,137,1,102,5,success,yes
2533,62,management,married,tertiary,no,557,no,no,cellular,14,aug,185,1,-1,0,unknown,yes
2534,26,blue-collar,single,secondary,no,535,no,no,cellular,14,aug,125,1,-1,0,unknown,yes
2535,45,management,married,tertiary,no,2671,no,no,cellular,14,aug,94,4,-1,0,unknown,yes
2536,63,technician,married,secondary,no,896,yes,no,cellular,14,aug,276,2,-1,0,unknown,yes
2537,25,management,single,tertiary,no,528,no,no,cellular,14,aug,201,1,-1,0,unknown,yes
2538,60,retired,married,unknown,no,209,no,no,cellular,14,aug,391,3,106,1,failure,yes
2539,44,management,married,tertiary,no,226,yes,no,cellular,14,aug,190,3,270,3,failure,yes
2540,33,unemployed,single,tertiary,no,1974,no,no,cellular,14,aug,498,2,191,1,failure,yes
2541,39,entrepreneur,married,tertiary,no,942,yes,no,cellular,14,aug,880,3,267,1,other,yes
2542,46,blue-collar,married,unknown,no,336,yes,no,cellular,14,aug,260,3,457,1,other,yes
2543,42,admin.,married,primary,no,-306,yes,no,cellular,17,aug,308,1,459,1,success,yes
2544,56,management,married,unknown,no,4623,no,no,cellular,17,aug,348,1,-1,0,unknown,yes
2545,82,retired,married,secondary,no,276,no,no,telephone,17,aug,199,1,-1,0,unknown,yes
2546,77,retired,married,tertiary,no,0,no,no,cellular,17,aug,286,1,-1,0,unknown,yes
2547,36,services,single,tertiary,no,1189,no,no,cellular,17,aug,220,1,-1,0,unknown,yes
2548,35,management,single,tertiary,no,431,no,no,cellular,17,aug,343,2,397,1,failure,yes
2549,50,technician,married,secondary,no,2218,yes,no,cellular,17,aug,711,1,-1,0,unknown,yes
2550,62,retired,married,secondary,no,1495,no,no,cellular,17,aug,606,1,196,1,success,yes
2551,26,management,single,tertiary,no,828,yes,no,cellular,17,aug,156,1,199,1,failure,yes
2552,55,management,married,tertiary,no,12972,no,no,telephone,18,aug,205,1,-1,0,unknown,yes
2553,22,student,single,secondary,no,948,no,no,telephone,18,aug,215,1,197,2,failure,yes
2554,30,student,single,secondary,no,48,no,no,cellular,18,aug,161,1,173,1,failure,yes
2555,34,housemaid,married,tertiary,no,0,no,no,cellular,18,aug,148,1,84,2,failure,yes
2556,31,management,married,tertiary,no,537,yes,no,cellular,18,aug,216,1,-1,0,unknown,yes
2557,55,technician,married,secondary,no,1938,no,yes,cellular,18,aug,193,1,386,3,success,yes
2558,49,technician,single,secondary,no,9131,yes,no,cellular,18,aug,532,1,461,5,failure,yes
2559,67,retired,divorced,tertiary,no,443,no,no,cellular,18,aug,441,1,-1,0,unknown,yes
2560,43,admin.,married,secondary,no,132,no,no,cellular,19,aug,574,1,84,3,success,yes
2561,25,technician,single,tertiary,no,3411,no,no,cellular,19,aug,225,2,-1,0,unknown,yes
2562,59,retired,divorced,secondary,no,1,no,no,cellular,19,aug,335,1,-1,0,unknown,yes
2563,44,admin.,married,secondary,no,10905,no,no,cellular,19,aug,240,2,271,1,other,yes
2564,42,management,married,tertiary,no,976,no,no,cellular,19,aug,164,1,-1,0,unknown,yes
2565,29,management,single,tertiary,no,2531,no,no,cellular,19,aug,634,1,-1,0,unknown,yes
2566,32,management,married,tertiary,no,1270,no,no,cellular,19,aug,232,3,-1,0,unknown,yes
2567,30,management,single,tertiary,no,5359,no,no,cellular,19,aug,145,1,84,2,success,yes
2568,38,technician,married,secondary,no,10596,no,no,cellular,19,aug,195,1,197,4,other,yes
2569,22,student,single,tertiary,no,691,no,no,cellular,19,aug,338,1,-1,0,unknown,yes
2570,25,entrepreneur,single,tertiary,no,347,no,no,cellular,20,aug,267,1,-1,0,unknown,yes
2571,34,self-employed,single,tertiary,no,9962,no,no,cellular,20,aug,474,1,-1,0,unknown,yes
2572,27,technician,single,tertiary,no,11862,no,no,cellular,20,aug,217,1,87,6,failure,yes
2573,35,management,single,tertiary,no,1756,no,no,cellular,20,aug,195,1,-1,0,unknown,yes
2574,45,housemaid,married,secondary,no,4068,no,no,cellular,20,aug,184,1,-1,0,unknown,yes
2575,42,management,married,primary,no,5310,yes,no,cellular,20,aug,273,1,90,3,success,yes
2576,20,student,single,secondary,no,215,no,no,cellular,21,aug,228,4,183,1,other,yes
2577,60,admin.,married,secondary,no,106,no,no,cellular,21,aug,216,3,91,1,success,yes
2578,47,management,married,tertiary,no,0,no,yes,cellular,21,aug,374,1,-1,0,unknown,yes
2579,25,student,single,secondary,no,469,no,no,cellular,21,aug,273,1,86,1,other,yes
2580,65,retired,married,secondary,no,2326,no,yes,cellular,21,aug,276,1,-1,0,unknown,yes
2581,50,technician,married,secondary,no,3370,no,no,cellular,21,aug,531,2,80,2,success,yes
2582,22,student,single,secondary,no,144,no,no,cellular,21,aug,116,1,-1,0,unknown,yes
2583,43,admin.,single,secondary,no,733,yes,no,cellular,21,aug,126,1,88,4,success,yes
2584,53,retired,divorced,tertiary,no,-309,yes,no,cellular,21,aug,343,2,428,2,success,yes
2585,71,retired,divorced,secondary,no,5584,no,no,cellular,21,aug,534,3,-1,0,unknown,yes
2586,28,blue-collar,married,secondary,no,61,yes,no,cellular,21,aug,744,1,109,3,success,yes
2587,59,unemployed,married,secondary,no,1047,no,no,cellular,21,aug,438,1,184,3,success,yes
2588,29,management,single,tertiary,no,265,no,no,cellular,24,aug,130,2,94,1,success,yes
2589,51,technician,married,secondary,no,117,no,no,cellular,24,aug,467,2,88,4,other,yes
2590,48,housemaid,married,tertiary,no,5473,no,no,cellular,24,aug,232,2,-1,0,unknown,yes
2591,37,blue-collar,married,primary,no,106,yes,no,cellular,25,aug,511,1,392,13,failure,yes
2592,37,technician,married,tertiary,no,127,yes,no,cellular,25,aug,192,1,193,1,success,yes
2593,64,retired,married,tertiary,no,380,no,no,cellular,25,aug,479,1,-1,0,unknown,yes
2594,69,retired,married,secondary,no,0,no,no,cellular,25,aug,412,2,-1,0,unknown,yes
2595,36,management,married,tertiary,no,255,no,no,cellular,25,aug,242,6,95,4,success,yes
2596,43,services,married,secondary,no,2145,no,no,cellular,25,aug,291,2,95,4,success,yes
2597,63,housemaid,married,primary,no,91,no,no,telephone,26,aug,128,3,-1,0,unknown,yes
2598,70,retired,married,secondary,no,1853,no,no,telephone,26,aug,314,1,-1,0,unknown,yes
2599,60,technician,single,primary,no,11262,no,no,cellular,26,aug,323,1,-1,0,unknown,yes
2600,86,retired,divorced,primary,no,0,no,no,telephone,26,aug,189,1,-1,0,unknown,yes
2601,72,retired,married,secondary,no,1129,no,no,cellular,26,aug,186,1,-1,0,unknown,yes
2602,60,retired,married,tertiary,no,108,no,no,cellular,26,aug,624,1,-1,0,unknown,yes
2603,43,management,single,tertiary,no,1696,yes,no,cellular,26,aug,257,1,474,3,failure,yes
2604,57,management,divorced,unknown,no,854,no,no,cellular,27,aug,700,4,92,1,failure,yes
2605,28,management,single,tertiary,no,223,yes,no,telephone,27,aug,157,2,119,1,other,yes
2606,36,blue-collar,single,secondary,no,40,yes,no,cellular,27,aug,259,3,475,4,success,yes
2607,66,retired,married,secondary,no,2048,no,no,cellular,27,aug,212,1,-1,0,unknown,yes
2608,33,technician,single,tertiary,no,3689,no,no,cellular,27,aug,445,3,-1,0,unknown,yes
2609,36,technician,single,secondary,no,539,yes,no,cellular,27,aug,398,2,477,1,failure,yes
2610,29,technician,single,secondary,no,590,no,no,cellular,27,aug,81,1,94,1,success,yes
2611,62,unemployed,married,secondary,no,780,no,no,cellular,28,aug,162,2,-1,0,unknown,yes
2612,34,blue-collar,married,secondary,no,1464,yes,no,cellular,28,aug,207,3,130,5,other,yes
2613,29,unemployed,single,tertiary,no,1311,no,no,cellular,28,aug,622,1,-1,0,unknown,yes
2614,30,management,married,tertiary,no,7,yes,no,cellular,28,aug,173,1,164,4,other,yes
2615,32,technician,married,tertiary,no,636,yes,no,cellular,28,aug,370,1,116,4,success,yes
2616,39,blue-collar,single,primary,no,24277,no,no,cellular,28,aug,261,1,-1,0,unknown,yes
2617,55,admin.,divorced,secondary,no,1872,no,no,cellular,28,aug,155,2,93,8,failure,yes
2618,36,management,single,tertiary,no,490,no,no,cellular,28,aug,207,8,98,1,failure,yes
2619,27,student,single,tertiary,no,118,no,no,cellular,31,aug,160,3,98,1,failure,yes
2620,45,management,married,tertiary,no,4119,yes,yes,telephone,31,aug,473,2,283,1,success,yes
2621,55,management,married,unknown,no,1504,yes,no,cellular,31,aug,186,3,101,2,success,yes
2622,52,blue-collar,married,secondary,no,2087,yes,no,cellular,31,aug,267,1,474,1,failure,yes
2623,49,management,single,tertiary,no,5689,no,no,cellular,31,aug,470,1,97,3,failure,yes
2624,30,blue-collar,married,primary,no,201,yes,no,cellular,31,aug,219,1,157,12,failure,yes
2625,39,management,married,tertiary,no,119,yes,no,cellular,1,sep,265,2,476,4,success,yes
2626,48,management,divorced,tertiary,no,17964,yes,no,cellular,1,sep,120,1,98,5,success,yes
2627,36,management,married,tertiary,no,1113,no,no,cellular,1,sep,212,1,-1,0,unknown,yes
2628,27,admin.,married,secondary,no,1596,no,no,cellular,1,sep,82,1,-1,0,unknown,yes
2629,51,management,married,tertiary,no,2635,no,no,cellular,1,sep,181,1,98,2,failure,yes
2630,48,technician,married,secondary,no,568,yes,no,cellular,2,sep,378,2,386,1,success,yes
2631,70,retired,married,secondary,no,2626,no,no,cellular,2,sep,140,2,-1,0,unknown,yes
2632,63,retired,married,secondary,no,4752,no,no,cellular,2,sep,233,2,-1,0,unknown,yes
2633,34,services,single,secondary,no,528,yes,no,cellular,2,sep,121,3,100,5,other,yes
2634,46,admin.,married,tertiary,no,2552,no,no,cellular,3,sep,260,1,94,8,success,yes
2635,31,self-employed,single,tertiary,no,3343,no,no,cellular,3,sep,365,1,94,1,success,yes
2636,32,admin.,married,secondary,no,995,no,no,cellular,3,sep,331,1,99,2,other,yes
2637,40,unemployed,single,tertiary,no,7968,no,no,cellular,3,sep,733,1,93,1,success,yes
2638,30,admin.,single,secondary,no,0,no,no,cellular,4,sep,316,3,-1,0,unknown,yes
2639,55,management,married,primary,no,2587,no,no,cellular,4,sep,328,2,94,2,success,yes
2640,57,management,divorced,tertiary,no,6468,yes,no,cellular,4,sep,730,1,157,4,failure,yes
2641,59,admin.,single,secondary,no,4744,no,no,cellular,4,sep,879,1,-1,0,unknown,yes
2642,26,technician,single,secondary,no,1231,yes,no,cellular,4,sep,230,1,93,7,success,yes
2643,73,retired,married,unknown,no,3443,no,no,telephone,4,sep,770,3,-1,0,unknown,yes
2644,30,admin.,single,secondary,no,2568,no,no,cellular,4,sep,563,1,100,4,other,yes
2645,64,retired,married,tertiary,no,1644,no,no,telephone,7,sep,569,4,-1,0,unknown,yes
2646,36,technician,married,tertiary,no,1354,no,no,cellular,7,sep,281,3,97,2,success,yes
2647,55,admin.,married,secondary,no,602,no,no,cellular,7,sep,350,1,98,5,success,yes
2648,63,retired,married,tertiary,no,1795,no,no,cellular,7,sep,219,1,-1,0,unknown,yes
2649,52,technician,married,secondary,no,0,yes,no,cellular,7,sep,211,1,294,1,failure,yes
2650,34,management,single,tertiary,no,268,no,no,cellular,7,sep,587,1,-1,0,unknown,yes
2651,36,services,married,secondary,no,52,yes,no,cellular,7,sep,351,1,95,6,success,yes
2652,31,management,single,tertiary,no,924,no,no,cellular,7,sep,231,1,94,3,success,yes
2653,47,retired,single,primary,no,3033,no,no,cellular,8,sep,293,1,-1,0,unknown,yes
2654,50,admin.,married,tertiary,no,6574,no,no,cellular,8,sep,495,1,92,3,success,yes
2655,70,retired,divorced,secondary,no,0,no,no,cellular,8,sep,206,1,-1,0,unknown,yes
2656,18,student,single,unknown,no,108,no,no,cellular,8,sep,169,1,-1,0,unknown,yes
2657,33,self-employed,married,secondary,no,409,no,no,cellular,8,sep,165,1,97,4,success,yes
2658,24,technician,single,secondary,no,726,no,no,cellular,8,sep,445,2,-1,0,unknown,yes
2659,25,admin.,single,secondary,no,1871,no,no,cellular,8,sep,260,1,96,1,success,yes
2660,26,management,single,tertiary,no,1094,yes,no,cellular,8,sep,137,1,-1,0,unknown,yes
2661,32,management,single,tertiary,no,2915,no,no,cellular,8,sep,519,1,131,2,failure,yes
2662,25,student,single,unknown,no,480,no,no,cellular,8,sep,140,1,-1,0,unknown,yes
2663,58,management,married,tertiary,no,1227,no,no,cellular,8,sep,400,2,95,1,success,yes
2664,42,management,married,tertiary,no,1205,no,no,telephone,8,sep,376,2,-1,0,unknown,yes
2665,30,blue-collar,single,secondary,no,161,no,yes,telephone,8,sep,298,3,-1,0,unknown,yes
2666,76,retired,divorced,primary,no,802,no,no,cellular,9,sep,475,5,-1,0,unknown,yes
2667,79,retired,married,secondary,no,723,no,no,telephone,9,sep,276,1,79,3,failure,yes
2668,70,retired,married,primary,no,6538,no,no,cellular,9,sep,394,1,-1,0,unknown,yes
2669,30,management,single,tertiary,no,147,no,no,cellular,9,sep,234,1,100,1,failure,yes
2670,60,retired,married,secondary,no,0,no,no,cellular,9,sep,408,1,-1,0,unknown,yes
2671,51,unemployed,married,secondary,no,1416,no,no,cellular,9,sep,345,1,-1,0,unknown,yes
2672,71,retired,married,tertiary,no,14220,yes,no,cellular,9,sep,397,1,-1,0,unknown,yes
2673,31,management,single,tertiary,no,12569,no,no,cellular,9,sep,344,1,295,1,failure,yes
2674,32,admin.,single,secondary,no,555,yes,no,cellular,9,sep,344,1,-1,0,unknown,yes
2675,34,management,married,tertiary,no,158,no,no,cellular,9,sep,278,2,132,4,failure,yes
2676,28,admin.,single,secondary,no,261,yes,yes,cellular,9,sep,259,2,98,4,success,yes
2677,45,management,married,tertiary,no,786,no,no,cellular,10,sep,84,3,-1,0,unknown,yes
2678,53,entrepreneur,married,primary,no,27,yes,no,telephone,10,sep,230,3,-1,0,unknown,yes
2679,38,unknown,single,tertiary,no,0,no,no,cellular,11,sep,260,3,95,3,success,yes
2680,56,admin.,single,secondary,no,2815,yes,no,cellular,11,sep,212,1,-1,0,unknown,yes
2681,42,technician,married,secondary,no,3082,no,no,cellular,11,sep,285,1,-1,0,unknown,yes
2682,47,technician,married,secondary,no,1233,yes,no,unknown,11,sep,91,1,100,2,other,yes
2683,73,retired,married,unknown,no,739,no,no,cellular,11,sep,210,1,-1,0,unknown,yes
2684,46,blue-collar,married,secondary,no,640,yes,no,cellular,11,sep,108,2,129,2,failure,yes
2685,73,retired,married,tertiary,no,1843,no,no,cellular,11,sep,106,2,-1,0,unknown,yes
2686,28,blue-collar,single,secondary,no,322,no,no,telephone,11,sep,240,2,95,3,other,yes
2687,46,management,married,tertiary,no,7331,no,no,cellular,11,sep,658,4,95,2,other,yes
2688,74,retired,married,primary,no,1765,no,no,telephone,11,sep,290,2,-1,0,unknown,yes
2689,71,retired,divorced,tertiary,yes,1236,yes,no,cellular,14,sep,335,4,-1,0,unknown,yes
2690,41,admin.,divorced,secondary,no,6046,yes,yes,telephone,14,sep,185,2,-1,0,unknown,yes
2691,73,retired,married,primary,no,934,no,no,cellular,14,sep,961,5,-1,0,unknown,yes
2692,47,technician,divorced,secondary,no,1013,no,no,cellular,15,sep,170,1,92,3,failure,yes
2693,49,technician,divorced,tertiary,no,596,yes,no,telephone,15,sep,722,1,-1,0,unknown,yes
2694,40,admin.,married,secondary,no,4775,no,no,cellular,15,sep,215,1,-1,0,unknown,yes
2695,57,blue-collar,married,primary,no,3109,no,no,cellular,15,sep,107,2,105,2,success,yes
2696,50,housemaid,married,secondary,no,388,no,no,cellular,15,sep,173,2,99,4,failure,yes
2697,34,blue-collar,married,secondary,no,262,no,no,cellular,15,sep,89,2,106,1,success,yes
2698,56,services,married,secondary,no,654,no,no,cellular,15,sep,875,1,-1,0,unknown,yes
2699,32,technician,single,tertiary,no,1855,no,no,cellular,15,sep,126,2,134,1,other,yes
2700,50,management,divorced,tertiary,no,810,no,no,cellular,15,sep,91,1,103,3,success,yes
2701,54,unemployed,divorced,secondary,no,1664,no,no,cellular,15,sep,106,1,105,3,success,yes
2702,26,management,single,tertiary,no,362,no,no,cellular,15,sep,925,1,104,2,success,yes
2703,40,technician,married,tertiary,no,1293,no,no,cellular,16,sep,1702,3,105,2,success,yes
2704,29,management,single,tertiary,no,874,yes,no,cellular,16,sep,152,1,103,1,success,yes
2705,52,housemaid,married,primary,no,10943,no,no,cellular,16,sep,292,1,-1,0,unknown,yes
2706,38,technician,married,secondary,no,4539,no,no,cellular,16,sep,387,1,-1,0,unknown,yes
2707,46,management,married,tertiary,no,2817,no,no,cellular,17,sep,543,1,-1,0,unknown,yes
2708,26,management,single,tertiary,no,1646,no,no,cellular,18,sep,890,5,-1,0,unknown,yes
2709,25,management,single,tertiary,no,808,no,no,cellular,18,sep,267,2,114,2,failure,yes
2710,70,retired,married,tertiary,no,44,no,no,cellular,18,sep,1104,2,88,2,other,yes
2711,83,retired,married,primary,no,425,no,no,telephone,22,sep,773,1,92,2,success,yes
2712,43,management,divorced,tertiary,no,2367,no,no,cellular,22,sep,83,1,113,3,success,yes
2713,45,blue-collar,married,secondary,no,10252,no,no,cellular,22,sep,173,1,141,2,success,yes
2714,37,admin.,single,tertiary,no,1000,yes,no,cellular,22,sep,239,1,99,2,success,yes
2715,71,retired,divorced,secondary,no,4380,no,no,cellular,22,sep,369,1,-1,0,unknown,yes
2716,27,management,single,tertiary,no,20585,no,no,cellular,23,sep,299,1,100,1,success,yes
2717,47,admin.,married,secondary,no,2601,no,no,cellular,24,sep,261,1,-1,0,unknown,yes
2718,42,management,divorced,tertiary,no,238,no,no,cellular,25,sep,692,1,-1,0,unknown,yes
2719,77,retired,divorced,secondary,no,0,no,no,cellular,25,sep,210,1,-1,0,unknown,yes
2720,61,management,married,tertiary,no,3371,no,no,cellular,28,sep,299,2,-1,0,unknown,yes
2721,57,management,married,tertiary,no,10583,no,no,cellular,28,sep,341,3,98,3,success,yes
2722,34,management,married,tertiary,no,16,yes,no,telephone,29,sep,316,1,119,1,other,yes
2723,40,blue-collar,married,secondary,no,1451,no,no,cellular,30,sep,117,1,121,1,success,yes
2724,84,entrepreneur,married,secondary,no,0,no,no,telephone,30,sep,992,2,-1,0,unknown,yes
2725,26,student,single,secondary,no,132,no,no,cellular,1,oct,194,1,119,1,success,yes
2726,37,technician,married,unknown,no,189,no,no,cellular,1,oct,238,1,107,2,success,yes
2727,47,management,married,tertiary,no,288,no,no,cellular,1,oct,101,1,-1,0,unknown,yes
2728,37,management,single,tertiary,no,1027,yes,no,cellular,1,oct,137,1,119,1,failure,yes
2729,28,management,single,tertiary,no,6784,no,no,cellular,1,oct,502,1,115,3,other,yes
2730,54,management,married,tertiary,no,1464,no,no,cellular,2,oct,194,2,94,1,success,yes
2731,54,management,married,tertiary,no,8295,no,no,cellular,2,oct,849,2,119,1,success,yes
2732,61,retired,married,secondary,no,2917,no,no,cellular,6,oct,215,1,-1,0,unknown,yes
2733,30,technician,single,secondary,no,158,no,no,cellular,6,oct,144,1,-1,0,unknown,yes
2734,60,retired,married,primary,no,1588,no,no,cellular,6,oct,728,1,-1,0,unknown,yes
2735,44,management,married,unknown,no,282,no,no,cellular,6,oct,296,3,-1,0,unknown,yes
2736,33,management,single,tertiary,no,5437,no,no,cellular,7,oct,201,1,58,3,failure,yes
2737,25,admin.,single,tertiary,no,1185,no,no,cellular,7,oct,290,1,114,1,failure,yes
2738,54,unknown,married,unknown,no,895,no,no,cellular,7,oct,335,1,-1,0,unknown,yes
2739,24,blue-collar,single,secondary,no,1857,yes,no,cellular,8,oct,147,1,92,5,other,yes
2740,36,technician,married,tertiary,no,4596,yes,no,cellular,8,oct,234,2,175,2,success,yes
2741,58,retired,married,primary,no,565,no,no,telephone,8,oct,153,1,93,1,success,yes
2742,33,management,single,tertiary,no,1781,no,no,cellular,8,oct,611,2,183,1,success,yes
2743,27,admin.,married,secondary,no,3415,no,no,cellular,9,oct,266,3,184,1,success,yes
2744,60,admin.,divorced,secondary,no,12039,no,no,telephone,12,oct,261,1,187,1,success,yes
2745,56,unemployed,married,secondary,no,12,no,no,cellular,12,oct,511,3,187,1,failure,yes
2746,25,technician,single,secondary,no,139,no,yes,cellular,12,oct,138,1,-1,0,unknown,yes
2747,21,student,single,secondary,no,2488,no,no,cellular,12,oct,180,1,-1,0,unknown,yes
2748,73,retired,divorced,secondary,no,7111,yes,no,cellular,12,oct,146,1,-1,0,unknown,yes
2749,67,management,divorced,tertiary,no,361,no,no,cellular,13,oct,411,2,-1,0,unknown,yes
2750,51,entrepreneur,divorced,tertiary,no,2109,no,no,cellular,13,oct,79,2,-1,0,unknown,yes
2751,48,management,married,tertiary,no,1093,yes,yes,cellular,13,oct,1226,2,-1,0,unknown,yes
2752,35,management,single,tertiary,no,2646,no,no,cellular,13,oct,221,1,182,1,success,yes
2753,61,self-employed,divorced,tertiary,no,6,yes,no,cellular,13,oct,210,1,182,2,success,yes
2754,35,technician,single,tertiary,no,670,no,no,cellular,13,oct,301,2,-1,0,unknown,yes
2755,36,admin.,divorced,secondary,no,592,no,no,cellular,13,oct,204,2,99,5,failure,yes
2756,83,retired,single,primary,no,1965,no,no,telephone,13,oct,1003,3,-1,0,unknown,yes
2757,50,management,married,primary,no,313,no,no,telephone,14,oct,958,1,-1,0,unknown,yes
2758,66,housemaid,married,primary,no,40,no,no,telephone,14,oct,290,2,-1,0,unknown,yes
2759,58,technician,married,primary,no,4198,no,no,cellular,15,oct,441,5,246,5,failure,yes
2760,30,management,single,tertiary,no,536,no,no,cellular,15,oct,244,1,105,1,success,yes
2761,54,blue-collar,married,primary,no,1311,no,no,telephone,15,oct,485,3,184,3,failure,yes
2762,26,admin.,single,secondary,no,766,no,no,cellular,15,oct,457,2,-1,0,unknown,yes
2763,43,services,married,primary,no,2557,yes,no,telephone,15,oct,166,3,183,5,success,yes
2764,40,unemployed,single,tertiary,no,79,no,no,cellular,15,oct,570,1,135,1,failure,yes
2765,57,management,married,tertiary,no,1318,no,no,cellular,16,oct,115,1,185,2,failure,yes
2766,75,retired,married,secondary,no,3771,no,no,telephone,16,oct,186,1,183,1,failure,yes
2767,77,retired,married,tertiary,no,0,no,no,cellular,16,oct,847,1,60,1,success,yes
2768,31,management,married,tertiary,no,6138,no,no,cellular,16,oct,154,2,119,5,failure,yes
2769,22,services,single,secondary,no,129,no,no,cellular,16,oct,258,1,-1,0,unknown,yes
2770,50,management,married,tertiary,no,469,no,no,cellular,16,oct,170,1,183,1,success,yes
2771,27,management,married,tertiary,no,893,no,no,cellular,16,oct,154,2,-1,0,unknown,yes
2772,73,retired,married,unknown,no,519,no,no,telephone,16,oct,434,1,57,1,failure,yes
2773,37,services,married,secondary,no,4017,no,no,cellular,16,oct,156,1,-1,0,unknown,yes
2774,44,technician,single,tertiary,no,643,no,no,cellular,16,oct,324,1,143,3,failure,yes
2775,40,technician,married,secondary,no,2338,no,no,cellular,16,oct,717,2,-1,0,unknown,yes
2776,61,management,married,tertiary,no,0,no,no,cellular,16,oct,136,2,-1,0,unknown,yes
2777,61,technician,divorced,secondary,no,6481,no,no,cellular,19,oct,131,1,-1,0,unknown,yes
2778,47,blue-collar,married,secondary,no,820,no,no,cellular,19,oct,98,1,-1,0,unknown,yes
2779,47,services,single,unknown,no,1784,no,no,cellular,19,oct,385,2,-1,0,unknown,yes
2780,76,housemaid,divorced,primary,no,1411,no,no,telephone,19,oct,233,2,187,3,success,yes
2781,30,student,single,tertiary,no,7529,no,no,cellular,19,oct,328,1,-1,0,unknown,yes
2782,39,technician,married,tertiary,no,206,no,no,cellular,20,oct,148,2,195,2,success,yes
2783,72,retired,married,primary,no,1388,no,no,telephone,20,oct,513,1,-1,0,unknown,yes
2784,77,retired,married,unknown,no,1807,no,no,telephone,20,oct,373,1,-1,0,unknown,yes
2785,36,technician,married,secondary,no,480,no,no,cellular,20,oct,213,1,-1,0,unknown,yes
2786,65,retired,married,secondary,no,571,yes,no,cellular,20,oct,349,1,183,2,success,yes
2787,54,technician,married,secondary,no,3994,no,yes,cellular,20,oct,595,2,187,2,success,yes
2788,46,admin.,single,secondary,no,1693,yes,no,cellular,20,oct,427,1,-1,0,unknown,yes
2789,28,management,single,tertiary,no,80,no,no,cellular,20,oct,676,2,146,2,failure,yes
2790,61,management,married,tertiary,no,267,no,no,cellular,21,oct,192,3,184,1,success,yes
2791,53,housemaid,married,primary,no,2581,no,no,cellular,21,oct,828,1,189,1,failure,yes
2792,27,student,single,tertiary,no,1134,no,no,cellular,21,oct,825,1,183,4,success,yes
2793,55,unemployed,divorced,secondary,no,309,no,no,cellular,21,oct,467,2,184,1,success,yes
2794,33,management,single,tertiary,no,6807,no,no,cellular,21,oct,512,2,184,1,success,yes
2795,87,retired,divorced,primary,no,6746,no,no,telephone,21,oct,749,1,-1,0,unknown,yes
2796,57,management,married,tertiary,no,375,no,no,cellular,21,oct,135,1,-1,0,unknown,yes
2797,33,self-employed,single,tertiary,no,658,yes,no,cellular,21,oct,307,1,208,1,success,yes
2798,51,technician,married,secondary,no,371,yes,yes,cellular,21,oct,287,1,-1,0,unknown,yes
2799,76,retired,divorced,primary,no,2693,no,no,cellular,21,oct,107,2,-1,0,unknown,yes
2800,19,student,single,secondary,no,329,no,no,cellular,22,oct,252,2,-1,0,unknown,yes
2801,33,admin.,married,tertiary,no,79,yes,no,cellular,22,oct,249,2,335,2,failure,yes
2802,55,management,divorced,tertiary,no,0,no,no,cellular,22,oct,360,5,-1,0,unknown,yes
2803,31,blue-collar,single,unknown,no,6281,no,no,cellular,22,oct,257,1,128,3,other,yes
2804,92,retired,married,unknown,no,775,no,no,cellular,22,oct,313,3,-1,0,unknown,yes
2805,30,technician,single,tertiary,no,411,no,no,cellular,22,oct,127,3,149,2,failure,yes
2806,68,retired,single,tertiary,no,2144,no,no,cellular,22,oct,277,1,184,2,success,yes
2807,41,technician,single,tertiary,no,431,no,no,cellular,22,oct,133,1,107,2,success,yes
2808,29,self-employed,married,secondary,no,123,no,yes,cellular,22,oct,247,1,184,3,success,yes
2809,27,blue-collar,single,secondary,no,3792,no,no,cellular,22,oct,504,1,183,2,success,yes
2810,78,retired,married,unknown,no,4807,no,no,telephone,22,oct,1002,4,-1,0,unknown,yes
2811,82,retired,married,primary,no,8603,no,no,cellular,22,oct,306,3,107,1,success,yes
2812,29,technician,single,tertiary,no,2178,no,no,cellular,22,oct,260,2,139,1,other,yes
2813,76,retired,married,tertiary,no,2991,no,no,cellular,22,oct,344,1,183,1,success,yes
2814,38,management,married,tertiary,no,4174,no,no,cellular,23,oct,336,2,184,5,failure,yes
2815,60,technician,married,secondary,no,10925,no,no,cellular,23,oct,270,3,185,1,success,yes
2816,33,services,divorced,secondary,no,2411,yes,no,cellular,23,oct,130,1,161,1,failure,yes
2817,43,blue-collar,married,secondary,no,14646,no,no,cellular,23,oct,210,1,-1,0,unknown,yes
2818,61,retired,married,secondary,no,86,no,no,cellular,23,oct,149,1,-1,0,unknown,yes
2819,43,technician,single,unknown,no,11115,no,no,cellular,23,oct,476,1,74,2,success,yes
2820,57,management,married,primary,no,6900,no,no,cellular,23,oct,255,4,185,2,failure,yes
2821,33,management,married,tertiary,no,5878,no,no,cellular,23,oct,438,1,430,2,failure,yes
2822,77,management,married,unknown,no,1780,yes,no,cellular,23,oct,221,2,183,3,success,yes
2823,35,technician,single,secondary,no,183,no,no,cellular,23,oct,281,1,52,4,failure,yes
2824,59,retired,married,primary,no,3648,no,no,telephone,23,oct,257,2,126,3,success,yes
2825,76,retired,married,secondary,no,4112,no,no,telephone,23,oct,282,2,-1,0,unknown,yes
2826,73,retired,married,primary,no,542,no,no,cellular,26,oct,355,1,180,5,failure,yes
2827,81,retired,married,primary,no,243,no,no,cellular,27,oct,131,1,-1,0,unknown,yes
2828,41,unknown,single,unknown,no,942,no,no,cellular,27,oct,143,1,188,1,success,yes
2829,57,technician,married,secondary,no,254,no,no,cellular,27,oct,207,1,-1,0,unknown,yes
2830,28,technician,single,unknown,no,0,yes,no,cellular,27,oct,96,1,267,1,failure,yes
2831,38,blue-collar,single,secondary,no,0,no,no,cellular,27,oct,297,1,75,3,failure,yes
2832,52,services,married,secondary,no,992,yes,no,cellular,27,oct,424,1,515,1,failure,yes
2833,22,student,single,secondary,no,23,no,no,cellular,27,oct,137,1,-1,0,unknown,yes
2834,53,unknown,married,primary,no,732,no,no,cellular,27,oct,759,2,-1,0,unknown,yes
2835,60,admin.,married,unknown,no,4629,yes,no,cellular,27,oct,624,1,-1,0,unknown,yes
2836,56,management,married,secondary,no,0,no,no,cellular,27,oct,298,1,111,8,other,yes
2837,38,housemaid,divorced,secondary,no,70,no,no,cellular,27,oct,255,3,148,1,success,yes
2838,44,management,single,tertiary,no,5063,no,no,cellular,27,oct,418,2,-1,0,unknown,yes
2839,69,retired,divorced,secondary,no,4572,no,no,telephone,27,oct,146,2,56,1,other,yes
2840,36,student,single,tertiary,no,129,no,no,cellular,27,oct,149,1,-1,0,unknown,yes
2841,75,self-employed,married,unknown,no,4984,no,no,telephone,28,oct,509,1,-1,0,unknown,yes
2842,65,retired,married,primary,no,1004,no,no,cellular,28,oct,371,1,-1,0,unknown,yes
2843,64,retired,married,secondary,no,4787,no,no,cellular,28,oct,501,1,-1,0,unknown,yes
2844,30,admin.,single,secondary,no,914,yes,no,cellular,28,oct,524,3,272,1,failure,yes
2845,57,housemaid,married,tertiary,no,2326,no,no,cellular,28,oct,207,1,194,1,success,yes
2846,31,management,married,tertiary,no,81,yes,no,cellular,29,oct,164,2,-1,0,unknown,yes
2847,36,management,married,tertiary,no,203,no,no,cellular,29,oct,139,1,-1,0,unknown,yes
2848,64,management,married,tertiary,no,3951,no,no,cellular,29,oct,164,1,-1,0,unknown,yes
2849,54,technician,married,unknown,no,240,yes,no,cellular,29,oct,142,1,-1,0,unknown,yes
2850,26,admin.,single,secondary,no,338,no,no,cellular,29,oct,209,1,188,2,unknown,yes
2851,51,self-employed,single,secondary,no,0,no,no,cellular,29,oct,1707,2,-1,0,unknown,yes
2852,72,retired,married,secondary,no,0,no,no,cellular,29,oct,189,3,-1,0,unknown,yes
2853,30,management,married,tertiary,no,944,no,no,cellular,29,oct,251,2,-1,0,unknown,yes
2854,60,blue-collar,married,primary,no,5,no,no,cellular,29,oct,401,1,-1,0,unknown,yes
2855,30,management,single,tertiary,no,697,no,no,cellular,29,oct,215,3,80,5,success,yes
2856,66,retired,married,tertiary,no,1948,no,no,cellular,29,oct,106,2,269,2,failure,yes
2857,50,technician,married,secondary,no,3654,no,no,cellular,29,oct,215,2,78,2,other,yes
2858,47,management,single,tertiary,no,551,no,no,cellular,29,oct,124,1,-1,0,unknown,yes
2859,80,retired,married,primary,no,997,no,no,cellular,29,oct,746,2,86,1,other,yes
2860,61,management,married,tertiary,no,477,yes,no,cellular,29,oct,377,1,520,1,other,yes
2861,47,management,married,tertiary,no,3663,no,no,cellular,29,oct,424,2,213,3,success,yes
2862,30,technician,single,secondary,no,853,no,no,cellular,29,oct,279,1,148,1,failure,yes
2863,21,student,single,primary,no,8278,no,no,cellular,29,oct,445,1,-1,0,unknown,yes
2864,62,management,married,tertiary,no,7458,no,no,cellular,30,oct,212,2,-1,0,unknown,yes
2865,26,technician,single,secondary,no,44,no,no,cellular,30,oct,217,1,-1,0,unknown,yes
2866,36,blue-collar,married,secondary,no,1193,no,no,cellular,30,oct,640,1,-1,0,unknown,yes
2867,87,retired,married,primary,no,230,no,no,cellular,30,oct,144,1,-1,0,unknown,yes
2868,61,retired,married,primary,no,8729,no,no,cellular,30,oct,480,1,-1,0,unknown,yes
2869,70,retired,married,secondary,no,2384,no,no,cellular,30,oct,196,2,-1,0,unknown,yes
2870,60,management,married,tertiary,no,3401,no,no,cellular,30,oct,294,1,270,1,failure,yes
2871,41,services,married,tertiary,no,881,no,no,cellular,30,oct,257,3,-1,0,unknown,yes
2872,22,student,single,secondary,no,1522,no,no,cellular,30,oct,368,2,-1,0,unknown,yes
2873,60,retired,divorced,secondary,no,4243,no,no,cellular,30,oct,416,2,-1,0,unknown,yes
2874,54,technician,married,secondary,no,473,no,yes,cellular,2,nov,182,1,81,1,failure,yes
2875,35,self-employed,single,tertiary,no,5462,no,no,cellular,2,nov,188,1,186,1,success,yes
2876,59,management,married,secondary,no,4412,no,no,cellular,2,nov,162,2,-1,0,unknown,yes
2877,29,student,single,unknown,no,10332,no,no,cellular,2,nov,46,3,-1,0,unknown,yes
2878,48,management,married,secondary,no,0,yes,yes,cellular,3,nov,1233,1,351,2,failure,yes
2879,37,management,married,tertiary,no,238,no,no,cellular,3,nov,149,1,-1,0,unknown,yes
2880,36,management,single,tertiary,no,62,yes,no,cellular,3,nov,566,1,182,7,failure,yes
2881,52,admin.,single,secondary,no,2398,yes,no,cellular,3,nov,412,1,-1,0,unknown,yes
2882,67,retired,divorced,secondary,no,704,no,no,cellular,3,nov,537,1,-1,0,unknown,yes
2883,36,self-employed,married,tertiary,no,506,no,no,cellular,3,nov,217,1,70,2,failure,yes
2884,64,management,married,unknown,no,2352,no,no,cellular,3,nov,181,4,183,7,success,yes
2885,29,technician,single,secondary,no,938,no,no,cellular,3,nov,358,1,-1,0,unknown,yes
2886,27,management,single,tertiary,no,1720,no,no,cellular,3,nov,284,2,273,1,failure,yes
2887,76,retired,married,primary,no,1492,no,no,telephone,3,nov,383,1,-1,0,unknown,yes
2888,34,management,married,tertiary,no,1778,no,no,cellular,4,nov,358,1,162,2,failure,yes
2889,54,technician,married,secondary,no,0,no,no,cellular,6,nov,464,5,192,8,other,yes
2890,67,retired,married,primary,no,942,no,no,cellular,6,nov,455,2,84,2,other,yes
2891,24,technician,married,secondary,no,556,yes,no,cellular,6,nov,368,2,80,2,success,yes
2892,53,admin.,married,secondary,no,10541,no,no,cellular,9,nov,178,1,-1,0,unknown,yes
2893,33,student,married,secondary,no,1536,no,no,cellular,9,nov,262,1,94,2,success,yes
2894,24,student,single,tertiary,no,235,no,no,cellular,9,nov,118,1,-1,0,unknown,yes
2895,32,management,single,tertiary,no,935,no,no,cellular,9,nov,165,1,91,7,success,yes
2896,60,self-employed,married,tertiary,no,10861,no,no,cellular,9,nov,98,1,91,2,failure,yes
2897,64,entrepreneur,married,tertiary,no,2331,no,no,telephone,9,nov,201,1,-1,0,unknown,yes
2898,35,management,single,tertiary,no,1228,no,no,cellular,9,nov,696,2,88,12,failure,yes
2899,24,student,single,secondary,no,125,no,no,cellular,9,nov,263,1,90,1,failure,yes
2900,42,management,married,tertiary,no,2816,no,no,cellular,10,nov,193,2,-1,0,unknown,yes
2901,40,management,married,tertiary,no,0,no,no,cellular,10,nov,147,1,96,8,success,yes
2902,33,management,married,tertiary,no,22867,yes,no,cellular,10,nov,266,2,92,3,failure,yes
2903,71,housemaid,divorced,primary,no,1311,no,no,cellular,10,nov,301,2,91,1,success,yes
2904,52,unemployed,married,secondary,no,94,no,no,cellular,10,nov,293,3,190,10,failure,yes
2905,47,admin.,married,secondary,no,0,no,no,cellular,10,nov,213,1,190,1,other,yes
2906,49,management,married,primary,no,3371,no,no,cellular,11,nov,269,2,-1,0,unknown,yes
2907,26,management,single,tertiary,no,943,no,no,cellular,11,nov,166,1,195,1,success,yes
2908,40,management,married,tertiary,no,9366,no,no,cellular,11,nov,69,3,-1,0,unknown,yes
2909,32,technician,single,tertiary,no,6746,no,no,cellular,11,nov,199,1,-1,0,unknown,yes
2910,33,services,married,secondary,no,1076,no,no,cellular,11,nov,131,1,96,5,failure,yes
2911,35,management,married,tertiary,no,0,yes,no,cellular,11,nov,229,2,96,3,success,yes
2912,53,management,married,tertiary,no,1624,no,no,cellular,11,nov,166,3,97,7,success,yes
2913,20,student,single,unknown,no,801,no,no,cellular,11,nov,244,2,-1,0,unknown,yes
2914,44,self-employed,divorced,tertiary,no,1070,yes,no,cellular,11,nov,172,1,91,5,success,yes
2915,21,student,single,secondary,no,123,no,no,telephone,11,nov,513,1,91,1,success,yes
2916,36,blue-collar,single,secondary,no,3623,no,no,unknown,12,nov,71,1,378,1,success,yes
2917,31,management,single,tertiary,no,533,no,no,cellular,12,nov,90,3,93,6,success,yes
2918,42,technician,married,secondary,no,994,yes,no,cellular,12,nov,227,3,93,6,success,yes
2919,33,services,married,secondary,no,386,no,no,cellular,12,nov,253,1,92,4,failure,yes
2920,29,management,single,tertiary,no,1026,no,no,cellular,12,nov,226,1,92,1,other,yes
2921,30,unemployed,single,secondary,no,2424,no,no,cellular,12,nov,110,1,279,1,failure,yes
2922,32,management,married,tertiary,no,1331,no,no,cellular,12,nov,126,1,92,5,failure,yes
2923,54,unknown,married,secondary,no,2206,no,no,cellular,12,nov,104,1,99,2,other,yes
2924,82,retired,divorced,tertiary,no,0,no,no,telephone,12,nov,226,1,-1,0,unknown,yes
2925,47,management,married,tertiary,no,4693,no,yes,cellular,12,nov,89,1,97,3,success,yes
2926,48,blue-collar,married,secondary,no,1230,yes,no,cellular,12,nov,169,1,196,2,success,yes
2927,77,retired,divorced,secondary,no,3417,no,no,cellular,12,nov,134,1,-1,0,unknown,yes
2928,38,admin.,married,secondary,no,1767,yes,no,cellular,12,nov,893,7,-1,0,unknown,yes
2929,27,student,single,tertiary,no,5291,no,no,cellular,12,nov,192,2,92,2,failure,yes
2930,43,services,single,secondary,no,3403,yes,no,cellular,12,nov,707,2,97,2,success,yes
2931,33,technician,married,secondary,no,133,no,no,cellular,12,nov,627,2,192,1,success,yes
2932,27,admin.,single,secondary,no,4745,no,no,telephone,12,nov,411,4,192,1,other,yes
2933,76,retired,married,primary,no,3324,no,no,cellular,13,nov,122,1,92,3,success,yes
2934,81,retired,married,primary,no,5220,no,no,telephone,13,nov,135,1,94,2,other,yes
2935,71,retired,married,primary,no,2600,no,no,cellular,13,nov,186,2,98,1,success,yes
2936,39,admin.,married,secondary,no,260,yes,no,cellular,13,nov,226,1,94,4,success,yes
2937,18,student,single,primary,no,608,no,no,cellular,13,nov,210,1,93,1,success,yes
2938,58,services,divorced,secondary,no,462,no,no,cellular,13,nov,495,1,93,1,success,yes
2939,44,technician,divorced,secondary,no,14,no,no,cellular,13,nov,167,1,92,1,success,yes
2940,67,retired,married,secondary,no,1146,no,no,cellular,13,nov,259,1,92,2,failure,yes
2941,31,services,single,secondary,no,181,no,no,cellular,13,nov,239,2,93,2,success,yes
2942,61,retired,married,secondary,no,3114,no,no,cellular,13,nov,381,1,-1,0,unknown,yes
2943,36,technician,single,secondary,no,376,no,no,cellular,13,nov,193,1,92,1,success,yes
2944,56,retired,married,primary,no,9367,no,no,telephone,13,nov,271,2,92,4,success,yes
2945,24,student,single,NULL,no,382,no,no,cellular,13,nov,256,2,92,3,failure,yes
2946,33,admin.,married,secondary,no,920,no,no,cellular,16,nov,130,1,95,2,failure,yes
2947,34,blue-collar,single,unknown,no,129,yes,yes,cellular,16,nov,295,1,200,2,success,yes
2948,58,admin.,married,secondary,no,169,no,no,cellular,16,nov,301,1,94,3,failure,yes
2949,64,retired,married,unknown,no,679,no,no,telephone,16,nov,167,1,-1,0,unknown,yes
2950,27,blue-collar,single,secondary,no,535,no,no,cellular,16,nov,183,1,94,1,success,yes
2951,63,management,married,tertiary,no,3115,no,no,cellular,16,nov,432,5,-1,0,unknown,yes
2952,23,student,single,secondary,no,1234,no,no,cellular,16,nov,250,1,-1,0,unknown,yes
2953,37,technician,single,tertiary,no,197,no,no,cellular,16,nov,175,1,200,1,success,yes
2954,43,management,married,tertiary,no,3186,no,no,cellular,16,nov,380,1,88,1,failure,yes
2955,35,technician,married,tertiary,no,3160,yes,no,cellular,16,nov,445,2,95,1,failure,yes
2956,33,blue-collar,married,primary,no,195,no,no,cellular,16,nov,984,5,-1,0,unknown,yes
2957,75,retired,married,tertiary,no,6027,no,no,cellular,16,nov,1248,2,94,2,failure,yes
2958,40,admin.,married,tertiary,no,764,yes,no,unknown,17,nov,85,1,-1,0,unknown,yes
2959,52,management,married,tertiary,no,583,no,no,cellular,17,nov,209,1,91,2,failure,yes
2960,55,technician,divorced,tertiary,no,0,no,no,cellular,17,nov,134,2,91,1,success,yes
2961,71,retired,married,secondary,no,5715,no,no,cellular,17,nov,747,2,-1,0,unknown,yes
2962,78,retired,married,tertiary,no,1204,no,no,telephone,17,nov,135,1,-1,0,unknown,yes
2963,35,technician,married,secondary,no,4922,yes,no,cellular,17,nov,393,4,201,17,other,yes
2964,52,technician,married,secondary,no,234,no,no,cellular,17,nov,255,1,-1,0,unknown,yes
2965,31,management,single,tertiary,no,9421,no,no,cellular,25,nov,372,1,-1,0,unknown,yes
2966,31,admin.,single,secondary,no,4198,no,no,cellular,25,nov,234,1,-1,0,unknown,yes
2967,38,management,married,unknown,no,3576,no,no,cellular,25,nov,349,2,183,1,success,yes
2968,28,student,single,secondary,no,1925,no,no,cellular,25,nov,487,1,97,2,failure,yes
2969,72,retired,married,secondary,no,1129,no,no,cellular,25,nov,208,1,91,1,success,yes
2970,29,admin.,single,secondary,no,265,yes,no,cellular,25,nov,414,1,184,1,failure,yes
2971,46,housemaid,married,secondary,no,38,no,no,cellular,25,nov,541,1,-1,0,unknown,yes
2972,53,technician,married,secondary,no,1982,yes,yes,cellular,27,nov,160,1,-1,0,unknown,yes
2973,58,technician,married,secondary,no,3399,no,no,telephone,30,nov,1628,2,188,8,success,yes
2974,22,student,single,tertiary,no,691,no,no,cellular,30,nov,260,5,103,1,success,yes
2975,28,admin.,married,secondary,no,330,no,no,cellular,2,dec,357,1,188,3,other,yes
2976,31,technician,married,secondary,no,318,no,no,cellular,2,dec,310,1,-1,0,unknown,yes
2977,26,blue-collar,single,tertiary,no,644,no,no,cellular,2,dec,346,1,-1,0,unknown,yes
2978,60,retired,divorced,tertiary,no,4,yes,no,cellular,2,dec,415,1,190,5,failure,yes
2979,29,technician,single,secondary,no,1165,no,no,cellular,3,dec,244,2,184,1,success,yes
2980,36,admin.,divorced,tertiary,no,4708,no,no,cellular,3,dec,284,1,171,1,failure,yes
2981,68,retired,married,tertiary,no,2820,no,no,cellular,3,dec,154,1,97,2,failure,yes
2982,48,management,married,tertiary,no,1147,no,no,cellular,3,dec,155,1,120,3,success,yes
2983,53,unemployed,married,primary,no,980,yes,no,cellular,3,dec,352,1,-1,0,unknown,yes
2984,39,technician,married,secondary,no,2983,no,no,cellular,3,dec,472,1,-1,0,unknown,yes
2985,28,services,single,secondary,no,339,no,no,cellular,3,dec,350,1,182,1,success,yes
2986,72,retired,married,unknown,no,1940,no,no,telephone,4,dec,705,2,-1,0,unknown,yes
2987,29,management,single,tertiary,no,1445,no,no,cellular,4,dec,271,2,-1,0,unknown,yes
2988,26,student,single,tertiary,no,294,no,no,cellular,4,dec,208,2,-1,0,unknown,yes
2989,49,management,married,tertiary,no,5887,no,no,cellular,4,dec,439,3,185,5,success,yes
2990,43,management,single,tertiary,no,11891,no,no,cellular,4,dec,821,5,242,1,success,yes
2991,28,student,single,unknown,no,78,no,no,cellular,4,dec,232,3,310,2,failure,yes
2992,44,admin.,single,secondary,no,733,yes,no,cellular,4,dec,360,2,105,5,success,yes
2993,73,retired,divorced,primary,no,5028,no,no,cellular,4,dec,696,10,-1,0,unknown,yes
2994,39,management,married,tertiary,no,481,no,no,cellular,7,dec,929,5,189,1,other,yes
2995,29,student,single,secondary,no,314,no,no,cellular,7,dec,415,2,116,4,failure,yes
2996,31,technician,married,secondary,no,684,yes,no,cellular,7,dec,620,3,-1,0,unknown,yes
2997,30,student,single,secondary,no,1681,no,no,cellular,7,dec,329,2,-1,0,unknown,yes
2998,50,admin.,married,secondary,no,10250,yes,no,cellular,7,dec,254,3,385,2,other,yes
2999,42,management,married,tertiary,no,254,no,no,cellular,9,dec,288,7,183,4,success,yes
3000,37,admin.,married,secondary,no,0,yes,no,cellular,9,dec,179,1,190,1,success,yes
3001,49,technician,married,secondary,no,307,no,no,cellular,9,dec,854,1,-1,0,unknown,yes
3002,59,unemployed,married,secondary,no,957,no,no,cellular,9,dec,479,2,-1,0,unknown,yes
3003,80,retired,married,primary,no,155,no,no,telephone,9,dec,343,2,-1,0,unknown,yes
3004,86,retired,single,secondary,no,614,no,no,telephone,9,dec,595,1,-1,0,unknown,yes
3005,69,retired,married,unknown,no,426,no,no,telephone,9,dec,395,1,-1,0,unknown,yes
3006,79,retired,married,secondary,no,8304,no,no,cellular,9,dec,456,2,275,9,success,yes
3007,36,services,married,secondary,no,4721,no,no,cellular,9,dec,149,3,-1,0,unknown,yes
3008,49,management,married,tertiary,no,395,no,no,cellular,10,dec,336,5,-1,0,unknown,yes
3009,69,retired,married,secondary,no,3588,yes,no,cellular,10,dec,429,1,-1,0,unknown,yes
3010,66,retired,married,unknown,no,2540,no,no,telephone,10,dec,441,2,156,1,other,yes
3011,32,management,divorced,tertiary,no,883,yes,no,cellular,10,dec,798,1,185,5,other,yes
3012,47,management,single,tertiary,no,4402,no,no,telephone,10,dec,805,1,190,1,other,yes
3013,58,management,married,tertiary,no,256,no,no,cellular,10,dec,422,1,188,3,success,yes
3014,64,retired,married,primary,no,43,no,no,cellular,10,dec,232,1,-1,0,unknown,yes
3015,72,retired,married,primary,no,3856,no,no,cellular,10,dec,582,4,115,1,other,yes
3016,79,retired,married,primary,no,3025,no,no,cellular,11,dec,166,3,126,3,other,yes
3017,30,technician,married,secondary,no,2326,no,no,cellular,14,dec,420,1,175,2,failure,yes
3018,36,management,married,tertiary,no,925,no,no,cellular,14,dec,321,3,189,4,success,yes
3019,53,entrepreneur,married,tertiary,no,1961,no,no,cellular,15,dec,351,1,-1,0,unknown,yes
3020,34,management,married,tertiary,no,2037,no,no,cellular,15,dec,324,2,-1,0,unknown,yes
3021,29,student,single,secondary,no,459,no,no,cellular,15,dec,279,3,189,19,other,yes
3022,29,management,single,tertiary,no,572,no,no,cellular,16,dec,314,1,195,1,success,yes
3023,81,retired,divorced,secondary,no,452,no,no,telephone,16,dec,443,1,-1,0,unknown,yes
3024,57,retired,married,secondary,no,5313,no,no,cellular,16,dec,283,2,196,1,success,yes
3025,72,retired,married,secondary,no,1533,no,no,cellular,16,dec,546,2,-1,0,unknown,yes
3026,34,services,married,secondary,no,1337,no,no,cellular,17,dec,330,2,127,3,success,yes
3027,57,management,divorced,unknown,no,2986,no,no,cellular,17,dec,222,2,231,1,failure,yes
3028,66,housemaid,married,primary,no,1230,no,no,cellular,17,dec,726,3,-1,0,unknown,yes
3029,27,student,single,secondary,no,538,no,no,cellular,18,dec,170,4,197,2,success,yes
3030,50,management,married,tertiary,no,5108,yes,no,cellular,18,dec,406,1,182,2,failure,yes
3031,75,retired,divorced,secondary,no,1341,no,no,cellular,18,dec,415,7,-1,0,unknown,yes
3032,50,services,married,secondary,no,320,no,no,telephone,21,dec,294,3,315,4,success,yes
3033,32,admin.,single,secondary,no,131,yes,no,cellular,21,dec,322,1,189,1,success,yes
3034,59,retired,married,primary,no,2074,no,no,cellular,21,dec,467,1,186,2,success,yes
3035,68,retired,married,secondary,no,1443,no,no,telephone,21,dec,2062,2,257,1,success,yes
3036,31,technician,married,tertiary,no,3338,yes,no,cellular,21,dec,264,2,-1,0,unknown,yes
3037,64,self-employed,married,tertiary,no,661,no,no,cellular,21,dec,367,2,294,2,failure,yes
3038,30,unemployed,divorced,secondary,no,7105,no,no,cellular,22,dec,321,2,-1,0,unknown,yes
3039,60,admin.,married,secondary,no,3735,no,no,cellular,22,dec,190,1,188,9,success,yes
3040,35,management,single,tertiary,no,538,no,no,cellular,22,dec,410,3,165,2,other,yes
3041,72,retired,married,primary,no,4657,no,no,cellular,22,dec,305,3,309,5,success,yes
3042,30,blue-collar,married,primary,no,5,no,no,cellular,23,dec,282,1,203,1,success,yes
3043,52,unemployed,divorced,secondary,no,230,no,no,cellular,24,dec,422,2,-1,0,unknown,yes
3044,33,management,married,tertiary,no,1808,no,no,cellular,28,dec,250,3,-1,0,unknown,yes
3045,84,retired,married,secondary,no,81204,no,no,telephone,28,dec,679,1,313,2,other,yes
3046,43,management,married,tertiary,no,3518,no,no,cellular,28,dec,206,2,196,2,success,yes
3047,39,technician,single,tertiary,no,25,yes,no,cellular,28,dec,315,1,210,2,success,yes
3048,25,technician,married,tertiary,no,2551,no,no,cellular,28,dec,400,3,-1,0,unknown,yes
3049,38,admin.,married,secondary,no,11303,no,no,cellular,28,dec,473,2,216,2,failure,yes
3050,44,management,married,unknown,no,2724,no,no,cellular,28,dec,893,1,-1,0,unknown,yes
3051,20,student,single,unknown,no,755,no,no,cellular,29,dec,284,1,-1,0,unknown,yes
3052,32,management,single,tertiary,no,718,yes,no,cellular,29,dec,155,1,197,1,success,yes
3053,23,services,single,secondary,no,870,no,no,cellular,29,dec,296,1,176,4,success,yes
3054,35,unemployed,married,secondary,no,978,no,no,cellular,29,dec,1370,3,209,3,success,yes
3055,61,management,married,secondary,no,544,no,no,cellular,29,dec,63,3,200,9,success,yes
3056,46,management,divorced,tertiary,no,461,no,no,cellular,30,dec,369,2,-1,0,unknown,yes
3057,70,retired,married,primary,no,2795,no,no,cellular,8,jan,301,2,-1,0,unknown,yes
3058,25,technician,single,secondary,no,139,no,yes,cellular,11,jan,202,1,91,1,success,yes
3059,57,retired,married,secondary,no,1044,no,no,telephone,11,jan,585,1,192,2,success,yes
3060,55,admin.,married,secondary,no,1633,no,no,cellular,11,jan,210,1,192,2,success,yes
3061,33,management,married,tertiary,no,6513,yes,no,cellular,11,jan,170,1,343,1,other,yes
3062,73,retired,married,primary,no,1388,no,no,telephone,11,jan,767,2,83,1,success,yes
3063,34,unemployed,single,secondary,no,15,no,no,cellular,12,jan,377,1,-1,0,unknown,yes
3064,31,technician,single,secondary,no,2544,no,no,cellular,12,jan,229,1,279,2,success,yes
3065,25,blue-collar,single,secondary,no,2007,no,no,cellular,12,jan,265,2,-1,0,unknown,yes
3066,30,technician,married,tertiary,no,2166,no,no,cellular,12,jan,316,2,-1,0,unknown,yes
3067,28,self-employed,single,tertiary,no,4579,no,no,cellular,12,jan,409,2,-1,0,unknown,yes
3068,21,student,single,secondary,no,2488,no,no,telephone,12,jan,661,2,92,1,success,yes
3069,87,retired,married,primary,no,2190,no,no,telephone,12,jan,512,2,-1,0,unknown,yes
3070,22,student,single,secondary,no,254,no,no,cellular,13,jan,143,2,-1,0,unknown,yes
3071,28,self-employed,single,tertiary,no,1579,no,no,cellular,13,jan,163,1,91,3,failure,yes
3072,31,unemployed,married,tertiary,no,330,no,no,cellular,13,jan,260,1,194,2,success,yes
3073,60,retired,married,secondary,no,938,no,no,cellular,13,jan,380,3,-1,0,unknown,yes
3074,41,technician,single,unknown,no,5372,yes,no,cellular,13,jan,248,3,-1,0,unknown,yes
3075,24,student,single,secondary,no,3176,no,no,cellular,13,jan,108,2,-1,0,unknown,yes
3076,54,management,divorced,tertiary,no,496,no,no,cellular,13,jan,452,3,-1,0,unknown,yes
3077,35,technician,single,tertiary,no,0,no,no,cellular,14,jan,187,7,-1,0,unknown,yes
3078,70,retired,divorced,primary,no,482,no,no,telephone,14,jan,372,1,196,2,success,yes
3079,62,blue-collar,married,secondary,no,180,no,no,cellular,14,jan,183,1,90,4,other,yes
3080,59,technician,married,primary,no,4198,no,no,cellular,14,jan,309,1,91,10,success,yes
3081,48,unemployed,married,secondary,no,817,no,no,cellular,14,jan,517,1,282,4,success,yes
3082,45,admin.,married,secondary,no,5021,no,no,cellular,14,jan,233,1,-1,0,unknown,yes
3083,36,admin.,married,unknown,no,991,no,no,cellular,14,jan,589,2,-1,0,unknown,yes
3084,33,services,single,secondary,no,133,no,no,cellular,14,jan,305,2,274,1,success,yes
3085,32,admin.,married,secondary,no,366,no,no,cellular,14,jan,366,2,-1,0,unknown,yes
3086,60,retired,divorced,tertiary,no,979,yes,no,cellular,15,jan,295,3,347,1,failure,yes
3087,39,management,married,tertiary,no,2939,no,no,cellular,15,jan,348,2,-1,0,unknown,yes
3088,37,admin.,single,secondary,no,4803,no,no,cellular,15,jan,396,2,-1,0,unknown,yes
3089,85,retired,married,primary,no,1255,no,no,cellular,15,jan,233,3,-1,0,unknown,yes
3090,79,retired,married,primary,no,8556,no,no,telephone,18,jan,326,2,272,2,success,yes
3091,64,retired,married,secondary,no,588,no,no,cellular,18,jan,366,1,91,2,failure,yes
3092,42,technician,married,secondary,no,994,yes,no,cellular,18,jan,453,1,67,9,success,yes
3093,47,blue-collar,married,secondary,no,820,no,no,cellular,18,jan,262,1,91,1,success,yes
3094,66,retired,married,secondary,no,203,no,no,cellular,18,jan,353,1,195,1,success,yes
3095,61,retired,married,secondary,no,86,no,no,cellular,25,jan,639,1,94,1,success,yes
3096,27,admin.,married,tertiary,no,2855,no,no,cellular,25,jan,240,1,301,3,failure,yes
3097,63,retired,married,secondary,no,474,no,no,cellular,25,jan,423,1,-1,0,unknown,yes
3098,36,management,married,tertiary,no,203,no,no,cellular,25,jan,255,1,88,1,success,yes
3099,38,unemployed,married,primary,no,7005,yes,no,cellular,25,jan,696,1,202,2,success,yes
3100,92,retired,married,unknown,no,775,no,no,cellular,26,jan,164,4,96,3,success,yes
3101,77,retired,married,secondary,no,4112,no,no,telephone,26,jan,1616,1,95,2,success,yes
3102,30,admin.,single,secondary,no,255,no,no,cellular,27,jan,143,1,-1,0,unknown,yes
3103,81,retired,married,primary,no,243,no,no,cellular,27,jan,340,1,92,1,success,yes
3104,42,unknown,single,unknown,no,942,no,no,cellular,27,jan,245,1,92,2,success,yes
3105,48,admin.,divorced,secondary,no,1180,no,no,cellular,27,jan,142,1,238,3,other,yes
3106,52,services,married,secondary,no,992,yes,no,cellular,27,jan,342,1,92,2,success,yes
3107,38,housemaid,divorced,secondary,no,70,no,no,cellular,27,jan,164,4,92,4,success,yes
3108,61,admin.,married,unknown,no,4629,yes,no,cellular,27,jan,181,1,92,1,success,yes
3109,20,student,single,unknown,no,829,no,no,cellular,27,jan,196,3,202,2,success,yes
3110,39,admin.,married,secondary,no,0,no,no,cellular,27,jan,366,1,436,10,failure,yes
3111,44,technician,married,secondary,no,2776,yes,no,cellular,27,jan,701,1,-1,0,unknown,yes
3112,73,retired,married,primary,no,279,no,no,cellular,28,jan,399,3,-1,0,unknown,yes
3113,36,student,single,tertiary,no,129,no,no,cellular,28,jan,918,1,93,1,success,yes
3114,48,management,married,tertiary,no,157,no,no,cellular,28,jan,417,4,-1,0,unknown,yes
3115,52,services,married,secondary,no,659,no,no,cellular,28,jan,390,4,93,1,success,yes
3116,30,blue-collar,married,secondary,no,2493,no,no,cellular,28,jan,293,2,-1,0,unknown,yes
3117,36,management,married,tertiary,no,3949,no,no,cellular,28,jan,130,2,-1,0,unknown,yes
3118,80,retired,married,primary,no,997,no,no,cellular,28,jan,151,1,91,3,success,yes
3119,33,technician,married,tertiary,no,1699,no,no,cellular,28,jan,202,1,83,3,success,yes
3120,56,technician,married,tertiary,no,1181,no,no,cellular,28,jan,186,1,433,1,failure,yes
3121,54,admin.,married,secondary,no,0,no,no,cellular,28,jan,161,1,98,2,failure,yes
3122,34,admin.,married,tertiary,no,0,no,no,cellular,28,jan,155,2,-1,0,unknown,yes
3123,66,retired,married,tertiary,no,1948,no,no,cellular,28,jan,216,1,91,4,success,yes
3124,52,blue-collar,married,primary,no,306,no,no,cellular,28,jan,223,1,-1,0,unknown,yes
3125,60,retired,married,secondary,no,18967,yes,no,cellular,29,jan,177,2,-1,0,unknown,yes
3126,28,admin.,single,secondary,no,261,yes,yes,cellular,29,jan,254,3,142,6,success,yes
3127,56,retired,divorced,primary,no,694,no,no,cellular,29,jan,144,1,102,1,other,yes
3128,36,technician,married,tertiary,no,202,no,no,cellular,29,jan,313,1,120,3,failure,yes
3129,45,management,single,tertiary,no,4831,no,no,cellular,29,jan,479,11,-1,0,unknown,yes
3130,60,management,married,unknown,no,264,no,no,telephone,1,feb,265,1,-1,0,unknown,yes
3131,33,entrepreneur,single,secondary,no,278,no,no,cellular,1,feb,563,5,-1,0,unknown,yes
3132,77,retired,married,tertiary,no,7802,no,no,telephone,1,feb,483,2,-1,0,unknown,yes
3133,66,retired,married,primary,no,3629,no,no,cellular,2,feb,474,1,172,2,other,yes
3134,45,management,married,tertiary,no,547,no,no,cellular,2,feb,577,1,-1,0,unknown,yes
3135,30,student,single,unknown,no,4468,no,no,cellular,2,feb,204,1,-1,0,unknown,yes
3136,56,services,married,secondary,no,1989,no,no,cellular,3,feb,336,2,281,2,failure,yes
3137,64,housemaid,married,unknown,no,2645,no,no,telephone,3,feb,219,2,-1,0,unknown,yes
3138,30,technician,single,tertiary,no,4060,no,no,cellular,3,feb,179,1,93,1,other,yes
3139,33,technician,married,secondary,no,303,yes,no,cellular,3,feb,355,1,301,5,success,yes
3140,72,retired,married,primary,no,2600,no,no,cellular,3,feb,443,2,82,3,success,yes
3141,44,technician,married,tertiary,no,1818,yes,yes,cellular,3,feb,508,1,92,4,failure,yes
3142,37,admin.,single,secondary,no,728,no,no,cellular,3,feb,129,1,174,2,other,yes
3143,52,blue-collar,married,secondary,no,955,no,yes,cellular,3,feb,153,1,48,3,success,yes
3144,37,technician,single,secondary,no,265,yes,yes,cellular,3,feb,140,1,366,2,failure,yes
3145,34,management,married,tertiary,no,123,no,no,cellular,3,feb,301,3,-1,0,unknown,yes
3146,78,retired,married,unknown,no,4807,no,no,telephone,3,feb,892,2,104,4,success,yes
3147,45,admin.,married,secondary,no,205,no,no,cellular,3,feb,373,1,92,1,success,yes
3148,68,retired,married,tertiary,no,2812,no,no,cellular,3,feb,279,2,181,1,failure,yes
3149,53,management,married,tertiary,no,6571,no,no,cellular,3,feb,208,1,-1,0,unknown,yes
3150,39,services,married,secondary,no,2758,no,no,cellular,4,feb,658,3,-1,0,unknown,yes
3151,55,management,divorced,tertiary,no,2037,no,no,cellular,4,feb,305,2,94,3,success,yes
3152,32,student,single,tertiary,no,0,no,no,cellular,4,feb,233,3,276,2,failure,yes
3153,76,retired,married,primary,no,2223,no,no,telephone,4,feb,429,1,-1,0,unknown,yes
3154,35,admin.,divorced,secondary,no,1085,no,no,cellular,4,feb,195,6,97,12,other,yes
3155,55,admin.,married,secondary,no,602,no,no,cellular,4,feb,390,2,150,6,success,yes
3156,41,technician,single,tertiary,no,1646,yes,no,cellular,4,feb,261,1,184,6,success,yes
3157,35,unemployed,single,tertiary,no,415,no,no,cellular,4,feb,649,1,176,1,failure,yes
3158,80,retired,married,secondary,no,2354,no,no,telephone,4,feb,739,1,181,2,failure,yes
3159,38,technician,married,secondary,no,318,no,no,cellular,4,feb,383,1,181,5,failure,yes
3160,48,blue-collar,married,secondary,no,1730,yes,no,cellular,4,feb,489,1,178,2,failure,yes
3161,25,management,married,unknown,no,448,no,no,cellular,5,feb,151,1,297,1,success,yes
3162,36,admin.,single,tertiary,no,994,no,no,cellular,5,feb,195,1,176,5,failure,yes
3163,29,housemaid,single,tertiary,no,19,no,no,cellular,5,feb,110,2,64,2,success,yes
3164,58,unemployed,married,secondary,no,1625,no,no,cellular,5,feb,286,2,-1,0,unknown,yes
3165,46,blue-collar,married,secondary,no,1144,yes,no,cellular,8,feb,376,2,129,3,other,yes
3166,23,admin.,single,tertiary,no,897,yes,no,cellular,8,feb,190,2,280,8,failure,yes
3167,67,retired,divorced,secondary,no,704,no,no,cellular,8,feb,186,2,97,1,success,yes
3168,30,management,married,tertiary,no,1996,no,no,cellular,8,feb,1133,3,101,1,other,yes
3169,22,student,single,secondary,no,216,no,no,cellular,8,feb,363,1,187,1,success,yes
3170,45,admin.,married,secondary,no,1206,no,no,telephone,8,feb,309,1,446,3,failure,yes
3171,40,management,married,tertiary,no,1855,no,no,telephone,8,feb,78,6,-1,0,unknown,yes
3172,35,management,married,tertiary,no,62,no,no,cellular,8,feb,469,2,185,2,failure,yes
3173,33,student,married,secondary,no,1536,no,no,cellular,9,feb,359,1,92,3,success,yes
3174,60,technician,married,secondary,no,824,yes,no,cellular,9,feb,127,1,558,7,other,yes
3175,24,student,single,tertiary,no,235,no,no,cellular,9,feb,98,1,92,1,success,yes
3176,18,student,single,unknown,no,108,no,no,cellular,9,feb,92,1,183,1,success,yes
3177,65,entrepreneur,married,tertiary,no,2331,no,no,telephone,9,feb,290,1,92,1,success,yes
3178,27,management,single,tertiary,no,390,no,no,cellular,9,feb,120,2,104,2,failure,yes
3179,35,admin.,single,secondary,no,-32,no,yes,cellular,9,feb,63,4,182,5,failure,yes
3180,39,blue-collar,single,tertiary,no,172,yes,no,cellular,9,feb,125,2,183,2,failure,yes
3181,53,admin.,married,secondary,no,10541,no,no,cellular,9,feb,164,2,92,1,success,yes
3182,23,student,single,secondary,no,480,no,no,cellular,9,feb,742,2,182,1,failure,yes
3183,34,admin.,married,secondary,no,2374,yes,no,cellular,9,feb,243,2,92,3,success,yes
3184,36,management,single,tertiary,no,479,no,no,cellular,9,feb,629,2,-1,0,unknown,yes
3185,52,unemployed,married,secondary,no,94,no,no,cellular,10,feb,153,1,92,13,success,yes
3186,36,student,single,unknown,no,417,no,no,cellular,10,feb,151,1,-1,0,unknown,yes
3187,61,retired,married,tertiary,no,2557,yes,no,cellular,10,feb,158,2,92,5,success,yes
3188,58,technician,married,secondary,no,589,yes,no,cellular,10,feb,511,3,183,6,success,yes
3189,48,unemployed,divorced,secondary,no,201,no,no,cellular,10,feb,406,2,92,2,success,yes
3190,34,management,divorced,tertiary,no,2885,no,no,cellular,10,feb,314,2,156,4,other,yes
3191,58,management,married,secondary,no,2155,no,yes,cellular,10,feb,135,2,92,5,success,yes
3192,39,technician,divorced,secondary,no,902,yes,no,cellular,10,feb,691,2,180,5,failure,yes
3193,44,management,married,tertiary,no,1791,no,no,cellular,11,feb,71,1,190,1,success,yes
3194,54,unknown,married,secondary,no,2206,no,no,cellular,11,feb,449,1,91,3,success,yes
3195,27,student,single,tertiary,no,5291,no,no,cellular,11,feb,293,1,91,4,success,yes
3196,77,retired,married,secondary,no,638,no,no,cellular,11,feb,288,1,188,1,success,yes
3197,30,admin.,single,secondary,no,4448,no,no,cellular,11,feb,112,8,-1,0,unknown,yes
3198,61,retired,married,tertiary,no,5267,no,no,cellular,11,feb,226,3,-1,0,unknown,yes
3199,76,retired,married,primary,no,3324,no,no,cellular,11,feb,309,1,90,4,success,yes
3200,28,blue-collar,married,secondary,no,61,yes,no,cellular,11,feb,253,1,174,4,success,yes
3201,35,management,married,tertiary,no,0,yes,no,cellular,11,feb,391,2,92,5,success,yes
3202,59,technician,married,secondary,no,116,no,no,cellular,11,feb,268,1,183,7,success,yes
3203,42,blue-collar,married,secondary,no,413,yes,no,cellular,11,feb,456,2,184,2,success,yes
3204,35,self-employed,single,tertiary,no,353,no,no,cellular,11,feb,352,1,183,1,success,yes
3205,71,retired,married,secondary,no,1712,no,no,cellular,11,feb,660,1,-1,0,unknown,yes
3206,60,retired,married,secondary,no,523,no,no,cellular,11,feb,467,1,182,3,success,yes
3207,34,blue-collar,married,secondary,no,1454,yes,no,cellular,11,feb,231,2,297,2,failure,yes
3208,57,retired,married,primary,no,9367,no,no,cellular,11,feb,981,1,90,6,success,yes
3209,75,retired,married,secondary,no,291,no,no,cellular,11,feb,515,1,183,1,failure,yes
3210,64,retired,married,tertiary,no,846,no,no,cellular,11,feb,671,1,181,3,failure,yes
3211,36,technician,married,tertiary,no,341,no,no,cellular,12,feb,419,2,183,1,success,yes
3212,29,technician,single,secondary,no,113,no,no,cellular,12,feb,328,2,183,4,success,yes
3213,34,management,single,tertiary,no,13014,no,no,cellular,12,feb,637,1,183,1,success,yes
3214,26,unemployed,single,secondary,no,632,no,no,cellular,12,feb,218,1,-1,0,unknown,yes
3215,41,management,married,tertiary,no,27696,no,no,cellular,12,feb,138,2,184,3,success,yes
3216,47,blue-collar,married,secondary,no,3715,no,no,cellular,12,feb,171,2,182,4,other,yes
3217,52,management,married,tertiary,no,4675,no,no,cellular,12,feb,181,3,-1,0,unknown,yes
3218,32,technician,married,secondary,no,3271,no,no,cellular,12,feb,375,1,374,1,other,yes
3219,21,student,single,secondary,no,123,no,no,telephone,12,feb,379,5,93,2,success,yes
3220,54,technician,married,secondary,no,10185,no,no,cellular,12,feb,251,1,186,3,success,yes
3221,29,management,single,tertiary,no,1026,no,no,cellular,12,feb,138,2,92,2,success,yes
3222,32,management,married,tertiary,no,905,no,no,cellular,12,feb,666,4,-1,0,unknown,yes
3223,38,services,married,secondary,no,775,no,no,cellular,12,feb,1835,3,182,2,success,yes
3224,48,unemployed,married,secondary,no,926,no,no,cellular,15,feb,382,4,185,6,success,yes
3225,46,management,married,tertiary,no,349,no,no,cellular,15,feb,295,2,616,1,failure,yes
3226,32,technician,married,secondary,no,484,yes,no,cellular,15,feb,83,6,187,3,success,yes
3227,49,services,married,primary,no,1830,yes,no,cellular,15,feb,136,1,-1,0,unknown,yes
3228,37,management,married,tertiary,no,2987,yes,no,cellular,15,feb,93,1,91,9,failure,yes
3229,37,technician,single,tertiary,no,197,no,no,cellular,15,feb,531,1,91,2,success,yes
3230,23,student,single,secondary,no,431,no,no,cellular,15,feb,201,3,186,2,success,yes
3231,58,admin.,married,secondary,no,169,no,no,cellular,15,feb,216,1,91,4,success,yes
3232,45,management,married,tertiary,no,226,yes,no,cellular,15,feb,91,4,185,6,success,yes
3233,30,unemployed,single,secondary,no,2424,no,no,cellular,15,feb,337,1,95,2,success,yes
3234,23,student,single,secondary,no,1234,no,no,cellular,15,feb,379,1,91,1,success,yes
3235,34,management,married,tertiary,no,271,yes,no,cellular,15,feb,308,1,94,4,success,yes
3236,27,management,single,tertiary,no,-69,yes,no,cellular,15,feb,205,3,-1,0,unknown,yes
3237,28,student,single,tertiary,no,1562,no,no,cellular,15,feb,659,4,-1,0,unknown,yes
3238,61,self-employed,divorced,tertiary,no,52587,no,no,cellular,15,feb,394,3,189,1,success,yes
3239,27,blue-collar,single,secondary,no,535,no,no,cellular,15,feb,171,1,91,2,success,yes
3240,34,management,single,tertiary,no,2159,no,no,unknown,18,feb,386,1,-1,0,unknown,yes
3241,52,technician,married,secondary,no,195,yes,no,cellular,18,feb,220,1,63,5,failure,yes
3242,28,technician,single,secondary,no,154,yes,no,cellular,18,feb,416,2,-1,0,unknown,yes
3243,35,management,single,tertiary,no,681,no,no,cellular,18,feb,737,1,561,2,success,yes
3244,66,retired,married,secondary,no,2326,no,yes,cellular,18,feb,232,1,181,1,success,yes
3245,52,services,married,secondary,no,961,no,yes,cellular,18,feb,222,1,553,4,failure,yes
3246,26,admin.,single,tertiary,no,2532,yes,yes,cellular,18,feb,269,1,-1,0,unknown,yes
3247,38,management,single,tertiary,no,455,yes,no,cellular,19,feb,255,2,555,6,success,yes
3248,59,self-employed,married,tertiary,no,2013,no,no,cellular,19,feb,222,4,94,2,success,yes
3249,47,blue-collar,married,secondary,no,1568,yes,no,cellular,19,feb,388,1,262,7,success,yes
3250,22,student,single,unknown,no,1215,no,no,cellular,19,feb,145,3,192,1,failure,yes
3251,82,retired,married,secondary,no,121,no,no,telephone,19,feb,330,1,-1,0,unknown,yes
3252,60,retired,divorced,secondary,no,1,no,no,cellular,19,feb,302,1,184,1,success,yes
3253,53,management,married,tertiary,no,597,no,no,unknown,22,feb,392,1,-1,0,unknown,yes
3254,39,management,single,tertiary,no,763,no,no,cellular,22,feb,543,1,189,1,failure,yes
3255,27,unknown,single,unknown,no,326,no,no,cellular,22,feb,326,1,-1,0,unknown,yes
3256,35,management,married,tertiary,no,1380,no,no,cellular,23,feb,155,1,-1,0,unknown,yes
3257,80,housemaid,married,primary,no,0,no,no,cellular,23,feb,639,1,189,1,failure,yes
3258,47,admin.,married,secondary,no,368,no,no,cellular,23,feb,269,1,187,5,success,yes
3259,72,retired,divorced,tertiary,no,438,no,no,cellular,23,feb,279,1,-1,0,unknown,yes
3260,45,management,single,tertiary,no,483,no,no,cellular,23,feb,95,2,265,11,other,yes
3261,37,unemployed,married,tertiary,no,7620,no,no,telephone,23,feb,367,1,176,6,failure,yes
3262,29,self-employed,single,tertiary,no,805,no,no,cellular,23,feb,132,1,103,7,failure,yes
3263,40,management,single,tertiary,no,0,yes,no,cellular,23,feb,228,2,182,6,failure,yes
3264,32,management,married,tertiary,no,302,yes,yes,unknown,23,feb,61,1,384,2,failure,yes
3265,20,student,single,secondary,no,215,no,no,cellular,24,feb,175,1,92,6,success,yes
3266,48,housemaid,married,tertiary,no,5473,no,no,cellular,24,feb,127,2,184,2,success,yes
3267,60,admin.,married,secondary,no,106,no,no,cellular,24,feb,137,1,187,4,success,yes
3268,70,retired,married,primary,no,2346,no,no,cellular,24,feb,694,1,184,5,failure,yes
3269,78,retired,divorced,secondary,no,3219,no,no,cellular,24,feb,151,1,-1,0,unknown,yes
3270,52,admin.,single,unknown,no,2227,no,no,cellular,24,feb,242,2,-1,0,unknown,yes
3271,61,self-employed,divorced,tertiary,no,6610,no,no,cellular,24,feb,481,2,-1,0,unknown,yes
3272,27,services,single,secondary,no,195,yes,no,cellular,25,feb,416,3,-1,0,unknown,yes
3273,63,technician,married,secondary,no,973,no,no,cellular,25,feb,318,1,388,1,success,yes
3274,59,technician,married,secondary,no,7766,yes,no,cellular,25,feb,1422,1,461,1,failure,yes
3275,22,student,single,secondary,no,948,no,no,telephone,25,feb,169,1,191,3,success,yes
3276,66,management,married,unknown,no,2149,yes,no,cellular,25,feb,98,1,87,10,failure,yes
3277,74,retired,married,primary,no,1413,no,no,cellular,25,feb,385,2,-1,0,unknown,yes
3278,52,technician,married,secondary,no,117,no,no,cellular,26,feb,959,3,186,6,success,yes
3279,71,retired,divorced,secondary,no,0,no,no,cellular,26,feb,771,1,171,1,success,yes
3280,33,management,married,tertiary,no,71,no,no,cellular,26,feb,335,3,102,2,failure,yes
3281,56,technician,married,secondary,no,1938,no,yes,cellular,26,feb,229,1,192,4,success,yes
3282,30,management,single,tertiary,no,5359,no,no,cellular,26,feb,427,1,191,3,success,yes
3283,73,retired,married,unknown,no,519,no,no,telephone,26,feb,270,3,133,2,success,yes
3284,28,blue-collar,single,secondary,no,-46,yes,no,cellular,2,mar,525,1,89,11,failure,yes
3285,27,technician,single,tertiary,no,1075,no,no,cellular,2,mar,658,1,-1,0,unknown,yes
3286,38,services,single,secondary,no,91,no,no,cellular,2,mar,207,1,-1,0,unknown,yes
3287,28,technician,single,secondary,no,598,yes,no,cellular,2,mar,177,1,288,2,failure,yes
3288,37,management,single,tertiary,no,1027,yes,no,cellular,2,mar,313,1,152,2,success,yes
3289,47,technician,married,primary,no,235,no,no,cellular,2,mar,136,2,203,1,other,yes
3290,60,retired,divorced,tertiary,no,2,no,no,cellular,2,mar,228,4,390,2,other,yes
3291,42,technician,married,secondary,no,4945,yes,no,cellular,2,mar,311,2,-1,0,unknown,yes
3292,27,student,single,tertiary,no,311,no,no,telephone,2,mar,187,3,322,1,other,yes
3293,25,student,single,secondary,no,154,no,no,cellular,3,mar,141,1,180,2,failure,yes
3294,90,retired,divorced,primary,no,712,no,no,telephone,3,mar,557,1,-1,0,unknown,yes
3295,29,student,single,unknown,no,7585,no,no,cellular,3,mar,145,2,198,1,failure,yes
3296,29,technician,single,tertiary,no,2489,yes,no,cellular,3,mar,355,1,86,5,failure,yes
3297,63,retired,married,secondary,no,2896,no,no,cellular,4,mar,180,2,-1,0,unknown,yes
3298,32,management,single,tertiary,no,354,no,no,cellular,4,mar,177,2,133,5,other,yes
3299,32,management,married,tertiary,no,2667,yes,no,cellular,4,mar,251,1,181,4,failure,yes
3300,42,management,married,tertiary,no,144,no,no,cellular,4,mar,148,1,87,4,failure,yes
3301,26,admin.,single,tertiary,no,760,yes,no,cellular,4,mar,456,2,281,5,success,yes
3302,73,retired,single,secondary,no,1050,no,no,cellular,4,mar,562,3,181,2,failure,yes
3303,26,student,single,secondary,no,5296,no,no,cellular,5,mar,229,1,205,1,failure,yes
3304,60,admin.,married,secondary,no,12980,no,no,cellular,5,mar,115,1,-1,0,unknown,yes
3305,25,blue-collar,single,secondary,no,509,no,no,cellular,5,mar,418,1,-1,0,unknown,yes
3306,64,retired,married,tertiary,no,1644,no,no,telephone,5,mar,341,4,179,4,success,yes
3307,68,retired,married,primary,no,451,no,no,cellular,5,mar,373,1,-1,0,unknown,yes
3308,39,services,married,secondary,no,53,no,no,unknown,5,mar,257,1,394,1,failure,yes
3309,40,unemployed,single,secondary,no,334,no,no,cellular,5,mar,219,1,91,6,other,yes
3310,37,management,married,tertiary,no,6771,no,no,cellular,5,mar,319,1,-1,0,unknown,yes
3311,36,services,married,secondary,no,52,yes,no,cellular,5,mar,498,2,179,7,success,yes
3312,33,management,divorced,tertiary,no,2240,no,no,cellular,8,mar,264,2,278,1,success,yes
3313,83,retired,married,tertiary,no,4761,no,no,telephone,8,mar,659,1,-1,0,unknown,yes
3314,31,technician,married,tertiary,no,1570,yes,no,cellular,8,mar,277,4,286,1,failure,yes
3315,64,unemployed,divorced,secondary,no,588,no,no,cellular,8,mar,409,1,-1,0,unknown,yes
3316,59,unemployed,married,secondary,no,957,no,no,cellular,8,mar,301,1,89,2,success,yes
3317,33,management,single,tertiary,no,224,no,no,cellular,8,mar,241,2,-1,0,unknown,yes
3318,35,management,married,tertiary,no,2161,no,no,cellular,9,mar,139,2,181,3,success,yes
3319,69,retired,married,unknown,no,426,no,no,telephone,9,mar,225,1,90,1,success,yes
3320,31,management,single,tertiary,no,147,no,no,cellular,9,mar,469,1,181,2,success,yes
3321,73,retired,married,primary,no,508,no,no,cellular,9,mar,176,1,-1,0,unknown,yes
3322,35,technician,married,secondary,no,294,yes,no,cellular,9,mar,301,1,90,4,success,yes
3323,28,management,single,tertiary,no,1825,no,no,cellular,9,mar,236,1,-1,0,unknown,yes
3324,34,management,married,tertiary,no,158,no,no,cellular,9,mar,212,3,181,6,success,yes
3325,33,management,married,tertiary,no,0,yes,no,cellular,9,mar,305,1,326,1,success,yes
3326,36,services,married,secondary,no,4721,no,no,cellular,9,mar,288,2,90,3,success,yes
3327,44,management,married,unknown,no,282,no,no,cellular,9,mar,700,2,154,3,success,yes
3328,19,student,single,unknown,no,108,no,no,cellular,9,mar,273,2,182,1,success,yes
3329,28,management,single,tertiary,no,187,no,no,cellular,9,mar,295,1,-1,0,unknown,yes
3330,51,blue-collar,married,primary,no,3764,no,no,telephone,9,mar,450,3,181,6,success,yes
3331,52,unemployed,married,secondary,no,1416,no,no,cellular,10,mar,436,2,182,1,success,yes
3332,61,retired,married,secondary,no,2801,yes,yes,cellular,10,mar,239,1,-1,0,unknown,yes
3333,39,management,married,tertiary,no,494,no,no,cellular,10,mar,106,2,478,3,failure,yes
3334,37,unemployed,married,secondary,no,1978,no,no,cellular,11,mar,335,1,-1,0,unknown,yes
3335,80,retired,married,primary,no,155,no,no,telephone,12,mar,290,1,93,2,success,yes
3336,61,admin.,married,secondary,no,4608,no,no,cellular,12,mar,212,1,-1,0,unknown,yes
3337,72,retired,married,secondary,no,951,no,yes,cellular,12,mar,229,3,339,1,failure,yes
3338,36,management,married,tertiary,no,495,no,no,cellular,12,mar,213,3,182,6,success,yes
3339,74,retired,married,tertiary,no,1843,no,no,cellular,15,mar,192,1,185,2,success,yes
3340,35,blue-collar,married,secondary,no,262,no,no,cellular,15,mar,427,1,181,3,success,yes
3341,82,retired,divorced,primary,no,0,no,no,telephone,15,mar,506,2,195,1,other,yes
3342,71,retired,married,tertiary,no,3561,no,no,telephone,15,mar,577,7,-1,0,unknown,yes
3343,38,housemaid,single,secondary,no,465,yes,no,cellular,16,mar,180,1,302,3,success,yes
3344,38,management,married,unknown,no,76,no,no,cellular,16,mar,261,1,-1,0,unknown,yes
3345,53,admin.,married,secondary,no,1796,no,no,telephone,16,mar,295,1,91,2,success,yes
3346,29,management,single,tertiary,no,874,yes,no,cellular,16,mar,231,1,181,2,success,yes
3347,64,retired,married,primary,no,2140,no,no,cellular,16,mar,881,3,155,2,failure,yes
3348,35,unemployed,single,secondary,no,295,no,no,unknown,17,mar,473,1,-1,0,unknown,yes
3349,35,admin.,married,secondary,no,304,no,no,cellular,18,mar,237,1,-1,0,unknown,yes
3350,46,management,divorced,tertiary,no,624,no,no,cellular,18,mar,420,1,276,1,other,yes
3351,25,blue-collar,single,secondary,no,303,no,no,cellular,18,mar,265,1,-1,0,unknown,yes
3352,46,management,married,tertiary,no,273,yes,no,cellular,18,mar,910,2,184,4,success,yes
3353,59,management,married,tertiary,no,3342,no,no,cellular,18,mar,467,2,188,6,other,yes
3354,35,technician,single,secondary,no,1227,no,no,cellular,18,mar,593,4,90,6,other,yes
3355,22,technician,single,secondary,no,283,yes,no,cellular,22,mar,254,2,-1,0,unknown,yes
3356,31,management,single,tertiary,no,3384,no,no,cellular,22,mar,247,3,187,3,success,yes
3357,43,management,divorced,tertiary,no,2367,no,no,cellular,22,mar,173,2,181,4,success,yes
3358,35,management,single,tertiary,no,5958,yes,no,cellular,22,mar,215,1,-1,0,unknown,yes
3359,60,admin.,married,secondary,no,3735,no,no,cellular,22,mar,248,1,90,10,success,yes
3360,54,management,married,secondary,no,2693,no,no,cellular,22,mar,222,1,188,6,other,yes
3361,29,self-employed,single,tertiary,no,655,no,no,cellular,23,mar,273,1,-1,0,unknown,yes
3362,30,student,single,secondary,no,1681,no,no,cellular,23,mar,128,1,106,2,success,yes
3363,28,management,single,tertiary,no,866,no,no,cellular,23,mar,191,2,-1,0,unknown,yes
3364,43,services,married,secondary,no,774,no,no,cellular,25,mar,101,1,421,1,success,yes
3365,37,services,married,secondary,no,2678,no,no,cellular,25,mar,156,1,-1,0,unknown,yes
3366,62,management,married,tertiary,no,3371,no,no,cellular,25,mar,187,1,178,2,success,yes
3367,57,management,married,tertiary,no,10583,no,no,cellular,25,mar,272,1,178,6,success,yes
3368,33,management,single,tertiary,no,4176,no,no,cellular,26,mar,288,3,-1,0,unknown,yes
3369,47,management,single,tertiary,no,334,yes,no,cellular,26,mar,360,1,326,8,failure,yes
3370,39,technician,single,tertiary,no,393,no,no,cellular,26,mar,281,1,-1,0,unknown,yes
3371,30,self-employed,single,tertiary,no,916,no,no,cellular,29,mar,92,2,90,2,success,yes
3372,28,admin.,single,tertiary,no,832,no,no,telephone,29,mar,433,3,342,1,failure,yes
3373,57,management,divorced,tertiary,no,3287,no,no,cellular,30,mar,277,2,337,1,success,yes
3374,23,services,single,secondary,no,488,no,no,cellular,30,mar,236,1,92,2,other,yes
3375,56,housemaid,single,tertiary,no,1947,no,no,unknown,30,mar,110,1,-1,0,unknown,yes
3376,44,admin.,divorced,tertiary,no,558,yes,no,cellular,31,mar,262,2,-1,0,unknown,yes
3377,80,retired,divorced,primary,no,235,no,no,cellular,31,mar,577,1,223,3,other,yes
3378,47,management,married,tertiary,no,288,no,no,cellular,31,mar,193,1,181,1,success,yes
3379,27,student,single,secondary,no,6036,no,no,cellular,31,mar,175,1,181,1,failure,yes
3380,26,management,single,tertiary,no,3,yes,yes,cellular,1,apr,149,1,350,1,success,yes
3381,50,technician,divorced,secondary,no,0,no,no,cellular,1,apr,280,1,184,3,success,yes
3382,84,retired,married,secondary,no,81204,no,no,telephone,1,apr,390,1,94,3,success,yes
3383,86,retired,married,primary,no,5236,no,no,telephone,1,apr,558,2,-1,0,unknown,yes
3384,46,management,married,unknown,no,2466,no,no,telephone,1,apr,216,3,370,1,failure,yes
3385,45,technician,married,secondary,no,1348,no,yes,cellular,1,apr,358,2,-1,0,unknown,yes
3386,60,blue-collar,married,primary,no,7929,no,no,unknown,1,apr,111,1,-1,0,unknown,yes
3387,47,admin.,married,secondary,no,70,yes,no,cellular,5,apr,144,4,374,2,success,yes
3388,53,admin.,married,secondary,no,459,no,no,cellular,5,apr,558,1,-1,0,unknown,yes
3389,54,technician,married,secondary,no,2102,yes,no,cellular,5,apr,547,1,626,2,failure,yes
3390,19,student,single,secondary,no,394,no,no,cellular,5,apr,327,3,-1,0,unknown,yes
3391,24,student,single,secondary,no,4126,no,no,cellular,5,apr,907,4,185,7,failure,yes
3392,39,management,divorced,tertiary,no,224,no,no,cellular,5,apr,208,1,-1,0,unknown,yes
3393,53,technician,married,tertiary,no,9001,no,no,cellular,5,apr,170,1,-1,0,unknown,yes
3394,29,management,single,unknown,no,560,no,no,cellular,5,apr,459,1,307,1,failure,yes
3395,30,management,married,tertiary,no,102,yes,no,cellular,5,apr,470,7,426,3,other,yes
3396,32,management,single,secondary,no,1088,yes,no,cellular,6,apr,317,1,363,2,success,yes
3397,33,self-employed,single,tertiary,no,562,yes,yes,cellular,6,apr,196,1,363,1,failure,yes
3398,33,management,single,tertiary,no,718,yes,no,cellular,6,apr,122,1,98,2,success,yes
3399,57,retired,married,unknown,no,230,no,no,cellular,6,apr,177,2,210,3,failure,yes
3400,27,technician,single,tertiary,no,-67,yes,no,cellular,6,apr,604,3,236,2,failure,yes
3401,55,management,married,tertiary,no,3848,yes,no,cellular,8,apr,222,2,-1,0,unknown,yes
3402,36,management,single,tertiary,no,579,no,no,unknown,12,apr,481,1,-1,0,unknown,yes
3403,26,management,single,tertiary,no,1646,no,no,cellular,12,apr,524,4,206,5,success,yes
3404,31,admin.,married,secondary,no,1229,no,no,cellular,12,apr,176,1,-1,0,unknown,yes
3405,25,unemployed,single,primary,no,129,no,no,cellular,12,apr,176,3,-1,0,unknown,yes
3406,49,admin.,married,secondary,no,197,yes,no,cellular,13,apr,223,1,182,2,failure,yes
3407,30,management,single,tertiary,no,3779,no,no,cellular,13,apr,1093,1,-1,0,unknown,yes
3408,32,management,single,tertiary,no,2016,no,no,cellular,13,apr,232,1,348,1,success,yes
3409,36,management,single,tertiary,no,436,no,no,cellular,13,apr,567,1,595,2,failure,yes
3410,38,management,married,tertiary,no,413,no,no,cellular,13,apr,240,1,179,2,failure,yes
3411,45,blue-collar,single,primary,no,116,no,no,unknown,13,apr,122,1,-1,0,unknown,yes
3412,36,management,single,unknown,no,62,no,no,cellular,13,apr,398,2,-1,0,unknown,yes
3413,23,student,single,secondary,no,107,no,no,cellular,13,apr,256,5,181,2,success,yes
3414,38,technician,married,secondary,no,497,no,no,unknown,14,apr,173,1,-1,0,unknown,yes
3415,44,services,married,primary,no,2557,yes,no,cellular,14,apr,250,1,181,8,success,yes
3416,35,management,single,tertiary,no,2646,no,no,cellular,14,apr,133,8,183,2,success,yes
3417,75,retired,married,secondary,no,3771,no,no,telephone,15,apr,185,1,181,2,success,yes
3418,26,technician,single,tertiary,no,1066,no,no,cellular,15,apr,200,1,-1,0,unknown,yes
3419,59,technician,married,secondary,no,1,no,no,cellular,15,apr,159,2,378,3,failure,yes
3420,30,management,single,tertiary,no,232,no,no,cellular,15,apr,141,1,-1,0,unknown,yes
3421,36,blue-collar,married,primary,no,1177,no,no,cellular,15,apr,330,1,311,4,success,yes
3422,39,technician,married,secondary,no,603,no,yes,cellular,15,apr,214,1,-1,0,unknown,yes
3423,24,management,single,tertiary,no,736,yes,no,cellular,15,apr,442,2,246,2,other,yes
3424,22,services,single,secondary,no,129,no,no,cellular,15,apr,218,2,181,1,success,yes
3425,36,management,married,tertiary,no,-115,yes,no,cellular,16,apr,297,4,182,2,other,yes
3426,22,management,single,tertiary,no,104,no,yes,cellular,16,apr,330,3,-1,0,unknown,yes
3427,34,management,married,tertiary,no,589,no,no,cellular,19,apr,125,2,-1,0,unknown,yes
3428,22,student,single,primary,no,3472,no,no,cellular,19,apr,529,1,181,4,success,yes
3429,57,management,married,tertiary,no,2845,yes,no,telephone,19,apr,1143,5,-1,0,unknown,yes
3430,30,student,single,tertiary,no,7529,no,no,cellular,20,apr,175,6,183,1,success,yes
3431,55,unemployed,divorced,secondary,no,309,no,no,cellular,20,apr,167,1,181,3,success,yes
3432,38,blue-collar,divorced,secondary,no,0,yes,no,telephone,20,apr,162,1,181,5,success,yes
3433,39,blue-collar,single,secondary,no,1672,yes,no,cellular,20,apr,462,1,648,1,failure,yes
3434,38,technician,single,secondary,no,1711,no,no,cellular,20,apr,379,3,202,1,success,yes
3435,24,admin.,single,secondary,no,1295,no,no,cellular,21,apr,476,1,-1,0,unknown,yes
3436,30,student,single,secondary,no,2046,no,no,telephone,21,apr,595,3,254,1,failure,yes
3437,29,blue-collar,single,tertiary,no,455,no,no,telephone,21,apr,403,1,-1,0,unknown,yes
3438,25,student,single,unknown,no,722,no,no,telephone,21,apr,623,2,-1,0,unknown,yes
3439,52,technician,married,secondary,no,371,yes,yes,cellular,21,apr,224,2,182,1,success,yes
3440,62,management,married,tertiary,no,997,no,no,cellular,22,apr,554,1,304,2,success,yes
3441,40,technician,married,tertiary,no,206,no,no,cellular,23,apr,499,6,185,4,success,yes
3442,76,retired,married,secondary,no,820,no,no,telephone,23,apr,263,4,-1,0,unknown,yes
3443,31,admin.,single,secondary,no,410,no,no,cellular,23,apr,342,1,-1,0,unknown,yes
3444,42,self-employed,married,secondary,no,1216,yes,no,cellular,23,apr,296,1,521,1,failure,yes
3445,43,technician,single,unknown,no,11115,no,no,cellular,23,apr,291,1,182,3,success,yes
3446,73,retired,married,primary,no,796,no,no,cellular,23,apr,888,1,182,3,success,yes
3447,41,management,divorced,tertiary,no,5037,no,no,cellular,23,apr,252,9,185,5,other,yes
3448,77,management,married,unknown,no,1780,yes,no,cellular,23,apr,361,2,182,5,success,yes
3449,46,admin.,divorced,primary,no,429,yes,no,cellular,26,apr,465,2,369,2,success,yes
3450,35,technician,married,secondary,no,2779,no,no,cellular,26,apr,182,2,186,2,success,yes
3451,26,management,single,tertiary,no,222,no,no,cellular,26,apr,192,1,334,1,failure,yes
3452,45,blue-collar,single,secondary,no,0,yes,no,cellular,26,apr,1472,1,192,4,failure,yes
3453,29,management,single,tertiary,no,1445,no,no,cellular,26,apr,328,2,143,2,success,yes
3454,30,technician,single,tertiary,no,655,no,no,cellular,26,apr,212,1,202,2,success,yes
3455,26,unemployed,single,tertiary,no,77,no,no,cellular,26,apr,175,1,-1,0,unknown,yes
3456,63,blue-collar,married,primary,no,115,no,no,telephone,27,apr,325,1,180,7,failure,yes
3457,37,unemployed,single,secondary,no,2722,no,no,telephone,27,apr,426,2,179,3,other,yes
3458,26,management,single,tertiary,no,1438,no,no,cellular,27,apr,321,1,449,1,other,yes
3459,54,admin.,married,unknown,no,140,no,no,telephone,27,apr,473,2,182,2,failure,yes
3460,30,admin.,single,secondary,no,915,yes,no,unknown,27,apr,370,1,-1,0,unknown,yes
3461,61,retired,married,secondary,no,1058,no,no,cellular,27,apr,159,3,-1,0,unknown,yes
3462,69,retired,married,secondary,no,0,no,no,cellular,28,apr,184,2,126,2,other,yes
3463,76,self-employed,married,unknown,no,4984,no,no,telephone,28,apr,403,1,182,1,success,yes
3464,30,management,single,tertiary,no,697,no,no,cellular,28,apr,545,2,181,8,success,yes
3465,64,retired,married,secondary,no,4787,no,no,cellular,28,apr,392,1,182,1,success,yes
3466,55,housemaid,married,secondary,no,962,yes,no,cellular,28,apr,623,1,181,3,success,yes
3467,55,technician,married,tertiary,no,1320,no,no,cellular,28,apr,387,2,-1,0,unknown,yes
3468,29,management,single,tertiary,no,2955,no,no,cellular,29,apr,226,2,-1,0,unknown,yes
3469,41,unemployed,married,tertiary,no,0,no,no,cellular,29,apr,882,1,181,3,success,yes
3470,63,retired,married,primary,no,12067,no,no,telephone,29,apr,660,1,191,1,failure,yes
3471,45,admin.,married,secondary,no,3006,no,no,cellular,29,apr,388,2,-1,0,unknown,yes
3472,32,technician,single,tertiary,no,388,no,no,cellular,29,apr,250,3,-1,0,unknown,yes
3473,41,self-employed,married,tertiary,no,0,yes,no,telephone,29,apr,395,3,426,1,other,yes
3474,37,management,married,secondary,no,565,no,no,cellular,29,apr,449,1,398,1,success,yes
3475,19,student,single,secondary,no,329,no,no,cellular,30,apr,169,1,190,2,success,yes
3476,61,retired,divorced,secondary,no,4243,no,no,cellular,30,apr,315,1,182,2,success,yes
3477,40,unemployed,single,tertiary,no,72,no,no,cellular,30,apr,463,1,-1,0,unknown,yes
3478,30,management,married,tertiary,no,4328,no,no,cellular,30,apr,262,3,189,11,other,yes
3479,54,technician,married,tertiary,no,395,no,no,cellular,30,apr,183,1,183,2,success,yes
3480,49,admin.,married,secondary,no,0,no,no,cellular,30,apr,551,1,-1,0,unknown,yes
3481,45,admin.,married,secondary,no,205,no,no,cellular,4,may,552,1,90,2,success,yes
3482,48,blue-collar,married,secondary,no,1730,yes,no,cellular,4,may,361,1,89,3,success,yes
3483,60,blue-collar,married,primary,no,5,no,no,cellular,4,may,494,1,95,2,success,yes
3484,34,unemployed,single,secondary,no,1965,no,no,telephone,4,may,714,1,-1,0,unknown,yes
3485,29,housemaid,single,tertiary,no,19,no,no,cellular,4,may,268,1,88,4,success,yes
3486,77,retired,married,tertiary,no,7802,no,no,telephone,4,may,421,1,92,2,success,yes
3487,64,management,married,unknown,no,2352,no,no,cellular,4,may,153,2,182,11,success,yes
3488,80,retired,married,primary,no,155,no,no,telephone,4,may,209,1,53,3,success,yes
3489,26,technician,single,tertiary,no,401,no,no,cellular,5,may,188,2,-1,0,unknown,yes
3490,33,admin.,married,tertiary,no,79,yes,no,cellular,5,may,389,1,195,4,success,yes
3491,41,technician,single,tertiary,no,1646,yes,no,cellular,5,may,258,1,90,7,success,yes
3492,28,management,single,tertiary,no,437,no,no,cellular,5,may,338,1,-1,0,unknown,yes
3493,74,retired,married,secondary,no,935,no,no,cellular,5,may,226,1,99,2,failure,yes
3494,29,student,single,unknown,no,2929,no,no,cellular,5,may,232,1,89,4,other,yes
3495,72,retired,married,primary,no,2304,no,no,telephone,5,may,510,4,-1,0,unknown,yes
3496,18,student,single,unknown,no,348,no,no,cellular,5,may,443,4,-1,0,unknown,yes
3497,46,blue-collar,married,secondary,no,640,yes,no,cellular,6,may,246,1,55,5,success,yes
3498,37,technician,married,tertiary,no,88,no,no,cellular,6,may,195,1,90,3,other,yes
3499,37,management,married,tertiary,no,2283,no,no,cellular,6,may,243,2,98,2,failure,yes
3500,32,technician,married,secondary,no,473,no,yes,cellular,7,may,292,3,-1,0,unknown,yes
3501,51,technician,married,tertiary,no,0,no,no,cellular,7,may,662,2,66,2,success,yes
3502,77,unknown,married,unknown,no,397,no,no,telephone,7,may,300,3,-1,0,unknown,yes
3503,35,management,married,tertiary,no,62,no,no,cellular,7,may,226,2,88,4,success,yes
3504,53,management,married,tertiary,no,3634,no,no,cellular,7,may,211,4,88,8,success,yes
3505,46,management,married,tertiary,no,273,yes,no,cellular,10,may,583,6,53,6,success,yes
3506,78,retired,divorced,secondary,no,3417,no,no,cellular,12,may,309,1,181,1,success,yes
3507,34,technician,married,secondary,no,133,no,no,cellular,12,may,171,2,181,3,success,yes
3508,54,management,married,tertiary,no,1624,no,no,cellular,12,may,166,3,182,10,success,yes
3509,33,services,married,secondary,no,386,no,no,cellular,12,may,317,1,181,5,success,yes
3510,23,student,single,unknown,no,2530,no,no,cellular,12,may,411,1,-1,0,unknown,yes
3511,34,technician,single,tertiary,no,2838,yes,no,cellular,13,may,620,3,-1,0,unknown,yes
3512,32,unemployed,single,secondary,no,1026,yes,no,cellular,13,may,289,1,-1,0,unknown,yes
3513,54,unknown,married,secondary,no,2206,no,no,cellular,13,may,260,1,91,4,success,yes
3514,40,admin.,married,secondary,no,260,yes,no,cellular,13,may,306,1,181,5,success,yes
3515,63,retired,divorced,tertiary,no,0,no,no,cellular,13,may,263,1,181,2,success,yes
3516,37,management,married,tertiary,no,2987,yes,no,cellular,13,may,216,1,87,10,success,yes
3517,48,blue-collar,married,secondary,no,1230,yes,no,cellular,13,may,328,2,182,3,success,yes
3518,28,technician,single,secondary,no,2335,no,no,cellular,13,may,624,1,-1,0,unknown,yes
3519,35,management,married,tertiary,no,8000,no,no,cellular,13,may,331,1,90,3,success,yes
3520,29,management,single,tertiary,no,-27,no,no,cellular,13,may,270,1,-1,0,unknown,yes
3521,68,retired,married,secondary,no,1146,no,no,cellular,13,may,356,1,71,5,success,yes
3522,53,blue-collar,single,secondary,no,1004,no,no,cellular,13,may,393,1,84,1,other,yes
3523,37,technician,single,tertiary,no,197,no,no,cellular,13,may,234,1,87,3,success,yes
3524,58,admin.,married,secondary,no,169,no,no,cellular,13,may,336,3,87,5,success,yes
3525,37,management,married,tertiary,no,393,yes,no,cellular,14,may,567,3,275,4,failure,yes
3526,37,admin.,married,tertiary,no,29,no,no,cellular,14,may,404,2,183,2,other,yes
3527,34,admin.,married,secondary,no,920,no,no,cellular,14,may,526,3,179,3,success,yes
3528,50,admin.,married,secondary,no,3608,yes,no,cellular,14,may,196,8,182,4,success,yes
3529,56,management,married,primary,no,870,no,no,cellular,14,may,220,1,179,1,success,yes
3530,57,retired,married,primary,no,9367,no,no,cellular,14,may,700,4,92,7,success,yes
3531,29,unemployed,single,primary,no,1374,no,no,cellular,14,may,1205,2,178,7,success,yes
3532,75,retired,married,tertiary,no,6027,no,no,cellular,14,may,809,1,179,4,success,yes
3533,24,management,single,tertiary,no,1,no,no,cellular,14,may,396,5,-1,0,unknown,yes
3534,46,management,married,tertiary,no,349,no,no,cellular,14,may,466,4,88,3,success,yes
3535,27,student,single,tertiary,no,39,no,no,cellular,17,may,379,1,258,10,other,yes
3536,52,management,married,tertiary,no,583,no,no,cellular,17,may,376,1,181,3,success,yes
3537,38,management,married,tertiary,no,1276,no,no,cellular,17,may,272,2,182,3,success,yes
3538,33,management,single,tertiary,no,2364,no,no,cellular,17,may,508,1,-1,0,unknown,yes
3539,53,admin.,married,secondary,no,53,yes,no,cellular,18,may,387,1,-1,0,unknown,yes
3540,64,retired,married,secondary,no,1612,no,no,cellular,18,may,336,1,89,5,failure,yes
3541,84,retired,divorced,primary,no,639,no,no,telephone,18,may,353,3,-1,0,unknown,yes
3542,62,retired,married,secondary,no,3114,no,no,cellular,18,may,243,2,186,1,success,yes
3543,41,admin.,married,tertiary,no,1,yes,no,telephone,18,may,327,2,361,3,failure,yes
3544,29,admin.,single,secondary,no,1070,yes,no,unknown,19,may,30,1,357,1,other,yes
3545,53,technician,married,secondary,no,195,yes,no,cellular,19,may,472,1,90,6,success,yes
3546,30,technician,single,secondary,no,3144,no,no,cellular,19,may,212,2,-1,0,unknown,yes
3547,37,management,married,tertiary,no,3236,no,no,cellular,20,may,291,2,202,5,other,yes
3548,78,retired,married,unknown,no,3208,no,no,telephone,20,may,351,3,-1,0,unknown,yes
3549,47,blue-collar,married,secondary,no,1568,yes,no,cellular,21,may,226,3,91,8,success,yes
3550,61,technician,married,secondary,no,1191,no,no,cellular,21,may,214,4,-1,0,unknown,yes
3551,46,self-employed,married,secondary,no,706,no,no,cellular,21,may,588,1,386,3,failure,yes
3552,31,unemployed,single,secondary,no,2616,no,no,cellular,21,may,374,1,185,2,other,yes
3553,21,student,single,secondary,no,215,no,no,cellular,24,may,382,1,89,7,success,yes
3554,71,retired,married,primary,no,3230,no,no,cellular,24,may,341,2,133,3,failure,yes
3555,52,admin.,single,secondary,no,726,yes,no,cellular,24,may,699,1,378,9,failure,yes
3556,25,student,single,secondary,no,3713,no,no,cellular,24,may,323,2,353,3,other,yes
3557,60,technician,married,secondary,no,0,no,no,cellular,25,may,641,4,-1,0,unknown,yes
3558,30,admin.,single,secondary,no,265,yes,no,cellular,25,may,681,1,181,2,success,yes
3559,29,unemployed,single,tertiary,no,70,no,no,cellular,25,may,393,1,-1,0,unknown,yes
3560,52,management,married,tertiary,no,388,no,no,cellular,25,may,272,1,-1,0,unknown,yes
3561,59,management,married,primary,no,1727,no,no,telephone,25,may,500,4,358,2,failure,yes
3562,38,technician,married,secondary,no,205,no,no,cellular,26,may,332,1,-1,0,unknown,yes
3563,33,services,single,secondary,no,2881,no,no,cellular,26,may,289,1,328,1,success,yes
3564,31,technician,single,secondary,no,846,no,no,cellular,26,may,405,3,205,2,failure,yes
3565,40,technician,married,secondary,no,2266,no,no,cellular,26,may,175,3,89,7,other,yes
3566,28,technician,married,secondary,no,742,no,no,cellular,26,may,236,1,-1,0,unknown,yes
3567,66,management,married,unknown,no,2149,yes,no,cellular,26,may,135,2,90,11,success,yes
3568,32,admin.,single,secondary,no,344,no,no,cellular,26,may,530,2,-1,0,unknown,yes
3569,67,retired,married,primary,no,1430,no,no,telephone,26,may,283,2,135,5,success,yes
3570,39,unemployed,divorced,secondary,no,265,yes,no,unknown,27,may,93,1,555,2,other,yes
3571,46,housemaid,married,secondary,no,38,no,no,cellular,27,may,181,3,183,1,success,yes
3572,54,retired,married,secondary,no,3538,no,no,cellular,27,may,820,1,-1,0,unknown,yes
3573,47,services,divorced,unknown,no,973,no,no,cellular,27,may,489,1,479,1,failure,yes
3574,45,technician,married,secondary,no,1831,no,no,cellular,27,may,275,2,-1,0,unknown,yes
3575,63,blue-collar,married,secondary,no,641,no,no,cellular,27,may,417,2,-1,0,unknown,yes
3576,60,unemployed,married,secondary,no,1047,no,no,cellular,27,may,173,3,279,4,success,yes
3577,29,management,married,tertiary,no,8103,no,no,cellular,28,may,473,3,-1,0,unknown,yes
3578,33,services,single,unknown,no,523,yes,no,unknown,28,may,86,1,-1,0,unknown,yes
3579,48,housemaid,married,secondary,no,0,no,no,cellular,28,may,270,5,-1,0,unknown,yes
3580,26,technician,single,tertiary,no,515,no,no,cellular,31,may,775,1,-1,0,unknown,yes
3581,55,admin.,married,secondary,no,8304,no,no,cellular,1,jun,201,1,-1,0,unknown,yes
3582,36,technician,married,secondary,no,1368,no,no,cellular,1,jun,516,1,292,5,failure,yes
3583,33,admin.,single,tertiary,no,272,yes,no,cellular,1,jun,326,1,237,2,failure,yes
3584,28,blue-collar,single,secondary,no,-46,yes,no,cellular,1,jun,154,2,91,12,success,yes
3585,28,services,single,secondary,no,168,no,no,cellular,1,jun,347,3,140,2,success,yes
3586,31,management,single,tertiary,no,515,no,no,cellular,1,jun,296,5,-1,0,unknown,yes
3587,28,management,single,tertiary,no,223,yes,no,cellular,1,jun,303,1,278,3,success,yes
3588,49,admin.,single,tertiary,no,228,yes,no,cellular,2,jun,407,1,92,1,success,yes
3589,27,blue-collar,single,tertiary,no,644,no,no,cellular,2,jun,657,1,182,1,success,yes
3590,28,admin.,married,secondary,no,330,no,no,cellular,2,jun,226,2,182,4,success,yes
3591,65,admin.,married,secondary,no,952,no,no,cellular,2,jun,310,1,-1,0,unknown,yes
3592,30,technician,single,secondary,no,1165,no,no,cellular,4,jun,204,2,183,3,success,yes
3593,38,admin.,married,secondary,no,0,yes,no,cellular,8,jun,187,1,181,2,success,yes
3594,36,technician,divorced,secondary,no,2823,yes,no,cellular,8,jun,215,1,371,6,failure,yes
3595,63,retired,divorced,secondary,no,1490,no,no,cellular,8,jun,506,1,-1,0,unknown,yes
3596,63,retired,married,primary,no,48,no,no,cellular,9,jun,251,1,-1,0,unknown,yes
3597,28,management,single,tertiary,no,187,no,no,cellular,9,jun,206,1,92,1,success,yes
3598,80,retired,married,secondary,no,8304,no,no,telephone,9,jun,712,1,64,12,failure,yes
3599,39,blue-collar,married,secondary,no,276,no,no,cellular,9,jun,334,2,-1,0,unknown,yes
3600,31,management,single,tertiary,no,147,no,no,cellular,9,jun,163,2,92,3,success,yes
3601,39,services,married,secondary,no,323,no,no,cellular,9,jun,874,2,188,6,failure,yes
3602,30,blue-collar,single,secondary,no,799,no,no,unknown,13,jun,674,1,-1,0,unknown,yes
3603,67,retired,married,unknown,no,2540,no,no,telephone,14,jun,278,5,116,4,other,yes
3604,29,blue-collar,single,secondary,no,322,no,no,unknown,14,jun,434,1,96,6,other,yes
3605,36,management,married,tertiary,no,495,no,no,cellular,14,jun,187,1,94,9,success,yes
3606,24,student,single,unknown,no,358,no,no,cellular,14,jun,245,1,384,1,other,yes
3607,30,technician,single,secondary,no,2371,no,no,cellular,14,jun,661,1,384,2,other,yes
3608,21,student,single,unknown,no,53,no,no,cellular,14,jun,270,1,-1,0,unknown,yes
3609,27,admin.,single,unknown,no,861,no,no,cellular,14,jun,212,4,-1,0,unknown,yes
3610,56,admin.,married,secondary,no,602,no,no,cellular,14,jun,458,1,130,8,success,yes
3611,66,admin.,married,secondary,no,4041,no,no,cellular,14,jun,713,2,-1,0,unknown,yes
3612,71,retired,divorced,primary,no,275,no,no,cellular,14,jun,293,1,425,1,success,yes
3613,26,services,single,tertiary,no,12,no,no,cellular,14,jun,563,1,181,10,failure,yes
3614,62,retired,married,primary,no,1742,no,no,cellular,14,jun,167,2,98,6,other,yes
3615,32,self-employed,single,tertiary,no,46,yes,no,cellular,14,jun,485,2,-1,0,unknown,yes
3616,68,retired,divorced,primary,no,2027,no,no,cellular,15,jun,619,2,92,2,success,yes
3617,37,admin.,married,tertiary,no,3221,no,no,cellular,15,jun,379,2,376,13,other,yes
3618,27,management,single,tertiary,no,1720,no,no,cellular,15,jun,910,1,224,3,success,yes
3619,45,technician,single,tertiary,no,2033,no,no,cellular,15,jun,243,5,285,2,success,yes
3620,64,retired,married,secondary,no,3189,no,no,telephone,15,jun,208,1,-1,0,unknown,yes
3621,38,student,divorced,tertiary,no,2946,no,no,cellular,16,jun,605,3,-1,0,unknown,yes
3622,66,housemaid,married,primary,no,1230,no,no,cellular,16,jun,288,6,181,3,success,yes
3623,30,management,single,tertiary,no,572,no,no,cellular,17,jun,339,3,183,2,success,yes
3624,39,technician,single,secondary,no,1435,no,no,cellular,17,jun,383,1,296,19,other,yes
3625,24,technician,single,secondary,no,403,no,no,unknown,17,jun,247,1,-1,0,unknown,yes
3626,49,technician,married,tertiary,no,1071,no,no,cellular,17,jun,169,1,-1,0,unknown,yes
3627,34,management,married,tertiary,no,3301,yes,no,cellular,17,jun,485,2,227,4,failure,yes
3628,46,blue-collar,married,secondary,no,1723,no,no,cellular,17,jun,176,2,52,7,failure,yes
3629,32,technician,single,tertiary,no,705,no,no,cellular,17,jun,544,1,-1,0,unknown,yes
3630,52,blue-collar,married,secondary,no,955,no,yes,cellular,17,jun,301,2,134,4,success,yes
3631,25,blue-collar,single,secondary,no,303,no,no,cellular,18,jun,252,1,92,1,success,yes
3632,57,management,divorced,tertiary,no,3287,no,no,cellular,22,jun,867,1,84,3,success,yes
3633,64,retired,divorced,primary,no,109,no,no,cellular,23,jun,706,1,225,2,success,yes
3634,33,management,single,tertiary,no,224,no,no,cellular,23,jun,342,2,107,2,success,yes
3635,36,management,single,tertiary,no,538,no,no,cellular,23,jun,339,1,183,5,success,yes
3636,59,management,married,tertiary,no,5397,no,no,cellular,23,jun,671,3,-1,0,unknown,yes
3637,25,student,single,secondary,no,1957,no,no,cellular,24,jun,1207,4,385,1,failure,yes
3638,43,services,married,secondary,no,774,no,no,cellular,24,jun,482,1,91,2,success,yes
3639,37,self-employed,single,tertiary,no,1188,no,no,cellular,24,jun,310,1,-1,0,unknown,yes
3640,49,management,married,tertiary,no,1167,yes,yes,cellular,25,jun,213,6,150,8,failure,yes
3641,42,technician,divorced,tertiary,no,2611,yes,no,cellular,25,jun,300,1,389,3,failure,yes
3642,27,blue-collar,single,secondary,no,3145,no,no,cellular,25,jun,374,1,179,2,success,yes
3643,29,technician,single,secondary,no,825,no,no,cellular,25,jun,472,2,-1,0,unknown,yes
3644,37,technician,married,tertiary,no,122,no,no,cellular,25,jun,266,2,318,3,other,yes
3645,47,management,single,tertiary,no,334,yes,no,cellular,28,jun,614,3,94,9,success,yes
3646,38,management,single,tertiary,no,623,no,no,cellular,28,jun,297,4,144,4,other,yes
3647,48,management,single,tertiary,no,86,no,no,cellular,28,jun,281,3,186,6,other,yes
3648,55,housemaid,divorced,primary,no,976,no,no,cellular,28,jun,345,1,94,3,other,yes
3649,39,technician,single,tertiary,no,393,no,no,cellular,28,jun,325,1,94,1,success,yes
3650,49,admin.,single,secondary,no,293,no,no,cellular,28,jun,452,1,-1,0,unknown,yes
3651,68,retired,divorced,primary,no,476,no,no,telephone,28,jun,363,1,-1,0,unknown,yes
3652,45,management,married,unknown,no,2724,no,no,cellular,28,jun,359,2,182,1,success,yes
3653,67,retired,married,primary,no,2391,no,no,cellular,28,jun,737,6,186,10,other,yes
3654,60,retired,married,secondary,no,11,no,no,cellular,29,jun,265,1,586,2,failure,yes
3655,31,blue-collar,single,secondary,no,54,yes,no,cellular,29,jun,401,1,-1,0,unknown,yes
3656,58,blue-collar,married,primary,no,3109,no,no,cellular,29,jun,295,1,287,4,success,yes
3657,41,admin.,married,secondary,no,3126,yes,no,cellular,29,jun,222,1,91,7,failure,yes
3658,23,services,single,secondary,no,488,no,no,cellular,29,jun,205,1,91,3,success,yes
3659,35,unemployed,married,secondary,no,978,no,no,cellular,29,jun,660,2,182,6,success,yes
3660,33,management,single,tertiary,no,718,yes,no,cellular,29,jun,271,1,84,3,success,yes
3661,32,technician,divorced,tertiary,no,3255,no,no,cellular,29,jun,167,2,-1,0,unknown,yes
3662,48,admin.,single,secondary,no,1544,yes,no,telephone,30,jun,263,1,450,2,failure,yes
3663,43,management,single,tertiary,no,0,no,no,cellular,30,jun,275,2,296,1,failure,yes
3664,32,technician,single,tertiary,no,4071,no,no,cellular,30,jun,319,2,-1,0,unknown,yes
3665,74,retired,divorced,primary,no,29080,no,no,cellular,30,jun,301,5,93,4,other,yes
3666,32,management,single,tertiary,no,12569,no,no,cellular,1,jul,561,2,295,2,success,yes
3667,63,retired,married,secondary,no,2896,no,no,cellular,1,jul,304,1,119,2,success,yes
3668,28,student,single,secondary,no,196,no,no,cellular,2,jul,423,3,-1,0,unknown,yes
3669,31,services,single,secondary,no,1027,no,no,cellular,2,jul,217,3,-1,0,unknown,yes
3670,26,blue-collar,single,secondary,no,463,no,yes,cellular,2,jul,248,2,-1,0,unknown,yes
3671,31,student,single,secondary,no,3511,no,no,cellular,2,jul,667,1,-1,0,unknown,yes
3672,39,management,divorced,tertiary,no,224,no,no,cellular,2,jul,194,2,88,1,success,yes
3673,28,services,single,secondary,no,198,no,no,cellular,5,jul,128,2,-1,0,unknown,yes
3674,30,technician,single,tertiary,no,0,yes,no,cellular,5,jul,140,1,424,8,success,yes
3675,24,admin.,single,tertiary,no,674,yes,no,cellular,6,jul,267,1,-1,0,unknown,yes
3676,32,management,single,tertiary,no,623,no,no,cellular,6,jul,335,3,194,2,failure,yes
3677,46,management,divorced,tertiary,no,558,no,no,cellular,6,jul,319,1,-1,0,unknown,yes
3678,60,technician,married,secondary,no,259,no,no,cellular,6,jul,396,1,386,2,success,yes
3679,37,technician,married,secondary,no,432,yes,no,cellular,6,jul,386,3,776,55,failure,yes
3680,48,management,single,tertiary,no,159,no,no,telephone,7,jul,229,1,251,6,success,yes
3681,52,services,married,secondary,no,657,no,no,telephone,7,jul,398,2,460,2,failure,yes
3682,29,management,single,tertiary,no,1808,no,no,cellular,7,jul,273,2,433,1,success,yes
3683,71,retired,divorced,unknown,no,392,no,no,telephone,7,jul,276,2,-1,0,unknown,yes
3684,47,management,single,tertiary,no,6651,no,no,cellular,8,jul,229,1,412,2,failure,yes
3685,70,retired,married,primary,no,2795,no,no,cellular,8,jul,480,1,181,2,success,yes
3686,28,management,single,tertiary,yes,1414,yes,no,cellular,8,jul,294,1,521,1,failure,yes
3687,31,self-employed,married,tertiary,no,2666,no,no,telephone,8,jul,411,2,148,9,other,yes
3688,80,retired,married,secondary,no,668,no,no,telephone,8,jul,250,1,371,1,success,yes
3689,29,management,single,tertiary,no,502,no,no,cellular,8,jul,968,1,87,5,failure,yes
3690,23,student,single,secondary,no,1809,no,no,cellular,8,jul,414,2,-1,0,unknown,yes
3691,34,services,single,secondary,no,267,no,no,cellular,8,jul,449,2,-1,0,unknown,yes
3692,69,retired,married,secondary,no,2473,no,no,cellular,8,jul,967,3,-1,0,unknown,yes
3693,19,student,single,secondary,no,372,no,no,telephone,8,jul,444,3,-1,0,unknown,yes
3694,35,blue-collar,single,unknown,no,484,no,no,cellular,8,jul,344,1,87,3,failure,yes
3695,38,admin.,married,secondary,no,1767,yes,no,cellular,9,jul,483,4,239,7,success,yes
3696,32,technician,single,unknown,no,491,no,no,cellular,9,jul,474,7,-1,0,unknown,yes
3697,50,unknown,married,unknown,no,558,no,no,cellular,9,jul,464,1,683,6,failure,yes
3698,27,technician,single,secondary,no,337,no,no,unknown,9,jul,23,1,-1,0,unknown,yes
3699,53,admin.,single,secondary,no,654,no,no,unknown,10,jul,67,1,-1,0,unknown,yes
3700,35,self-employed,married,tertiary,no,2427,no,no,cellular,12,jul,210,3,158,7,other,yes
3701,43,admin.,single,secondary,no,386,no,no,cellular,12,jul,220,3,529,1,failure,yes
3702,30,self-employed,single,tertiary,no,251,no,no,cellular,12,jul,537,1,-1,0,unknown,yes
3703,57,retired,married,secondary,no,1044,no,no,telephone,12,jul,567,1,182,3,success,yes
3704,31,management,single,tertiary,no,2907,yes,no,cellular,12,jul,248,1,194,3,failure,yes
3705,65,retired,divorced,secondary,no,828,no,no,cellular,13,jul,305,1,-1,0,unknown,yes
3706,25,blue-collar,single,secondary,no,1857,yes,no,cellular,13,jul,195,2,91,10,success,yes
3707,33,management,single,tertiary,no,1962,no,no,cellular,13,jul,363,1,181,1,failure,yes
3708,79,retired,divorced,primary,no,2787,no,no,telephone,13,jul,617,1,377,1,success,yes
3709,24,student,single,secondary,no,1123,no,no,cellular,13,jul,475,1,412,1,other,yes
3710,27,technician,single,secondary,no,643,no,no,cellular,13,jul,317,1,-1,0,unknown,yes
3711,36,management,single,unknown,no,62,no,no,cellular,13,jul,311,1,91,2,success,yes
3712,26,blue-collar,single,secondary,no,2007,no,no,cellular,13,jul,272,3,182,2,success,yes
3713,51,management,married,tertiary,no,3463,no,yes,cellular,13,jul,371,2,166,3,other,yes
3714,70,retired,divorced,primary,no,482,no,no,telephone,14,jul,413,1,181,3,success,yes
3715,23,student,single,secondary,no,1298,no,no,cellular,14,jul,603,1,-1,0,unknown,yes
3716,41,technician,single,secondary,no,5329,no,no,cellular,14,jul,397,2,-1,0,unknown,yes
3717,53,technician,married,primary,no,6181,no,no,cellular,14,jul,817,2,209,3,other,yes
3718,86,retired,married,primary,no,1255,no,no,telephone,14,jul,247,1,180,3,success,yes
3719,27,student,single,unknown,no,132,no,no,cellular,14,jul,276,1,-1,0,unknown,yes
3720,34,technician,single,tertiary,no,2733,no,no,cellular,14,jul,604,1,-1,0,unknown,yes
3721,68,retired,NULL,secondary,no,4189,no,no,telephone,14,jul,897,2,-1,0,unknown,yes
3722,35,management,married,secondary,no,724,yes,no,cellular,14,jul,287,2,415,1,failure,yes
3723,28,student,single,secondary,no,205,no,no,cellular,14,jul,87,3,184,2,other,yes
3724,66,retired,married,secondary,no,154,no,no,cellular,15,jul,268,5,181,2,failure,yes
3725,30,management,single,tertiary,no,232,no,no,cellular,15,jul,219,1,91,1,success,yes
3726,60,retired,divorced,tertiary,no,979,yes,no,cellular,15,jul,346,1,181,4,success,yes
3727,46,admin.,married,secondary,no,5021,no,no,cellular,15,jul,957,1,182,1,success,yes
3728,68,retired,married,secondary,no,2469,yes,no,telephone,15,jul,552,2,-1,0,unknown,yes
3729,63,blue-collar,married,secondary,no,180,no,no,cellular,15,jul,390,2,182,5,success,yes
3730,29,student,single,secondary,no,658,no,no,cellular,15,jul,198,2,244,4,other,yes
3731,35,services,married,secondary,no,2918,no,yes,cellular,16,jul,815,2,407,3,success,yes
3732,64,retired,married,secondary,no,588,no,no,cellular,16,jul,574,1,179,3,success,yes
3733,22,student,single,primary,no,423,no,no,cellular,16,jul,316,1,179,10,success,yes
3734,19,student,single,secondary,no,302,no,no,cellular,16,jul,205,1,-1,0,unknown,yes
3735,31,management,divorced,tertiary,no,414,no,yes,cellular,16,jul,241,1,-1,0,unknown,yes
3736,48,unemployed,married,secondary,no,817,no,no,cellular,16,jul,806,3,183,5,success,yes
3737,33,technician,married,secondary,no,183,no,no,cellular,16,jul,457,2,182,3,other,yes
3738,34,technician,married,secondary,no,806,no,no,cellular,19,jul,253,3,458,1,success,yes
3739,46,technician,married,secondary,no,9299,no,no,cellular,19,jul,1148,1,276,2,other,yes
3740,60,admin.,married,unknown,no,478,no,no,cellular,19,jul,173,2,311,8,failure,yes
3741,36,management,divorced,tertiary,no,1057,no,no,cellular,19,jul,230,2,164,2,failure,yes
3742,32,entrepreneur,married,tertiary,no,762,no,no,cellular,19,jul,187,11,-1,0,unknown,yes
3743,45,management,married,tertiary,no,31472,no,no,cellular,19,jul,568,7,-1,0,unknown,yes
3744,44,management,single,tertiary,no,1090,no,no,cellular,19,jul,204,4,532,2,other,yes
3745,57,retired,married,secondary,no,3738,yes,no,cellular,20,jul,178,2,92,8,failure,yes
3746,29,admin.,single,secondary,no,1277,no,no,cellular,20,jul,165,2,481,1,success,yes
3747,31,unemployed,divorced,tertiary,no,756,no,no,cellular,20,jul,355,2,-1,0,unknown,yes
3748,54,blue-collar,married,secondary,no,1636,no,no,telephone,20,jul,1008,2,-1,0,unknown,yes
3749,49,management,divorced,tertiary,no,300,no,no,cellular,21,jul,316,1,-1,0,unknown,yes
3750,35,admin.,single,secondary,no,321,no,no,cellular,21,jul,143,1,412,3,other,yes
3751,24,admin.,single,secondary,no,1295,no,no,cellular,22,jul,355,2,92,1,success,yes
3752,43,management,married,tertiary,no,839,no,no,cellular,22,jul,942,1,-1,0,unknown,yes
3753,34,unemployed,single,tertiary,no,1974,no,no,cellular,22,jul,355,1,342,3,success,yes
3754,27,admin.,married,tertiary,no,2855,no,no,cellular,22,jul,138,2,178,4,success,yes
3755,54,management,divorced,tertiary,no,5475,no,no,cellular,22,jul,321,4,-1,0,unknown,yes
3756,38,management,married,tertiary,no,536,yes,no,cellular,22,jul,248,1,-1,0,unknown,yes
3757,34,technician,single,secondary,no,1279,yes,no,cellular,22,jul,174,2,160,8,other,yes
3758,93,retired,married,unknown,no,775,no,no,cellular,22,jul,860,2,177,7,success,yes
3759,36,management,married,tertiary,no,203,no,no,cellular,23,jul,608,3,179,2,success,yes
3760,33,admin.,single,tertiary,no,146,no,no,cellular,23,jul,351,3,-1,0,unknown,yes
3761,35,management,married,tertiary,no,4124,yes,no,cellular,23,jul,350,2,445,7,other,yes
3762,41,admin.,married,secondary,no,14968,no,no,cellular,23,jul,1360,4,-1,0,unknown,yes
3763,36,technician,divorced,secondary,no,1451,yes,no,cellular,23,jul,192,4,93,17,other,yes
3764,30,student,single,tertiary,no,3026,no,no,cellular,23,jul,251,1,535,1,failure,yes
3765,41,technician,single,tertiary,no,431,no,no,cellular,23,jul,196,1,88,5,failure,yes
3766,29,management,single,tertiary,no,985,yes,no,cellular,23,jul,396,2,-1,0,unknown,yes
3767,82,retired,married,primary,no,243,no,no,cellular,26,jul,275,1,180,2,success,yes
3768,37,technician,married,secondary,no,1707,yes,no,cellular,26,jul,546,2,784,3,failure,yes
3769,46,admin.,married,unknown,no,5511,no,no,cellular,26,jul,414,2,389,1,success,yes
3770,44,self-employed,divorced,secondary,no,8,no,no,cellular,26,jul,423,4,-1,0,unknown,yes
3771,61,self-employed,married,tertiary,no,10861,no,no,cellular,26,jul,336,2,259,3,success,yes
3772,33,management,single,tertiary,no,373,no,yes,cellular,27,jul,267,1,180,4,failure,yes
3773,23,management,single,tertiary,no,1807,no,no,cellular,27,jul,606,1,-1,0,unknown,yes
3774,45,technician,married,secondary,no,2776,yes,no,cellular,27,jul,287,2,181,1,success,yes
3775,61,retired,married,secondary,no,1058,no,no,cellular,27,jul,218,2,91,3,success,yes
3776,40,admin.,married,secondary,no,0,no,no,cellular,28,jul,496,2,182,11,success,yes
3777,82,housemaid,divorced,primary,no,1381,no,no,cellular,28,jul,844,5,181,4,failure,yes
3778,27,technician,single,secondary,no,204,no,no,cellular,28,jul,471,2,-1,0,unknown,yes
3779,26,technician,married,secondary,no,267,yes,no,cellular,28,jul,817,2,-1,0,unknown,yes
3780,27,student,single,tertiary,no,311,no,no,cellular,28,jul,462,1,148,4,success,yes
3781,53,blue-collar,married,primary,no,306,no,no,cellular,28,jul,388,3,181,1,success,yes
3782,54,management,married,tertiary,no,752,no,no,telephone,29,jul,211,5,491,4,other,yes
3783,64,retired,married,secondary,no,1574,no,no,telephone,29,jul,301,3,-1,0,unknown,yes
3784,57,technician,married,tertiary,no,1181,no,no,cellular,29,jul,169,2,182,2,success,yes
3785,31,management,single,tertiary,no,1761,yes,no,telephone,29,jul,332,3,440,3,failure,yes
3786,61,admin.,married,unknown,no,4629,yes,no,cellular,29,jul,349,3,183,2,success,yes
3787,35,unemployed,single,tertiary,no,154,no,no,cellular,29,jul,200,4,181,2,failure,yes
3788,77,retired,married,secondary,no,4112,no,no,telephone,29,jul,426,1,184,3,success,yes
3789,36,services,married,secondary,no,11650,yes,no,telephone,29,jul,268,1,-1,0,unknown,yes
3790,32,management,married,tertiary,no,6138,no,no,cellular,29,jul,519,2,90,9,failure,yes
3791,61,management,married,unknown,no,264,no,no,telephone,29,jul,270,1,178,1,success,yes
3792,69,retired,single,tertiary,no,2144,no,no,cellular,29,jul,417,1,184,4,success,yes
3793,69,technician,married,tertiary,no,482,no,no,cellular,29,jul,478,1,267,1,failure,yes
3794,34,admin.,married,tertiary,no,0,no,no,cellular,30,jul,292,1,183,2,success,yes
3795,45,management,single,tertiary,no,4831,no,no,cellular,30,jul,852,3,182,11,success,yes
3796,64,retired,married,primary,no,12067,no,no,telephone,30,jul,367,2,92,2,success,yes
3797,35,technician,single,secondary,no,1227,no,no,cellular,30,jul,1005,5,134,10,success,yes
3798,22,student,single,unknown,no,1232,no,no,cellular,30,jul,283,1,430,2,other,yes
3799,34,management,single,tertiary,no,275,no,no,cellular,2,aug,196,2,455,23,other,yes
3800,34,management,married,secondary,no,369,no,no,cellular,2,aug,868,3,342,4,failure,yes
3801,55,technician,married,unknown,no,240,yes,no,cellular,2,aug,108,3,277,1,success,yes
3802,53,admin.,single,secondary,no,2398,yes,no,cellular,2,aug,317,1,180,2,failure,yes
3803,63,management,married,tertiary,no,2785,no,no,cellular,2,aug,341,2,392,3,success,yes
3804,37,management,single,tertiary,no,62,yes,no,cellular,2,aug,428,2,272,8,success,yes
3805,29,student,single,secondary,no,1377,yes,no,cellular,3,aug,248,1,446,2,success,yes
3806,29,student,single,tertiary,no,163,no,no,cellular,3,aug,249,1,-1,0,unknown,yes
3807,38,management,married,tertiary,no,1199,no,no,cellular,3,aug,482,1,-1,0,unknown,yes
3808,62,retired,married,secondary,no,569,no,no,cellular,3,aug,187,2,180,6,success,yes
3809,34,technician,married,secondary,no,0,yes,no,cellular,3,aug,261,1,470,2,failure,yes
3810,56,services,married,secondary,no,1989,no,no,cellular,3,aug,279,4,181,4,success,yes
3811,48,housemaid,single,primary,no,46,no,no,cellular,3,aug,113,2,180,1,failure,yes
3812,42,management,married,tertiary,no,372,yes,no,cellular,3,aug,654,2,-1,0,unknown,yes
3813,68,retired,married,tertiary,no,2812,no,no,cellular,3,aug,392,4,181,3,success,yes
3814,43,blue-collar,married,primary,no,2952,no,no,cellular,3,aug,417,2,95,1,other,yes
3815,62,retired,married,secondary,no,569,no,no,cellular,4,aug,288,1,1,8,success,yes
3816,68,retired,married,tertiary,no,2812,no,no,cellular,4,aug,651,1,1,7,success,yes
3817,38,management,married,tertiary,no,1199,no,no,cellular,4,aug,178,1,1,1,success,yes
3818,63,entrepreneur,married,secondary,no,3904,no,no,telephone,4,aug,250,2,187,2,success,yes
3819,48,admin.,married,secondary,no,156,no,no,cellular,4,aug,291,1,-1,0,unknown,yes
3820,45,admin.,married,secondary,no,205,no,no,cellular,4,aug,180,1,92,3,success,yes
3821,59,unemployed,married,secondary,no,1625,no,no,cellular,4,aug,198,1,180,2,success,yes
3822,35,unemployed,single,tertiary,no,415,no,no,cellular,4,aug,462,1,92,4,success,yes
3823,32,management,married,tertiary,no,1812,no,no,cellular,4,aug,296,1,182,4,other,yes
3824,93,retired,married,unknown,no,775,no,no,cellular,4,aug,476,2,13,9,success,yes
3825,33,technician,married,secondary,no,180,no,no,cellular,4,aug,561,1,435,3,failure,yes
3826,48,housemaid,single,primary,no,46,no,no,cellular,4,aug,118,1,1,3,success,yes
3827,38,services,married,secondary,no,4017,no,no,cellular,4,aug,470,1,96,3,success,yes
3828,29,management,single,tertiary,no,437,no,no,cellular,5,aug,504,1,92,1,success,yes
3829,38,technician,married,secondary,no,318,no,no,cellular,5,aug,274,1,182,6,success,yes
3830,41,technician,single,tertiary,no,1646,yes,no,cellular,5,aug,172,3,92,8,success,yes
3831,57,technician,divorced,secondary,no,470,no,no,cellular,5,aug,480,3,-1,0,unknown,yes
3832,53,management,married,tertiary,no,3591,yes,no,cellular,5,aug,306,2,181,2,other,yes
3833,56,management,divorced,tertiary,no,2037,no,no,cellular,5,aug,318,1,91,6,failure,yes
3834,33,technician,single,secondary,no,2979,no,no,cellular,5,aug,326,2,437,1,failure,yes
3835,41,management,married,tertiary,no,1092,no,no,cellular,5,aug,736,1,-1,0,unknown,yes
3836,34,admin.,divorced,secondary,no,661,yes,no,cellular,5,aug,245,2,183,10,failure,yes
3837,29,housemaid,single,tertiary,no,2196,no,no,cellular,5,aug,215,1,-1,0,unknown,yes
3838,34,management,single,tertiary,no,417,yes,no,cellular,5,aug,270,1,174,15,failure,yes
3839,21,entrepreneur,single,tertiary,no,2077,no,no,cellular,5,aug,323,1,-1,0,unknown,yes
3840,37,management,married,tertiary,no,2283,no,no,cellular,6,aug,303,2,92,4,success,yes
3841,33,student,married,secondary,no,1536,no,no,cellular,6,aug,258,2,178,4,success,yes
3842,45,management,married,secondary,no,446,no,no,cellular,6,aug,304,3,-1,0,unknown,yes
3843,61,blue-collar,married,primary,no,5,no,no,cellular,6,aug,562,2,94,3,success,yes
3844,22,student,single,secondary,no,216,no,no,cellular,6,aug,178,1,179,2,success,yes
3845,37,management,married,secondary,no,565,no,no,cellular,6,aug,174,1,93,3,failure,yes
3846,45,admin.,married,secondary,no,476,no,no,cellular,6,aug,356,1,364,1,other,yes
3847,35,admin.,single,secondary,no,-32,no,yes,cellular,6,aug,366,2,178,9,success,yes
3848,28,blue-collar,single,secondary,no,1348,yes,no,cellular,6,aug,221,2,-1,0,unknown,yes
3849,31,blue-collar,single,secondary,no,228,no,no,cellular,6,aug,744,1,88,4,other,yes
3850,62,management,married,tertiary,no,1859,no,no,telephone,6,aug,245,3,-1,0,unknown,yes
3851,47,management,married,tertiary,no,2306,no,no,telephone,6,aug,239,4,-1,0,unknown,yes
3852,57,admin.,married,unknown,no,2038,no,no,cellular,9,aug,628,1,182,2,failure,yes
3853,60,technician,married,secondary,no,824,yes,no,cellular,9,aug,265,1,181,8,success,yes
3854,25,student,single,secondary,no,348,no,no,cellular,10,aug,245,1,-1,0,unknown,yes
3855,40,blue-collar,married,secondary,no,1515,yes,no,cellular,10,aug,503,1,-1,0,unknown,yes
3856,33,management,married,tertiary,no,1514,no,no,cellular,10,aug,447,1,728,2,failure,yes
3857,53,unemployed,married,secondary,no,94,no,no,cellular,10,aug,493,1,181,14,success,yes
3858,30,technician,single,tertiary,no,2325,no,no,cellular,10,aug,263,1,127,7,failure,yes
3859,36,student,single,unknown,no,417,no,no,cellular,10,aug,304,1,181,1,success,yes
3860,56,technician,divorced,secondary,no,3450,no,no,cellular,10,aug,507,1,181,2,success,yes
3861,38,entrepreneur,single,secondary,no,2543,no,no,cellular,10,aug,223,1,414,4,failure,yes
3862,29,admin.,single,secondary,no,464,no,no,cellular,10,aug,317,2,518,1,failure,yes
3863,61,retired,married,secondary,no,1853,no,no,telephone,10,aug,520,1,181,2,success,yes
3864,62,blue-collar,married,secondary,no,272,no,no,cellular,11,aug,146,1,286,2,failure,yes
3865,24,student,single,secondary,no,1925,no,no,cellular,11,aug,1363,1,-1,0,unknown,yes
3866,65,entrepreneur,married,tertiary,no,2331,no,no,telephone,11,aug,425,1,183,2,success,yes
3867,70,retired,married,primary,no,324,no,no,cellular,11,aug,632,1,308,6,other,yes
3868,60,technician,married,secondary,no,116,no,no,cellular,11,aug,329,2,181,8,success,yes
3869,30,student,single,secondary,no,1779,no,no,cellular,11,aug,233,1,433,1,success,yes
3870,51,management,married,tertiary,no,346,no,no,cellular,11,aug,237,1,180,6,success,yes
3871,36,self-employed,single,tertiary,no,353,no,no,cellular,11,aug,361,2,181,2,success,yes
3872,42,management,married,tertiary,no,27696,no,no,cellular,11,aug,370,1,91,7,success,yes
3873,58,management,married,secondary,no,2155,no,yes,cellular,11,aug,248,2,182,7,success,yes
3874,43,blue-collar,married,secondary,no,413,yes,no,cellular,12,aug,235,2,182,4,success,yes
3875,77,retired,married,primary,no,2590,no,no,telephone,12,aug,345,1,178,20,failure,yes
3876,34,blue-collar,married,secondary,no,320,yes,no,cellular,12,aug,352,1,828,2,failure,yes
3877,35,blue-collar,married,secondary,no,1454,yes,no,cellular,12,aug,323,1,182,4,success,yes
3878,39,blue-collar,married,secondary,no,1382,yes,no,cellular,12,aug,357,1,182,2,success,yes
3879,35,self-employed,married,tertiary,no,2427,no,no,cellular,12,aug,175,3,31,10,success,yes
3880,41,admin.,married,secondary,no,2498,no,no,cellular,12,aug,411,1,-1,0,unknown,yes
3881,25,student,single,unknown,no,1003,no,no,cellular,12,aug,361,1,-1,0,unknown,yes
3882,51,blue-collar,married,secondary,no,2007,yes,no,cellular,12,aug,1226,3,-1,0,unknown,yes
3883,48,unemployed,married,secondary,no,926,no,no,cellular,12,aug,504,2,178,10,success,yes
3884,26,unemployed,single,secondary,no,632,no,no,cellular,12,aug,312,3,181,1,success,yes
3885,55,unknown,married,secondary,no,2206,no,no,cellular,12,aug,265,1,91,5,success,yes
3886,49,services,married,primary,no,1830,yes,no,cellular,13,aug,261,1,179,1,success,yes
3887,29,self-employed,single,tertiary,no,814,no,no,unknown,13,aug,461,1,-1,0,unknown,yes
3888,67,housemaid,divorced,secondary,no,5275,no,no,cellular,13,aug,222,4,-1,0,unknown,yes
3889,42,admin.,divorced,secondary,no,2129,no,no,cellular,13,aug,633,1,182,2,other,yes
3890,35,management,married,tertiary,no,2717,no,no,cellular,13,aug,394,6,-1,0,unknown,yes
3891,37,technician,married,tertiary,no,341,no,no,cellular,13,aug,287,3,182,3,success,yes
3892,35,management,divorced,tertiary,no,2885,no,no,cellular,13,aug,199,3,43,8,other,yes
3893,61,retired,married,secondary,no,523,no,no,cellular,13,aug,211,3,183,4,success,yes
3894,60,services,married,tertiary,no,4256,yes,no,cellular,16,aug,239,3,761,1,other,yes
3895,33,technician,married,secondary,no,484,yes,no,cellular,16,aug,205,3,182,9,success,yes
3896,27,blue-collar,single,secondary,no,535,no,no,cellular,16,aug,265,3,95,4,success,yes
3897,24,student,single,secondary,no,431,no,no,cellular,19,aug,418,11,185,5,success,yes
3898,57,retired,married,tertiary,no,1269,no,no,cellular,31,aug,1120,1,-1,0,unknown,yes
3899,63,admin.,married,secondary,no,0,yes,no,cellular,31,aug,253,5,-1,0,unknown,yes
3900,61,housemaid,married,primary,no,211,no,no,cellular,31,aug,443,2,186,3,failure,yes
3901,52,self-employed,married,tertiary,no,4012,no,no,cellular,31,aug,634,3,92,5,other,yes
3902,34,admin.,single,tertiary,no,625,no,yes,unknown,31,aug,34,1,-1,0,unknown,yes
3903,28,management,single,tertiary,no,1584,yes,no,cellular,1,sep,222,2,-1,0,unknown,yes
3904,60,management,married,tertiary,no,315,no,no,cellular,1,sep,840,1,183,3,success,yes
3905,32,admin.,married,secondary,no,200,no,no,cellular,1,sep,729,1,29,3,failure,yes
3906,34,management,married,tertiary,no,589,no,no,cellular,1,sep,300,1,44,3,other,yes
3907,31,services,single,secondary,no,-205,no,no,cellular,1,sep,481,1,579,1,failure,yes
3908,28,blue-collar,single,secondary,no,-46,yes,no,cellular,1,sep,199,1,92,14,success,yes
3909,55,admin.,married,secondary,no,8304,no,no,cellular,1,sep,193,1,92,1,success,yes
3910,65,retired,married,primary,no,308,no,no,cellular,1,sep,400,1,-1,0,unknown,yes
3911,37,management,married,tertiary,no,1113,no,no,cellular,1,sep,265,2,183,2,success,yes
3912,35,management,single,tertiary,no,992,no,yes,cellular,1,sep,238,1,-1,0,unknown,yes
3913,33,admin.,single,tertiary,no,272,yes,no,cellular,1,sep,293,2,92,3,success,yes
3914,75,retired,married,primary,no,1413,no,no,cellular,1,sep,532,2,188,2,success,yes
3915,48,unknown,single,unknown,no,1819,no,no,cellular,2,sep,1440,1,458,1,failure,yes
3916,33,entrepreneur,single,tertiary,no,1623,yes,no,cellular,2,sep,291,3,-1,0,unknown,yes
3917,38,management,married,tertiary,no,630,no,no,cellular,2,sep,362,1,388,3,other,yes
3918,25,student,single,secondary,no,2975,no,no,cellular,2,sep,799,2,-1,0,unknown,yes
3919,41,unemployed,single,tertiary,no,7968,no,no,cellular,2,sep,404,1,184,4,success,yes
3920,25,student,single,secondary,no,154,no,no,cellular,2,sep,382,1,183,3,success,yes
3921,27,student,single,tertiary,no,5169,yes,no,cellular,3,sep,431,1,466,3,success,yes
3922,49,admin.,single,tertiary,no,228,yes,no,cellular,3,sep,252,2,93,2,success,yes
3923,43,technician,married,secondary,no,4945,yes,no,cellular,3,sep,219,3,185,2,success,yes
3924,52,management,married,unknown,no,1708,no,no,unknown,6,sep,310,1,75,4,failure,yes
3925,48,management,married,tertiary,no,0,yes,no,cellular,6,sep,194,2,125,6,failure,yes
3926,29,unemployed,single,unknown,no,1584,no,no,cellular,6,sep,245,1,-1,0,unknown,yes
3927,43,admin.,single,secondary,no,1707,yes,no,cellular,6,sep,369,3,504,5,other,yes
3928,65,admin.,married,secondary,no,952,no,no,cellular,6,sep,255,1,96,1,success,yes
3929,72,retired,married,secondary,no,1978,no,no,cellular,6,sep,312,1,-1,0,unknown,yes
3930,26,technician,single,secondary,no,1105,yes,no,cellular,6,sep,415,1,297,3,other,yes
3931,37,services,married,secondary,no,52,yes,no,cellular,6,sep,908,1,185,9,success,yes
3932,37,management,married,tertiary,no,6771,no,no,cellular,7,sep,337,1,186,1,success,yes
3933,28,management,single,tertiary,no,890,yes,no,cellular,7,sep,201,1,-1,0,unknown,yes
3934,61,retired,married,primary,no,56,no,no,cellular,7,sep,288,3,-1,0,unknown,yes
3935,32,blue-collar,married,primary,no,1644,no,no,cellular,7,sep,492,3,102,5,other,yes
3936,51,management,single,tertiary,no,151,yes,no,cellular,8,sep,638,1,427,3,success,yes
3937,38,admin.,married,secondary,no,0,yes,no,cellular,8,sep,210,1,92,3,success,yes
3938,34,management,divorced,tertiary,no,2240,no,no,cellular,8,sep,220,2,184,3,success,yes
3939,60,unemployed,married,secondary,no,957,no,no,cellular,8,sep,246,1,184,3,success,yes
3940,24,student,single,secondary,no,689,no,no,cellular,8,sep,630,1,-1,0,unknown,yes
3941,36,management,married,tertiary,no,2161,no,no,cellular,8,sep,708,2,183,5,success,yes
3942,46,student,single,unknown,no,1527,no,no,cellular,8,sep,358,3,184,1,success,yes
3943,80,retired,married,secondary,no,8304,no,no,telephone,8,sep,606,3,91,13,success,yes
3944,37,management,single,tertiary,no,698,no,no,cellular,8,sep,1081,2,-1,0,unknown,yes
3945,39,management,married,tertiary,no,494,no,no,cellular,9,sep,216,1,183,5,success,yes
3946,62,retired,married,secondary,no,2801,yes,yes,cellular,9,sep,261,1,183,1,success,yes
3947,84,retired,married,tertiary,no,4761,no,no,telephone,9,sep,1405,1,92,3,failure,yes
3948,24,student,single,tertiary,no,834,no,no,cellular,9,sep,679,1,-1,0,unknown,yes
3949,24,student,single,secondary,no,139,no,no,cellular,9,sep,430,4,-1,0,unknown,yes
3950,28,management,married,tertiary,no,12,yes,no,cellular,9,sep,202,1,-1,0,unknown,yes
3951,31,management,married,tertiary,no,877,no,no,cellular,9,sep,209,1,92,8,success,yes
3952,33,unemployed,single,secondary,no,2066,no,yes,cellular,9,sep,305,1,749,2,failure,yes
3953,33,admin.,single,secondary,no,555,yes,no,cellular,9,sep,204,1,365,1,success,yes
3954,64,retired,married,primary,no,48,no,no,cellular,9,sep,167,3,92,1,success,yes
3955,48,technician,married,primary,no,235,no,no,cellular,9,sep,386,2,191,3,success,yes
3956,28,admin.,married,secondary,no,1595,no,no,cellular,9,sep,268,1,254,4,success,yes
3957,28,student,single,tertiary,no,5741,no,no,cellular,10,sep,1042,5,200,3,failure,yes
3958,69,retired,married,unknown,no,426,no,no,telephone,10,sep,211,2,185,2,success,yes
3959,28,management,single,tertiary,no,187,no,no,cellular,10,sep,255,1,93,2,success,yes
3960,24,admin.,single,secondary,no,166,no,no,cellular,10,sep,256,2,-1,0,unknown,yes
3961,52,unemployed,married,secondary,no,1416,no,no,cellular,13,sep,218,3,187,3,success,yes
3962,37,services,single,tertiary,no,1189,no,no,cellular,13,sep,323,9,199,4,other,yes
3963,25,student,single,secondary,no,486,no,no,cellular,13,sep,273,3,199,4,failure,yes
3964,58,management,married,tertiary,no,0,no,no,cellular,14,sep,358,2,-1,0,unknown,yes
3965,62,retired,married,tertiary,no,2557,yes,no,cellular,14,sep,211,1,216,7,success,yes
3966,41,admin.,married,secondary,no,3138,no,no,cellular,14,sep,409,1,398,1,failure,yes
3967,28,management,single,tertiary,no,1720,no,no,cellular,14,sep,230,1,91,4,success,yes
3968,75,retired,married,primary,no,1765,no,no,telephone,14,sep,808,1,187,4,failure,yes
3969,21,student,single,unknown,no,1506,no,no,cellular,14,sep,340,1,-1,0,unknown,yes
3970,40,entrepreneur,married,tertiary,no,3585,no,no,cellular,15,sep,506,3,-1,0,unknown,yes
3971,35,blue-collar,married,secondary,no,262,no,no,cellular,15,sep,331,1,75,6,failure,yes
3972,49,management,married,tertiary,no,1093,yes,yes,cellular,15,sep,316,1,246,4,success,yes
3973,39,management,married,unknown,no,76,no,no,cellular,15,sep,200,1,183,1,success,yes
3974,63,admin.,divorced,secondary,no,4680,no,no,cellular,15,sep,953,2,-1,0,unknown,yes
3975,38,management,married,tertiary,no,1477,no,no,cellular,15,sep,385,3,769,2,failure,yes
3976,72,retired,married,tertiary,no,3561,no,no,telephone,15,sep,511,3,184,7,success,yes
3977,31,management,single,tertiary,no,3340,no,no,cellular,15,sep,213,2,469,3,success,yes
3978,49,technician,married,tertiary,no,1071,no,no,cellular,16,sep,225,1,91,1,success,yes
3979,29,management,married,tertiary,no,247,no,no,cellular,16,sep,143,2,587,3,failure,yes
3980,39,admin.,divorced,secondary,no,112,no,no,cellular,16,sep,574,3,-1,0,unknown,yes
3981,78,retired,divorced,primary,no,527,no,no,cellular,16,sep,193,1,-1,0,unknown,yes
3982,61,housemaid,married,primary,no,2580,no,no,cellular,16,sep,270,3,202,7,other,yes
3983,60,retired,married,secondary,no,975,no,no,cellular,16,sep,303,1,792,1,failure,yes
3984,58,management,divorced,unknown,no,2986,no,no,cellular,16,sep,414,1,91,5,other,yes
3985,67,retired,married,secondary,no,2048,no,no,cellular,16,sep,452,5,195,4,other,yes
3986,20,student,single,unknown,no,2785,no,no,cellular,16,sep,327,2,-1,0,unknown,yes
3987,28,admin.,single,secondary,no,127,no,no,cellular,16,sep,1334,2,-1,0,unknown,yes
3988,41,management,married,tertiary,no,0,no,no,cellular,17,sep,294,4,63,11,other,yes
3989,31,student,single,tertiary,no,4951,no,no,cellular,17,sep,285,3,81,3,failure,yes
3990,37,management,divorced,tertiary,no,488,yes,no,cellular,17,sep,328,1,854,2,failure,yes
3991,81,retired,married,primary,no,1154,no,no,telephone,17,sep,231,1,-1,0,unknown,yes
3992,46,management,divorced,tertiary,no,624,no,no,cellular,17,sep,336,2,183,2,success,yes
3993,46,services,married,primary,no,4343,yes,no,unknown,20,sep,185,1,-1,0,unknown,yes
3994,44,management,divorced,tertiary,no,2367,no,no,cellular,22,sep,263,1,184,6,success,yes
3995,23,technician,single,secondary,no,283,yes,no,cellular,22,sep,175,1,184,2,success,yes
3996,40,entrepreneur,married,secondary,no,6403,no,no,cellular,22,sep,208,2,-1,0,unknown,yes
3997,27,management,married,tertiary,no,802,no,no,cellular,22,sep,569,1,-1,0,unknown,yes
3998,60,admin.,married,secondary,no,3735,no,no,cellular,22,sep,183,1,184,11,success,yes
3999,55,management,married,secondary,no,2693,no,no,cellular,22,sep,182,1,184,7,success,yes
4000,43,unemployed,married,secondary,no,0,yes,yes,cellular,23,sep,183,2,184,13,failure,yes
4001,26,management,single,tertiary,no,1027,no,no,cellular,23,sep,744,1,-1,0,unknown,yes
4002,25,management,single,tertiary,no,3902,no,no,cellular,23,sep,856,1,-1,0,unknown,yes
4003,31,housemaid,married,secondary,no,243,yes,no,cellular,23,sep,305,2,842,1,failure,yes
4004,54,services,single,secondary,no,0,no,no,cellular,23,sep,209,1,-1,0,unknown,yes
4005,29,unemployed,single,secondary,no,1055,no,no,cellular,23,sep,427,1,603,1,failure,yes
4006,36,admin.,single,secondary,no,60,yes,no,cellular,23,sep,156,2,-1,0,unknown,yes
4007,59,management,married,tertiary,no,5397,no,no,cellular,23,sep,244,1,92,3,success,yes
4008,37,blue-collar,single,unknown,no,217,no,no,cellular,23,sep,272,2,-1,0,unknown,yes
4009,28,management,single,tertiary,no,6551,no,no,cellular,23,sep,203,1,-1,0,unknown,yes
4010,35,admin.,single,secondary,no,303,no,no,cellular,24,sep,173,2,190,10,other,yes
4011,32,blue-collar,single,secondary,no,2093,no,no,cellular,24,sep,224,2,444,1,failure,yes
4012,49,management,married,tertiary,no,1167,yes,yes,cellular,24,sep,249,1,91,14,success,yes
4013,50,services,married,secondary,no,2376,yes,no,cellular,24,sep,395,1,-1,0,unknown,yes
4014,55,services,divorced,secondary,no,0,no,no,cellular,27,sep,262,6,193,4,success,yes
4015,81,retired,divorced,primary,no,949,no,no,cellular,27,sep,188,2,280,1,other,yes
4016,24,management,single,tertiary,no,393,no,no,cellular,27,sep,1298,1,-1,0,unknown,yes
4017,38,services,married,secondary,no,2678,no,no,cellular,28,sep,282,2,187,1,success,yes
4018,61,retired,married,secondary,no,11,no,no,cellular,29,sep,232,1,92,3,success,yes
4019,67,retired,married,primary,no,4416,no,no,cellular,29,sep,245,3,-1,0,unknown,yes
4020,28,management,single,tertiary,no,390,no,no,cellular,29,sep,845,1,232,4,success,yes
4021,NULL,services,single,secondary,no,1934,no,no,cellular,29,sep,271,1,-1,0,unknown,yes
4022,31,student,single,secondary,no,3511,no,no,cellular,6,oct,311,1,96,1,success,yes
4023,71,retired,married,secondary,no,1696,no,no,cellular,6,oct,486,1,-1,0,unknown,yes
4024,33,self-employed,married,tertiary,no,1278,no,no,cellular,6,oct,649,1,-1,0,unknown,yes
4025,47,self-employed,married,tertiary,no,1011,no,no,cellular,6,oct,808,1,-1,0,unknown,yes
4026,39,management,married,tertiary,no,2939,no,no,cellular,6,oct,608,1,99,3,failure,yes
4027,26,unemployed,single,tertiary,no,3466,no,no,cellular,6,oct,275,2,-1,0,unknown,yes
4028,22,admin.,single,secondary,no,372,no,no,cellular,6,oct,218,1,-1,0,unknown,yes
4029,34,management,single,tertiary,no,549,no,no,cellular,6,oct,1246,2,-1,0,unknown,yes
4030,32,student,single,secondary,no,1102,no,no,telephone,8,oct,194,1,-1,0,unknown,yes
4031,48,services,divorced,unknown,no,973,no,no,cellular,8,oct,319,1,134,2,success,yes
4032,32,technician,single,unknown,no,491,no,no,cellular,8,oct,251,2,91,7,success,yes
4033,58,admin.,divorced,secondary,no,3337,yes,no,telephone,8,oct,369,2,690,3,failure,yes
4034,48,admin.,married,secondary,no,368,no,no,cellular,8,oct,363,2,140,7,success,yes
4035,28,unknown,single,unknown,no,326,no,no,cellular,11,oct,450,1,231,1,success,yes
4036,36,technician,single,secondary,no,12264,no,no,cellular,11,oct,285,1,182,2,success,yes
4037,67,retired,married,secondary,no,203,no,no,cellular,11,oct,405,1,266,2,success,yes
4038,30,management,single,tertiary,no,502,no,no,cellular,11,oct,463,3,95,6,success,yes
4039,27,admin.,married,tertiary,no,346,no,no,cellular,11,oct,212,1,-1,0,unknown,yes
4040,31,management,married,tertiary,no,4328,no,no,cellular,12,oct,203,4,165,14,success,yes
4041,27,student,single,secondary,no,279,no,no,cellular,12,oct,323,1,-1,0,unknown,yes
4042,33,management,single,tertiary,no,131,yes,no,cellular,12,oct,209,3,427,2,failure,yes
4043,36,management,single,tertiary,no,2646,no,no,cellular,13,oct,169,1,182,10,success,yes
4044,62,self-employed,divorced,tertiary,no,6,yes,no,cellular,13,oct,216,1,183,4,success,yes
4045,29,self-employed,single,tertiary,no,1579,no,no,cellular,13,oct,190,1,92,5,success,yes
4046,26,blue-collar,single,secondary,no,2007,no,no,cellular,13,oct,194,1,92,5,success,yes
4047,59,technician,married,secondary,no,1,no,no,cellular,14,oct,585,1,182,5,success,yes
4048,51,management,married,tertiary,no,469,no,no,cellular,14,oct,491,1,182,3,success,yes
4049,27,technician,single,secondary,no,643,no,no,telephone,14,oct,301,1,93,1,success,yes
4050,60,retired,divorced,secondary,no,514,no,no,cellular,15,oct,187,2,213,10,success,yes
4051,42,unemployed,married,secondary,no,1289,no,no,cellular,15,oct,1176,3,92,6,success,yes
4052,47,admin.,married,secondary,no,3676,no,no,cellular,18,oct,567,1,95,3,success,yes
4053,43,unemployed,married,tertiary,no,0,no,no,cellular,18,oct,464,1,94,2,success,yes
4054,22,management,single,tertiary,no,104,no,yes,cellular,18,oct,509,1,185,3,success,yes
4055,34,technician,married,secondary,no,159,yes,no,cellular,18,oct,252,1,-1,0,unknown,yes
4056,39,admin.,divorced,secondary,no,728,yes,yes,cellular,18,oct,222,1,-1,0,unknown,yes
4057,27,management,single,tertiary,no,107,no,no,cellular,18,oct,767,3,-1,0,unknown,yes
4058,49,blue-collar,married,secondary,no,1946,no,no,cellular,19,oct,192,1,95,1,success,yes
4059,42,management,married,unknown,no,1519,no,no,cellular,19,oct,230,1,92,1,success,yes
4060,64,management,married,tertiary,no,5112,no,no,telephone,19,oct,898,7,137,11,other,yes
4061,44,management,single,tertiary,no,1090,no,no,cellular,20,oct,178,4,93,6,success,yes
4062,64,retired,divorced,secondary,no,4833,no,no,cellular,20,oct,621,1,181,3,failure,yes
4063,29,student,single,secondary,no,1925,no,no,cellular,21,oct,150,3,149,5,success,yes
4064,52,management,married,secondary,no,335,no,no,cellular,21,oct,411,1,182,1,failure,yes
4065,52,technician,married,secondary,no,371,yes,yes,cellular,21,oct,453,1,183,3,success,yes
4066,54,management,divorced,tertiary,no,5475,no,no,cellular,21,oct,1032,1,91,4,success,yes
4067,37,management,married,tertiary,no,203,no,no,cellular,21,oct,759,1,90,5,success,yes
4068,48,admin.,married,secondary,no,50,no,yes,cellular,21,oct,419,1,-1,0,unknown,yes
4069,28,technician,single,tertiary,no,11862,no,no,cellular,21,oct,549,2,238,13,other,yes
4070,77,retired,married,secondary,no,820,no,no,telephone,21,oct,330,2,181,4,success,yes
4071,63,retired,single,tertiary,no,791,no,no,cellular,21,oct,212,2,-1,0,unknown,yes
4072,34,technician,single,secondary,no,1279,yes,no,cellular,21,oct,339,3,91,10,success,yes
4073,29,blue-collar,single,tertiary,no,455,no,no,cellular,22,oct,542,4,148,3,success,yes
4074,38,management,married,tertiary,no,536,yes,no,cellular,22,oct,234,1,92,1,success,yes
4075,47,admin.,single,secondary,no,1693,yes,no,cellular,22,oct,608,2,92,4,other,yes
4076,63,retired,married,secondary,no,1495,no,no,cellular,25,oct,389,1,195,4,other,yes
4077,30,management,single,tertiary,no,985,yes,no,cellular,25,oct,304,1,94,2,success,yes
4078,74,retired,married,secondary,no,935,no,no,cellular,25,oct,400,1,173,3,success,yes
4079,31,admin.,single,secondary,no,410,no,no,cellular,25,oct,182,1,185,1,success,yes
4080,33,admin.,married,secondary,no,51,yes,yes,cellular,25,oct,253,1,284,3,success,yes
4081,25,student,single,secondary,no,679,no,no,cellular,25,oct,297,5,94,6,other,yes
4082,78,management,married,unknown,no,1780,yes,no,cellular,25,oct,211,2,185,7,success,yes
4083,26,management,single,tertiary,no,222,no,no,cellular,26,oct,318,1,120,3,success,yes
4084,47,admin.,married,secondary,no,1210,no,no,cellular,26,oct,604,1,91,4,failure,yes
4085,56,admin.,divorced,secondary,no,1693,no,no,cellular,26,oct,238,4,442,4,failure,yes
4086,54,technician,married,tertiary,no,876,no,no,cellular,27,oct,269,3,541,3,success,yes
4087,46,technician,married,unknown,no,3308,no,no,cellular,27,oct,171,1,91,2,success,yes
4088,47,management,married,tertiary,no,0,no,no,cellular,27,oct,508,1,-1,0,unknown,yes
4089,24,student,single,secondary,no,822,no,no,cellular,27,oct,184,1,91,2,failure,yes
4090,70,retired,married,secondary,no,0,no,no,cellular,27,oct,258,1,92,5,success,yes
4091,63,entrepreneur,married,secondary,no,3904,no,no,telephone,8,nov,360,1,96,4,success,yes
4092,22,student,single,secondary,no,2488,no,no,cellular,8,nov,449,2,38,10,other,yes
4093,38,technician,married,tertiary,no,88,no,no,cellular,8,nov,282,2,186,4,success,yes
4094,44,entrepreneur,married,tertiary,no,121,no,no,cellular,9,nov,248,1,91,1,success,yes
4095,52,technician,married,tertiary,no,0,no,no,cellular,9,nov,467,3,92,7,failure,yes
4096,35,technician,married,secondary,no,0,yes,no,cellular,9,nov,524,1,96,5,success,yes
4097,29,admin.,single,secondary,no,464,no,no,cellular,9,nov,208,2,91,3,success,yes
4098,41,unemployed,single,tertiary,no,79,no,no,telephone,9,nov,394,1,390,2,success,yes
4099,62,retired,married,tertiary,no,2557,yes,no,cellular,10,nov,404,1,57,8,success,yes
4100,62,blue-collar,married,secondary,no,272,no,no,cellular,11,nov,289,1,92,3,success,yes
4101,38,entrepreneur,single,secondary,no,2543,no,no,cellular,11,nov,357,3,93,5,success,yes
4102,36,admin.,divorced,secondary,no,1224,yes,no,cellular,12,nov,482,1,374,1,success,yes
4103,34,blue-collar,married,secondary,no,320,yes,no,cellular,12,nov,413,1,92,3,success,yes
4104,60,services,married,tertiary,no,4256,yes,no,cellular,16,nov,200,1,92,4,success,yes
4105,32,services,single,secondary,no,1168,yes,no,cellular,16,nov,411,1,-1,0,unknown,yes
4106,29,management,single,secondary,no,703,yes,no,cellular,16,nov,236,1,550,2,success,yes
4107,32,blue-collar,married,secondary,no,136,no,no,cellular,16,nov,206,1,188,3,success,yes
4108,75,retired,divorced,tertiary,no,3810,yes,no,cellular,16,nov,262,1,183,1,failure,yes
4109,29,management,single,tertiary,no,765,no,no,cellular,16,nov,238,1,-1,0,unknown,yes
4110,68,retired,married,secondary,no,1146,no,no,cellular,16,nov,212,1,187,6,success,yes
4111,25,student,single,secondary,no,358,no,no,cellular,16,nov,330,1,-1,0,unknown,yes
4112,36,management,single,secondary,no,1511,yes,no,cellular,16,nov,270,1,-1,0,unknown,yes
4113,38,technician,married,secondary,no,557,yes,no,cellular,16,nov,1556,4,-1,0,unknown,yes
4114,53,management,married,tertiary,no,583,no,no,cellular,17,nov,226,1,184,4,success,yes
4115,34,admin.,single,secondary,no,557,no,no,cellular,17,nov,224,1,-1,0,unknown,yes
4116,23,student,single,tertiary,no,113,no,no,cellular,17,nov,266,1,-1,0,unknown,yes
4117,73,retired,married,secondary,no,2850,no,no,cellular,17,nov,300,1,40,8,failure,yes
4118,25,technician,single,secondary,no,505,no,yes,cellular,17,nov,386,2,-1,0,unknown,yes
4119,51,technician,married,tertiary,no,825,no,no,cellular,17,nov,977,3,-1,0,unknown,yes
4120,72,retired,married,secondary,no,5715,no,no,cellular,17,nov,1127,5,184,3,success,yes
4121,42,technician,married,tertiary,no,-215,no,no,unknown,20,jun,1573,5,-1,0,unknown,yes
4122,59,management,married,tertiary,no,2239,no,no,cellular,20,aug,377,6,90,1,success,yes
4123,32,management,married,tertiary,no,376,yes,no,cellular,23,mar,248,4,-1,0,unknown,yes
4124,36,technician,married,secondary,no,15485,no,no,cellular,14,apr,461,1,-1,0,unknown,yes
4125,34,services,married,secondary,no,2918,no,yes,cellular,4,jun,246,1,196,2,success,yes
4126,28,student,single,secondary,no,67,no,no,cellular,20,aug,329,3,199,2,other,yes
4127,54,unemployed,divorced,secondary,no,1664,no,no,cellular,2,jun,257,3,-1,0,unknown,yes
4128,27,admin.,single,secondary,no,192,no,no,telephone,28,jul,1076,17,-1,0,unknown,yes
4129,42,management,married,unknown,no,1519,no,no,cellular,19,jul,268,1,-1,0,unknown,yes
4130,31,admin.,single,secondary,no,0,no,no,cellular,17,apr,188,3,-1,0,unknown,yes
4131,41,unemployed,married,secondary,no,0,yes,yes,cellular,5,may,400,1,-1,0,unknown,yes
4132,37,admin.,divorced,tertiary,no,4708,no,no,cellular,2,jun,238,1,181,2,success,yes
4133,31,management,single,tertiary,no,3283,no,no,cellular,2,feb,258,1,73,1,failure,yes
4134,33,unemployed,married,secondary,no,1211,no,no,cellular,11,feb,535,1,188,1,success,yes
4135,27,self-employed,single,tertiary,no,347,no,no,cellular,6,aug,385,4,-1,0,unknown,yes
4136,44,management,married,tertiary,no,423,no,no,cellular,12,mar,2330,5,-1,0,unknown,yes
4137,22,student,single,secondary,no,3982,no,no,cellular,20,apr,206,1,-1,0,unknown,yes
4138,25,management,single,tertiary,no,2506,no,no,cellular,17,feb,485,1,-1,0,unknown,yes
4139,30,management,single,tertiary,no,697,no,no,cellular,10,aug,179,3,102,2,success,yes
4140,46,blue-collar,married,secondary,no,456,no,yes,cellular,18,aug,618,6,-1,0,unknown,yes
4141,32,technician,single,secondary,no,324,no,yes,cellular,23,feb,432,1,-1,0,unknown,yes
4142,57,admin.,single,secondary,no,5768,yes,no,unknown,19,jun,512,1,-1,0,unknown,yes
4143,41,technician,married,tertiary,no,1517,no,no,cellular,8,aug,193,3,-1,0,unknown,yes
4144,62,management,married,tertiary,no,0,no,no,cellular,3,sep,299,1,-1,0,unknown,yes
4145,28,unemployed,married,tertiary,no,482,no,no,cellular,25,may,119,1,-1,0,unknown,yes
4146,77,retired,married,secondary,no,638,no,no,cellular,7,aug,453,1,-1,0,unknown,yes
4147,47,housemaid,married,secondary,no,2524,no,no,cellular,12,oct,105,1,-1,0,unknown,yes
4148,40,management,married,tertiary,no,4539,no,no,cellular,13,jul,256,3,439,1,failure,yes
4149,41,blue-collar,married,secondary,no,2039,yes,no,cellular,8,may,729,1,-1,0,unknown,yes
4150,28,services,single,tertiary,no,128,no,no,cellular,27,may,460,1,414,1,failure,yes
4151,51,blue-collar,married,secondary,no,4787,yes,no,cellular,7,apr,895,1,-1,0,unknown,yes
4152,47,management,married,tertiary,no,1147,no,no,cellular,2,jun,654,1,95,1,failure,yes
4153,37,unemployed,married,secondary,no,1978,no,no,cellular,9,sep,404,1,182,1,success,yes
4154,29,management,married,tertiary,no,51,yes,no,cellular,17,jul,1319,5,-1,0,unknown,yes
4155,24,services,single,secondary,yes,-122,yes,no,unknown,13,may,1000,1,-1,0,unknown,yes
4156,27,blue-collar,single,secondary,no,294,yes,yes,unknown,28,may,694,2,-1,0,unknown,yes
4157,23,student,single,secondary,no,922,no,no,cellular,28,may,538,2,184,9,failure,yes
4158,32,admin.,married,secondary,no,51,yes,yes,cellular,14,jan,203,1,87,2,other,yes
4159,40,technician,married,secondary,no,694,yes,no,cellular,3,jun,431,2,119,9,failure,yes
4160,32,management,married,tertiary,no,607,yes,no,unknown,18,jun,1060,5,-1,0,unknown,yes
4161,57,management,married,secondary,no,2155,no,yes,cellular,10,nov,144,3,91,2,failure,yes
4162,28,self-employed,single,tertiary,no,159,no,no,cellular,14,oct,246,2,420,2,other,yes
4163,35,technician,married,tertiary,no,7050,no,no,cellular,10,feb,278,3,187,1,success,yes
4164,35,blue-collar,married,secondary,no,1055,no,no,unknown,18,nov,150,2,-1,0,unknown,yes
4165,24,student,single,secondary,no,8165,no,no,cellular,15,sep,216,1,-1,0,unknown,yes
4166,36,technician,married,tertiary,no,376,no,no,cellular,16,sep,173,1,-1,0,unknown,yes
4167,66,housemaid,divorced,primary,no,3701,no,no,telephone,3,mar,834,1,-1,0,unknown,yes
4168,45,management,divorced,secondary,no,644,yes,no,cellular,19,nov,418,1,168,1,success,yes
4169,28,technician,single,tertiary,no,3623,no,no,cellular,10,mar,261,1,-1,0,unknown,yes
4170,45,housemaid,married,secondary,no,360,no,no,cellular,3,nov,215,1,-1,0,unknown,yes
4171,31,unemployed,single,secondary,no,284,yes,no,cellular,2,feb,855,1,-1,0,unknown,yes
4172,45,services,single,primary,no,1893,yes,no,unknown,3,jun,1259,6,-1,0,unknown,yes
4173,34,admin.,married,tertiary,no,69,no,yes,cellular,4,aug,120,3,1,6,success,yes
4174,39,technician,single,secondary,no,1355,yes,no,cellular,14,may,1180,1,-1,0,unknown,yes
4175,24,management,single,tertiary,no,1506,no,no,cellular,12,jun,239,2,95,4,success,yes
4176,33,technician,single,tertiary,no,1393,yes,no,cellular,18,jul,1127,3,-1,0,unknown,yes
4177,54,management,divorced,tertiary,no,487,yes,no,unknown,21,may,828,4,-1,0,unknown,yes
4178,26,student,single,secondary,no,655,no,no,cellular,16,sep,190,1,-1,0,unknown,yes
4179,30,services,single,tertiary,no,1788,no,no,cellular,4,aug,288,1,181,2,failure,yes
4180,37,admin.,married,secondary,no,0,yes,no,cellular,2,jun,107,1,-1,0,unknown,yes
4181,32,management,single,tertiary,no,41,no,no,cellular,21,aug,686,5,-1,0,unknown,yes
4182,39,management,married,secondary,no,215,no,no,cellular,11,aug,1141,4,-1,0,unknown,yes
4183,27,unknown,single,secondary,no,1187,no,no,telephone,26,feb,232,1,101,1,failure,yes
4184,54,admin.,married,secondary,no,0,no,no,cellular,27,jan,565,1,-1,0,unknown,yes
4185,54,housemaid,single,secondary,no,1213,no,no,cellular,12,nov,241,1,-1,0,unknown,yes
4186,71,retired,married,tertiary,no,653,no,no,telephone,3,sep,471,1,189,1,success,yes
4187,41,management,divorced,tertiary,no,3426,no,no,cellular,4,jun,102,2,297,3,failure,yes
4188,29,admin.,married,tertiary,no,238,no,no,cellular,25,may,344,2,88,1,failure,yes
4189,60,retired,married,secondary,no,1690,no,no,unknown,20,jun,1467,4,-1,0,unknown,yes
4190,60,unemployed,married,primary,no,0,no,no,cellular,22,jul,1193,1,412,1,other,yes
4191,36,technician,single,secondary,no,27,yes,no,cellular,9,feb,631,1,260,2,success,yes
4192,34,management,single,tertiary,no,681,no,no,cellular,6,aug,637,2,-1,0,unknown,yes
4193,27,admin.,single,secondary,no,18188,yes,no,unknown,12,jun,541,17,-1,0,unknown,yes
4194,34,management,married,tertiary,no,1006,yes,no,cellular,19,nov,783,3,195,2,other,yes
4195,36,management,married,tertiary,no,1352,no,no,unknown,19,jun,2028,1,-1,0,unknown,yes
4196,32,technician,single,tertiary,no,2340,no,no,cellular,18,feb,89,2,-1,0,unknown,yes
4197,55,housemaid,married,unknown,no,366,no,no,cellular,5,jun,365,3,57,2,other,yes
4198,34,services,single,secondary,no,-374,yes,no,cellular,11,may,672,1,-1,0,unknown,yes
4199,25,technician,single,tertiary,no,1231,no,no,cellular,31,aug,271,2,-1,0,unknown,yes
4200,51,technician,married,tertiary,no,1347,yes,yes,cellular,10,feb,160,1,243,1,failure,yes
4201,33,management,married,tertiary,no,1778,no,no,cellular,12,feb,388,1,-1,0,unknown,yes
4202,35,technician,married,secondary,no,2201,no,no,telephone,12,apr,350,1,-1,0,unknown,yes
4203,55,housemaid,married,primary,no,0,yes,no,cellular,17,jul,1303,2,-1,0,unknown,yes
4204,61,retired,married,tertiary,no,2557,yes,no,cellular,11,aug,139,3,190,1,success,yes
4205,34,technician,married,secondary,no,0,yes,no,cellular,5,aug,231,2,2,3,success,yes
4206,55,technician,married,tertiary,no,1320,no,no,cellular,28,jul,340,1,91,2,success,yes
4207,23,student,single,tertiary,no,0,no,no,cellular,10,aug,213,1,-1,0,unknown,yes
4208,69,retired,married,secondary,no,0,no,no,cellular,27,jul,666,1,90,4,success,yes
4209,37,management,single,tertiary,no,22125,no,yes,cellular,21,nov,331,2,-1,0,unknown,yes
4210,49,entrepreneur,married,primary,no,6188,no,no,cellular,18,nov,453,1,-1,0,unknown,yes
4211,41,unemployed,married,secondary,no,1077,yes,yes,telephone,9,dec,207,3,387,2,failure,yes
4212,39,technician,single,unknown,no,45248,yes,no,unknown,6,may,1623,1,-1,0,unknown,yes
4213,30,technician,single,tertiary,no,3291,yes,no,unknown,19,may,1218,3,-1,0,unknown,yes
4214,32,technician,single,secondary,no,562,yes,no,unknown,30,may,722,3,-1,0,unknown,yes
4215,61,admin.,married,secondary,no,1046,yes,no,cellular,21,aug,158,1,-1,0,unknown,yes
4216,33,management,single,tertiary,no,87,no,no,cellular,12,aug,978,1,-1,0,unknown,yes
4217,32,management,single,tertiary,no,10281,no,no,cellular,22,apr,400,1,-1,0,unknown,yes
4218,45,admin.,divorced,primary,no,429,yes,no,cellular,22,apr,147,1,181,1,success,yes
4219,59,retired,married,primary,no,3648,no,no,telephone,19,jun,1321,3,-1,0,unknown,yes
4220,48,blue-collar,married,secondary,no,863,yes,no,telephone,4,may,412,5,350,2,success,yes
4221,18,student,single,unknown,no,3,no,no,cellular,25,aug,130,2,-1,0,unknown,yes
4222,27,management,single,tertiary,no,2648,no,no,cellular,5,feb,917,1,-1,0,unknown,yes
4223,32,management,single,tertiary,no,0,yes,no,cellular,30,apr,370,3,-1,0,unknown,yes
4224,50,technician,divorced,secondary,no,0,no,no,cellular,29,sep,159,1,120,2,failure,yes
4225,30,self-employed,single,tertiary,no,655,no,no,cellular,23,sep,272,4,184,1,success,yes
4226,23,student,single,unknown,no,854,yes,no,unknown,28,may,664,2,-1,0,unknown,yes
4227,40,management,divorced,tertiary,no,858,no,no,cellular,26,oct,202,2,-1,0,unknown,yes
4228,27,blue-collar,single,tertiary,no,567,no,no,cellular,26,may,523,3,182,3,success,yes
4229,35,technician,single,secondary,no,399,yes,no,cellular,13,may,496,2,345,3,failure,yes
4230,53,admin.,divorced,unknown,no,257,no,no,cellular,11,jul,1310,2,-1,0,unknown,yes
4231,59,admin.,married,secondary,no,3735,no,no,cellular,18,mar,203,4,121,2,failure,yes
4232,37,management,married,tertiary,no,57,no,no,cellular,5,feb,345,1,-1,0,unknown,yes
4233,24,student,single,primary,no,1235,no,no,cellular,14,jul,334,4,93,6,other,yes
4234,42,services,divorced,secondary,no,257,yes,no,cellular,12,may,955,2,-1,0,unknown,yes
4235,27,technician,single,tertiary,no,401,no,no,cellular,6,aug,218,3,93,2,success,yes
4236,29,self-employed,single,tertiary,no,3290,no,no,cellular,23,mar,136,1,291,2,success,yes
4237,30,management,single,tertiary,no,297,no,no,cellular,8,nov,188,1,-1,0,unknown,yes
4238,22,admin.,single,secondary,no,33,no,no,cellular,12,feb,369,1,-1,0,unknown,yes
4239,39,services,married,secondary,no,1179,no,no,cellular,25,may,284,1,-1,0,unknown,yes
4240,35,management,single,tertiary,no,471,no,no,cellular,5,jun,276,2,-1,0,unknown,yes
4241,61,retired,married,secondary,no,938,no,no,cellular,15,jul,392,2,183,3,success,yes
4242,33,technician,single,tertiary,no,1636,yes,no,cellular,27,feb,165,1,-1,0,unknown,yes
4243,42,management,divorced,tertiary,no,1243,no,no,cellular,26,aug,1000,4,-1,0,unknown,yes
4244,30,admin.,single,tertiary,no,0,yes,no,cellular,4,feb,730,2,-1,0,unknown,yes
4245,51,retired,divorced,secondary,no,1679,no,no,cellular,12,aug,417,1,365,9,other,yes
4246,25,services,single,unknown,no,2022,no,no,cellular,29,jul,276,8,97,12,other,yes
4247,44,technician,single,tertiary,no,2033,no,no,cellular,3,sep,444,1,99,1,failure,yes
4248,34,admin.,married,secondary,no,869,no,no,unknown,6,may,1677,1,-1,0,unknown,yes
4249,28,management,single,tertiary,no,3611,no,no,cellular,26,feb,141,2,-1,0,unknown,yes
4250,61,retired,divorced,primary,no,3624,no,no,cellular,25,nov,342,1,-1,0,unknown,yes
4251,21,student,single,secondary,no,2488,no,no,cellular,30,jun,258,6,169,3,success,yes
4252,53,technician,divorced,tertiary,no,2228,no,no,cellular,17,nov,890,1,-1,0,unknown,yes
4253,46,services,married,secondary,no,4,no,no,cellular,30,apr,268,1,261,5,other,yes
4254,52,technician,married,tertiary,no,2557,no,no,cellular,28,jan,134,5,204,2,success,yes
4255,56,management,married,tertiary,no,1390,yes,no,cellular,18,nov,543,1,-1,0,unknown,yes
4256,36,technician,single,secondary,no,1228,yes,no,cellular,4,may,303,3,-1,0,unknown,yes
4257,30,admin.,married,secondary,no,1265,yes,yes,unknown,26,may,414,2,-1,0,unknown,yes
4258,41,admin.,divorced,secondary,no,6046,yes,yes,telephone,15,mar,300,6,182,2,success,yes
4259,33,management,single,tertiary,no,816,yes,no,cellular,11,oct,383,2,503,2,failure,yes
4260,28,student,single,tertiary,no,0,no,no,cellular,28,sep,294,2,105,7,other,yes
4261,54,technician,single,tertiary,no,118,no,no,cellular,5,apr,280,1,-1,0,unknown,yes
4262,50,management,married,secondary,no,1165,no,no,cellular,16,jul,455,1,-1,0,unknown,yes
4263,58,technician,married,secondary,no,99,no,no,telephone,22,sep,396,2,-1,0,unknown,yes
4264,33,services,married,secondary,no,1697,no,no,cellular,4,may,489,1,182,1,success,yes
4265,36,entrepreneur,single,secondary,no,866,yes,no,cellular,11,may,629,1,173,1,failure,yes
4266,51,technician,married,tertiary,no,0,no,no,cellular,2,mar,539,2,-1,0,unknown,yes
4267,35,technician,single,tertiary,no,5301,no,no,cellular,21,nov,937,2,-1,0,unknown,yes
4268,35,management,single,tertiary,no,7918,no,no,cellular,7,sep,497,1,-1,0,unknown,yes
4269,34,technician,married,secondary,no,1,no,no,cellular,28,aug,535,2,-1,0,unknown,yes
4270,45,management,married,tertiary,no,160,no,no,cellular,30,apr,619,1,-1,0,unknown,yes
4271,24,services,single,secondary,no,414,yes,no,cellular,18,may,493,1,370,1,other,yes
4272,45,unknown,married,tertiary,no,406,no,no,cellular,7,sep,314,1,-1,0,unknown,yes
4273,42,entrepreneur,married,secondary,no,0,yes,no,cellular,9,apr,331,1,140,4,failure,yes
4274,30,technician,single,tertiary,no,655,no,no,cellular,6,oct,384,2,-1,0,unknown,yes
4275,60,retired,divorced,secondary,no,514,no,no,cellular,16,mar,263,1,124,9,other,yes
4276,40,technician,married,tertiary,no,11766,yes,no,cellular,13,apr,218,2,242,9,failure,yes
4277,25,blue-collar,married,secondary,no,0,no,yes,cellular,15,jul,1424,4,-1,0,unknown,yes
4278,48,management,married,secondary,no,2892,no,no,cellular,7,jul,407,1,385,1,success,yes
4279,28,admin.,single,secondary,no,762,no,no,cellular,18,sep,115,3,-1,0,unknown,yes
4280,55,management,divorced,tertiary,no,2037,no,no,cellular,2,nov,209,2,273,1,failure,yes
4281,47,management,single,tertiary,no,255,no,yes,cellular,30,jul,802,4,-1,0,unknown,yes
4282,32,student,married,secondary,no,1536,no,no,cellular,7,aug,289,2,-1,0,unknown,yes
4283,55,technician,divorced,tertiary,no,0,no,no,cellular,18,aug,237,1,-1,0,unknown,yes
4284,27,technician,single,secondary,no,2,yes,yes,cellular,6,may,554,2,356,1,failure,yes
4285,42,management,married,tertiary,no,1435,yes,no,cellular,7,may,1148,1,-1,0,unknown,yes
4286,47,technician,married,secondary,no,1219,no,no,cellular,18,aug,697,4,-1,0,unknown,yes
4287,36,entrepreneur,married,secondary,no,2971,no,no,cellular,12,nov,247,1,97,8,failure,yes
4288,64,retired,married,primary,no,440,no,no,cellular,6,feb,495,1,-1,0,unknown,yes
4289,34,management,married,tertiary,no,3301,yes,no,cellular,17,sep,164,5,92,6,success,yes
4290,72,admin.,married,primary,no,2321,no,no,cellular,14,sep,221,2,64,12,failure,yes
4291,27,student,single,secondary,no,213,no,no,cellular,27,mar,378,1,-1,0,unknown,yes
4292,54,services,divorced,secondary,no,0,no,no,cellular,18,mar,362,1,290,3,success,yes
4293,19,student,single,unknown,no,108,no,no,cellular,10,aug,168,1,182,2,success,yes
4294,33,admin.,married,secondary,no,920,no,no,cellular,30,apr,344,1,-1,0,unknown,yes
4295,36,admin.,married,secondary,no,1031,no,no,cellular,17,jun,282,4,-1,0,unknown,yes
4296,26,student,single,tertiary,no,294,no,no,cellular,5,mar,87,1,91,2,success,yes
4297,42,admin.,divorced,secondary,no,527,no,yes,cellular,22,oct,181,1,185,1,success,yes
4298,24,management,single,tertiary,no,1030,no,no,cellular,4,mar,396,2,-1,0,unknown,yes
4299,28,self-employed,single,tertiary,no,2503,no,no,cellular,25,may,426,1,-1,0,unknown,yes
4300,58,unknown,married,unknown,no,1547,no,no,telephone,5,aug,1186,4,-1,0,unknown,yes
4301,59,management,married,tertiary,no,1,yes,no,cellular,29,apr,210,1,-1,0,unknown,yes
4302,46,technician,married,secondary,no,1167,yes,no,cellular,21,nov,1540,2,-1,0,unknown,yes
4303,49,technician,married,tertiary,no,523,yes,no,cellular,3,mar,152,2,-1,0,unknown,yes
4304,45,blue-collar,divorced,primary,no,-207,no,no,cellular,15,jul,878,2,-1,0,unknown,yes
4305,32,management,single,tertiary,no,3283,no,no,cellular,12,aug,623,2,191,2,success,yes
4306,46,blue-collar,married,secondary,no,1147,yes,no,cellular,20,apr,720,1,-1,0,unknown,yes
4307,29,management,single,tertiary,no,1170,no,no,cellular,20,apr,453,1,-1,0,unknown,yes
4308,30,management,single,secondary,no,4642,yes,no,cellular,21,nov,528,1,-1,0,unknown,yes
4309,31,self-employed,married,tertiary,no,2666,no,no,cellular,10,nov,318,2,97,6,success,yes
4310,31,management,married,tertiary,no,792,no,no,cellular,20,aug,763,14,-1,0,unknown,yes
4311,33,blue-collar,single,primary,no,127,yes,no,unknown,29,may,1059,2,-1,0,unknown,yes
4312,49,services,divorced,secondary,no,0,no,no,cellular,28,jul,412,2,-1,0,unknown,yes
4313,30,admin.,married,secondary,no,0,no,no,cellular,1,jun,318,1,-1,0,unknown,yes
4314,29,self-employed,single,tertiary,no,121,yes,no,unknown,30,may,1500,2,-1,0,unknown,yes
4315,44,services,single,secondary,no,618,no,no,cellular,12,may,193,1,-1,0,unknown,yes
4316,34,blue-collar,married,secondary,no,2495,yes,no,unknown,23,may,924,1,-1,0,unknown,yes
4317,62,retired,married,secondary,no,569,no,no,cellular,4,feb,94,5,184,1,success,yes
4318,58,management,married,tertiary,no,473,no,no,cellular,18,feb,1109,1,262,1,success,yes
4319,60,management,married,tertiary,no,474,no,no,cellular,31,aug,415,5,186,3,other,yes
4320,62,retired,divorced,tertiary,no,0,no,no,cellular,13,nov,227,2,-1,0,unknown,yes
4321,53,admin.,married,secondary,no,1796,no,no,telephone,15,dec,476,1,193,1,failure,yes
4322,32,management,single,tertiary,no,520,no,no,cellular,3,feb,443,2,-1,0,unknown,yes
4323,39,blue-collar,married,primary,no,118,no,no,cellular,3,feb,906,1,-1,0,unknown,yes
4324,58,management,married,tertiary,no,3342,no,no,cellular,5,feb,344,5,-1,0,unknown,yes
4325,38,admin.,single,secondary,no,3239,no,no,unknown,5,jun,817,2,-1,0,unknown,yes
4326,56,technician,married,secondary,no,23,no,no,cellular,20,nov,857,3,-1,0,unknown,yes
4327,52,management,married,tertiary,no,40,no,no,cellular,19,nov,1265,3,-1,0,unknown,yes
4328,45,management,married,tertiary,no,226,yes,no,cellular,13,aug,177,6,179,10,success,yes
4329,28,management,single,tertiary,no,939,yes,no,unknown,27,may,740,1,-1,0,unknown,yes
4330,29,blue-collar,single,secondary,no,-20,no,yes,cellular,21,jul,574,1,-1,0,unknown,yes
4331,29,blue-collar,married,secondary,no,940,yes,yes,cellular,15,may,382,1,-1,0,unknown,yes
4332,60,blue-collar,married,primary,no,5,no,no,cellular,29,jan,533,1,92,1,success,yes
4333,31,management,married,secondary,no,0,no,no,cellular,11,aug,720,1,-1,0,unknown,yes
4334,31,services,married,secondary,no,447,no,no,cellular,4,jun,327,3,77,3,success,yes
4335,57,technician,divorced,tertiary,no,126,no,no,telephone,4,jun,166,2,-1,0,unknown,yes
4336,25,technician,single,secondary,no,4718,no,no,cellular,24,jul,709,1,-1,0,unknown,yes
4337,27,management,single,secondary,no,843,no,no,cellular,8,jan,187,1,-1,0,unknown,yes
4338,24,blue-collar,married,primary,no,656,yes,no,unknown,16,may,894,1,-1,0,unknown,yes
4339,39,services,single,secondary,no,91,no,no,cellular,3,sep,213,1,185,1,success,yes
4340,27,services,married,secondary,no,0,yes,no,cellular,22,jul,1608,13,-1,0,unknown,yes
4341,24,self-employed,single,tertiary,no,2984,yes,no,unknown,27,may,935,1,-1,0,unknown,yes
4342,56,management,married,primary,no,870,no,no,cellular,16,nov,257,1,-1,0,unknown,yes
4343,33,admin.,single,tertiary,no,7608,no,no,cellular,30,mar,238,4,-1,0,unknown,yes
4344,38,technician,married,secondary,no,5115,yes,no,cellular,2,jun,318,1,95,7,success,yes
4345,34,admin.,married,secondary,no,247,no,no,cellular,8,oct,401,2,-1,0,unknown,yes
4346,45,blue-collar,married,secondary,no,154,yes,no,unknown,7,may,1138,1,-1,0,unknown,yes
4347,35,management,married,tertiary,no,1731,no,no,cellular,31,jul,361,4,-1,0,unknown,yes
4348,52,management,married,tertiary,no,3634,no,no,cellular,8,feb,341,8,-1,0,unknown,yes
4349,38,admin.,divorced,secondary,no,19,yes,no,cellular,5,feb,1130,3,251,2,success,yes
4350,23,technician,single,tertiary,no,1129,yes,no,unknown,28,may,806,1,-1,0,unknown,yes
4351,38,blue-collar,divorced,secondary,no,0,yes,no,cellular,21,oct,576,1,183,4,success,yes
4352,36,technician,single,secondary,no,12264,no,no,cellular,12,apr,158,2,-1,0,unknown,yes
4353,33,services,married,secondary,no,478,no,no,cellular,30,apr,475,2,-1,0,unknown,yes
4354,43,management,single,tertiary,no,2081,no,no,cellular,22,oct,554,3,-1,0,unknown,yes
4355,41,technician,married,secondary,no,965,no,no,cellular,22,aug,336,10,-1,0,unknown,yes
4356,46,technician,married,secondary,no,332,yes,no,unknown,9,may,772,1,-1,0,unknown,yes
4357,60,housemaid,married,primary,no,1163,no,no,cellular,30,apr,470,8,-1,0,unknown,yes
4358,40,unemployed,married,secondary,no,1960,yes,no,unknown,2,jun,605,6,-1,0,unknown,yes
4359,33,admin.,divorced,secondary,no,294,yes,no,cellular,8,may,763,1,-1,0,unknown,yes
4360,35,self-employed,married,secondary,no,188,yes,yes,unknown,5,jun,1865,2,-1,0,unknown,yes
4361,36,management,married,tertiary,no,254,no,no,cellular,3,feb,303,2,-1,0,unknown,yes
4362,28,student,single,secondary,no,1377,yes,no,cellular,14,may,688,2,-1,0,unknown,yes
4363,60,retired,married,secondary,no,523,no,no,cellular,13,aug,192,3,-1,0,unknown,yes
4364,47,management,married,tertiary,no,600,no,no,cellular,19,aug,290,15,-1,0,unknown,yes
4365,35,student,married,tertiary,no,387,yes,no,cellular,8,may,1024,3,347,3,failure,yes
4366,53,admin.,married,secondary,no,849,yes,no,cellular,6,feb,3102,3,-1,0,unknown,yes
4367,39,blue-collar,divorced,primary,no,1317,yes,no,cellular,20,nov,543,1,170,4,other,yes
4368,46,services,married,secondary,no,273,no,no,cellular,22,aug,565,2,-1,0,unknown,yes
4369,34,management,married,tertiary,no,0,yes,no,cellular,30,apr,300,1,86,1,success,yes
4370,58,retired,divorced,primary,no,2538,yes,no,cellular,19,nov,680,2,111,6,failure,yes
4371,34,technician,married,secondary,no,133,no,no,cellular,15,nov,401,2,187,5,success,yes
4372,33,admin.,single,tertiary,no,146,no,no,cellular,22,oct,380,1,91,3,success,yes
4373,42,technician,single,unknown,no,11115,no,no,cellular,30,apr,328,1,-1,0,unknown,yes
4374,32,services,single,secondary,no,486,no,no,cellular,29,jan,1181,1,-1,0,unknown,yes
4375,47,management,single,tertiary,no,159,no,no,telephone,29,oct,220,3,155,3,other,yes
4376,35,blue-collar,married,unknown,no,1201,no,no,unknown,18,jun,537,1,-1,0,unknown,yes
4377,77,retired,married,primary,no,2590,no,no,telephone,13,nov,212,3,277,12,failure,yes
4378,62,retired,married,unknown,no,800,no,no,cellular,17,feb,737,1,-1,0,unknown,yes
4379,62,self-employed,divorced,secondary,no,0,yes,no,cellular,20,aug,158,1,-1,0,unknown,yes
4380,38,management,married,tertiary,no,385,yes,no,telephone,28,oct,154,1,-1,0,unknown,yes
4381,37,management,married,tertiary,no,238,no,no,cellular,3,feb,185,1,92,1,success,yes
4382,38,management,married,tertiary,no,238,no,no,cellular,4,aug,139,1,92,3,failure,yes
4383,31,management,married,tertiary,no,1812,no,no,cellular,30,apr,461,1,-1,0,unknown,yes
4384,38,management,married,tertiary,no,413,no,no,cellular,13,oct,252,2,183,3,success,yes
4385,31,blue-collar,married,secondary,no,152,yes,yes,cellular,8,jul,831,1,-1,0,unknown,yes
4386,34,blue-collar,married,primary,no,1031,yes,no,unknown,29,may,751,3,-1,0,unknown,yes
4387,33,management,single,tertiary,no,3143,no,no,cellular,29,jun,421,2,-1,0,unknown,yes
4388,38,management,married,tertiary,no,613,no,no,cellular,3,feb,239,1,-1,0,unknown,yes
4389,28,services,single,secondary,no,168,no,no,cellular,12,jan,387,1,194,1,other,yes
4390,67,retired,single,tertiary,no,2144,no,no,telephone,21,apr,847,2,-1,0,unknown,yes
4391,31,management,married,tertiary,no,1331,no,no,cellular,30,apr,297,1,86,3,success,yes
4392,49,technician,married,tertiary,no,2611,no,no,cellular,20,apr,194,2,-1,0,unknown,yes
4393,53,technician,single,secondary,no,925,no,no,cellular,25,aug,930,3,-1,0,unknown,yes
4394,31,technician,single,tertiary,no,985,yes,no,cellular,17,apr,997,1,57,2,failure,yes
4395,60,technician,divorced,secondary,no,367,no,no,cellular,16,aug,318,2,-1,0,unknown,yes
4396,30,unemployed,single,tertiary,no,302,no,no,cellular,11,feb,528,3,-1,0,unknown,yes
4397,38,admin.,married,secondary,no,47,yes,no,cellular,4,may,288,5,-1,0,unknown,yes
4398,49,blue-collar,married,secondary,no,1946,no,no,cellular,16,jul,486,1,-1,0,unknown,yes
4399,40,technician,married,secondary,no,2266,no,no,cellular,16,oct,447,1,147,5,failure,yes
4400,34,technician,single,tertiary,no,992,yes,no,cellular,5,feb,71,2,-1,0,unknown,yes
4401,35,management,single,tertiary,no,3544,yes,no,cellular,8,jun,380,1,-1,0,unknown,yes
4402,33,blue-collar,single,secondary,no,76,yes,no,unknown,4,jun,1141,4,-1,0,unknown,yes
4403,34,management,single,unknown,no,6013,yes,no,cellular,18,may,612,1,-1,0,unknown,yes
4404,28,housemaid,single,tertiary,no,19,no,no,cellular,17,apr,149,1,-1,0,unknown,yes
4405,27,blue-collar,single,primary,no,232,yes,no,cellular,26,oct,701,2,-1,0,unknown,yes
4406,22,unemployed,single,tertiary,no,993,no,no,cellular,28,jul,115,3,93,1,other,yes
4407,27,blue-collar,single,secondary,no,535,no,no,cellular,13,may,159,1,87,3,success,yes
4408,34,technician,married,tertiary,no,127,no,no,cellular,3,jun,117,1,-1,0,unknown,yes
4409,62,housemaid,married,tertiary,no,1528,no,no,cellular,15,oct,134,2,184,1,success,yes
4410,36,blue-collar,married,secondary,no,324,yes,yes,cellular,16,jul,830,1,-1,0,unknown,yes
4411,47,services,divorced,tertiary,no,1639,no,no,cellular,12,jan,349,1,-1,0,unknown,yes
4412,32,admin.,married,secondary,no,0,yes,no,cellular,30,apr,177,2,-1,0,unknown,yes
4413,33,admin.,married,secondary,no,-370,yes,no,cellular,7,may,261,1,345,1,failure,yes
4414,27,technician,single,tertiary,no,11862,no,no,cellular,25,nov,285,2,97,7,success,yes
4415,35,management,married,tertiary,no,323,no,no,cellular,11,jan,261,2,-1,0,unknown,yes
4416,47,housemaid,married,secondary,no,3940,yes,no,cellular,5,aug,226,3,97,2,failure,yes
4417,57,management,divorced,tertiary,no,8897,yes,no,cellular,12,aug,865,2,-1,0,unknown,yes
4418,26,technician,single,secondary,no,2002,no,no,cellular,29,jan,146,1,-1,0,unknown,yes
4419,46,blue-collar,married,secondary,no,668,yes,no,unknown,15,may,1263,2,-1,0,unknown,yes
4420,58,services,married,primary,no,2946,yes,no,cellular,14,may,467,1,-1,0,unknown,yes
4421,43,services,married,tertiary,no,4216,no,no,cellular,24,dec,150,2,195,2,success,yes
4422,49,services,married,primary,no,0,yes,no,cellular,6,may,445,2,166,3,failure,yes
4423,34,technician,married,tertiary,no,23076,no,no,cellular,26,may,243,2,35,6,other,yes
4424,28,unemployed,married,primary,no,7459,yes,no,cellular,2,feb,981,5,269,2,failure,yes
4425,33,blue-collar,married,primary,no,5,yes,no,cellular,17,apr,1007,2,-1,0,unknown,yes
4426,25,student,single,secondary,no,4147,no,no,cellular,14,aug,211,3,-1,0,unknown,yes
4427,26,services,single,tertiary,no,0,no,yes,telephone,1,jul,261,4,-1,0,unknown,yes
4428,32,admin.,single,secondary,no,131,yes,no,cellular,22,jun,522,1,183,2,success,yes
4429,29,management,married,secondary,no,231,no,no,cellular,14,may,1075,1,14,1,failure,yes
4430,30,management,single,tertiary,no,720,no,no,cellular,15,jan,1265,4,210,4,other,yes
4431,23,technician,single,secondary,no,598,no,no,cellular,11,nov,406,1,195,1,failure,yes
4432,41,technician,married,secondary,no,1819,no,no,cellular,22,sep,397,1,371,3,failure,yes
4433,66,management,married,secondary,no,587,no,no,cellular,12,may,457,2,392,2,success,yes
4434,62,retired,married,secondary,no,1495,no,no,cellular,13,oct,896,1,57,2,success,yes
4435,28,self-employed,single,tertiary,no,442,no,no,cellular,19,jun,474,3,95,3,other,yes
4436,33,management,married,tertiary,no,271,yes,no,cellular,13,nov,182,2,91,2,success,yes
4437,77,retired,married,primary,no,29340,no,no,cellular,15,mar,257,1,91,2,other,yes
4438,54,management,married,tertiary,no,1014,no,yes,cellular,30,apr,240,1,162,2,failure,yes
4439,50,management,married,tertiary,no,2366,no,no,cellular,28,jan,816,2,149,1,other,yes
4440,31,housemaid,single,primary,no,26965,no,no,cellular,21,apr,654,2,-1,0,unknown,yes
4441,45,management,single,tertiary,no,1411,no,no,cellular,7,sep,800,2,102,3,failure,yes
4442,30,management,single,tertiary,no,617,no,no,cellular,27,feb,192,2,-1,0,unknown,yes
4443,40,technician,divorced,tertiary,no,4736,yes,no,cellular,11,feb,285,2,-1,0,unknown,yes
4444,67,retired,married,unknown,no,2540,no,no,telephone,14,sep,279,3,92,9,success,yes
4445,39,services,single,secondary,no,403,yes,no,cellular,7,may,1262,3,-1,0,unknown,yes
4446,20,blue-collar,single,secondary,no,423,yes,no,cellular,16,apr,498,1,-1,0,unknown,yes
4447,31,management,married,tertiary,no,131,no,no,cellular,18,feb,332,2,-1,0,unknown,yes
4448,31,admin.,single,tertiary,no,4041,no,no,cellular,30,apr,1034,2,-1,0,unknown,yes
4449,33,management,married,tertiary,no,273,yes,no,unknown,16,may,803,1,-1,0,unknown,yes
4450,45,blue-collar,married,primary,no,101,yes,no,unknown,12,may,460,5,-1,0,unknown,yes
4451,45,admin.,married,secondary,no,0,no,yes,telephone,15,jul,533,3,-1,0,unknown,yes
4452,31,technician,single,secondary,no,2544,no,no,cellular,15,jul,252,1,184,3,success,yes
4453,33,technician,married,tertiary,no,1699,no,no,cellular,6,nov,178,2,94,1,success,yes
4454,41,blue-collar,married,secondary,no,2689,yes,no,cellular,15,apr,135,1,-1,0,unknown,yes
4455,31,management,married,tertiary,no,3160,yes,no,cellular,26,apr,688,2,-1,0,unknown,yes
4456,50,housemaid,married,secondary,no,388,no,no,cellular,11,mar,203,2,-1,0,unknown,yes
4457,56,retired,married,secondary,no,393,no,yes,cellular,26,jul,183,1,221,2,failure,yes
4458,28,student,single,secondary,no,69,no,no,cellular,30,jan,532,2,-1,0,unknown,yes
4459,35,technician,single,tertiary,no,2658,yes,no,cellular,19,aug,768,2,141,3,failure,yes
4460,30,services,single,secondary,yes,-366,yes,no,cellular,18,jul,516,1,-1,0,unknown,yes
4461,64,retired,married,secondary,no,466,yes,no,cellular,18,oct,526,1,-1,0,unknown,yes
4462,32,student,single,tertiary,no,64,no,no,cellular,30,jun,598,4,105,5,failure,yes
4463,29,blue-collar,married,secondary,no,580,yes,yes,cellular,17,apr,1311,2,-1,0,unknown,yes
4464,29,management,single,secondary,no,3317,no,yes,telephone,4,may,640,7,-1,0,unknown,yes
4465,51,blue-collar,married,secondary,no,955,no,yes,cellular,17,dec,221,3,-1,0,unknown,yes
4466,40,housemaid,single,tertiary,no,7441,no,no,cellular,31,jul,1461,6,-1,0,unknown,yes
4467,45,technician,married,tertiary,no,377,yes,no,unknown,19,jun,835,3,-1,0,unknown,yes
4468,36,admin.,single,tertiary,no,994,no,no,cellular,6,may,211,1,90,6,success,yes
4469,31,blue-collar,married,secondary,no,1766,no,yes,cellular,5,jun,166,2,-1,0,unknown,yes
4470,43,services,married,secondary,no,-236,yes,no,cellular,28,jul,745,7,-1,0,unknown,yes
4471,42,services,married,secondary,no,774,no,no,cellular,28,jan,997,1,-1,0,unknown,yes
4472,46,admin.,married,secondary,no,659,yes,no,telephone,29,jul,1127,11,-1,0,unknown,yes
4473,34,technician,married,tertiary,no,149,no,no,cellular,22,aug,739,2,-1,0,unknown,yes
4474,52,blue-collar,married,secondary,no,1405,no,yes,cellular,17,jul,753,2,-1,0,unknown,yes
4475,47,admin.,married,secondary,no,290,yes,no,cellular,22,jul,1352,2,-1,0,unknown,yes
4476,40,student,single,secondary,no,595,yes,no,cellular,3,jun,406,2,-1,0,unknown,yes
4477,26,student,single,secondary,no,4613,no,no,cellular,28,may,663,3,196,2,other,yes
4478,45,technician,married,secondary,no,0,yes,no,cellular,7,dec,344,1,-1,0,unknown,yes
4479,55,retired,divorced,secondary,no,2204,no,no,cellular,22,feb,261,1,264,1,failure,yes
4480,42,unemployed,married,tertiary,no,576,no,no,cellular,3,jun,447,2,96,1,success,yes
4481,40,management,single,tertiary,no,3840,yes,no,cellular,24,sep,232,2,409,2,success,yes
4482,43,technician,married,secondary,no,1358,no,no,cellular,10,mar,159,3,-1,0,unknown,yes
4483,26,student,single,tertiary,no,5169,yes,no,cellular,25,may,397,1,35,2,failure,yes
4484,31,blue-collar,married,secondary,no,0,yes,no,unknown,10,aug,97,1,782,1,other,yes
4485,31,management,single,tertiary,no,533,no,no,cellular,11,feb,144,1,91,9,success,yes
4486,29,services,single,tertiary,no,1788,no,no,cellular,27,oct,353,1,-1,0,unknown,yes
4487,44,self-employed,divorced,tertiary,no,1070,yes,no,cellular,12,aug,137,2,104,3,success,yes
4488,35,management,single,tertiary,no,80,no,no,cellular,4,sep,434,2,94,1,other,yes
4489,36,technician,single,secondary,no,3254,yes,no,unknown,27,oct,207,1,-1,0,unknown,yes
4490,30,admin.,single,secondary,no,1309,no,no,cellular,28,jan,622,1,-1,0,unknown,yes
4491,48,management,married,tertiary,no,0,no,yes,cellular,19,feb,204,4,182,1,success,yes
4492,33,management,single,unknown,no,1534,yes,no,cellular,11,jul,1041,2,-1,0,unknown,yes
4493,36,management,married,tertiary,no,535,no,no,cellular,20,apr,150,2,-1,0,unknown,yes
4494,46,admin.,married,secondary,no,368,no,no,cellular,20,aug,293,1,90,4,other,yes
4495,35,unemployed,single,tertiary,no,415,no,no,cellular,4,may,164,2,89,2,success,yes
4496,46,technician,married,secondary,no,3434,no,yes,cellular,8,jun,148,2,101,1,success,yes
4497,32,admin.,married,secondary,no,35,no,no,cellular,17,dec,324,3,126,3,success,yes
4498,46,services,married,secondary,no,2948,no,no,cellular,21,nov,893,1,-1,0,unknown,yes
4499,54,housemaid,married,tertiary,no,2473,no,no,cellular,5,mar,607,2,-1,0,unknown,yes
4500,36,management,married,tertiary,no,1133,yes,no,cellular,4,aug,293,1,181,2,other,yes
4501,29,admin.,single,secondary,no,306,yes,no,cellular,18,may,774,4,-1,0,unknown,yes
4502,58,management,married,secondary,no,-382,no,no,cellular,31,jul,644,12,-1,0,unknown,yes
4503,35,admin.,divorced,secondary,no,1224,yes,no,cellular,3,nov,187,1,-1,0,unknown,yes
4504,30,management,single,tertiary,no,5359,no,no,cellular,27,may,119,1,98,1,success,yes
4505,31,technician,married,tertiary,no,2166,no,no,cellular,13,jul,577,6,182,2,success,yes
4506,35,management,married,tertiary,no,925,no,no,cellular,8,jun,200,4,-1,0,unknown,yes
4507,36,management,married,tertiary,no,495,no,no,cellular,5,aug,157,3,97,2,success,yes
4508,34,admin.,married,secondary,no,2374,yes,no,cellular,9,nov,161,1,209,2,failure,yes
4509,28,student,single,secondary,no,1925,no,no,cellular,25,may,252,1,88,4,failure,yes
4510,23,services,single,secondary,no,279,yes,no,cellular,18,may,843,1,370,1,failure,yes
4511,46,blue-collar,married,unknown,no,842,yes,no,telephone,8,may,833,1,-1,0,unknown,yes
4512,33,unemployed,single,tertiary,no,6748,no,no,cellular,14,aug,1579,2,-1,0,unknown,yes
4513,25,management,married,tertiary,no,-242,yes,yes,cellular,18,may,600,4,332,4,other,yes
4514,43,blue-collar,married,primary,no,3917,no,no,cellular,2,mar,154,1,-1,0,unknown,yes
4515,38,technician,single,secondary,no,1711,no,no,telephone,30,sep,234,1,-1,0,unknown,yes
4516,62,retired,married,secondary,no,298,no,no,cellular,17,nov,709,2,-1,0,unknown,yes
4517,33,unknown,married,secondary,no,335,no,no,cellular,4,feb,891,2,177,7,failure,yes
4518,53,management,married,unknown,no,2240,yes,no,cellular,2,jun,282,2,385,1,success,yes
4519,38,technician,married,secondary,no,1478,no,no,cellular,12,aug,926,4,-1,0,unknown,yes
4520,32,entrepreneur,married,secondary,no,390,no,no,cellular,6,sep,440,1,280,1,failure,yes
4521,24,student,single,secondary,no,1234,no,no,cellular,21,jul,314,1,156,2,success,yes
4522,26,management,single,tertiary,no,3704,no,no,cellular,19,aug,238,4,-1,0,unknown,yes
4523,55,blue-collar,married,unknown,no,890,no,no,cellular,22,aug,1329,2,-1,0,unknown,yes
4524,47,management,married,tertiary,no,3663,no,no,cellular,30,mar,364,3,-1,0,unknown,yes
4525,58,blue-collar,single,secondary,no,119,yes,yes,cellular,12,may,985,1,-1,0,unknown,yes
4526,30,blue-collar,married,secondary,no,167,yes,no,cellular,10,jul,255,1,-1,0,unknown,yes
4527,39,technician,single,secondary,no,1022,yes,no,unknown,20,may,1410,2,-1,0,unknown,yes
4528,30,admin.,single,tertiary,no,305,no,no,cellular,4,feb,227,2,-1,0,unknown,yes
4529,34,blue-collar,divorced,unknown,no,172,no,no,cellular,15,jun,177,1,-1,0,unknown,yes
4530,34,management,married,tertiary,no,3047,no,no,cellular,30,apr,317,1,160,5,other,yes
4531,56,management,married,tertiary,no,616,no,no,cellular,30,apr,225,1,83,1,success,yes
4532,27,services,single,secondary,no,453,no,no,cellular,19,apr,142,2,-1,0,unknown,yes
4533,46,self-employed,single,secondary,no,526,no,no,cellular,30,apr,523,1,87,2,other,yes
4534,32,management,married,tertiary,no,169,no,no,telephone,14,aug,698,2,-1,0,unknown,yes
4535,27,services,single,secondary,no,1347,no,no,telephone,28,dec,824,1,193,11,success,yes
4536,36,blue-collar,married,primary,no,378,yes,no,cellular,5,may,1240,1,-1,0,unknown,yes
4537,46,admin.,single,tertiary,no,2889,yes,no,cellular,5,may,494,1,-1,0,unknown,yes
4538,46,technician,married,secondary,no,57,no,no,unknown,28,may,796,1,-1,0,unknown,yes
4539,49,management,married,tertiary,no,0,no,no,telephone,17,oct,223,1,-1,0,unknown,yes
4540,39,technician,married,tertiary,no,1293,no,no,cellular,3,jun,140,2,-1,0,unknown,yes
4541,33,technician,single,secondary,no,2085,no,no,cellular,9,feb,501,2,-1,0,unknown,yes
4542,48,entrepreneur,single,secondary,no,315,no,no,unknown,11,feb,271,1,-1,0,unknown,yes
4543,38,blue-collar,married,secondary,no,1627,no,no,unknown,16,jun,1323,9,-1,0,unknown,yes
4544,60,retired,married,secondary,no,1853,no,no,cellular,10,feb,234,1,183,1,success,yes
4545,33,technician,single,secondary,no,1429,yes,no,cellular,31,aug,268,8,-1,0,unknown,yes
4546,64,management,married,tertiary,no,3951,no,no,cellular,28,jan,134,1,91,1,success,yes
4547,22,self-employed,single,tertiary,no,780,no,no,cellular,17,mar,272,3,-1,0,unknown,yes
4548,34,technician,divorced,tertiary,no,674,yes,no,cellular,7,aug,587,2,-1,0,unknown,yes
4549,36,blue-collar,married,secondary,no,218,yes,no,cellular,4,may,619,6,-1,0,unknown,yes
4550,72,retired,married,primary,no,763,no,no,cellular,24,apr,384,2,-1,0,unknown,yes
4551,37,services,married,secondary,no,4151,yes,yes,cellular,30,jul,543,4,-1,0,unknown,yes
4552,78,retired,divorced,primary,no,2787,no,no,telephone,1,jul,372,1,-1,0,unknown,yes
4553,31,technician,married,tertiary,no,26,no,yes,cellular,18,nov,419,1,127,6,other,yes
4554,20,student,single,secondary,no,153,no,no,unknown,21,jun,100,1,-1,0,unknown,yes
4555,60,self-employed,married,primary,no,362,no,yes,cellular,29,jul,816,6,-1,0,unknown,yes
4556,36,self-employed,married,secondary,no,1184,yes,no,cellular,6,apr,1063,1,-1,0,unknown,yes
4557,51,technician,married,secondary,no,6840,no,no,telephone,7,jul,257,1,-1,0,unknown,yes
4558,26,blue-collar,single,secondary,no,3145,no,no,cellular,28,dec,1141,1,209,1,other,yes
4559,48,admin.,married,secondary,no,660,no,no,cellular,18,feb,318,1,561,2,success,yes
4560,49,management,married,tertiary,no,1311,yes,no,cellular,8,may,813,1,-1,0,unknown,yes
4561,20,student,single,secondary,no,215,no,no,cellular,24,nov,325,1,95,5,success,yes
4562,77,retired,married,primary,no,3324,no,no,cellular,13,may,289,1,91,5,success,yes
4563,42,management,single,tertiary,yes,0,yes,no,cellular,21,nov,824,1,-1,0,unknown,yes
4564,31,admin.,single,secondary,no,747,yes,no,unknown,26,may,543,2,-1,0,unknown,yes
4565,56,blue-collar,married,secondary,no,448,yes,yes,cellular,17,may,556,1,181,2,other,yes
4566,32,technician,single,tertiary,no,1246,yes,no,cellular,30,apr,509,1,85,2,success,yes
4567,33,management,married,tertiary,no,271,yes,no,cellular,14,aug,801,2,-1,0,unknown,yes
4568,33,management,single,tertiary,no,1271,yes,no,cellular,15,apr,636,3,330,1,failure,yes
4569,54,housemaid,married,secondary,no,962,yes,no,cellular,29,oct,288,3,-1,0,unknown,yes
4570,28,student,single,tertiary,no,3054,no,no,cellular,30,apr,384,1,80,6,other,yes
4571,41,unemployed,married,tertiary,no,0,no,no,cellular,30,oct,373,3,-1,0,unknown,yes
4572,51,management,married,tertiary,no,346,no,no,cellular,12,nov,134,2,192,3,failure,yes
4573,43,blue-collar,divorced,primary,no,3550,no,no,cellular,20,nov,1154,1,-1,0,unknown,yes
4574,36,management,single,tertiary,no,1379,no,no,cellular,25,may,189,1,186,1,failure,yes
4575,49,management,married,tertiary,no,1093,yes,yes,cellular,12,jan,243,2,91,2,success,yes
4576,47,admin.,divorced,secondary,no,295,yes,no,unknown,6,jun,94,2,-1,0,unknown,yes
4577,30,services,married,secondary,no,129,yes,no,unknown,26,may,1446,7,-1,0,unknown,yes
4578,31,technician,married,tertiary,no,636,yes,no,cellular,4,may,352,4,-1,0,unknown,yes
4579,39,technician,married,secondary,no,4101,yes,no,cellular,18,feb,146,2,264,1,other,yes
4580,40,management,married,tertiary,no,3352,yes,no,telephone,23,oct,138,1,-1,0,unknown,yes
4581,48,management,single,tertiary,no,334,yes,no,cellular,28,sep,600,2,92,12,success,yes
4582,30,services,divorced,secondary,no,341,yes,no,cellular,20,nov,478,1,-1,0,unknown,yes
4583,41,entrepreneur,married,secondary,no,8491,yes,no,cellular,18,nov,929,1,-1,0,unknown,yes
4584,33,services,married,secondary,no,227,yes,yes,cellular,13,aug,477,2,-1,0,unknown,yes
4585,25,student,single,secondary,no,125,no,no,cellular,9,feb,215,1,92,2,success,yes
4586,49,admin.,married,secondary,no,3608,yes,no,unknown,13,nov,231,1,-1,0,unknown,yes
4587,32,management,single,tertiary,no,2536,yes,no,cellular,26,aug,958,6,-1,0,unknown,yes
4588,64,management,married,tertiary,no,4688,no,no,cellular,21,oct,200,1,-1,0,unknown,yes
4589,28,student,single,secondary,no,0,no,no,cellular,18,feb,209,20,-1,0,unknown,yes
4590,37,management,married,tertiary,no,1113,no,no,cellular,2,mar,229,1,182,1,success,yes
4591,25,blue-collar,single,secondary,no,1857,yes,no,cellular,13,apr,295,4,187,6,success,yes
4592,53,admin.,single,secondary,no,2892,no,no,cellular,9,apr,527,3,-1,0,unknown,yes
4593,62,self-employed,divorced,tertiary,no,6,yes,no,cellular,13,apr,103,1,182,3,success,yes
4594,34,services,married,secondary,no,1076,no,no,cellular,12,may,152,1,182,6,success,yes
4595,26,admin.,single,secondary,yes,-930,yes,no,cellular,14,may,786,1,-1,0,unknown,yes
4596,39,blue-collar,married,secondary,no,1382,yes,no,cellular,11,feb,397,2,-1,0,unknown,yes
4597,45,management,single,tertiary,no,2048,yes,no,cellular,18,oct,310,1,804,1,failure,yes
4598,19,student,single,primary,no,608,no,no,cellular,12,may,236,1,180,2,success,yes
4599,33,blue-collar,divorced,unknown,yes,-274,yes,yes,cellular,17,apr,715,2,329,2,failure,yes
4600,43,admin.,married,secondary,no,132,no,no,cellular,27,may,187,2,71,1,success,yes
4601,35,technician,single,secondary,no,344,no,no,cellular,27,aug,519,16,-1,0,unknown,yes
4602,52,blue-collar,married,secondary,no,2230,no,no,cellular,29,oct,423,3,-1,0,unknown,yes
4603,28,self-employed,single,secondary,no,5679,yes,no,cellular,9,feb,701,4,-1,0,unknown,yes
4604,35,blue-collar,single,secondary,no,885,yes,no,cellular,15,jul,632,6,-1,0,unknown,yes
4605,50,blue-collar,married,primary,no,3764,no,no,telephone,9,sep,214,2,99,4,failure,yes
4606,37,services,married,secondary,no,4017,no,no,cellular,30,apr,665,2,196,1,success,yes
4607,36,technician,married,secondary,no,368,yes,yes,unknown,6,may,1597,2,-1,0,unknown,yes
4608,61,retired,married,secondary,no,569,no,no,cellular,4,aug,219,1,-1,0,unknown,yes
4609,24,blue-collar,married,secondary,no,272,no,no,cellular,16,nov,105,2,94,2,success,yes
4610,35,services,single,primary,no,167,no,yes,cellular,11,jul,614,2,-1,0,unknown,yes
4611,32,management,married,tertiary,no,1388,yes,no,cellular,30,apr,753,1,-1,0,unknown,yes
4612,45,blue-collar,married,secondary,no,7895,yes,no,cellular,4,feb,872,1,-1,0,unknown,yes
4613,43,blue-collar,married,secondary,no,2160,no,no,cellular,8,sep,261,1,98,1,success,yes
4614,39,technician,married,secondary,no,1587,yes,no,cellular,2,jun,171,3,-1,0,unknown,yes
4615,35,management,divorced,tertiary,no,1723,yes,no,cellular,25,jul,862,1,-1,0,unknown,yes
4616,23,student,single,tertiary,no,691,no,no,cellular,27,may,1178,1,178,6,success,yes
4617,34,blue-collar,married,secondary,no,243,yes,no,cellular,18,may,507,1,-1,0,unknown,yes
4618,47,admin.,single,secondary,no,3696,no,no,cellular,12,jan,758,4,-1,0,unknown,yes
4619,21,student,single,secondary,no,71,no,no,cellular,13,jan,169,2,-1,0,unknown,yes
4620,37,unknown,single,tertiary,no,0,no,no,cellular,8,jun,257,2,97,1,success,yes
4621,53,admin.,married,secondary,no,3765,no,no,unknown,20,jun,1094,3,-1,0,unknown,yes
4622,46,blue-collar,married,primary,no,977,no,yes,telephone,2,feb,436,3,-1,0,unknown,yes
4623,26,technician,single,tertiary,no,15161,no,no,cellular,2,feb,280,1,-1,0,unknown,yes
4624,51,admin.,married,tertiary,no,0,yes,yes,cellular,8,mar,124,2,-1,0,unknown,yes
4625,58,entrepreneur,married,tertiary,no,776,yes,no,telephone,9,jul,990,1,-1,0,unknown,yes
4626,51,admin.,single,secondary,no,1994,no,no,unknown,18,jun,771,2,-1,0,unknown,yes
4627,33,admin.,married,secondary,no,616,no,no,cellular,6,sep,250,3,-1,0,unknown,yes
4628,46,housemaid,married,primary,no,3512,no,no,cellular,30,oct,175,1,197,1,failure,yes
4629,34,technician,single,tertiary,no,6529,no,no,cellular,14,aug,505,2,-1,0,unknown,yes
4630,40,blue-collar,married,primary,no,0,yes,no,cellular,21,jul,1080,4,-1,0,unknown,yes
4631,40,admin.,divorced,secondary,no,2129,no,no,cellular,30,apr,452,1,-1,0,unknown,yes
4632,46,technician,single,secondary,no,874,no,no,cellular,19,nov,819,3,-1,0,unknown,yes
4633,59,entrepreneur,married,secondary,no,496,no,no,cellular,22,oct,738,3,183,1,success,yes
4634,34,technician,married,tertiary,no,1539,yes,no,cellular,15,jun,441,1,56,1,other,yes
4635,49,management,divorced,tertiary,no,348,no,no,cellular,30,oct,125,1,-1,0,unknown,yes
4636,28,management,single,tertiary,no,1287,yes,no,cellular,26,feb,65,1,-1,0,unknown,yes
4637,56,management,married,tertiary,no,12356,yes,no,cellular,26,may,410,1,551,5,other,yes
4638,28,technician,single,secondary,no,5763,no,yes,cellular,5,mar,196,2,-1,0,unknown,yes
4639,33,blue-collar,married,secondary,no,-267,yes,no,cellular,20,apr,1030,3,-1,0,unknown,yes
4640,37,unemployed,single,secondary,no,443,no,no,cellular,29,jan,1600,1,-1,0,unknown,yes
4641,38,services,married,secondary,no,934,yes,no,cellular,14,may,715,1,-1,0,unknown,yes
4642,25,technician,single,secondary,no,4859,no,no,cellular,12,jan,227,1,-1,0,unknown,yes
4643,74,retired,married,tertiary,no,1843,no,no,cellular,15,sep,251,2,184,3,success,yes
4644,42,unemployed,married,secondary,no,1289,no,no,cellular,15,jul,250,4,415,2,failure,yes
4645,29,housemaid,single,tertiary,no,19,no,no,cellular,3,dec,274,1,230,1,success,yes
4646,60,retired,married,secondary,no,8332,no,no,cellular,16,mar,279,1,194,7,other,yes
4647,41,blue-collar,married,secondary,no,5517,yes,no,cellular,10,jul,584,1,-1,0,unknown,yes
4648,51,admin.,married,secondary,no,949,no,no,cellular,5,aug,1092,1,-1,0,unknown,yes
4649,49,blue-collar,married,primary,no,-157,yes,no,cellular,7,jul,491,3,-1,0,unknown,yes
4650,41,management,married,tertiary,no,254,no,no,cellular,9,jun,183,2,294,2,failure,yes
4651,31,blue-collar,married,secondary,no,136,no,no,cellular,12,may,228,2,267,1,failure,yes
4652,25,admin.,single,secondary,no,285,no,no,cellular,3,jul,658,3,-1,0,unknown,yes
4653,32,management,divorced,tertiary,no,874,no,no,cellular,12,aug,1282,6,-1,0,unknown,yes
4654,73,retired,married,tertiary,no,1641,yes,no,cellular,27,feb,49,2,-1,0,unknown,yes
4655,31,management,single,secondary,no,1088,yes,no,cellular,8,apr,575,2,-1,0,unknown,yes
4656,32,student,single,tertiary,no,1138,no,no,telephone,10,feb,402,3,-1,0,unknown,yes
4657,27,student,single,tertiary,no,13107,yes,no,cellular,6,apr,661,1,314,2,failure,yes
4658,60,retired,married,tertiary,no,2557,yes,no,cellular,2,feb,415,1,-1,0,unknown,yes
4659,34,admin.,married,tertiary,no,142,yes,no,cellular,13,may,459,1,-1,0,unknown,yes
4660,43,admin.,single,secondary,no,733,yes,no,cellular,19,nov,1102,3,-1,0,unknown,yes
4661,31,entrepreneur,single,tertiary,yes,-405,yes,yes,cellular,13,aug,703,2,-1,0,unknown,yes
4662,42,management,single,tertiary,no,11008,no,no,cellular,28,jul,822,6,405,1,success,yes
4663,27,services,single,secondary,no,246,no,no,cellular,17,jun,453,2,-1,0,unknown,yes
4664,57,retired,married,tertiary,no,0,yes,yes,unknown,28,may,648,1,-1,0,unknown,yes
4665,30,management,single,tertiary,no,536,no,no,cellular,14,jan,362,2,91,2,success,yes
4666,45,admin.,divorced,tertiary,no,1506,no,no,cellular,28,jul,365,4,-1,0,unknown,yes
4667,49,admin.,single,secondary,no,716,yes,no,unknown,15,may,1257,3,-1,0,unknown,yes
4668,31,management,single,tertiary,no,354,no,no,cellular,21,apr,242,2,-1,0,unknown,yes
4669,41,management,divorced,tertiary,no,1757,no,no,cellular,22,apr,314,1,239,13,failure,yes
4670,57,technician,married,secondary,no,7554,no,no,telephone,28,oct,141,1,-1,0,unknown,yes
4671,57,management,divorced,unknown,no,854,no,no,cellular,6,oct,480,1,40,5,success,yes
4672,58,retired,married,secondary,no,1230,no,no,cellular,20,may,420,1,87,1,failure,yes
4673,54,management,married,tertiary,no,1303,no,no,cellular,3,feb,1635,1,-1,0,unknown,yes
4674,36,management,married,tertiary,no,93,no,no,cellular,12,jul,262,2,182,7,failure,yes
4675,53,services,divorced,primary,no,-291,yes,yes,unknown,7,may,591,1,-1,0,unknown,yes
4676,34,admin.,married,tertiary,no,69,no,yes,cellular,3,aug,263,3,251,3,success,yes
4677,27,unemployed,single,secondary,no,771,no,no,cellular,21,oct,181,1,302,3,other,yes
4678,41,services,single,secondary,no,-675,yes,yes,cellular,18,mar,147,4,-1,0,unknown,yes
4679,62,technician,married,secondary,no,973,no,no,cellular,2,feb,326,1,-1,0,unknown,yes
4680,27,blue-collar,single,primary,no,377,no,no,cellular,19,feb,645,2,-1,0,unknown,yes
4681,37,technician,married,secondary,no,480,no,no,cellular,22,oct,344,2,182,8,other,yes
4682,22,student,single,secondary,no,552,no,no,cellular,1,sep,327,1,-1,0,unknown,yes
4683,27,student,single,tertiary,no,3733,yes,no,telephone,13,feb,299,6,-1,0,unknown,yes
4684,30,services,single,secondary,no,-158,yes,no,cellular,12,may,426,1,370,2,failure,yes
4685,28,admin.,single,secondary,no,136,no,no,cellular,16,jun,355,1,-1,0,unknown,yes
4686,27,admin.,single,secondary,no,4590,yes,no,cellular,10,nov,131,4,89,3,failure,yes
4687,42,management,divorced,secondary,no,283,yes,no,cellular,23,jul,761,1,-1,0,unknown,yes
4688,36,management,married,tertiary,no,0,yes,no,telephone,23,oct,140,1,143,3,failure,yes
4689,27,blue-collar,married,secondary,no,419,yes,no,unknown,4,jun,1181,2,-1,0,unknown,yes
4690,58,services,divorced,secondary,no,462,no,no,cellular,12,aug,332,1,-1,0,unknown,yes
4691,55,technician,divorced,secondary,yes,4,no,no,cellular,28,jan,1048,1,-1,0,unknown,yes
4692,52,admin.,divorced,secondary,no,363,yes,no,cellular,21,aug,168,1,462,1,success,yes
4693,42,management,single,tertiary,no,7560,no,no,cellular,28,jan,132,1,-1,0,unknown,yes
4694,46,management,divorced,tertiary,no,1297,no,no,cellular,11,aug,716,3,-1,0,unknown,yes
4695,32,technician,single,secondary,no,40,no,no,cellular,8,aug,419,2,-1,0,unknown,yes
4696,52,technician,single,secondary,no,436,no,yes,unknown,22,mar,95,1,-1,0,unknown,yes
4697,57,admin.,married,secondary,no,403,yes,no,cellular,18,may,603,1,340,2,other,yes
4698,40,technician,single,secondary,no,5637,yes,no,unknown,30,may,553,3,-1,0,unknown,yes
4699,30,self-employed,single,tertiary,no,916,no,no,cellular,29,dec,449,2,-1,0,unknown,yes
4700,30,management,married,tertiary,no,1942,yes,yes,cellular,21,nov,436,2,178,3,other,yes
4701,39,technician,divorced,secondary,no,385,no,no,cellular,13,oct,242,1,48,2,failure,yes
4702,28,technician,single,secondary,yes,-1042,yes,no,unknown,6,jun,712,2,-1,0,unknown,yes
4703,34,management,married,tertiary,no,3696,no,no,cellular,8,apr,758,2,160,5,other,yes
4704,30,management,single,tertiary,no,3384,no,no,cellular,4,jun,578,2,-1,0,unknown,yes
4705,24,technician,married,secondary,no,556,yes,no,cellular,8,feb,278,1,94,4,success,yes
4706,59,management,married,tertiary,no,315,no,no,cellular,2,mar,591,1,176,2,failure,yes
4707,38,unemployed,married,tertiary,no,2812,yes,no,cellular,30,apr,830,1,-1,0,unknown,yes
4708,47,unemployed,married,primary,no,324,no,no,cellular,21,nov,462,2,-1,0,unknown,yes
4709,52,blue-collar,married,secondary,no,-519,yes,no,unknown,9,jun,442,8,-1,0,unknown,yes
4710,35,student,single,secondary,no,188,yes,no,cellular,16,feb,75,3,200,5,failure,yes
4711,61,management,married,tertiary,no,267,no,no,cellular,20,apr,190,1,-1,0,unknown,yes
4712,46,self-employed,divorced,tertiary,no,21,no,no,cellular,30,jul,566,2,-1,0,unknown,yes
4713,55,admin.,married,unknown,no,2038,no,no,cellular,9,apr,394,1,-1,0,unknown,yes
4714,42,technician,single,unknown,no,11115,no,no,cellular,10,aug,187,1,102,1,success,yes
4715,26,management,single,tertiary,no,194,no,no,cellular,22,apr,407,2,-1,0,unknown,yes
4716,58,admin.,married,secondary,no,169,no,no,cellular,13,aug,880,1,92,8,success,yes
4717,46,management,divorced,secondary,no,0,no,no,cellular,27,aug,763,5,-1,0,unknown,yes
4718,39,management,married,secondary,no,2981,no,no,cellular,26,mar,200,1,-1,0,unknown,yes
4719,29,student,single,secondary,no,67,no,no,cellular,23,feb,211,1,187,5,success,yes
4720,21,technician,single,unknown,no,360,no,no,cellular,26,may,131,2,-1,0,unknown,yes
4721,57,technician,married,primary,no,3376,yes,no,telephone,2,jun,421,2,-1,0,unknown,yes
4722,31,management,single,tertiary,no,4718,yes,no,cellular,21,nov,536,1,-1,0,unknown,yes
4723,49,technician,divorced,unknown,no,387,no,no,cellular,28,jan,325,1,-1,0,unknown,yes
4724,56,management,divorced,tertiary,no,4266,yes,no,unknown,17,jun,490,4,-1,0,unknown,yes
4725,30,admin.,married,secondary,no,396,yes,no,cellular,13,may,366,3,348,2,failure,yes
4726,34,technician,single,secondary,no,2085,no,no,cellular,10,aug,356,3,182,2,success,yes
4727,35,management,single,tertiary,no,62,yes,no,cellular,20,apr,213,3,-1,0,unknown,yes
4728,55,retired,divorced,secondary,no,-268,no,yes,cellular,24,jul,1417,1,-1,0,unknown,yes
4729,44,blue-collar,married,secondary,no,1697,yes,no,unknown,4,jul,150,2,-1,0,unknown,yes
4730,36,technician,married,tertiary,no,341,no,no,cellular,13,aug,282,1,-1,0,unknown,yes
4731,63,retired,divorced,primary,no,109,no,no,cellular,10,nov,406,2,-1,0,unknown,yes
4732,37,management,married,tertiary,no,0,no,no,cellular,15,jan,426,2,196,1,other,yes
4733,58,retired,married,primary,no,4158,no,no,cellular,13,aug,455,2,-1,0,unknown,yes
4734,37,management,married,tertiary,no,156,no,no,cellular,19,nov,366,3,-1,0,unknown,yes
4735,26,management,single,tertiary,no,390,no,no,cellular,7,aug,325,1,-1,0,unknown,yes
4736,44,blue-collar,single,primary,no,36,yes,no,cellular,15,may,551,1,371,2,failure,yes
4737,37,technician,single,tertiary,no,0,yes,no,cellular,23,jul,366,6,-1,0,unknown,yes
4738,53,management,divorced,tertiary,no,50,yes,no,cellular,15,may,669,1,337,3,failure,yes
4739,37,management,single,NULL,no,102,yes,no,cellular,6,may,445,1,258,2,failure,yes
4740,40,blue-collar,married,primary,no,57,yes,no,cellular,31,jul,1007,9,-1,0,unknown,yes
4741,40,blue-collar,divorced,secondary,no,973,no,no,cellular,14,may,449,1,-1,0,unknown,yes
4742,31,management,married,tertiary,no,3,yes,yes,cellular,11,feb,331,1,-1,0,unknown,yes
4743,36,self-employed,married,secondary,no,1245,yes,no,unknown,6,jun,1469,9,-1,0,unknown,yes
4744,36,blue-collar,married,primary,no,828,no,no,cellular,13,may,1512,1,345,8,failure,yes
4745,52,blue-collar,married,unknown,no,0,yes,no,cellular,9,jul,1486,1,-1,0,unknown,yes
4746,39,blue-collar,married,secondary,no,167,yes,yes,cellular,12,may,612,1,-1,0,unknown,yes
4747,47,admin.,married,unknown,no,66,no,no,cellular,7,aug,358,1,-1,0,unknown,yes
4748,49,entrepreneur,married,secondary,no,687,yes,no,cellular,17,apr,772,1,-1,0,unknown,yes
4749,32,technician,married,tertiary,no,2688,no,no,cellular,14,oct,216,1,57,1,failure,yes
4750,36,management,married,tertiary,no,625,yes,no,cellular,18,jul,1360,9,-1,0,unknown,yes
4751,27,technician,single,secondary,no,1742,yes,no,unknown,16,may,787,1,-1,0,unknown,yes
4752,71,retired,divorced,primary,no,1729,no,no,cellular,17,nov,456,2,-1,0,unknown,yes
4753,32,blue-collar,married,secondary,no,889,yes,no,cellular,10,sep,185,1,99,5,success,yes
4754,29,management,single,tertiary,no,224,yes,no,cellular,24,apr,65,2,81,3,failure,yes
4755,64,housemaid,married,primary,no,768,no,no,cellular,14,jan,371,1,-1,0,unknown,yes
4756,24,student,single,secondary,no,1809,no,no,cellular,11,oct,165,1,95,2,success,yes
4757,21,student,single,primary,no,423,no,no,telephone,18,jan,287,5,285,5,success,yes
4758,42,entrepreneur,divorced,secondary,no,335,yes,no,cellular,12,may,580,1,-1,0,unknown,yes
4759,47,blue-collar,married,secondary,no,182,yes,no,telephone,10,jul,39,1,-1,0,unknown,yes
4760,53,blue-collar,divorced,primary,no,4401,no,no,telephone,11,nov,241,1,92,1,success,yes
4761,33,admin.,single,secondary,no,607,no,no,cellular,27,feb,110,2,-1,0,unknown,yes
4762,62,retired,married,primary,no,1084,no,no,cellular,14,apr,505,1,-1,0,unknown,yes
4763,33,blue-collar,married,secondary,no,0,no,no,cellular,29,jul,454,6,-1,0,unknown,yes
4764,58,unemployed,married,secondary,no,687,yes,no,cellular,30,apr,341,2,-1,0,unknown,yes
4765,52,services,married,secondary,no,659,no,no,cellular,27,oct,113,1,-1,0,unknown,yes
4766,37,technician,single,secondary,no,1435,no,no,cellular,18,aug,724,16,-1,0,unknown,yes
4767,37,management,single,tertiary,no,8828,no,no,unknown,12,jun,1010,3,-1,0,unknown,yes
4768,34,admin.,married,tertiary,no,69,no,yes,cellular,25,nov,296,1,205,2,failure,yes
4769,79,retired,divorced,primary,no,79,no,no,cellular,9,oct,1106,2,-1,0,unknown,yes
4770,54,self-employed,married,tertiary,no,990,no,no,cellular,3,jun,244,2,-1,0,unknown,yes
4771,28,admin.,single,secondary,no,2290,yes,no,cellular,18,may,2301,1,-1,0,unknown,yes
4772,33,management,married,tertiary,no,679,no,no,cellular,5,aug,1109,2,-1,0,unknown,yes
4773,21,blue-collar,married,primary,no,-172,yes,yes,cellular,15,may,409,1,361,3,failure,yes
4774,46,self-employed,married,secondary,no,548,no,no,cellular,12,aug,1181,4,-1,0,unknown,yes
4775,38,technician,single,secondary,no,565,yes,no,cellular,30,apr,1143,1,-1,0,unknown,yes
4776,32,services,married,primary,no,228,yes,no,cellular,21,jul,1017,6,-1,0,unknown,yes
4777,34,self-employed,married,tertiary,no,0,no,no,cellular,28,aug,730,11,-1,0,unknown,yes
4778,49,admin.,single,tertiary,no,228,yes,no,cellular,2,mar,368,1,-1,0,unknown,yes
4779,31,technician,single,tertiary,no,454,no,no,cellular,30,apr,266,1,-1,0,unknown,yes
4780,32,self-employed,married,secondary,no,514,yes,no,cellular,11,jul,812,1,-1,0,unknown,yes
4781,38,blue-collar,single,tertiary,no,2885,yes,no,unknown,20,jun,1422,10,-1,0,unknown,yes
4782,27,blue-collar,single,tertiary,no,567,no,no,cellular,25,nov,238,2,184,1,success,yes
4783,78,unknown,married,unknown,no,2235,no,no,telephone,14,apr,300,3,-1,0,unknown,yes
4784,60,retired,married,secondary,no,5267,no,no,cellular,4,sep,520,1,-1,0,unknown,yes
4785,36,admin.,married,tertiary,no,29,no,no,cellular,12,aug,576,1,-1,0,unknown,yes
4786,75,retired,married,secondary,no,291,no,no,cellular,12,aug,350,1,182,2,success,yes
4787,30,management,single,tertiary,no,4889,no,no,cellular,11,aug,545,2,-1,0,unknown,yes
4788,30,management,single,tertiary,no,502,no,yes,cellular,18,jul,572,1,-1,0,unknown,yes
4789,50,admin.,married,secondary,no,3608,yes,no,cellular,13,nov,176,2,197,2,success,yes
4790,37,management,married,tertiary,no,3556,no,no,cellular,9,nov,268,1,-1,0,unknown,yes
4791,60,admin.,divorced,secondary,no,-41,yes,yes,cellular,6,feb,1658,1,262,1,failure,yes
4792,26,management,single,tertiary,no,3944,yes,no,cellular,14,may,974,2,-1,0,unknown,yes
4793,49,services,married,secondary,no,202,yes,no,cellular,17,nov,651,2,104,1,failure,yes
4794,40,technician,single,tertiary,no,1175,no,no,cellular,14,apr,184,1,-1,0,unknown,yes
4795,46,admin.,married,secondary,no,974,no,no,cellular,17,mar,178,1,-1,0,unknown,yes
4796,38,management,single,tertiary,no,3141,no,no,cellular,9,nov,347,4,189,2,success,yes
4797,74,retired,divorced,secondary,no,4079,no,no,cellular,19,oct,343,3,-1,0,unknown,yes
4798,35,services,single,tertiary,no,0,no,no,cellular,3,jul,704,1,-1,0,unknown,yes
4799,50,unemployed,married,secondary,no,3357,no,no,cellular,9,jun,239,4,-1,0,unknown,yes
4800,54,management,married,primary,no,2587,no,no,cellular,2,jun,236,2,-1,0,unknown,yes
4801,35,management,divorced,tertiary,no,434,yes,no,cellular,13,aug,1314,2,-1,0,unknown,yes
4802,36,unemployed,single,tertiary,no,1291,no,no,cellular,3,feb,298,1,-1,0,unknown,yes
4803,30,blue-collar,single,secondary,no,315,no,no,cellular,23,jun,1407,1,-1,0,unknown,yes
4804,36,services,married,secondary,no,394,no,no,cellular,5,aug,324,1,-1,0,unknown,yes
4805,41,management,married,tertiary,no,5561,no,no,cellular,20,aug,649,2,-1,0,unknown,yes
4806,30,admin.,single,secondary,no,3528,no,no,cellular,4,aug,250,1,92,2,failure,yes
4807,39,entrepreneur,married,primary,no,437,yes,no,unknown,27,oct,150,1,-1,0,unknown,yes
4808,34,services,single,tertiary,no,3119,no,no,cellular,16,oct,306,1,-1,0,unknown,yes
4809,32,services,married,secondary,no,264,yes,yes,cellular,19,nov,1502,1,-1,0,unknown,yes
4810,35,unemployed,married,primary,no,3285,no,no,cellular,21,nov,1555,2,-1,0,unknown,yes
4811,50,management,married,tertiary,no,1396,no,no,cellular,25,aug,731,6,-1,0,unknown,yes
4812,28,services,married,secondary,no,510,yes,yes,cellular,8,jul,1767,2,-1,0,unknown,yes
4813,44,blue-collar,married,primary,no,-101,yes,no,cellular,15,may,679,1,366,4,failure,yes
4814,32,blue-collar,married,primary,no,634,no,no,cellular,29,jan,696,1,-1,0,unknown,yes
4815,30,management,single,tertiary,no,4210,no,no,cellular,12,aug,796,4,-1,0,unknown,yes
4816,59,retired,married,secondary,no,0,no,no,unknown,5,jun,812,1,-1,0,unknown,yes
4817,35,technician,divorced,secondary,no,84,yes,yes,cellular,6,may,954,1,-1,0,unknown,yes
4818,30,blue-collar,married,secondary,no,278,yes,yes,unknown,23,may,1073,1,-1,0,unknown,yes
4819,42,management,married,unknown,no,849,yes,no,cellular,8,oct,667,1,321,1,other,yes
4820,63,retired,married,secondary,no,1612,no,no,telephone,17,feb,233,2,-1,0,unknown,yes
4821,35,technician,single,secondary,no,204,yes,no,cellular,25,may,236,1,-1,0,unknown,yes
4822,43,unemployed,divorced,secondary,no,1854,no,no,cellular,30,apr,323,1,-1,0,unknown,yes
4823,27,technician,single,tertiary,no,4661,no,no,cellular,8,apr,114,1,-1,0,unknown,yes
4824,29,self-employed,single,tertiary,no,1579,no,no,cellular,13,jul,178,1,181,4,success,yes
4825,54,unemployed,married,secondary,no,1561,no,no,cellular,25,may,352,3,186,2,failure,yes
4826,80,retired,married,primary,no,1468,no,no,cellular,13,jan,330,3,-1,0,unknown,yes
4827,57,blue-collar,married,secondary,no,2887,no,no,cellular,21,aug,819,10,-1,0,unknown,yes
4828,33,management,single,tertiary,no,224,no,no,cellular,23,sep,409,2,92,4,success,yes
4829,65,retired,married,primary,no,1760,no,no,cellular,18,aug,855,4,-1,0,unknown,yes
4830,59,admin.,married,secondary,no,3735,no,no,cellular,17,jun,243,3,91,6,success,yes
4831,30,housemaid,single,tertiary,no,19,no,no,cellular,4,aug,139,1,92,5,success,yes
4832,28,blue-collar,married,secondary,no,61,yes,no,cellular,4,may,226,2,319,1,success,yes
4833,29,technician,married,secondary,no,95,no,yes,cellular,3,feb,172,3,-1,0,unknown,yes
4834,31,self-employed,married,tertiary,no,5,yes,yes,cellular,21,nov,635,1,135,2,failure,yes
4835,31,management,single,secondary,no,360,yes,no,cellular,18,may,309,1,-1,0,unknown,yes
4836,49,blue-collar,married,secondary,no,1730,yes,no,cellular,4,aug,605,2,92,4,success,yes
4837,43,unemployed,married,tertiary,no,0,no,no,cellular,16,jul,745,1,281,1,failure,yes
4838,40,unemployed,single,tertiary,no,7968,no,no,cellular,2,mar,263,2,180,2,success,yes
4839,39,unemployed,married,primary,no,7005,yes,no,cellular,28,jul,429,2,184,3,success,yes
4840,71,technician,married,secondary,no,3020,no,no,telephone,30,jul,304,1,270,3,failure,yes
4841,38,self-employed,single,tertiary,no,605,no,no,telephone,18,jun,1603,10,-1,0,unknown,yes
4842,30,management,single,tertiary,no,376,yes,no,cellular,21,nov,710,1,-1,0,unknown,yes
4843,45,unemployed,married,secondary,no,891,yes,no,unknown,7,jan,118,1,-1,0,unknown,yes
4844,67,retired,divorced,secondary,no,704,no,no,cellular,6,may,613,1,87,3,success,yes
4845,58,admin.,married,secondary,no,4348,yes,no,cellular,23,jun,790,4,141,1,other,yes
4846,45,admin.,divorced,secondary,no,2353,yes,no,cellular,5,mar,182,1,107,2,other,yes
4847,34,management,married,tertiary,no,8000,no,no,cellular,12,feb,291,1,260,2,failure,yes
4848,27,technician,single,tertiary,no,2781,yes,no,cellular,24,may,168,1,389,1,failure,yes
4849,51,blue-collar,married,primary,no,541,no,no,cellular,11,aug,663,3,-1,0,unknown,yes
4850,38,management,married,unknown,no,3576,no,no,cellular,26,may,579,1,-1,0,unknown,yes
4851,28,management,single,tertiary,no,2725,no,no,cellular,16,jun,292,1,504,1,failure,yes
4852,25,student,single,secondary,no,2354,no,no,cellular,5,feb,226,7,-1,0,unknown,yes
4853,37,services,married,secondary,no,775,no,no,cellular,14,aug,150,2,-1,0,unknown,yes
4854,38,blue-collar,married,secondary,no,622,yes,no,unknown,21,may,611,2,-1,0,unknown,yes
4855,37,technician,single,secondary,no,4,no,no,cellular,11,aug,933,1,-1,0,unknown,yes
4856,34,management,NULL,tertiary,no,5,no,no,cellular,18,aug,370,2,-1,0,unknown,yes
4857,37,technician,single,tertiary,no,3943,no,no,cellular,6,apr,1138,2,138,1,failure,yes
4858,76,retired,divorced,primary,no,802,no,no,cellular,9,mar,241,1,181,5,success,yes
4859,48,management,married,tertiary,no,2351,no,no,cellular,15,sep,150,1,105,3,success,yes
4860,49,technician,divorced,tertiary,no,1807,yes,no,cellular,12,mar,229,1,-1,0,unknown,yes
4861,62,housemaid,married,secondary,no,2,no,no,cellular,3,nov,322,1,-1,0,unknown,yes
4862,33,services,single,unknown,no,2297,no,no,cellular,27,jul,527,1,-1,0,unknown,yes
4863,19,student,single,unknown,no,779,no,no,cellular,1,apr,184,4,-1,0,unknown,yes
4864,25,student,single,secondary,no,108,no,no,cellular,29,apr,305,3,-1,0,unknown,yes
4865,31,services,divorced,primary,no,459,yes,no,cellular,7,may,623,1,293,1,success,yes
4866,38,technician,single,tertiary,no,110,no,no,unknown,17,jun,1051,3,-1,0,unknown,yes
4867,31,technician,single,tertiary,no,13711,yes,no,cellular,20,nov,1532,3,-1,0,unknown,yes
4868,24,student,single,tertiary,no,3415,no,no,cellular,27,apr,97,1,-1,0,unknown,yes
4869,24,self-employed,single,tertiary,no,2376,no,no,cellular,27,apr,122,1,-1,0,unknown,yes
4870,26,technician,single,secondary,no,181,no,no,cellular,20,apr,158,2,-1,0,unknown,yes
4871,73,retired,married,tertiary,no,448,no,no,cellular,24,mar,136,1,-1,0,unknown,yes
4872,29,entrepreneur,married,secondary,no,714,yes,yes,cellular,13,may,482,2,-1,0,unknown,yes
4873,49,admin.,married,secondary,no,3608,yes,no,cellular,30,apr,252,1,168,1,success,yes
4874,42,management,married,primary,no,5310,yes,no,cellular,25,nov,968,2,97,4,success,yes
4875,68,retired,single,tertiary,no,2144,no,no,cellular,26,jan,708,1,96,3,success,yes
4876,60,management,married,tertiary,no,2281,no,no,cellular,5,feb,230,2,-1,0,unknown,yes
4877,53,management,divorced,tertiary,no,2679,no,no,cellular,20,nov,295,3,-1,0,unknown,yes
4878,62,retired,married,secondary,no,1495,no,no,cellular,2,feb,265,1,-1,0,unknown,yes
4879,33,management,single,tertiary,no,1304,yes,no,cellular,18,may,536,2,-1,0,unknown,yes
4880,36,housemaid,married,primary,no,78,yes,no,telephone,30,jul,2692,9,-1,0,unknown,yes
4881,46,services,married,primary,no,437,yes,no,cellular,13,may,546,3,-1,0,unknown,yes
4882,37,housemaid,married,secondary,no,7433,no,yes,cellular,5,feb,630,3,-1,0,unknown,yes
4883,53,blue-collar,married,secondary,no,6112,no,no,cellular,3,feb,211,1,-1,0,unknown,yes
4884,34,admin.,married,secondary,no,155,no,no,cellular,5,feb,696,2,-1,0,unknown,yes
4885,24,blue-collar,single,secondary,no,9883,no,no,cellular,8,jul,210,5,-1,0,unknown,yes
4886,36,management,married,tertiary,no,495,no,no,cellular,11,sep,91,1,37,5,success,yes
4887,34,technician,married,secondary,no,294,yes,no,cellular,9,dec,265,1,184,3,success,yes
4888,48,blue-collar,single,primary,no,8990,no,no,telephone,2,feb,1790,2,-1,0,unknown,yes
4889,43,self-employed,single,unknown,no,3173,no,no,unknown,15,may,746,1,-1,0,unknown,yes
4890,32,technician,divorced,tertiary,no,53,no,no,cellular,22,aug,671,2,-1,0,unknown,yes
4891,46,blue-collar,married,secondary,no,640,yes,no,cellular,12,mar,215,1,182,4,success,yes
4892,32,blue-collar,single,secondary,no,217,yes,no,cellular,15,may,692,3,-1,0,unknown,yes
4893,45,blue-collar,married,primary,no,804,yes,no,unknown,16,may,528,1,-1,0,unknown,yes
4894,29,unemployed,single,primary,no,1374,no,no,cellular,17,nov,309,3,208,4,success,yes
4895,25,management,single,tertiary,no,3,yes,yes,cellular,16,apr,1034,1,-1,0,unknown,yes
4896,20,student,single,secondary,no,502,no,no,cellular,30,apr,261,1,-1,0,unknown,yes
4897,45,blue-collar,married,secondary,no,61,yes,no,unknown,26,may,745,4,-1,0,unknown,yes
4898,42,admin.,divorced,secondary,no,153,yes,no,unknown,16,may,844,1,-1,0,unknown,yes
4899,29,blue-collar,married,secondary,no,8,yes,yes,cellular,10,jul,627,1,-1,0,unknown,yes
4900,23,self-employed,single,tertiary,no,780,no,no,cellular,16,sep,393,1,183,3,success,yes
4901,37,management,married,tertiary,no,630,no,no,cellular,30,apr,315,1,87,1,success,yes
4902,35,management,married,tertiary,no,2161,no,no,cellular,9,sep,569,3,-1,0,unknown,yes
4903,61,retired,married,tertiary,no,32685,no,no,cellular,2,mar,1447,2,-1,0,unknown,yes
4904,31,management,single,tertiary,no,3384,no,no,cellular,16,sep,153,1,104,2,success,yes
4905,41,management,married,primary,no,5310,yes,no,cellular,17,nov,984,1,-1,0,unknown,yes
4906,34,blue-collar,divorced,secondary,no,383,yes,no,unknown,13,may,2231,1,-1,0,unknown,yes
4907,32,services,single,secondary,no,772,yes,no,unknown,15,may,697,3,-1,0,unknown,yes
4908,32,technician,married,tertiary,no,2976,yes,no,cellular,5,feb,783,1,175,5,failure,yes
4909,34,technician,single,secondary,no,2729,yes,no,cellular,18,nov,835,1,-1,0,unknown,yes
4910,35,blue-collar,married,unknown,no,520,yes,no,cellular,17,apr,476,1,-1,0,unknown,yes
4911,44,admin.,married,secondary,no,205,no,no,cellular,3,nov,289,1,-1,0,unknown,yes
4912,32,services,single,unknown,no,2378,no,no,cellular,17,nov,1132,2,-1,0,unknown,yes
4913,34,admin.,married,secondary,no,48,yes,no,cellular,7,may,1806,2,287,3,other,yes
4914,50,entrepreneur,married,primary,no,461,yes,no,unknown,15,may,651,32,-1,0,unknown,yes
4915,32,technician,single,secondary,no,116,yes,no,cellular,20,aug,718,2,-1,0,unknown,yes
4916,23,blue-collar,married,secondary,no,272,no,no,cellular,14,aug,100,2,-1,0,unknown,yes
4917,32,blue-collar,single,secondary,no,799,no,yes,cellular,23,jul,2078,6,-1,0,unknown,yes
4918,60,housemaid,married,secondary,no,0,no,no,telephone,3,aug,676,2,181,5,failure,yes
4919,44,admin.,single,secondary,no,1534,no,no,cellular,10,nov,95,1,95,3,success,yes
4920,30,admin.,married,secondary,no,4457,yes,no,cellular,21,nov,566,4,-1,0,unknown,yes
4921,37,technician,married,unknown,no,189,no,no,cellular,16,jun,162,2,-1,0,unknown,yes
4922,35,technician,single,tertiary,no,1880,no,no,cellular,20,may,154,1,-1,0,unknown,yes
4923,36,services,divorced,secondary,yes,0,no,yes,cellular,15,jul,687,7,-1,0,unknown,yes
4924,39,management,married,secondary,no,11835,yes,no,cellular,11,aug,744,2,-1,0,unknown,yes
4925,25,technician,married,tertiary,no,839,yes,no,cellular,18,may,700,3,-1,0,unknown,yes
4926,33,management,single,tertiary,no,952,yes,no,cellular,29,apr,1241,5,-1,0,unknown,yes
4927,28,blue-collar,single,secondary,no,-197,yes,no,unknown,9,may,2016,2,-1,0,unknown,yes
4928,31,self-employed,single,tertiary,no,1657,yes,yes,cellular,28,jan,872,1,-1,0,unknown,yes
4929,56,retired,married,primary,no,1947,no,no,cellular,2,mar,225,2,123,5,failure,yes
4930,41,entrepreneur,married,secondary,no,30,no,no,cellular,30,apr,460,1,-1,0,unknown,yes
4931,68,retired,divorced,primary,no,2027,no,no,cellular,14,sep,404,2,91,4,success,yes
4932,61,admin.,married,tertiary,no,1332,no,no,cellular,12,mar,156,1,-1,0,unknown,yes
4933,37,management,single,tertiary,no,72,yes,yes,cellular,20,apr,885,5,150,7,failure,yes
4934,28,student,single,secondary,no,153,no,no,cellular,23,jul,1124,2,-1,0,unknown,yes
4935,46,admin.,married,secondary,no,70,yes,no,cellular,27,mar,229,2,-1,0,unknown,yes
4936,53,services,divorced,secondary,no,36,yes,yes,unknown,2,jul,25,1,417,1,success,yes
4937,32,services,single,secondary,no,-198,yes,no,unknown,21,may,681,3,-1,0,unknown,yes
4938,33,admin.,single,secondary,no,5,yes,no,cellular,15,may,934,2,368,2,failure,yes
4939,57,housemaid,married,tertiary,no,2326,no,no,cellular,17,apr,378,1,-1,0,unknown,yes
4940,41,technician,married,tertiary,no,67,yes,no,cellular,19,nov,814,1,-1,0,unknown,yes
4941,24,technician,single,secondary,no,598,no,no,cellular,12,may,762,1,182,2,success,yes
4942,45,student,single,unknown,no,1527,no,no,cellular,8,mar,132,1,-1,0,unknown,yes
4943,49,management,married,secondary,no,1623,yes,no,cellular,19,nov,1081,2,-1,0,unknown,yes
4944,30,blue-collar,single,primary,no,253,yes,no,cellular,5,may,259,1,-1,0,unknown,yes
4945,26,services,single,secondary,no,1445,no,no,telephone,23,oct,171,1,-1,0,unknown,yes
4946,57,management,married,tertiary,no,256,no,no,cellular,5,jun,304,2,91,1,success,yes
4947,39,blue-collar,married,unknown,no,1181,yes,no,cellular,30,jul,650,2,-1,0,unknown,yes
4948,40,technician,single,tertiary,no,1646,yes,no,cellular,4,may,392,2,91,3,success,yes
4949,52,retired,divorced,tertiary,no,-309,yes,no,unknown,19,jun,500,2,-1,0,unknown,yes
4950,35,technician,single,tertiary,no,670,no,no,cellular,13,apr,278,4,182,2,success,yes
4951,46,admin.,divorced,secondary,no,2196,no,no,cellular,28,jul,573,5,-1,0,unknown,yes
4952,49,services,divorced,secondary,no,947,no,no,unknown,20,jun,808,2,-1,0,unknown,yes
4953,22,student,single,secondary,no,71,no,no,cellular,13,jul,337,1,181,2,success,yes
4954,36,technician,married,tertiary,no,521,no,no,cellular,20,oct,347,3,-1,0,unknown,yes
4955,38,technician,married,secondary,no,5115,yes,no,cellular,27,feb,99,1,102,6,success,yes
4956,40,management,married,tertiary,no,-17,yes,yes,cellular,11,may,474,1,256,1,success,yes
4957,24,technician,married,secondary,no,556,yes,no,cellular,18,aug,460,2,-1,0,unknown,yes
4958,78,retired,divorced,primary,no,229,no,no,telephone,22,oct,97,1,-1,0,unknown,yes
4959,25,technician,single,secondary,no,325,no,no,cellular,22,oct,716,3,-1,0,unknown,yes
4960,63,management,married,tertiary,no,5112,no,no,telephone,13,nov,2184,2,95,3,failure,yes
4961,31,management,single,tertiary,no,11821,no,no,cellular,18,aug,384,11,-1,0,unknown,yes
4962,41,technician,single,secondary,no,650,yes,no,cellular,20,nov,2420,3,-1,0,unknown,yes
4963,50,retired,married,secondary,no,8648,no,no,cellular,12,may,731,3,176,1,failure,yes
4964,27,self-employed,single,tertiary,no,168,no,no,cellular,12,nov,123,1,196,1,success,yes
4965,27,blue-collar,single,secondary,no,2486,yes,no,unknown,29,may,733,1,-1,0,unknown,yes
4966,50,technician,divorced,secondary,no,396,no,no,unknown,20,jun,716,2,-1,0,unknown,yes
4967,44,management,married,tertiary,no,1791,no,no,telephone,12,aug,201,1,182,2,success,yes
4968,26,self-employed,single,tertiary,no,168,no,no,cellular,30,apr,394,1,-1,0,unknown,yes
4969,46,technician,married,unknown,no,3308,no,no,cellular,28,jul,219,2,-1,0,unknown,yes
4970,36,services,married,secondary,no,4721,no,no,cellular,9,jun,150,1,92,5,success,yes
4971,35,management,single,tertiary,no,18111,no,no,cellular,14,aug,172,4,-1,0,unknown,yes
4972,68,retired,married,secondary,no,1146,no,no,cellular,3,mar,153,2,110,3,success,yes
4973,50,admin.,divorced,secondary,no,237,no,yes,telephone,5,nov,169,1,-1,0,unknown,yes
4974,36,services,married,unknown,no,618,no,no,cellular,13,jul,360,1,335,2,success,yes
4975,34,admin.,divorced,secondary,no,1085,no,no,cellular,11,mar,101,7,-1,0,unknown,yes
4976,30,management,single,tertiary,no,1028,no,no,cellular,4,feb,1294,2,-1,0,unknown,yes
4977,22,admin.,single,secondary,no,114,no,no,cellular,30,mar,517,1,-1,0,unknown,yes
4978,59,admin.,married,secondary,no,0,yes,no,cellular,10,jul,982,1,-1,0,unknown,yes
4979,60,blue-collar,married,primary,no,631,no,no,cellular,12,aug,429,2,-1,0,unknown,yes
4980,32,technician,married,secondary,no,660,no,no,cellular,25,oct,226,2,490,1,failure,yes
4981,46,self-employed,married,tertiary,no,2421,no,no,cellular,19,nov,1084,1,100,4,failure,yes
4982,23,student,single,secondary,no,794,no,no,cellular,26,jul,607,3,171,3,other,yes
4983,22,self-employed,single,secondary,no,2138,no,yes,cellular,10,aug,164,1,109,2,other,yes
4984,59,services,married,secondary,no,2965,yes,no,cellular,13,may,1970,3,-1,0,unknown,yes
4985,26,management,single,tertiary,no,222,no,no,cellular,28,jun,247,1,63,2,success,yes
4986,35,management,divorced,tertiary,no,6997,yes,no,cellular,9,jul,1121,1,-1,0,unknown,yes
4987,53,retired,married,secondary,no,665,yes,no,cellular,22,apr,371,2,-1,0,unknown,yes
4988,39,management,married,tertiary,no,285,yes,no,cellular,15,jul,838,3,-1,0,unknown,yes
4989,32,technician,married,secondary,no,473,no,yes,cellular,10,aug,1064,1,95,3,success,yes
4990,41,management,married,tertiary,no,2226,no,no,cellular,7,aug,182,2,99,1,failure,yes
4991,37,admin.,single,secondary,no,245,yes,yes,unknown,7,may,732,2,-1,0,unknown,yes
4992,35,management,married,tertiary,no,1133,yes,no,cellular,3,nov,102,1,-1,0,unknown,yes
4993,42,management,married,tertiary,no,294,no,no,cellular,26,aug,513,1,-1,0,unknown,yes
4994,27,admin.,divorced,secondary,no,451,yes,no,cellular,16,jul,652,1,-1,0,unknown,yes
4995,57,unknown,married,unknown,no,19268,no,no,unknown,23,oct,301,1,-1,0,unknown,yes
4996,41,blue-collar,married,primary,no,1461,yes,no,unknown,6,jun,554,2,-1,0,unknown,yes
4997,37,housemaid,single,secondary,no,465,yes,no,cellular,18,may,899,3,-1,0,unknown,yes
4998,44,unemployed,divorced,tertiary,no,0,no,no,cellular,5,feb,1960,3,-1,0,unknown,yes
4999,32,technician,single,tertiary,no,654,yes,no,cellular,25,may,615,4,-1,0,unknown,yes
5000,34,admin.,married,tertiary,no,79,yes,no,cellular,5,aug,203,1,92,5,success,yes
5001,42,services,married,tertiary,no,4216,no,no,cellular,12,jun,186,2,-1,0,unknown,yes
5002,54,admin.,married,secondary,no,66,yes,no,cellular,11,nov,167,1,-1,0,unknown,yes
5003,48,self-employed,married,tertiary,no,0,no,no,cellular,29,jan,1249,3,-1,0,unknown,yes
5004,73,retired,married,primary,no,5539,no,no,telephone,6,aug,338,1,-1,0,unknown,yes
5005,33,management,married,tertiary,no,2599,no,no,cellular,30,apr,1373,2,-1,0,unknown,yes
5006,42,management,married,tertiary,no,2187,yes,no,cellular,17,nov,525,3,-1,0,unknown,yes
5007,57,admin.,married,secondary,no,2120,no,no,cellular,19,aug,687,4,-1,0,unknown,yes
5008,29,services,single,primary,no,339,no,no,unknown,4,jul,1576,3,-1,0,unknown,yes
5009,47,blue-collar,married,secondary,no,8229,no,no,cellular,8,aug,784,2,-1,0,unknown,yes
5010,51,management,married,tertiary,no,346,no,no,cellular,12,feb,122,1,92,5,success,yes
5011,34,management,married,tertiary,no,158,no,no,cellular,9,jun,190,1,92,9,success,yes
5012,25,technician,single,secondary,no,7103,yes,no,cellular,28,may,188,3,10,1,failure,yes
5013,50,admin.,married,secondary,no,4855,no,no,cellular,5,aug,720,2,-1,0,unknown,yes
5014,47,admin.,single,secondary,no,3696,no,no,cellular,12,jul,250,2,181,4,success,yes
5015,40,technician,married,secondary,no,-357,yes,no,cellular,16,jul,700,4,-1,0,unknown,yes
5016,79,retired,married,secondary,no,8304,no,no,telephone,9,mar,303,9,-1,0,unknown,yes
5017,30,student,single,secondary,no,48,no,no,cellular,25,feb,217,1,191,2,success,yes
5018,54,self-employed,single,tertiary,no,384,no,yes,cellular,27,may,200,1,-1,0,unknown,yes
5019,53,blue-collar,married,primary,no,751,yes,no,cellular,3,feb,1528,2,-1,0,unknown,yes
5020,33,blue-collar,divorced,secondary,no,3546,yes,no,unknown,23,may,777,2,-1,0,unknown,yes
5021,60,management,married,tertiary,no,73,no,no,telephone,8,aug,243,2,-1,0,unknown,yes
5022,35,self-employed,single,tertiary,no,71,no,no,cellular,15,jun,651,1,-1,0,unknown,yes
5023,46,admin.,married,secondary,no,974,no,no,cellular,5,jun,174,2,80,1,success,yes
5024,52,services,married,primary,no,306,yes,no,cellular,13,may,650,5,-1,0,unknown,yes
5025,50,management,married,tertiary,no,3463,no,yes,cellular,28,oct,96,1,-1,0,unknown,yes
5026,47,admin.,married,secondary,no,3676,no,no,cellular,15,jul,415,2,342,1,other,yes
5027,73,retired,married,tertiary,no,459,no,no,cellular,17,feb,281,1,-1,0,unknown,yes
5028,35,admin.,married,tertiary,no,286,no,no,cellular,30,apr,949,2,-1,0,unknown,yes
5029,26,blue-collar,married,secondary,no,-11,yes,yes,cellular,17,jul,1150,3,-1,0,unknown,yes
5030,46,management,married,tertiary,no,273,yes,no,cellular,15,sep,1962,1,105,3,failure,yes
5031,42,management,married,tertiary,no,2665,yes,no,cellular,4,jun,280,2,126,11,failure,yes
5032,29,self-employed,single,tertiary,no,3290,no,no,cellular,12,may,430,1,50,3,success,yes
5033,30,management,single,tertiary,no,8535,no,no,cellular,18,jun,393,2,-1,0,unknown,yes
5034,37,management,married,tertiary,no,1276,no,no,cellular,16,nov,146,1,94,2,success,yes
5035,28,admin.,single,unknown,no,2736,no,no,cellular,8,jul,705,1,-1,0,unknown,yes
5036,32,blue-collar,married,secondary,no,10287,yes,no,cellular,27,may,281,4,188,1,failure,yes
5037,53,management,married,tertiary,no,1624,no,no,cellular,6,aug,107,1,98,6,success,yes
5038,41,self-employed,married,secondary,yes,0,yes,no,cellular,17,nov,789,1,-1,0,unknown,yes
5039,40,services,married,secondary,no,446,yes,no,unknown,16,may,1252,1,-1,0,unknown,yes
5040,53,technician,married,tertiary,no,395,no,no,cellular,29,oct,136,1,148,1,failure,yes
5041,64,retired,divorced,primary,no,315,no,no,cellular,17,feb,154,1,-1,0,unknown,yes
5042,32,technician,married,secondary,no,484,yes,no,cellular,12,aug,668,2,463,1,success,yes
5043,48,technician,married,secondary,yes,0,no,no,unknown,30,may,682,1,-1,0,unknown,yes
5044,35,admin.,single,secondary,no,507,yes,no,cellular,22,jul,560,2,-1,0,unknown,yes
5045,43,management,married,tertiary,no,2987,no,no,cellular,4,jun,156,1,85,3,failure,yes
5046,25,services,single,secondary,no,801,no,no,cellular,5,jun,255,2,-1,0,unknown,yes
5047,43,management,married,tertiary,no,0,no,no,cellular,14,jul,1153,3,-1,0,unknown,yes
5048,29,management,single,tertiary,no,572,yes,no,telephone,8,nov,319,1,-1,0,unknown,yes
5049,61,management,single,tertiary,no,2,no,no,cellular,12,aug,131,1,114,3,failure,yes
5050,64,retired,married,unknown,no,34,no,no,cellular,26,aug,244,2,-1,0,unknown,yes
5051,27,technician,single,tertiary,no,1075,no,no,cellular,2,sep,529,2,184,1,success,yes
5052,38,technician,single,tertiary,no,508,yes,yes,cellular,12,aug,1103,2,-1,0,unknown,yes
5053,36,management,married,tertiary,no,926,no,no,cellular,14,apr,216,1,-1,0,unknown,yes
5054,61,self-employed,married,tertiary,no,10861,no,no,cellular,25,oct,225,1,91,5,success,yes
5055,49,blue-collar,divorced,primary,no,24,yes,no,cellular,11,may,701,1,362,1,success,yes
5056,33,blue-collar,single,primary,no,611,no,no,telephone,16,sep,390,2,-1,0,unknown,yes
5057,25,blue-collar,single,secondary,no,1857,yes,no,cellular,12,oct,187,1,91,12,success,yes
5058,33,blue-collar,single,secondary,no,329,no,no,cellular,6,sep,224,1,145,2,other,yes
5059,51,management,married,tertiary,no,2635,no,no,cellular,21,may,407,3,74,5,failure,yes
5060,32,blue-collar,married,secondary,no,225,yes,no,cellular,17,apr,574,1,150,1,failure,yes
5061,32,admin.,married,secondary,no,1604,no,yes,cellular,7,jul,625,1,-1,0,unknown,yes
5062,72,retired,married,primary,no,4657,no,no,telephone,23,mar,255,1,91,8,success,yes
5063,34,admin.,married,secondary,no,1406,yes,no,cellular,20,aug,63,2,85,1,success,yes
5064,38,technician,married,secondary,no,6728,no,no,cellular,25,nov,232,1,96,4,success,yes
5065,35,management,married,tertiary,no,611,no,no,cellular,1,oct,305,2,121,1,success,yes
5066,38,technician,divorced,tertiary,no,1805,no,no,unknown,9,jun,952,2,-1,0,unknown,yes
5067,43,blue-collar,single,primary,no,-399,no,yes,cellular,28,jul,662,3,-1,0,unknown,yes
5068,31,technician,single,tertiary,no,208,no,no,cellular,12,aug,1344,7,-1,0,unknown,yes
5069,30,management,married,tertiary,no,10884,no,no,cellular,4,may,333,2,-1,0,unknown,yes
5070,22,student,single,primary,no,3472,no,no,cellular,20,oct,332,1,183,3,failure,yes
5071,46,admin.,married,secondary,no,556,yes,yes,unknown,15,may,646,3,-1,0,unknown,yes
5072,52,management,married,tertiary,no,7192,no,no,cellular,4,aug,1486,1,-1,0,unknown,yes
5073,35,technician,single,tertiary,no,13460,yes,no,cellular,15,may,1068,3,-1,0,unknown,yes
5074,71,retired,married,primary,no,2988,no,no,telephone,17,apr,130,1,-1,0,unknown,yes
5075,30,management,single,tertiary,no,102,yes,no,cellular,18,dec,364,3,-1,0,unknown,yes
5076,25,student,single,secondary,no,1868,no,no,cellular,26,oct,259,1,103,2,other,yes
5077,34,management,single,tertiary,no,-578,yes,no,cellular,18,may,767,2,-1,0,unknown,yes
5078,51,admin.,married,secondary,no,241,no,no,cellular,7,dec,308,2,-1,0,unknown,yes
5079,25,services,single,secondary,no,162,yes,no,cellular,1,sep,531,2,-1,0,unknown,yes
5080,48,management,married,tertiary,no,5320,yes,no,unknown,20,jun,792,1,-1,0,unknown,yes
5081,42,blue-collar,married,secondary,no,366,yes,no,cellular,22,may,324,1,106,1,failure,yes
5082,55,management,married,unknown,no,1504,yes,no,cellular,22,may,338,2,-1,0,unknown,yes
5083,38,admin.,single,secondary,no,262,no,no,cellular,3,feb,315,2,180,6,failure,yes
5084,26,blue-collar,single,secondary,no,191,yes,no,cellular,6,may,550,1,-1,0,unknown,yes
5085,27,admin.,married,tertiary,no,73,no,no,cellular,10,feb,159,1,-1,0,unknown,yes
5086,75,retired,married,primary,no,358,no,no,cellular,17,feb,364,11,-1,0,unknown,yes
5087,32,technician,single,secondary,no,483,no,no,cellular,8,aug,580,3,-1,0,unknown,yes
5088,39,management,single,tertiary,no,5047,no,no,cellular,29,apr,218,4,-1,0,unknown,yes
5089,46,technician,single,secondary,no,5862,no,no,cellular,1,jun,84,1,-1,0,unknown,yes
5090,40,management,married,tertiary,no,0,yes,no,cellular,25,mar,506,2,-1,0,unknown,yes
5091,36,blue-collar,divorced,secondary,no,2843,no,no,cellular,14,aug,186,1,-1,0,unknown,yes
5092,54,self-employed,divorced,primary,no,351,yes,no,unknown,6,jun,642,2,-1,0,unknown,yes
5093,42,management,married,tertiary,no,372,yes,no,cellular,4,aug,153,3,1,2,success,yes
5094,42,management,married,tertiary,no,27696,no,no,cellular,12,may,176,2,89,5,success,yes
5095,37,blue-collar,single,secondary,no,133,yes,no,cellular,11,may,1388,2,-1,0,unknown,yes
5096,25,student,single,unknown,no,3,no,no,cellular,26,may,170,1,-1,0,unknown,yes
5097,29,management,single,tertiary,no,15459,no,no,cellular,18,feb,264,7,-1,0,unknown,yes
5098,32,management,single,tertiary,no,2551,yes,no,cellular,21,jul,638,3,-1,0,unknown,yes
5099,64,retired,married,secondary,no,571,yes,no,cellular,20,apr,1422,2,-1,0,unknown,yes
5100,55,management,married,tertiary,no,7803,no,no,cellular,15,jan,441,1,-1,0,unknown,yes
5101,56,management,married,primary,no,0,no,no,cellular,3,feb,996,1,-1,0,unknown,yes
5102,28,admin.,single,unknown,no,24,yes,no,cellular,18,jul,415,2,-1,0,unknown,yes
5103,52,management,divorced,tertiary,no,2104,no,no,cellular,3,jun,210,2,-1,0,unknown,yes
5104,36,technician,divorced,secondary,no,3158,yes,no,cellular,3,jun,144,2,-1,0,unknown,yes
5105,25,student,married,tertiary,no,10,yes,no,cellular,21,jul,857,4,-1,0,unknown,yes
5106,66,self-employed,married,tertiary,no,147,no,no,telephone,12,jan,411,1,-1,0,unknown,yes
5107,31,management,single,tertiary,no,12857,yes,no,telephone,4,may,483,4,87,2,success,yes
5108,43,technician,divorced,unknown,no,4389,no,no,telephone,2,jul,632,2,85,1,success,yes
5109,59,management,married,tertiary,no,474,no,no,cellular,21,aug,252,1,-1,0,unknown,yes
5110,35,management,married,unknown,no,2326,yes,yes,cellular,16,sep,319,1,-1,0,unknown,yes
5111,48,admin.,married,primary,no,3644,yes,yes,telephone,31,jul,1039,9,-1,0,unknown,yes
5112,38,admin.,married,tertiary,no,1988,no,no,cellular,27,mar,164,2,130,2,failure,yes
5113,27,admin.,married,secondary,no,1595,no,no,cellular,29,dec,196,2,197,2,success,yes
5114,25,student,single,secondary,no,331,no,no,telephone,26,aug,170,4,-1,0,unknown,yes
5115,56,management,married,unknown,no,4623,no,no,cellular,25,feb,305,1,192,1,success,yes
5116,54,management,divorced,tertiary,no,12018,yes,no,cellular,21,dec,267,2,-1,0,unknown,yes
5117,36,unemployed,married,tertiary,no,154,no,no,cellular,26,aug,556,7,-1,0,unknown,yes
5118,31,admin.,single,secondary,no,190,no,no,cellular,30,apr,514,1,-1,0,unknown,yes
5119,62,entrepreneur,married,secondary,no,3904,no,no,telephone,29,jan,403,2,-1,0,unknown,yes
5120,31,technician,single,tertiary,no,882,no,no,cellular,4,sep,293,1,93,1,success,yes
5121,66,retired,divorced,unknown,no,53,no,no,cellular,12,jul,562,4,-1,0,unknown,yes
5122,32,management,single,tertiary,no,6542,yes,no,cellular,15,may,1598,4,175,5,failure,yes
5123,40,services,divorced,secondary,no,687,yes,no,cellular,2,feb,531,1,208,1,success,yes
5124,43,blue-collar,married,primary,no,3064,yes,no,cellular,20,nov,2453,2,-1,0,unknown,yes
5125,51,housemaid,divorced,secondary,no,9228,no,no,cellular,18,jul,655,4,-1,0,unknown,yes
5126,34,blue-collar,married,secondary,no,800,no,no,cellular,5,apr,144,1,-1,0,unknown,yes
5127,47,management,married,tertiary,no,3505,no,no,cellular,17,nov,434,2,-1,0,unknown,yes
5128,36,management,single,tertiary,no,5958,yes,no,cellular,22,sep,155,1,184,1,success,yes
5129,27,technician,single,tertiary,no,667,no,no,cellular,29,jan,866,2,-1,0,unknown,yes
5130,52,services,divorced,secondary,no,36,yes,yes,cellular,11,may,930,1,-1,0,unknown,yes
5131,44,housemaid,single,primary,no,1059,no,no,unknown,18,jun,2093,1,-1,0,unknown,yes
5132,26,technician,married,secondary,no,915,no,no,cellular,2,jun,384,1,-1,0,unknown,yes
5133,32,technician,married,secondary,no,1547,no,no,cellular,26,oct,289,1,805,4,other,yes
5134,34,management,married,tertiary,no,3050,yes,no,cellular,13,may,469,1,-1,0,unknown,yes
5135,35,technician,married,tertiary,no,7050,no,no,cellular,11,aug,222,3,182,4,success,yes
5136,32,management,single,tertiary,no,2,yes,no,cellular,11,sep,100,2,-1,0,unknown,yes
5137,43,self-employed,married,secondary,no,14144,yes,no,cellular,21,nov,504,1,-1,0,unknown,yes
5138,50,unemployed,married,primary,no,705,no,no,unknown,5,jun,504,1,-1,0,unknown,yes
5139,40,blue-collar,married,primary,no,1758,yes,no,unknown,16,may,1230,3,-1,0,unknown,yes
5140,29,self-employed,single,tertiary,no,476,yes,no,cellular,18,may,427,1,-1,0,unknown,yes
5141,32,technician,married,secondary,no,348,yes,no,cellular,17,jul,926,1,-1,0,unknown,yes
5142,50,management,married,tertiary,no,5969,no,no,cellular,25,jan,455,1,544,2,failure,yes
5143,65,unemployed,married,secondary,no,3195,no,no,telephone,2,mar,904,1,-1,0,unknown,yes
5144,59,self-employed,married,tertiary,no,2013,no,no,cellular,17,nov,409,2,-1,0,unknown,yes
5145,44,entrepreneur,married,tertiary,no,121,no,no,cellular,10,aug,412,1,-1,0,unknown,yes
5146,33,admin.,married,secondary,no,82,yes,no,cellular,25,jul,735,1,-1,0,unknown,yes
5147,33,management,single,tertiary,no,935,no,no,cellular,9,feb,385,2,92,8,success,yes
5148,57,unemployed,married,secondary,no,3754,no,no,cellular,5,feb,1063,2,-1,0,unknown,yes
5149,38,management,single,tertiary,no,104,yes,no,cellular,6,may,606,3,-1,0,unknown,yes
5150,49,management,married,tertiary,no,4751,no,no,cellular,12,aug,884,4,-1,0,unknown,yes
5151,45,blue-collar,married,unknown,no,1529,yes,no,cellular,13,nov,181,1,197,1,success,yes
5152,25,technician,single,secondary,no,102,no,yes,cellular,8,jul,574,2,-1,0,unknown,yes
5153,22,housemaid,single,secondary,no,1796,no,no,cellular,28,jun,369,3,-1,0,unknown,yes
5154,32,management,single,tertiary,no,935,no,no,cellular,10,aug,161,2,375,5,failure,yes
5155,36,services,single,secondary,no,365,no,no,cellular,4,may,643,1,-1,0,unknown,yes
5156,32,management,divorced,tertiary,no,222,no,yes,cellular,15,jul,820,4,-1,0,unknown,yes
5157,45,blue-collar,single,secondary,no,0,no,no,cellular,5,aug,374,2,472,1,success,yes
5158,35,housemaid,single,secondary,no,1015,yes,no,unknown,5,jun,406,2,-1,0,unknown,yes
5159,23,student,single,secondary,no,107,no,no,cellular,14,oct,84,1,183,1,success,yes
5160,50,blue-collar,married,primary,no,82,no,no,telephone,5,apr,456,1,-1,0,unknown,yes
5161,31,management,married,tertiary,no,877,no,no,cellular,9,jun,192,1,93,7,other,yes
5162,61,retired,married,tertiary,no,2557,yes,no,cellular,10,nov,89,1,91,4,success,yes
5163,42,blue-collar,married,primary,no,1673,yes,no,cellular,17,apr,636,3,-1,0,unknown,yes
5164,39,blue-collar,married,secondary,no,2467,no,no,cellular,19,jul,207,2,276,3,other,yes
5165,37,technician,single,secondary,no,980,no,no,cellular,8,aug,1306,5,-1,0,unknown,yes
5166,30,blue-collar,single,secondary,no,183,yes,no,cellular,18,jul,610,1,-1,0,unknown,yes
5167,55,unemployed,divorced,secondary,no,387,yes,no,unknown,6,may,918,1,-1,0,unknown,yes
5168,30,services,divorced,primary,no,459,yes,no,cellular,18,jul,494,1,-1,0,unknown,yes
5169,57,management,married,tertiary,no,1227,no,no,cellular,5,jun,232,1,-1,0,unknown,yes
5170,31,unemployed,single,tertiary,no,302,no,no,cellular,3,feb,349,1,357,3,success,yes
5171,37,entrepreneur,divorced,secondary,no,175,yes,yes,unknown,13,may,753,6,-1,0,unknown,yes
5172,34,blue-collar,married,secondary,no,182,no,no,cellular,6,aug,938,2,-1,0,unknown,yes
5173,31,technician,married,secondary,yes,-367,yes,no,cellular,18,jul,474,2,-1,0,unknown,yes
5174,52,technician,married,tertiary,no,876,no,no,cellular,4,may,601,3,-1,0,unknown,yes
5175,48,unemployed,divorced,secondary,no,201,no,no,cellular,10,nov,594,1,91,1,success,yes
5176,73,retired,married,primary,no,796,no,no,cellular,23,oct,427,1,182,2,failure,yes
5177,54,retired,divorced,tertiary,no,0,no,no,unknown,13,may,618,1,-1,0,unknown,yes
5178,38,admin.,married,secondary,no,1559,no,no,cellular,3,mar,136,2,280,1,failure,yes
5179,39,blue-collar,married,primary,no,70,no,no,unknown,8,may,813,1,-1,0,unknown,yes
5180,44,self-employed,single,tertiary,no,2734,yes,no,cellular,12,may,897,4,-1,0,unknown,yes
5181,29,admin.,single,secondary,no,3528,no,no,cellular,8,oct,137,1,-1,0,unknown,yes
5182,51,management,married,tertiary,no,469,no,no,cellular,15,apr,200,1,181,2,success,yes
5183,31,blue-collar,married,secondary,no,3311,yes,no,unknown,20,may,719,1,-1,0,unknown,yes
5184,33,services,single,secondary,no,152,yes,no,cellular,25,may,202,2,365,2,success,yes
5185,39,self-employed,married,tertiary,no,1047,no,no,unknown,6,jun,554,1,-1,0,unknown,yes
5186,30,technician,married,secondary,no,484,yes,no,unknown,6,may,703,1,-1,0,unknown,yes
5187,39,technician,married,secondary,no,1587,yes,no,cellular,8,sep,108,2,98,3,success,yes
5188,25,management,married,tertiary,no,4461,no,no,cellular,11,mar,796,5,-1,0,unknown,yes
5189,57,admin.,single,secondary,no,3551,yes,no,cellular,12,may,458,1,-1,0,unknown,yes
5190,35,management,married,tertiary,no,495,no,no,cellular,30,apr,266,1,87,1,failure,yes
5191,27,blue-collar,single,secondary,no,3792,no,no,cellular,22,apr,279,2,-1,0,unknown,yes
5192,27,technician,single,secondary,no,489,yes,no,cellular,30,jul,356,4,-1,0,unknown,yes
5193,28,self-employed,single,tertiary,no,159,no,no,cellular,16,nov,449,2,33,4,success,yes
5194,41,admin.,single,secondary,no,985,yes,no,cellular,30,jun,274,2,391,11,success,yes
5195,46,blue-collar,married,primary,no,369,yes,no,unknown,13,may,916,2,-1,0,unknown,yes
5196,38,management,divorced,secondary,no,257,yes,no,cellular,30,apr,435,1,-1,0,unknown,yes
5197,35,technician,married,secondary,no,2779,no,no,cellular,22,oct,118,2,-1,0,unknown,yes
5198,24,services,single,secondary,no,638,yes,yes,cellular,7,may,792,3,-1,0,unknown,yes
5199,24,blue-collar,single,secondary,no,833,yes,no,cellular,15,may,956,1,-1,0,unknown,yes
5200,28,management,single,tertiary,no,9314,no,no,cellular,2,jul,276,2,-1,0,unknown,yes
5201,28,admin.,single,secondary,no,4745,no,no,telephone,12,may,360,1,181,5,success,yes
5202,53,management,married,secondary,no,2693,no,no,cellular,5,mar,90,1,104,1,failure,yes
5203,45,management,married,tertiary,no,160,no,no,cellular,10,nov,182,2,194,1,success,yes
5204,33,services,married,secondary,no,1697,no,no,cellular,3,nov,179,1,-1,0,unknown,yes
5205,51,management,married,tertiary,no,0,no,no,unknown,7,jun,302,1,-1,0,unknown,yes
5206,32,technician,single,tertiary,no,-770,yes,no,cellular,18,may,618,1,-1,0,unknown,yes
5207,65,retired,married,secondary,no,20806,no,no,telephone,8,apr,523,2,-1,0,unknown,yes
5208,32,blue-collar,married,primary,no,3136,yes,no,cellular,19,nov,820,1,-1,0,unknown,yes
5209,67,retired,married,primary,no,1430,no,no,cellular,11,jan,499,2,91,3,failure,yes
5210,53,technician,married,secondary,no,6831,no,no,cellular,13,may,1130,2,-1,0,unknown,yes
5211,41,blue-collar,divorced,primary,no,664,no,yes,cellular,15,jul,955,5,-1,0,unknown,yes
5212,30,blue-collar,single,secondary,no,49,no,no,cellular,30,jan,808,2,-1,0,unknown,yes
5213,37,blue-collar,married,secondary,no,604,yes,no,cellular,7,oct,371,1,495,1,failure,yes
5214,27,technician,single,tertiary,no,931,yes,no,cellular,4,feb,1078,1,-1,0,unknown,yes
5215,77,retired,married,tertiary,no,699,no,no,cellular,13,aug,425,2,-1,0,unknown,yes
5216,32,admin.,single,secondary,no,212,no,no,cellular,7,jul,830,5,-1,0,unknown,yes
5217,25,management,single,tertiary,no,362,no,no,cellular,3,jun,617,2,-1,0,unknown,yes
5218,32,management,single,tertiary,no,2667,yes,no,cellular,12,aug,971,2,-1,0,unknown,yes
5219,43,technician,married,secondary,no,-754,yes,yes,cellular,9,jul,727,3,-1,0,unknown,yes
5220,30,services,married,secondary,no,517,no,no,cellular,11,dec,141,2,-1,0,unknown,yes
5221,59,management,divorced,tertiary,no,258,yes,no,telephone,29,oct,266,1,-1,0,unknown,yes
5222,61,retired,married,tertiary,no,3140,yes,yes,cellular,6,aug,975,4,98,1,unknown,yes
5223,32,self-employed,single,tertiary,no,658,yes,no,cellular,27,mar,283,1,-1,0,unknown,yes
5224,37,management,married,tertiary,no,255,no,no,cellular,24,feb,562,2,183,10,success,yes
5225,51,self-employed,married,tertiary,no,5350,yes,yes,cellular,31,jul,612,4,-1,0,unknown,yes
5226,55,management,divorced,tertiary,no,9756,yes,no,cellular,5,jun,103,2,95,1,other,yes
5227,38,management,single,tertiary,no,3646,yes,no,cellular,12,may,1710,2,286,1,other,yes
5228,47,admin.,married,secondary,no,368,no,no,cellular,21,may,403,1,87,6,success,yes
5229,59,services,divorced,secondary,no,1,yes,no,cellular,28,jan,602,1,253,5,other,yes
5230,51,retired,married,secondary,no,1435,no,no,unknown,11,jun,587,1,-1,0,unknown,yes
5231,25,admin.,single,secondary,no,122,yes,no,cellular,7,may,481,2,-1,0,unknown,yes
5232,67,retired,divorced,primary,no,2027,no,no,cellular,15,mar,161,2,-1,0,unknown,yes
5233,58,entrepreneur,married,secondary,no,496,no,no,cellular,22,apr,132,1,-1,0,unknown,yes
5234,52,management,single,tertiary,no,83,no,no,cellular,26,aug,1223,6,-1,0,unknown,yes
5235,54,technician,single,tertiary,no,467,yes,no,cellular,18,jul,674,3,-1,0,unknown,yes
5236,27,technician,single,secondary,yes,0,no,yes,cellular,8,jul,732,1,-1,0,unknown,yes
5237,41,services,married,secondary,no,471,yes,no,cellular,13,may,954,2,293,4,success,yes
5238,72,retired,married,secondary,no,5715,no,no,cellular,17,may,1114,1,181,2,success,yes
5239,24,blue-collar,married,secondary,no,-389,yes,yes,unknown,4,jun,1242,1,-1,0,unknown,yes
5240,36,admin.,single,tertiary,no,364,no,yes,cellular,31,aug,185,1,123,1,failure,yes
5241,39,services,married,secondary,no,25,yes,yes,cellular,12,may,658,1,351,3,failure,yes
5242,55,technician,divorced,secondary,no,3450,no,no,cellular,10,feb,169,1,183,1,failure,yes
5243,35,admin.,married,secondary,no,2374,yes,no,cellular,11,aug,765,2,183,5,success,yes
5244,32,technician,single,tertiary,no,5514,no,no,cellular,22,apr,319,1,182,1,success,yes
5245,29,blue-collar,single,tertiary,no,455,no,no,telephone,27,may,214,2,36,1,success,yes
5246,59,services,single,secondary,no,739,no,no,cellular,14,jan,408,1,-1,0,unknown,yes
5247,33,management,married,secondary,no,336,no,no,cellular,15,apr,179,3,-1,0,unknown,yes
5248,30,services,divorced,secondary,no,436,yes,no,cellular,17,jun,1720,1,-1,0,unknown,yes
5249,30,management,single,tertiary,no,536,no,no,cellular,2,jul,309,1,-1,0,unknown,yes
5250,37,management,married,tertiary,no,0,no,no,cellular,16,jul,268,2,182,3,success,yes
5251,39,management,single,tertiary,no,0,yes,no,cellular,18,feb,224,3,-1,0,unknown,yes
5252,40,blue-collar,married,unknown,no,1181,yes,no,cellular,4,feb,718,2,189,2,success,yes
5253,29,management,single,tertiary,no,265,no,no,cellular,22,may,491,1,-1,0,unknown,yes
5254,24,unemployed,single,secondary,no,2573,no,no,cellular,24,may,375,2,-1,0,unknown,yes
5255,31,blue-collar,married,primary,no,-537,yes,yes,cellular,21,jul,1039,7,-1,0,unknown,yes
5256,62,management,married,secondary,no,1128,no,no,cellular,2,sep,236,1,290,3,other,yes
5257,33,admin.,married,unknown,no,2780,no,no,cellular,19,nov,485,1,-1,0,unknown,yes
5258,67,management,married,tertiary,no,405,no,no,cellular,10,nov,344,2,95,2,success,yes
5259,44,self-employed,married,secondary,no,706,no,no,unknown,5,nov,204,1,-1,0,unknown,yes
5260,79,retired,married,secondary,no,2661,no,no,cellular,10,nov,254,5,-1,0,unknown,yes
5261,30,technician,single,secondary,no,2734,no,no,cellular,21,nov,459,3,-1,0,unknown,yes
5262,38,housemaid,married,primary,no,196,no,no,cellular,30,apr,574,1,-1,0,unknown,yes
5263,31,management,single,tertiary,no,533,no,no,telephone,12,may,372,1,90,10,success,yes
5264,38,technician,married,secondary,no,6728,no,no,cellular,21,aug,252,4,-1,0,unknown,yes
5265,36,services,single,secondary,no,1227,yes,yes,cellular,4,may,775,5,341,3,failure,yes
5266,30,blue-collar,married,secondary,no,5,no,no,cellular,17,apr,840,3,-1,0,unknown,yes
5267,34,technician,married,tertiary,no,197,no,no,cellular,20,aug,78,3,-1,0,unknown,yes
5268,27,management,single,primary,yes,13,no,no,cellular,30,jan,475,3,-1,0,unknown,yes
5269,32,admin.,married,tertiary,no,284,yes,no,cellular,29,apr,717,3,-1,0,unknown,yes
5270,37,management,single,tertiary,no,33,yes,no,cellular,12,mar,186,1,-1,0,unknown,yes
5271,56,management,married,tertiary,no,2333,no,no,cellular,4,may,244,1,-1,0,unknown,yes
5272,28,blue-collar,single,secondary,no,1705,no,no,cellular,17,dec,412,2,-1,0,unknown,yes
5273,49,blue-collar,married,secondary,no,2039,yes,no,cellular,6,may,451,1,169,2,failure,yes
5274,23,student,single,secondary,no,381,no,no,cellular,23,feb,696,1,189,2,other,yes
5275,56,retired,married,secondary,no,3738,yes,no,cellular,17,apr,156,1,305,6,other,yes
5276,54,blue-collar,divorced,primary,no,4401,no,no,telephone,13,may,414,1,183,2,success,yes
5277,59,management,married,tertiary,no,553,yes,no,cellular,7,jul,1272,3,-1,0,unknown,yes
5278,53,technician,married,secondary,no,-725,yes,no,unknown,27,may,1205,1,-1,0,unknown,yes
5279,51,retired,married,primary,no,67,no,no,unknown,18,jun,835,1,-1,0,unknown,yes
5280,31,unemployed,married,tertiary,no,330,no,no,cellular,13,jul,309,1,181,3,success,yes
5281,62,management,divorced,tertiary,no,5943,no,no,telephone,17,feb,196,4,-1,0,unknown,yes
5282,38,technician,single,tertiary,no,25,yes,no,cellular,1,jun,232,2,-1,0,unknown,yes
5283,25,management,single,tertiary,no,316,no,no,cellular,27,mar,347,2,-1,0,unknown,yes
5284,43,technician,divorced,unknown,no,4389,no,no,cellular,8,apr,618,1,-1,0,unknown,yes
5285,45,admin.,divorced,secondary,no,0,no,no,cellular,29,oct,264,1,-1,0,unknown,yes
5286,78,retired,divorced,primary,no,1389,no,no,cellular,8,apr,335,1,-1,0,unknown,yes
5287,30,management,single,tertiary,no,398,no,no,cellular,27,oct,102,1,180,3,success,yes
5288,69,retired,divorced,tertiary,no,247,no,no,cellular,22,apr,138,2,-1,0,unknown,yes
5289,48,entrepreneur,married,secondary,no,0,no,yes,cellular,28,jul,431,2,-1,0,unknown,yes
5290,31,admin.,single,secondary,no,131,yes,no,cellular,15,jun,151,1,-1,0,unknown,yes
5291,57,retired,single,primary,no,604,no,no,cellular,19,nov,187,1,-1,0,unknown,no
5292,45,admin.,divorced,secondary,no,0,yes,no,cellular,17,nov,102,1,-1,0,unknown,no
5293,48,blue-collar,married,secondary,no,238,yes,yes,cellular,2,jun,118,2,81,1,success,no
5294,34,admin.,single,secondary,no,673,yes,no,cellular,29,jan,89,1,260,2,failure,no
5295,37,entrepreneur,married,tertiary,no,7944,no,no,cellular,21,nov,102,1,-1,0,unknown,no
5296,32,management,married,tertiary,no,3696,no,no,unknown,21,may,315,3,-1,0,unknown,no
5297,35,self-employed,married,secondary,no,347,no,no,unknown,20,jun,231,1,-1,0,unknown,no
5298,31,blue-collar,married,primary,no,-199,yes,yes,telephone,12,may,149,5,299,10,failure,no
5299,54,technician,married,tertiary,yes,337,yes,no,unknown,28,may,302,2,-1,0,unknown,no
5300,52,unemployed,married,secondary,no,5091,no,no,cellular,26,may,309,1,-1,0,unknown,no
5301,29,self-employed,single,secondary,no,970,yes,no,cellular,13,may,240,1,-1,0,unknown,no
5302,34,services,single,secondary,no,258,yes,no,unknown,4,jun,131,2,-1,0,unknown,no
5303,37,blue-collar,divorced,secondary,no,614,yes,no,unknown,20,may,185,1,-1,0,unknown,no
5304,66,housemaid,married,secondary,no,1929,no,no,cellular,2,feb,169,1,-1,0,unknown,no
5305,33,technician,married,secondary,no,2362,yes,no,cellular,26,aug,271,4,-1,0,unknown,no
5306,60,retired,married,secondary,no,8121,yes,yes,cellular,18,aug,98,7,-1,0,unknown,no
5307,55,management,divorced,tertiary,no,608,yes,no,cellular,7,may,161,2,-1,0,unknown,no
5308,34,blue-collar,single,secondary,no,3723,yes,no,unknown,27,may,47,5,-1,0,unknown,no
5309,52,blue-collar,married,primary,no,117,no,yes,cellular,24,jul,164,2,-1,0,unknown,no
5310,29,services,married,secondary,no,363,yes,no,cellular,15,may,164,1,-1,0,unknown,no
5311,43,services,divorced,secondary,no,130,yes,no,unknown,8,may,193,1,-1,0,unknown,no
5312,57,services,divorced,primary,no,2225,yes,no,cellular,18,may,8,4,-1,0,unknown,no
5313,32,blue-collar,married,primary,no,-105,yes,yes,telephone,31,jul,454,19,-1,0,unknown,no
5314,67,unknown,married,tertiary,no,7687,no,no,telephone,30,oct,70,3,-1,0,unknown,no
5315,45,services,married,secondary,no,222,no,no,cellular,25,aug,119,11,-1,0,unknown,no
5316,47,technician,single,secondary,no,736,no,no,cellular,29,jul,212,2,-1,0,unknown,no
5317,31,self-employed,single,tertiary,no,84,no,no,cellular,6,aug,157,4,-1,0,unknown,no
5318,52,blue-collar,divorced,primary,no,196,yes,no,unknown,7,may,119,3,-1,0,unknown,no
5319,41,technician,married,secondary,no,2123,no,no,cellular,8,aug,130,2,-1,0,unknown,no
5320,35,blue-collar,single,secondary,no,-482,yes,no,unknown,27,may,472,1,-1,0,unknown,no
5321,48,management,divorced,tertiary,no,700,yes,no,cellular,29,aug,488,2,-1,0,unknown,no
5322,53,blue-collar,married,primary,no,1388,no,no,cellular,7,aug,139,4,-1,0,unknown,no
5323,59,entrepreneur,married,primary,no,222,no,no,cellular,18,nov,97,1,-1,0,unknown,no
5324,26,blue-collar,single,secondary,no,592,yes,yes,unknown,27,may,174,1,-1,0,unknown,no
5325,30,management,married,tertiary,no,0,no,no,cellular,14,aug,95,2,-1,0,unknown,no
5326,56,self-employed,married,tertiary,no,411,no,no,unknown,19,jun,145,4,-1,0,unknown,no
5327,41,blue-collar,divorced,secondary,no,-104,yes,no,unknown,16,may,32,3,-1,0,unknown,no
5328,52,technician,married,secondary,no,475,yes,no,cellular,28,jul,121,3,-1,0,unknown,no
5329,35,admin.,single,secondary,no,181,yes,no,cellular,18,may,217,4,301,1,failure,no
5330,41,management,married,tertiary,no,653,yes,no,telephone,17,nov,60,2,-1,0,unknown,no
5331,39,management,married,tertiary,no,0,yes,no,unknown,2,jun,46,2,-1,0,unknown,no
5332,51,management,married,tertiary,no,0,yes,yes,cellular,19,aug,263,1,84,1,other,no
5333,46,blue-collar,married,secondary,no,942,no,no,cellular,18,nov,240,3,119,2,failure,no
5334,43,technician,divorced,primary,no,13,no,yes,cellular,9,jul,977,4,-1,0,unknown,no
5335,31,technician,single,secondary,no,200,no,no,cellular,6,aug,315,2,-1,0,unknown,no
5336,56,unemployed,married,secondary,no,660,yes,no,unknown,6,jun,72,3,-1,0,unknown,no
5337,35,entrepreneur,married,secondary,no,1309,yes,no,cellular,18,nov,73,3,-1,0,unknown,no
5338,58,self-employed,married,tertiary,no,-364,yes,no,unknown,5,may,355,1,-1,0,unknown,no
5339,33,technician,married,secondary,no,-616,yes,yes,unknown,27,may,320,1,-1,0,unknown,no
5340,36,blue-collar,single,secondary,no,2596,no,no,unknown,18,jun,60,6,-1,0,unknown,no
5341,49,entrepreneur,single,secondary,no,5802,no,no,cellular,12,aug,175,3,104,2,success,no
5342,47,technician,married,secondary,no,568,yes,no,telephone,14,jul,256,2,-1,0,unknown,no
5343,61,retired,married,primary,no,296,yes,yes,unknown,3,jun,323,2,-1,0,unknown,no
5344,45,services,married,secondary,no,561,yes,no,unknown,29,may,340,7,-1,0,unknown,no
5345,53,management,divorced,tertiary,no,2894,yes,no,cellular,5,may,163,1,-1,0,unknown,no
5346,31,management,married,tertiary,no,2344,yes,no,cellular,14,aug,221,6,-1,0,unknown,no
5347,35,admin.,married,secondary,no,1345,yes,no,cellular,23,jul,135,1,-1,0,unknown,no
5348,55,management,married,tertiary,no,171,yes,no,cellular,8,aug,73,6,-1,0,unknown,no
5349,50,technician,married,secondary,no,1838,yes,yes,cellular,13,aug,221,8,-1,0,unknown,no
5350,53,unknown,married,unknown,no,549,no,no,telephone,28,jan,74,2,-1,0,unknown,no
5351,45,admin.,married,secondary,no,1097,yes,yes,cellular,2,feb,174,1,208,1,failure,no
5352,45,unemployed,married,tertiary,no,1148,no,no,cellular,19,nov,782,2,-1,0,unknown,no
5353,32,technician,single,tertiary,no,3818,no,no,cellular,18,aug,100,4,-1,0,unknown,no
5354,33,blue-collar,married,primary,no,934,yes,no,unknown,4,jun,244,2,-1,0,unknown,no
5355,51,blue-collar,married,primary,no,-637,yes,yes,cellular,19,nov,233,2,-1,0,unknown,no
5356,27,housemaid,married,secondary,yes,65,yes,yes,cellular,17,jul,59,1,-1,0,unknown,no
5357,37,technician,married,secondary,no,24,yes,no,cellular,13,aug,136,1,105,2,failure,no
5358,45,blue-collar,married,primary,no,907,no,no,cellular,18,aug,230,8,-1,0,unknown,no
5359,40,blue-collar,married,secondary,no,100,yes,no,unknown,29,may,218,2,-1,0,unknown,no
5360,41,blue-collar,married,primary,no,686,yes,no,cellular,21,nov,888,3,-1,0,unknown,no
5361,35,management,single,tertiary,no,3,yes,yes,cellular,6,feb,217,1,-1,0,unknown,no
5362,62,retired,married,tertiary,no,4692,yes,no,cellular,15,oct,73,1,-1,0,unknown,no
5363,42,technician,married,secondary,yes,-197,yes,no,cellular,6,aug,66,7,-1,0,unknown,no
5364,38,management,divorced,tertiary,no,4335,yes,no,cellular,20,nov,640,1,-1,0,unknown,no
5365,36,technician,single,secondary,no,664,no,no,cellular,22,aug,309,3,-1,0,unknown,no
5366,59,services,married,secondary,no,307,yes,yes,unknown,6,may,250,7,-1,0,unknown,no
5367,46,services,divorced,secondary,no,5,yes,yes,cellular,29,jan,305,2,-1,0,unknown,no
5368,42,blue-collar,married,primary,no,-67,yes,no,unknown,9,may,128,1,-1,0,unknown,no
5369,27,student,single,secondary,no,3754,no,no,cellular,15,mar,106,3,98,1,other,no
5370,44,technician,married,secondary,no,1139,yes,no,cellular,30,jan,64,1,-1,0,unknown,no
5371,32,services,married,secondary,no,250,yes,no,unknown,29,may,202,1,-1,0,unknown,no
5372,32,self-employed,divorced,tertiary,no,3695,yes,no,cellular,15,may,34,1,353,3,other,no
5373,43,blue-collar,married,secondary,no,1025,yes,no,cellular,2,jun,106,1,-1,0,unknown,no
5374,38,management,married,tertiary,no,328,no,no,cellular,8,aug,230,2,-1,0,unknown,no
5375,40,services,married,secondary,no,0,yes,no,cellular,2,jun,297,1,28,3,failure,no
5376,44,management,married,tertiary,no,6203,yes,yes,unknown,13,may,129,1,-1,0,unknown,no
5377,49,management,divorced,tertiary,no,1904,no,yes,cellular,17,nov,131,2,-1,0,unknown,no
5378,37,management,married,tertiary,no,347,yes,no,cellular,22,jul,282,1,-1,0,unknown,no
5379,40,unemployed,married,secondary,no,1289,no,no,cellular,26,may,260,2,-1,0,unknown,no
5380,54,management,divorced,tertiary,no,129,yes,no,unknown,30,may,132,1,-1,0,unknown,no
5381,38,blue-collar,married,primary,no,178,yes,no,unknown,20,may,245,1,-1,0,unknown,no
5382,45,management,married,tertiary,no,81,no,yes,cellular,30,jul,61,3,-1,0,unknown,no
5383,49,self-employed,married,tertiary,no,599,no,no,cellular,12,aug,174,1,-1,0,unknown,no
5384,46,technician,married,secondary,no,190,yes,no,cellular,12,aug,370,2,-1,0,unknown,no
5385,39,blue-collar,married,secondary,no,0,yes,no,unknown,6,may,262,1,-1,0,unknown,no
5386,56,management,married,tertiary,no,563,yes,no,cellular,6,may,100,2,168,1,failure,no
5387,37,blue-collar,married,secondary,no,105,yes,no,unknown,8,may,69,2,-1,0,unknown,no
5388,39,management,married,tertiary,no,3518,yes,no,cellular,8,may,440,1,-1,0,unknown,no
5389,53,self-employed,married,secondary,no,248,no,yes,cellular,17,nov,99,1,126,3,failure,no
5390,38,blue-collar,married,secondary,no,961,yes,no,unknown,16,may,346,1,-1,0,unknown,no
5391,25,technician,single,tertiary,no,640,yes,no,unknown,13,may,492,2,-1,0,unknown,no
5392,35,technician,married,secondary,no,1144,no,no,cellular,20,aug,197,13,-1,0,unknown,no
5393,47,unemployed,married,primary,no,0,no,no,unknown,18,jun,308,1,-1,0,unknown,no
5394,40,management,married,tertiary,no,4381,no,no,telephone,29,jul,126,2,-1,0,unknown,no
5395,31,self-employed,married,tertiary,no,1134,no,no,cellular,6,feb,174,2,-1,0,unknown,no
5396,50,technician,married,primary,no,570,no,no,unknown,20,jun,21,3,-1,0,unknown,no
5397,40,blue-collar,married,secondary,no,0,yes,no,unknown,16,may,167,2,-1,0,unknown,no
5398,55,retired,married,tertiary,no,357,yes,no,cellular,11,aug,526,1,103,1,failure,no
5399,31,services,married,secondary,no,593,yes,no,cellular,19,nov,391,2,-1,0,unknown,no
5400,59,blue-collar,married,primary,no,229,yes,yes,unknown,7,may,19,1,-1,0,unknown,no
5401,52,management,married,primary,no,0,no,no,unknown,5,jun,85,3,-1,0,unknown,no
5402,55,unknown,married,secondary,no,1157,no,no,cellular,12,jul,289,1,412,2,failure,no
5403,49,management,married,tertiary,no,234,no,no,cellular,22,aug,55,6,-1,0,unknown,no
5404,31,self-employed,married,tertiary,no,322,yes,no,unknown,8,may,159,1,-1,0,unknown,no
5405,55,entrepreneur,married,secondary,no,113,yes,no,unknown,12,jun,186,1,-1,0,unknown,no
5406,38,entrepreneur,married,secondary,no,2139,yes,no,unknown,9,may,576,1,-1,0,unknown,no
5407,52,unemployed,married,secondary,no,2251,yes,no,unknown,3,jun,58,9,-1,0,unknown,no
5408,57,management,divorced,unknown,no,0,no,no,unknown,13,may,95,1,-1,0,unknown,no
5409,65,management,divorced,tertiary,no,2756,no,no,cellular,23,sep,1353,2,-1,0,unknown,no
5410,53,retired,married,tertiary,no,7132,no,no,cellular,13,aug,88,2,-1,0,unknown,no
5411,34,technician,single,tertiary,no,2047,yes,no,cellular,28,jul,57,5,-1,0,unknown,no
5412,41,self-employed,single,tertiary,no,0,no,no,cellular,18,nov,256,1,-1,0,unknown,no
5413,44,unemployed,married,tertiary,no,1151,yes,no,unknown,5,jun,127,2,-1,0,unknown,no
5414,49,technician,married,secondary,no,5244,no,no,cellular,25,aug,60,4,-1,0,unknown,no
5415,39,technician,married,secondary,no,1,yes,no,unknown,26,may,506,2,-1,0,unknown,no
5416,54,management,married,tertiary,no,203,no,no,cellular,21,nov,70,1,-1,0,unknown,no
5417,22,student,single,secondary,no,2162,no,no,telephone,2,feb,168,1,-1,0,unknown,no
5418,31,admin.,married,secondary,no,337,no,no,unknown,12,may,51,1,-1,0,unknown,no
5419,53,housemaid,married,unknown,no,0,no,no,cellular,22,aug,207,1,-1,0,unknown,no
5420,59,technician,divorced,secondary,no,2,no,no,cellular,26,aug,164,2,-1,0,unknown,no
5421,59,admin.,married,secondary,no,1365,no,no,unknown,19,jun,327,1,-1,0,unknown,no
5422,56,management,married,tertiary,no,2366,yes,yes,cellular,3,feb,538,2,188,4,failure,no
5423,52,management,divorced,tertiary,no,-803,yes,no,cellular,7,aug,131,3,-1,0,unknown,no
5424,57,entrepreneur,divorced,tertiary,no,873,no,no,unknown,17,jun,441,3,-1,0,unknown,no
5425,41,admin.,married,secondary,no,-76,yes,no,cellular,16,apr,263,1,-1,0,unknown,no
5426,39,housemaid,married,tertiary,no,2990,no,no,telephone,30,apr,127,4,-1,0,unknown,no
5427,35,management,divorced,tertiary,no,538,yes,no,unknown,12,may,66,4,-1,0,unknown,no
5428,53,management,divorced,tertiary,no,6388,yes,no,telephone,23,jul,203,2,-1,0,unknown,no
5429,35,technician,married,secondary,no,840,yes,no,cellular,29,jul,281,4,-1,0,unknown,no
5430,25,technician,single,secondary,no,1847,no,no,cellular,26,may,137,2,-1,0,unknown,no
5431,34,services,married,secondary,no,40,yes,no,cellular,17,jul,302,2,-1,0,unknown,no
5432,38,self-employed,married,secondary,no,30,no,no,unknown,16,jun,91,1,-1,0,unknown,no
5433,42,management,married,primary,no,860,yes,no,unknown,15,may,90,3,-1,0,unknown,no
5434,28,self-employed,single,secondary,no,123,yes,no,unknown,9,may,97,1,-1,0,unknown,no
5435,35,blue-collar,married,secondary,no,667,yes,no,cellular,14,may,10,5,324,27,other,no
5436,34,admin.,single,secondary,no,601,no,no,cellular,17,nov,184,3,-1,0,unknown,no
5437,32,technician,married,secondary,no,616,yes,no,cellular,27,aug,118,7,-1,0,unknown,no
5438,38,entrepreneur,married,unknown,no,259,no,no,cellular,18,nov,63,1,-1,0,unknown,no
5439,32,management,single,tertiary,no,307,no,no,cellular,25,jan,96,1,201,3,success,no
5440,41,management,married,tertiary,no,-29,no,no,cellular,29,jan,41,2,266,2,failure,no
5441,41,blue-collar,married,secondary,no,849,yes,yes,cellular,12,may,100,4,-1,0,unknown,no
5442,26,management,single,tertiary,no,47,yes,no,cellular,18,may,63,1,-1,0,unknown,no
5443,60,retired,married,tertiary,no,2194,yes,no,telephone,20,apr,31,3,263,9,failure,no
5444,51,services,married,unknown,no,3413,no,no,cellular,27,aug,146,7,-1,0,unknown,no
5445,24,services,single,secondary,no,1299,yes,yes,cellular,18,may,113,2,-1,0,unknown,no
5446,37,blue-collar,married,unknown,no,622,yes,no,cellular,11,may,175,1,-1,0,unknown,no
5447,44,technician,married,secondary,no,1901,no,no,cellular,6,aug,165,2,-1,0,unknown,no
5448,74,retired,divorced,primary,no,166,no,no,cellular,13,aug,99,1,-1,0,unknown,no
5449,50,technician,married,secondary,no,1717,no,no,telephone,7,jul,416,8,-1,0,unknown,no
5450,31,management,single,tertiary,no,-160,yes,no,unknown,28,may,202,2,-1,0,unknown,no
5451,31,admin.,married,secondary,no,89,no,no,unknown,7,may,297,3,-1,0,unknown,no
5452,25,management,single,tertiary,no,493,yes,no,unknown,4,jun,301,1,-1,0,unknown,no
5453,39,entrepreneur,married,tertiary,no,2644,yes,no,unknown,20,may,253,1,-1,0,unknown,no
5454,30,management,single,tertiary,no,596,no,no,cellular,4,jun,125,2,-1,0,unknown,no
5455,60,management,married,secondary,no,0,no,no,cellular,20,may,321,4,87,8,failure,no
5456,48,technician,married,secondary,no,606,yes,no,cellular,19,aug,231,4,-1,0,unknown,no
5457,30,entrepreneur,married,secondary,no,-346,yes,yes,cellular,22,jul,88,1,-1,0,unknown,no
5458,43,services,single,secondary,no,550,yes,no,cellular,13,may,107,2,-1,0,unknown,no
5459,44,technician,single,primary,no,237,yes,no,cellular,25,jul,54,1,-1,0,unknown,no
5460,29,blue-collar,single,secondary,no,415,no,yes,cellular,28,jan,161,1,-1,0,unknown,no
5461,46,unemployed,married,secondary,no,-125,yes,no,unknown,6,may,23,1,-1,0,unknown,no
5462,28,blue-collar,single,tertiary,no,1984,yes,no,cellular,4,may,32,2,14,1,failure,no
5463,34,entrepreneur,married,tertiary,no,121,yes,no,telephone,18,may,57,6,-1,0,unknown,no
5464,42,management,divorced,tertiary,no,266,no,yes,cellular,28,jan,228,1,-1,0,unknown,no
5465,59,retired,married,secondary,no,1723,no,no,unknown,19,jun,70,1,-1,0,unknown,no
5466,27,blue-collar,single,secondary,no,1049,no,no,telephone,29,jan,389,3,-1,0,unknown,no
5467,36,blue-collar,married,primary,no,21,no,no,telephone,20,nov,35,1,-1,0,unknown,no
5468,34,blue-collar,single,secondary,no,341,yes,no,unknown,8,may,195,1,-1,0,unknown,no
5469,30,management,married,tertiary,no,233,yes,no,unknown,14,may,382,10,-1,0,unknown,no
5470,50,technician,married,tertiary,no,247,no,no,unknown,23,may,173,1,-1,0,unknown,no
5471,50,technician,married,tertiary,no,3117,no,no,cellular,20,nov,44,2,164,1,failure,no
5472,45,entrepreneur,married,secondary,no,242,no,yes,cellular,4,feb,510,1,198,4,failure,no
5473,40,blue-collar,single,unknown,no,24,yes,no,unknown,5,may,185,1,-1,0,unknown,no
5474,49,management,married,tertiary,no,7007,no,no,cellular,17,nov,325,2,-1,0,unknown,no
5475,54,retired,married,secondary,no,1851,no,no,unknown,11,jun,296,3,-1,0,unknown,no
5476,31,blue-collar,single,secondary,no,573,yes,no,telephone,5,feb,58,1,269,2,failure,no
5477,35,self-employed,married,tertiary,no,1178,yes,yes,cellular,15,apr,220,2,183,5,failure,no
5478,34,blue-collar,married,tertiary,no,748,yes,yes,cellular,6,may,161,1,-1,0,unknown,no
5479,48,admin.,divorced,secondary,no,-407,yes,no,cellular,14,may,210,2,352,1,failure,no
5480,51,blue-collar,married,secondary,no,4695,no,no,cellular,29,aug,8,10,-1,0,unknown,no
5481,47,unemployed,single,tertiary,no,2500,no,no,cellular,30,jan,240,1,-1,0,unknown,no
5482,45,retired,single,secondary,yes,86,no,no,cellular,21,nov,64,5,-1,0,unknown,no
5483,33,management,married,tertiary,no,968,no,yes,cellular,28,aug,95,10,-1,0,unknown,no
5484,33,services,single,secondary,no,192,no,no,cellular,24,jul,255,1,-1,0,unknown,no
5485,27,unemployed,single,primary,no,93,no,no,unknown,11,oct,4,1,-1,0,unknown,no
5486,47,technician,married,secondary,no,0,yes,no,cellular,25,may,234,1,-1,0,unknown,no
5487,54,self-employed,divorced,tertiary,no,0,yes,yes,cellular,29,jan,309,3,-1,0,unknown,no
5488,37,management,married,tertiary,no,-491,yes,no,cellular,5,feb,80,2,-1,0,unknown,no
5489,43,unknown,married,unknown,no,1517,no,no,unknown,20,jun,45,1,-1,0,unknown,no
5490,49,management,married,tertiary,no,0,yes,no,cellular,18,nov,102,1,-1,0,unknown,no
5491,43,unemployed,married,secondary,no,775,no,no,cellular,14,aug,98,1,106,1,failure,no
5492,27,admin.,single,secondary,no,276,yes,no,unknown,19,may,311,2,-1,0,unknown,no
5493,44,services,married,secondary,no,5781,yes,yes,cellular,15,may,195,1,-1,0,unknown,no
5494,37,management,divorced,tertiary,no,0,yes,no,cellular,11,may,217,6,-1,0,unknown,no
5495,50,services,married,secondary,no,901,yes,no,unknown,20,jun,8,6,-1,0,unknown,no
5496,50,entrepreneur,married,primary,no,431,yes,no,cellular,20,apr,12,5,-1,0,unknown,no
5497,52,services,married,primary,no,911,no,no,unknown,20,jun,29,2,-1,0,unknown,no
5498,26,admin.,single,secondary,no,96,no,no,cellular,6,may,606,1,345,1,failure,no
5499,35,technician,married,secondary,no,0,yes,yes,cellular,17,nov,199,1,-1,0,unknown,no
5500,47,services,divorced,secondary,no,-288,yes,no,unknown,28,may,107,7,-1,0,unknown,no
5501,55,services,divorced,primary,no,2923,yes,no,unknown,15,may,104,2,-1,0,unknown,no
5502,26,blue-collar,single,primary,no,16,no,yes,cellular,8,jul,249,2,-1,0,unknown,no
5503,37,self-employed,married,secondary,no,744,yes,yes,cellular,21,aug,161,3,-1,0,unknown,no
5504,56,blue-collar,married,primary,no,551,no,no,unknown,29,may,27,1,-1,0,unknown,no
5505,33,management,married,tertiary,no,322,yes,no,cellular,16,apr,77,3,-1,0,unknown,no
5506,36,blue-collar,married,secondary,no,199,yes,no,cellular,9,jul,183,1,-1,0,unknown,no
5507,32,management,single,tertiary,no,0,no,no,cellular,22,aug,360,2,-1,0,unknown,no
5508,30,technician,single,tertiary,no,0,no,no,cellular,28,aug,262,6,-1,0,unknown,no
5509,39,management,single,tertiary,no,633,no,no,cellular,19,nov,105,2,133,3,failure,no
5510,28,management,single,tertiary,no,203,no,no,cellular,29,jan,145,2,-1,0,unknown,no
5511,36,self-employed,single,tertiary,no,583,no,no,cellular,30,jan,859,1,235,1,other,no
5512,39,admin.,single,secondary,no,2749,yes,no,cellular,19,nov,128,1,-1,0,unknown,no
5513,48,management,divorced,secondary,no,769,no,yes,cellular,28,jan,58,2,184,15,other,no
5514,34,blue-collar,married,secondary,no,1924,yes,yes,cellular,1,apr,161,2,253,1,failure,no
5515,50,blue-collar,married,primary,no,1064,yes,no,cellular,8,aug,31,2,-1,0,unknown,no
5516,26,admin.,single,secondary,no,1099,no,no,cellular,15,jan,99,2,225,13,other,no
5517,35,entrepreneur,married,secondary,no,2971,no,no,cellular,21,nov,112,2,-1,0,unknown,no
5518,44,blue-collar,married,primary,no,2657,yes,no,unknown,20,jun,202,2,-1,0,unknown,no
5519,47,management,married,secondary,no,21,yes,no,cellular,18,nov,229,2,-1,0,unknown,no
5520,62,management,married,tertiary,no,0,no,no,cellular,13,apr,113,3,182,3,failure,no
5521,55,management,single,tertiary,no,0,no,no,cellular,3,nov,222,3,187,3,failure,no
5522,26,management,single,tertiary,no,9447,no,no,cellular,4,sep,113,1,100,2,other,no
5523,88,retired,married,secondary,no,433,no,no,telephone,15,sep,161,1,274,1,failure,no
5524,28,technician,single,tertiary,no,375,yes,no,cellular,14,may,43,1,350,1,other,no
5525,41,services,married,secondary,no,2399,yes,no,cellular,15,may,303,2,351,2,failure,no
5526,25,technician,single,tertiary,no,148,no,no,cellular,23,jul,421,1,-1,0,unknown,no
5527,40,entrepreneur,divorced,tertiary,no,224,no,no,unknown,20,jun,606,1,-1,0,unknown,no
5528,35,blue-collar,married,primary,no,147,yes,no,cellular,5,may,358,1,337,3,failure,no
5529,65,retired,divorced,secondary,no,744,no,no,cellular,5,jul,182,1,-1,0,unknown,no
5530,40,self-employed,single,tertiary,no,-94,yes,no,cellular,16,jul,90,1,-1,0,unknown,no
5531,43,management,divorced,tertiary,no,9,yes,no,cellular,26,aug,89,5,401,1,failure,no
5532,29,management,single,tertiary,no,1218,no,no,cellular,30,jan,258,2,-1,0,unknown,no
5533,48,management,single,secondary,no,1106,no,yes,cellular,8,jul,265,1,-1,0,unknown,no
5534,35,blue-collar,married,secondary,no,0,yes,no,cellular,9,jul,277,1,-1,0,unknown,no
5535,30,technician,single,secondary,no,167,no,no,unknown,14,sep,9,1,-1,0,unknown,no
5536,32,management,single,tertiary,no,0,yes,no,cellular,20,apr,415,2,-1,0,unknown,no
5537,30,student,married,tertiary,no,324,no,no,cellular,25,aug,585,4,-1,0,unknown,no
5538,30,admin.,single,secondary,no,127,yes,no,cellular,18,may,16,6,368,1,other,no
5539,24,admin.,married,secondary,no,230,yes,no,cellular,15,may,73,1,-1,0,unknown,no
5540,29,technician,married,secondary,no,344,yes,yes,unknown,28,may,279,2,-1,0,unknown,no
5541,44,management,married,tertiary,no,105,yes,no,unknown,6,may,1529,2,-1,0,unknown,no
5542,42,blue-collar,married,secondary,no,634,yes,no,cellular,24,jul,256,2,-1,0,unknown,no
5543,45,housemaid,married,primary,no,317,yes,no,cellular,8,apr,325,2,-1,0,unknown,no
5544,57,housemaid,married,primary,no,2234,no,no,unknown,11,jun,201,5,-1,0,unknown,no
5545,36,blue-collar,married,primary,no,223,yes,no,unknown,14,jul,12,3,-1,0,unknown,no
5546,49,technician,married,primary,no,230,yes,no,unknown,8,may,96,1,-1,0,unknown,no
5547,30,technician,single,tertiary,no,0,no,no,cellular,15,sep,214,2,-1,0,unknown,no
5548,48,management,divorced,tertiary,no,313,no,no,cellular,8,may,208,1,-1,0,unknown,no
5549,32,services,married,secondary,no,289,yes,no,cellular,2,feb,63,1,257,2,failure,no
5550,35,technician,married,secondary,no,0,yes,no,cellular,6,apr,139,1,-1,0,unknown,no
5551,40,entrepreneur,married,primary,no,3676,yes,yes,unknown,15,may,101,1,-1,0,unknown,no
5552,32,housemaid,married,primary,no,-184,yes,no,cellular,6,feb,129,2,197,1,failure,no
5553,37,admin.,single,tertiary,no,3954,yes,no,cellular,12,aug,87,1,117,2,failure,no
5554,37,management,married,tertiary,no,2951,no,no,cellular,21,nov,101,3,-1,0,unknown,no
5555,43,management,married,tertiary,no,78,yes,no,cellular,21,nov,36,1,109,1,other,no
5556,48,technician,married,secondary,no,1526,no,no,cellular,6,aug,273,2,-1,0,unknown,no
5557,36,technician,married,secondary,no,0,yes,no,cellular,21,jul,193,5,-1,0,unknown,no
5558,33,unemployed,single,secondary,no,233,yes,no,unknown,8,may,221,4,-1,0,unknown,no
5559,33,management,married,secondary,no,67,yes,yes,unknown,23,may,316,4,-1,0,unknown,no
5560,36,services,single,primary,no,38,no,no,unknown,6,jun,308,4,-1,0,unknown,no
5561,65,retired,married,tertiary,no,1948,no,no,cellular,2,feb,102,2,-1,0,unknown,no
5562,50,housemaid,married,primary,no,5296,no,no,cellular,19,nov,64,7,-1,0,unknown,no
5563,34,management,single,tertiary,no,612,no,no,cellular,30,apr,192,1,-1,0,unknown,no
5564,35,entrepreneur,married,secondary,no,4872,yes,no,cellular,15,may,34,3,-1,0,unknown,no
5565,32,management,single,tertiary,no,131,yes,no,cellular,11,aug,112,1,81,1,other,no
5566,34,technician,single,secondary,no,4943,yes,yes,cellular,19,nov,117,2,-1,0,unknown,no
5567,34,blue-collar,married,secondary,no,-257,yes,no,cellular,15,may,160,1,368,4,failure,no
5568,33,blue-collar,married,primary,no,331,yes,no,unknown,30,may,139,3,-1,0,unknown,no
5569,45,blue-collar,married,secondary,no,105,yes,yes,unknown,13,may,119,1,-1,0,unknown,no
5570,35,blue-collar,married,secondary,no,1160,no,yes,telephone,19,nov,62,1,-1,0,unknown,no
5571,53,technician,married,secondary,no,4930,no,yes,cellular,2,feb,228,2,-1,0,unknown,no
5572,39,services,divorced,primary,no,471,yes,no,unknown,6,may,161,2,-1,0,unknown,no
5573,38,blue-collar,married,secondary,no,35,yes,no,unknown,28,may,130,2,-1,0,unknown,no
5574,35,management,single,tertiary,no,1750,yes,no,cellular,22,oct,422,1,175,4,success,no
5575,52,blue-collar,married,secondary,no,5275,no,yes,cellular,22,jul,1029,3,-1,0,unknown,no
5576,30,technician,single,secondary,no,728,yes,no,cellular,5,feb,393,1,261,1,other,no
5577,37,self-employed,married,tertiary,no,0,no,no,unknown,6,jun,143,1,-1,0,unknown,no
5578,33,self-employed,married,tertiary,no,263,no,no,cellular,16,nov,79,4,94,3,failure,no
5579,52,management,married,tertiary,no,601,yes,no,unknown,14,may,249,2,-1,0,unknown,no
5580,29,admin.,married,secondary,no,6429,yes,yes,cellular,14,may,535,1,352,2,failure,no
5581,28,admin.,single,secondary,no,1076,yes,no,unknown,2,jun,537,5,-1,0,unknown,no
5582,37,blue-collar,married,secondary,no,-57,yes,yes,cellular,7,may,55,5,-1,0,unknown,no
5583,33,admin.,single,tertiary,no,2,no,no,cellular,29,jan,132,2,-1,0,unknown,no
5584,32,technician,married,tertiary,no,514,yes,no,unknown,20,may,414,2,-1,0,unknown,no
5585,25,blue-collar,single,secondary,no,-375,yes,no,cellular,14,jul,61,2,-1,0,unknown,no
5586,37,technician,married,secondary,no,28,no,no,cellular,21,aug,101,2,-1,0,unknown,no
5587,34,management,single,tertiary,no,404,yes,no,cellular,5,feb,10,6,-1,0,unknown,no
5588,40,unemployed,married,secondary,no,3430,yes,no,cellular,20,nov,1855,3,-1,0,unknown,no
5589,40,management,married,secondary,no,99,no,no,cellular,9,feb,15,5,-1,0,unknown,no
5590,38,services,married,secondary,no,2669,yes,no,cellular,20,apr,208,2,-1,0,unknown,no
5591,39,management,single,tertiary,no,202,yes,no,cellular,12,may,59,1,301,1,other,no
5592,37,management,single,unknown,no,715,yes,no,unknown,20,may,247,2,-1,0,unknown,no
5593,35,blue-collar,married,secondary,no,674,yes,no,unknown,30,may,274,2,-1,0,unknown,no
5594,33,management,single,tertiary,no,312,no,no,cellular,11,aug,271,1,369,3,failure,no
5595,38,management,married,tertiary,no,1463,yes,no,cellular,25,aug,425,4,-1,0,unknown,no
5596,37,management,married,tertiary,no,789,yes,yes,cellular,11,aug,93,1,190,2,other,no
5597,29,unemployed,single,tertiary,no,7,no,no,cellular,6,may,51,1,179,1,failure,no
5598,42,services,married,primary,no,473,yes,no,cellular,30,jan,54,1,-1,0,unknown,no
5599,45,management,divorced,tertiary,no,3150,yes,no,cellular,17,nov,101,2,-1,0,unknown,no
5600,42,services,married,tertiary,no,12223,yes,no,cellular,19,nov,36,1,-1,0,unknown,no
5601,33,blue-collar,married,secondary,no,1541,yes,no,unknown,23,may,423,2,-1,0,unknown,no
5602,35,blue-collar,single,secondary,no,142,yes,no,cellular,7,may,266,2,168,1,failure,no
5603,30,technician,single,tertiary,no,3,yes,no,unknown,7,may,174,1,-1,0,unknown,no
5604,31,blue-collar,single,secondary,no,1207,yes,no,cellular,17,apr,163,2,-1,0,unknown,no
5605,45,technician,married,secondary,no,351,yes,no,telephone,29,aug,18,2,-1,0,unknown,no
5606,44,admin.,divorced,secondary,no,777,yes,no,cellular,18,may,517,3,350,2,failure,no
5607,31,services,married,primary,no,997,yes,no,cellular,3,feb,256,1,190,3,failure,no
5608,30,admin.,married,secondary,no,15,yes,no,unknown,9,may,257,1,-1,0,unknown,no
5609,54,management,married,tertiary,no,2819,no,no,cellular,7,aug,123,3,-1,0,unknown,no
5610,35,blue-collar,married,secondary,no,126,yes,no,cellular,16,apr,472,1,-1,0,unknown,no
5611,36,admin.,married,secondary,no,953,yes,no,cellular,17,feb,38,1,-1,0,unknown,no
5612,55,housemaid,married,primary,no,10,no,no,cellular,4,feb,174,3,-1,0,unknown,no
5613,45,management,married,tertiary,yes,-577,yes,yes,cellular,24,jul,204,1,-1,0,unknown,no
5614,30,unemployed,single,tertiary,no,1159,no,no,cellular,12,aug,95,1,68,1,success,no
5615,57,unemployed,married,secondary,no,1350,no,no,cellular,25,jun,131,1,388,1,failure,no
5616,59,housemaid,married,primary,no,88,yes,no,cellular,28,jul,63,5,-1,0,unknown,no
5617,47,blue-collar,married,primary,no,-245,yes,yes,unknown,12,jun,67,4,-1,0,unknown,no
5618,34,technician,single,secondary,no,161,no,yes,cellular,8,aug,61,2,-1,0,unknown,no
5619,46,unemployed,divorced,secondary,no,41,yes,no,unknown,12,may,249,4,-1,0,unknown,no
5620,56,services,divorced,secondary,no,450,no,no,unknown,9,jun,47,1,-1,0,unknown,no
5621,24,student,single,unknown,no,782,no,no,cellular,4,may,12,7,91,1,other,no
5622,40,admin.,married,secondary,no,-666,yes,no,unknown,27,may,107,2,-1,0,unknown,no
5623,50,management,married,tertiary,no,-151,yes,no,cellular,18,nov,63,2,-1,0,unknown,no
5624,31,blue-collar,married,primary,no,55,yes,yes,cellular,17,apr,340,2,-1,0,unknown,no
5625,37,management,married,tertiary,no,-666,yes,no,cellular,18,nov,204,2,-1,0,unknown,no
5626,45,blue-collar,married,secondary,no,87,yes,no,cellular,14,may,96,1,360,3,failure,no
5627,45,management,married,primary,no,4629,no,no,telephone,2,apr,285,2,-1,0,unknown,no
5628,36,blue-collar,single,primary,no,2176,yes,no,unknown,28,may,52,2,-1,0,unknown,no
5629,57,management,married,tertiary,no,3431,yes,no,cellular,21,nov,55,2,189,1,failure,no
5630,39,management,married,tertiary,no,208,no,no,cellular,20,aug,170,4,-1,0,unknown,no
5631,47,services,married,secondary,no,0,yes,no,cellular,9,jul,173,1,-1,0,unknown,no
5632,44,services,divorced,secondary,no,240,yes,no,unknown,8,may,155,2,-1,0,unknown,no
5633,39,admin.,married,secondary,no,1388,yes,no,cellular,15,jul,150,5,-1,0,unknown,no
5634,40,services,married,secondary,no,5807,yes,no,unknown,20,jun,98,1,-1,0,unknown,no
5635,48,management,divorced,secondary,no,17,yes,no,cellular,17,nov,195,1,-1,0,unknown,no
5636,56,services,married,secondary,no,0,no,no,cellular,13,aug,112,4,-1,0,unknown,no
5637,50,blue-collar,single,primary,no,1743,yes,no,unknown,6,jun,49,5,-1,0,unknown,no
5638,29,services,single,secondary,no,1008,yes,no,unknown,23,may,426,9,-1,0,unknown,no
5639,33,technician,single,secondary,no,151,yes,no,cellular,20,apr,104,3,236,6,failure,no
5640,57,blue-collar,married,unknown,no,3196,no,no,cellular,28,aug,161,4,-1,0,unknown,no
5641,54,management,married,tertiary,no,1411,no,no,cellular,12,aug,56,2,-1,0,unknown,no
5642,64,retired,divorced,secondary,no,630,no,no,cellular,21,aug,97,1,-1,0,unknown,no
5643,61,retired,married,primary,no,0,yes,yes,telephone,18,aug,280,13,-1,0,unknown,no
5644,36,blue-collar,married,secondary,no,561,yes,no,unknown,9,jun,198,2,-1,0,unknown,no
5645,50,management,married,secondary,no,0,yes,no,unknown,14,may,94,4,-1,0,unknown,no
5646,30,technician,single,secondary,no,281,no,no,cellular,12,aug,105,2,-1,0,unknown,no
5647,40,technician,married,secondary,no,40,yes,no,cellular,21,nov,73,1,-1,0,unknown,no
5648,40,management,married,tertiary,no,0,no,no,cellular,14,jul,109,8,-1,0,unknown,no
5649,30,admin.,divorced,primary,no,1032,yes,no,unknown,29,may,52,5,-1,0,unknown,no
5650,55,management,divorced,tertiary,no,-207,no,no,cellular,2,feb,211,1,-1,0,unknown,no
5651,59,housemaid,married,primary,no,235,no,no,cellular,13,aug,119,2,-1,0,unknown,no
5652,37,admin.,married,tertiary,no,0,yes,no,cellular,17,nov,65,2,119,1,failure,no
5653,53,services,married,secondary,no,367,yes,yes,cellular,29,jan,155,1,261,2,failure,no
5654,56,management,married,tertiary,no,505,yes,yes,cellular,5,may,221,1,169,3,failure,no
5655,33,services,married,secondary,no,804,yes,yes,unknown,8,may,266,1,-1,0,unknown,no
5656,49,services,married,secondary,no,-301,yes,no,cellular,12,may,187,4,-1,0,unknown,no
5657,47,technician,married,tertiary,yes,-813,yes,yes,unknown,16,jun,179,25,-1,0,unknown,no
5658,34,admin.,married,secondary,no,79,yes,no,unknown,23,may,83,1,-1,0,unknown,no
5659,33,blue-collar,married,primary,no,50,yes,no,cellular,7,may,246,2,-1,0,unknown,no
5660,31,blue-collar,single,secondary,no,1205,yes,no,cellular,16,apr,462,1,328,2,other,no
5661,44,technician,single,secondary,no,365,yes,no,unknown,8,may,169,2,-1,0,unknown,no
5662,50,admin.,married,secondary,no,-1415,no,no,cellular,19,aug,358,2,-1,0,unknown,no
5663,39,admin.,single,secondary,no,223,no,no,cellular,4,feb,277,1,-1,0,unknown,no
5664,41,management,married,tertiary,no,1897,yes,no,unknown,19,may,335,3,-1,0,unknown,no
5665,33,management,married,tertiary,no,22867,yes,no,cellular,10,aug,73,1,440,2,failure,no
5666,40,housemaid,married,secondary,no,949,no,no,cellular,8,aug,182,1,-1,0,unknown,no
5667,42,services,married,secondary,no,1165,yes,no,cellular,18,may,485,6,-1,0,unknown,no
5668,37,management,divorced,secondary,no,1655,yes,no,cellular,12,may,178,1,175,2,failure,no
5669,56,blue-collar,married,unknown,no,260,yes,no,telephone,30,jul,250,2,-1,0,unknown,no
5670,49,blue-collar,divorced,primary,no,0,yes,no,cellular,29,jul,468,2,-1,0,unknown,no
5671,35,entrepreneur,single,tertiary,no,-880,no,yes,cellular,24,jul,77,3,-1,0,unknown,no
5672,41,management,divorced,tertiary,no,107,yes,no,cellular,17,jul,122,17,-1,0,unknown,no
5673,52,blue-collar,married,primary,no,1624,no,no,unknown,20,jun,114,3,-1,0,unknown,no
5674,33,technician,single,tertiary,no,1257,yes,no,cellular,22,jul,66,1,-1,0,unknown,no
5675,40,admin.,single,unknown,no,355,yes,no,cellular,7,apr,345,2,138,6,other,no
5676,44,blue-collar,divorced,secondary,no,579,yes,no,unknown,6,may,198,2,-1,0,unknown,no
5677,39,blue-collar,married,secondary,no,1403,no,no,cellular,11,may,214,8,326,2,failure,no
5678,39,blue-collar,married,primary,no,-176,no,no,cellular,9,jul,176,1,-1,0,unknown,no
5679,28,management,single,secondary,no,-513,no,yes,cellular,29,jul,95,8,-1,0,unknown,no
5680,45,technician,single,secondary,no,586,no,yes,cellular,28,jul,32,3,-1,0,unknown,no
5681,63,retired,divorced,primary,no,1840,no,no,cellular,12,mar,71,3,-1,0,unknown,no
5682,NULL,technician,single,tertiary,no,720,no,no,cellular,12,aug,234,4,-1,0,unknown,no
5683,28,blue-collar,single,secondary,no,97,yes,no,unknown,7,may,67,1,-1,0,unknown,no
5684,36,management,single,tertiary,no,13,no,yes,cellular,18,nov,106,1,-1,0,unknown,no
5685,34,admin.,divorced,secondary,no,140,yes,no,cellular,8,may,81,2,365,1,failure,no
5686,45,blue-collar,married,secondary,no,521,yes,no,unknown,17,jun,259,3,-1,0,unknown,no
5687,30,blue-collar,married,secondary,no,364,yes,yes,cellular,4,feb,331,1,-1,0,unknown,no
5688,59,blue-collar,married,primary,no,416,no,no,unknown,16,jun,92,3,-1,0,unknown,no
5689,54,housemaid,married,primary,no,3304,no,yes,cellular,25,jul,90,7,-1,0,unknown,no
5690,47,unknown,married,unknown,no,1880,no,no,unknown,18,jun,64,2,-1,0,unknown,no
5691,41,admin.,single,tertiary,no,982,no,no,cellular,23,jul,105,1,-1,0,unknown,no
5692,35,technician,divorced,secondary,no,0,no,no,cellular,25,aug,124,4,-1,0,unknown,no
5693,38,services,married,secondary,no,173,yes,no,unknown,20,may,130,2,-1,0,unknown,no
5694,36,technician,married,tertiary,no,911,yes,yes,cellular,4,may,275,3,-1,0,unknown,no
5695,39,admin.,single,unknown,no,0,yes,no,cellular,11,may,62,1,-1,0,unknown,no
5696,48,management,divorced,unknown,no,549,yes,no,unknown,6,may,427,1,-1,0,unknown,no
5697,42,blue-collar,married,primary,no,704,yes,yes,telephone,31,jul,88,10,-1,0,unknown,no
5698,24,blue-collar,single,secondary,no,476,yes,no,unknown,4,jun,161,1,-1,0,unknown,no
5699,57,retired,married,secondary,no,3738,yes,no,cellular,19,apr,220,1,367,7,success,no
5700,35,unknown,married,primary,no,634,no,no,cellular,7,jul,185,2,-1,0,unknown,no
5701,32,management,single,tertiary,no,1134,no,no,cellular,28,aug,85,4,-1,0,unknown,no
5702,26,blue-collar,single,secondary,no,-128,no,yes,cellular,8,jul,392,2,-1,0,unknown,no
5703,27,technician,married,secondary,no,7102,yes,no,unknown,30,may,141,9,-1,0,unknown,no
5704,47,entrepreneur,divorced,secondary,no,186,no,no,cellular,2,feb,112,2,-1,0,unknown,no
5705,32,blue-collar,single,primary,no,1918,yes,no,cellular,8,may,318,1,172,1,failure,no
5706,48,self-employed,single,unknown,no,0,no,no,unknown,18,jun,453,1,-1,0,unknown,no
5707,43,blue-collar,married,primary,no,250,yes,no,cellular,12,may,144,5,342,16,failure,no
5708,30,student,single,tertiary,no,31,yes,no,cellular,14,may,23,1,-1,0,unknown,no
5709,28,technician,single,secondary,no,631,no,no,cellular,29,apr,835,7,-1,0,unknown,no
5710,32,management,married,tertiary,no,62,yes,no,cellular,14,may,166,1,-1,0,unknown,no
5711,26,self-employed,married,tertiary,no,479,yes,no,cellular,9,feb,133,3,-1,0,unknown,no
5712,38,blue-collar,single,secondary,no,1121,no,no,unknown,18,jun,203,1,-1,0,unknown,no
5713,30,services,single,unknown,no,138,yes,no,cellular,20,apr,187,1,-1,0,unknown,no
5714,33,management,single,tertiary,no,0,yes,no,telephone,5,may,399,2,358,5,other,no
5715,37,services,divorced,secondary,no,239,yes,no,unknown,23,may,140,2,-1,0,unknown,no
5716,47,management,married,tertiary,no,866,no,no,unknown,20,jun,7,7,-1,0,unknown,no
5717,36,technician,married,secondary,no,1466,yes,no,unknown,29,may,441,1,-1,0,unknown,no
5718,48,housemaid,married,secondary,no,3570,no,no,cellular,5,jun,58,2,-1,0,unknown,no
5719,47,technician,divorced,secondary,no,440,no,no,cellular,29,jan,147,1,-1,0,unknown,no
5720,34,entrepreneur,single,tertiary,no,714,yes,no,unknown,12,may,166,4,-1,0,unknown,no
5721,28,blue-collar,married,primary,no,674,yes,no,telephone,14,may,921,4,-1,0,unknown,no
5722,54,housemaid,married,primary,no,127,no,no,cellular,19,aug,176,4,-1,0,unknown,no
5723,33,management,married,secondary,no,588,yes,no,cellular,18,may,11,5,-1,0,unknown,no
5724,41,entrepreneur,divorced,tertiary,no,-413,yes,no,unknown,8,may,170,2,-1,0,unknown,no
5725,41,admin.,single,secondary,no,882,yes,yes,unknown,28,may,145,2,-1,0,unknown,no
5726,42,management,married,tertiary,no,877,yes,no,unknown,14,may,238,1,-1,0,unknown,no
5727,32,admin.,married,secondary,no,337,no,no,cellular,15,may,51,3,368,1,failure,no
5728,47,self-employed,married,tertiary,no,192,no,no,telephone,30,jul,120,6,-1,0,unknown,no
5729,36,technician,married,primary,no,3350,yes,no,cellular,16,apr,86,1,269,3,other,no
5730,34,management,married,tertiary,no,99,no,yes,cellular,3,feb,264,2,-1,0,unknown,no
5731,36,management,married,tertiary,no,806,yes,no,cellular,3,feb,106,2,259,1,failure,no
5732,50,management,married,tertiary,no,6739,yes,no,cellular,14,jul,68,3,-1,0,unknown,no
5733,53,admin.,married,primary,no,228,yes,no,unknown,16,may,97,1,-1,0,unknown,no
5734,49,blue-collar,married,primary,no,-232,no,yes,cellular,11,aug,106,2,-1,0,unknown,no
5735,39,technician,single,secondary,no,556,yes,no,unknown,29,may,322,1,-1,0,unknown,no
5736,47,management,married,tertiary,no,761,yes,no,cellular,11,jul,80,2,-1,0,unknown,no
5737,57,retired,married,primary,no,207,yes,no,unknown,8,may,193,1,-1,0,unknown,no
5738,30,unemployed,married,secondary,no,221,no,no,cellular,8,aug,61,4,-1,0,unknown,no
5739,54,admin.,married,secondary,no,865,yes,no,cellular,17,nov,71,1,-1,0,unknown,no
5740,35,management,single,tertiary,no,0,no,no,cellular,18,aug,276,5,-1,0,unknown,no
5741,47,technician,divorced,secondary,no,1851,yes,no,unknown,19,may,140,2,-1,0,unknown,no
5742,38,entrepreneur,married,secondary,no,-272,no,yes,unknown,17,jun,143,2,-1,0,unknown,no
5743,40,admin.,married,secondary,no,367,yes,no,telephone,5,feb,89,1,274,1,failure,no
5744,51,blue-collar,married,primary,no,0,no,no,cellular,20,nov,85,1,-1,0,unknown,no
5745,51,blue-collar,married,primary,no,230,yes,no,unknown,6,may,673,1,-1,0,unknown,no
5746,57,housemaid,married,primary,no,0,no,no,cellular,13,aug,189,2,-1,0,unknown,no
5747,41,blue-collar,married,secondary,no,1954,no,no,cellular,18,nov,65,1,110,2,success,no
5748,31,entrepreneur,single,secondary,no,379,yes,no,cellular,18,jul,570,2,-1,0,unknown,no
5749,59,retired,single,secondary,yes,-341,no,yes,cellular,14,jul,94,3,-1,0,unknown,no
5750,26,services,single,primary,no,179,yes,yes,cellular,28,jul,333,4,-1,0,unknown,no
5751,41,technician,married,tertiary,no,13,no,no,unknown,5,jun,189,2,-1,0,unknown,no
5752,39,management,married,tertiary,no,839,no,yes,cellular,11,oct,365,2,774,11,failure,no
5753,25,blue-collar,single,secondary,no,192,no,no,telephone,4,jul,112,2,-1,0,unknown,no
5754,33,management,single,tertiary,no,576,no,no,cellular,25,may,220,1,111,2,other,no
5755,35,management,single,tertiary,no,643,yes,no,unknown,23,may,322,1,-1,0,unknown,no
5756,49,management,married,tertiary,no,342,no,no,cellular,30,jan,433,2,228,1,failure,no
5757,31,blue-collar,married,secondary,no,1329,yes,yes,unknown,9,may,134,1,-1,0,unknown,no
5758,40,unemployed,married,secondary,no,219,yes,no,unknown,5,may,357,1,-1,0,unknown,no
5759,32,management,married,tertiary,no,141,yes,no,cellular,4,may,78,3,89,9,success,no
5760,42,blue-collar,married,primary,no,402,no,no,cellular,13,may,31,7,330,17,failure,no
5761,33,technician,married,tertiary,no,8023,no,no,cellular,30,nov,107,1,105,3,failure,no
5762,48,admin.,married,secondary,no,1131,no,yes,cellular,8,may,49,1,-1,0,unknown,no
5763,28,student,single,secondary,no,1925,no,no,cellular,26,feb,139,1,93,3,success,no
5764,43,blue-collar,single,primary,no,0,no,no,unknown,9,may,71,3,-1,0,unknown,no
5765,30,blue-collar,single,secondary,no,103,yes,no,cellular,17,apr,2053,2,317,1,other,no
5766,41,admin.,married,secondary,no,1395,yes,yes,cellular,11,may,85,1,308,2,failure,no
5767,55,management,married,primary,no,621,no,yes,cellular,2,feb,114,1,208,1,failure,no
5768,55,management,married,tertiary,no,1161,yes,no,cellular,20,nov,8,6,-1,0,unknown,no
5769,54,management,married,unknown,no,24,no,no,cellular,31,jul,12,10,-1,0,unknown,no
5770,55,retired,married,primary,no,2,no,no,unknown,27,jun,392,4,-1,0,unknown,no
5771,57,technician,married,secondary,no,295,no,no,cellular,19,aug,151,11,-1,0,unknown,no
5772,27,blue-collar,single,secondary,no,-208,yes,no,unknown,21,may,127,2,-1,0,unknown,no
5773,28,management,married,tertiary,no,258,no,yes,cellular,17,apr,93,1,-1,0,unknown,no
5774,51,management,divorced,tertiary,no,119,no,no,cellular,17,nov,200,1,165,2,failure,no
5775,27,management,single,secondary,no,967,yes,no,unknown,21,may,162,1,-1,0,unknown,no
5776,40,blue-collar,divorced,secondary,no,-90,yes,no,unknown,28,may,130,1,-1,0,unknown,no
5777,56,retired,married,secondary,no,0,no,no,cellular,26,jan,413,2,-1,0,unknown,no
5778,35,services,married,secondary,no,0,yes,no,cellular,30,jul,251,3,-1,0,unknown,no
5779,47,entrepreneur,divorced,secondary,no,392,yes,yes,cellular,19,nov,125,1,-1,0,unknown,no
5780,49,blue-collar,married,primary,no,23,yes,no,unknown,23,may,247,1,-1,0,unknown,no
5781,35,management,single,tertiary,no,2486,yes,no,cellular,25,may,265,1,-1,0,unknown,no
5782,50,admin.,divorced,secondary,no,81,no,yes,cellular,21,nov,64,1,-1,0,unknown,no
5783,55,housemaid,married,primary,no,1563,yes,no,cellular,17,nov,128,2,-1,0,unknown,no
5784,56,blue-collar,married,secondary,no,1602,yes,no,unknown,6,may,427,1,-1,0,unknown,no
5785,35,technician,single,secondary,no,2144,yes,no,unknown,13,may,188,2,-1,0,unknown,no
5786,42,blue-collar,married,secondary,no,273,no,no,unknown,12,jun,315,1,-1,0,unknown,no
5787,34,blue-collar,married,primary,no,455,yes,no,unknown,20,jun,372,3,-1,0,unknown,no
5788,40,services,single,secondary,no,1038,no,no,unknown,5,jun,741,1,-1,0,unknown,no
5789,33,services,married,secondary,no,-384,yes,no,cellular,9,jul,125,1,-1,0,unknown,no
5790,33,management,married,tertiary,no,307,no,no,unknown,16,may,806,4,-1,0,unknown,no
5791,59,retired,divorced,secondary,no,93,no,no,unknown,26,may,193,2,-1,0,unknown,no
5792,51,housemaid,divorced,primary,no,127,no,no,unknown,13,sep,69,1,-1,0,unknown,no
5793,47,services,married,secondary,no,-150,no,no,cellular,14,aug,52,4,-1,0,unknown,no
5794,48,management,married,tertiary,no,20718,yes,no,unknown,14,may,125,1,-1,0,unknown,no
5795,31,admin.,single,tertiary,no,-218,yes,no,unknown,2,jun,227,15,-1,0,unknown,no
5796,39,blue-collar,married,secondary,no,5222,yes,no,cellular,21,nov,239,2,177,1,failure,no
5797,52,admin.,married,secondary,no,484,yes,no,unknown,6,may,128,1,-1,0,unknown,no
5798,28,technician,single,tertiary,no,75,yes,yes,cellular,5,may,233,2,-1,0,unknown,no
5799,56,technician,divorced,secondary,no,1480,yes,yes,cellular,5,feb,576,1,-1,0,unknown,no
5800,47,services,married,secondary,no,1111,no,no,unknown,20,jun,415,4,-1,0,unknown,no
5801,77,retired,divorced,primary,no,639,no,no,telephone,16,apr,127,7,-1,0,unknown,no
5802,39,blue-collar,single,secondary,no,29,yes,no,unknown,7,may,214,2,-1,0,unknown,no
5803,31,services,single,secondary,no,6374,yes,no,unknown,23,may,922,2,-1,0,unknown,no
5804,39,management,married,secondary,no,363,yes,yes,cellular,17,jul,184,1,-1,0,unknown,no
5805,32,blue-collar,married,primary,no,-94,yes,yes,cellular,11,may,308,1,-1,0,unknown,no
5806,59,admin.,married,secondary,no,92,yes,no,cellular,12,may,139,2,350,1,failure,no
5807,42,unknown,married,unknown,no,222,no,no,cellular,26,aug,80,16,-1,0,unknown,no
5808,50,technician,married,primary,no,249,yes,no,unknown,6,may,129,1,-1,0,unknown,no
5809,44,services,married,secondary,no,1450,yes,no,cellular,14,apr,356,1,314,2,failure,no
5810,47,housemaid,married,tertiary,no,2290,no,no,cellular,15,apr,54,1,-1,0,unknown,no
5811,51,technician,married,tertiary,no,0,no,no,telephone,17,nov,81,1,-1,0,unknown,no
5812,34,technician,married,secondary,no,1026,no,no,cellular,12,nov,319,1,100,6,failure,no
5813,36,management,married,primary,no,3953,yes,no,cellular,19,nov,277,1,-1,0,unknown,no
5814,32,blue-collar,single,primary,no,1426,yes,no,cellular,20,nov,114,1,-1,0,unknown,no
5815,28,blue-collar,single,secondary,no,53,yes,no,cellular,13,may,93,1,-1,0,unknown,no
5816,34,management,married,tertiary,no,160,yes,yes,cellular,15,jul,130,1,-1,0,unknown,no
5817,40,management,single,tertiary,no,171,no,no,cellular,19,aug,1241,3,-1,0,unknown,no
5818,49,management,married,tertiary,no,3237,yes,no,unknown,5,may,232,3,-1,0,unknown,no
5819,30,self-employed,single,secondary,no,192,no,no,cellular,22,jul,423,1,-1,0,unknown,no
5820,56,self-employed,married,tertiary,yes,0,no,no,cellular,19,nov,122,1,-1,0,unknown,no
5821,28,management,single,tertiary,no,385,no,yes,cellular,9,feb,79,4,193,7,failure,no
5822,31,blue-collar,married,secondary,no,2591,yes,no,cellular,20,nov,55,1,-1,0,unknown,no
5823,28,blue-collar,single,secondary,no,39,no,no,cellular,31,jul,22,7,-1,0,unknown,no
5824,53,technician,married,primary,no,44,no,no,unknown,6,jun,256,1,-1,0,unknown,no
5825,38,management,married,tertiary,no,5432,yes,yes,cellular,17,apr,707,1,149,2,failure,no
5826,54,retired,divorced,tertiary,no,349,yes,no,cellular,12,may,176,2,175,1,failure,no
5827,36,management,single,tertiary,no,20,yes,no,cellular,20,apr,766,2,150,3,other,no
5828,60,retired,divorced,tertiary,no,381,yes,no,cellular,17,apr,208,2,344,4,failure,no
5829,40,management,married,secondary,no,4025,yes,no,cellular,15,jul,107,4,-1,0,unknown,no
5830,50,admin.,single,secondary,no,167,no,yes,cellular,28,jul,201,3,-1,0,unknown,no
5831,28,management,single,tertiary,no,278,no,yes,cellular,29,jan,194,1,-1,0,unknown,no
5832,33,blue-collar,married,secondary,no,263,yes,no,unknown,21,may,206,3,-1,0,unknown,no
5833,53,retired,married,secondary,no,4968,no,no,cellular,6,may,109,1,87,2,failure,no
5834,38,technician,married,secondary,no,581,yes,no,unknown,6,may,79,1,-1,0,unknown,no
5835,34,management,single,tertiary,no,682,no,no,cellular,27,aug,472,3,-1,0,unknown,no
5836,41,unknown,married,unknown,no,779,no,no,cellular,30,jul,647,10,-1,0,unknown,no
5837,64,retired,married,tertiary,no,2139,no,no,cellular,14,oct,632,2,-1,0,unknown,no
5838,45,management,married,secondary,no,5888,yes,no,unknown,26,may,45,5,-1,0,unknown,no
5839,38,technician,married,secondary,no,0,yes,yes,cellular,15,jul,146,4,-1,0,unknown,no
5840,57,management,married,tertiary,no,3431,yes,no,unknown,16,may,73,1,-1,0,unknown,no
5841,34,management,married,tertiary,no,188,no,no,cellular,5,may,399,1,-1,0,unknown,no
5842,36,blue-collar,single,primary,no,3214,yes,no,unknown,16,jun,124,2,-1,0,unknown,no
5843,30,admin.,married,secondary,no,873,yes,no,telephone,12,nov,119,1,167,3,success,no
5844,32,blue-collar,married,secondary,no,-32,yes,no,cellular,12,may,145,1,-1,0,unknown,no
5845,42,blue-collar,married,secondary,no,1958,yes,no,unknown,30,may,124,3,-1,0,unknown,no
5846,35,admin.,married,secondary,yes,76,no,yes,unknown,17,jun,107,1,-1,0,unknown,no
5847,42,technician,married,secondary,no,1013,no,yes,cellular,28,aug,117,8,-1,0,unknown,no
5848,50,entrepreneur,married,secondary,no,2731,no,no,cellular,8,aug,111,2,-1,0,unknown,no
5849,38,management,married,secondary,no,93,no,no,unknown,3,jul,515,2,-1,0,unknown,no
5850,38,self-employed,married,secondary,no,173,no,no,cellular,18,aug,205,4,-1,0,unknown,no
5851,55,management,married,primary,no,384,no,no,telephone,4,feb,75,1,-1,0,unknown,no
5852,60,housemaid,married,unknown,no,491,no,no,cellular,14,aug,503,4,-1,0,unknown,no
5853,33,management,married,tertiary,no,728,yes,no,cellular,13,aug,275,5,-1,0,unknown,no
5854,30,technician,single,secondary,no,411,yes,no,cellular,16,apr,948,1,-1,0,unknown,no
5855,30,management,single,tertiary,no,265,no,no,cellular,25,nov,295,1,93,3,success,no
5856,51,management,married,tertiary,no,-3,no,no,cellular,21,aug,79,2,-1,0,unknown,no
5857,37,management,married,tertiary,no,586,yes,no,cellular,11,jul,141,2,-1,0,unknown,no
5858,37,blue-collar,married,primary,no,-196,yes,no,unknown,26,may,166,2,-1,0,unknown,no
5859,45,blue-collar,married,primary,no,700,yes,no,telephone,13,may,29,4,-1,0,unknown,no
5860,37,blue-collar,married,secondary,no,-67,no,no,cellular,2,feb,157,1,-1,0,unknown,no
5861,48,management,married,tertiary,no,1600,no,no,cellular,18,nov,448,1,-1,0,unknown,no
5862,42,services,married,secondary,no,508,yes,no,unknown,30,may,70,1,-1,0,unknown,no
5863,49,technician,married,primary,no,486,no,no,telephone,7,jul,229,5,-1,0,unknown,no
5864,36,management,single,tertiary,no,243,yes,no,cellular,7,may,160,2,360,3,failure,no
5865,54,self-employed,married,secondary,no,203,yes,no,telephone,7,jul,238,8,-1,0,unknown,no
5866,52,management,married,tertiary,no,1944,yes,no,cellular,15,apr,238,3,323,2,failure,no
5867,30,management,married,tertiary,no,882,no,no,cellular,22,aug,102,6,-1,0,unknown,no
5868,37,blue-collar,married,secondary,no,2924,no,no,cellular,31,jul,74,2,-1,0,unknown,no
5869,31,unemployed,married,secondary,no,20,no,no,telephone,18,nov,52,1,-1,0,unknown,no
5870,26,admin.,married,secondary,no,1417,yes,no,unknown,6,jun,60,3,-1,0,unknown,no
5871,51,admin.,divorced,secondary,no,340,yes,no,unknown,8,may,186,1,-1,0,unknown,no
5872,34,services,single,secondary,no,4062,yes,yes,cellular,15,may,29,1,-1,0,unknown,no
5873,26,blue-collar,married,primary,no,133,no,yes,cellular,25,jul,57,3,-1,0,unknown,no
5874,32,management,single,tertiary,no,0,yes,yes,cellular,17,nov,107,2,-1,0,unknown,no
5875,38,services,married,secondary,no,8876,no,no,cellular,2,feb,280,1,75,1,failure,no
5876,52,admin.,married,secondary,no,423,yes,yes,cellular,20,oct,139,2,96,7,failure,no
5877,44,management,married,tertiary,no,58,yes,no,cellular,14,jul,72,3,-1,0,unknown,no
5878,31,services,married,secondary,no,5,yes,no,unknown,16,may,216,1,-1,0,unknown,no
5879,38,services,married,primary,no,175,no,no,unknown,17,jun,132,2,-1,0,unknown,no
5880,32,housemaid,married,primary,no,1349,yes,no,cellular,7,aug,132,2,-1,0,unknown,no
5881,41,blue-collar,married,primary,no,6596,yes,no,cellular,20,nov,88,1,-1,0,unknown,no
5882,48,management,married,tertiary,no,1741,yes,yes,telephone,18,nov,40,1,-1,0,unknown,no
5883,29,blue-collar,married,primary,no,25,yes,no,unknown,4,jun,188,2,-1,0,unknown,no
5884,41,management,married,tertiary,no,0,yes,no,unknown,13,may,161,1,-1,0,unknown,no
5885,49,management,married,tertiary,no,4374,yes,no,cellular,31,jul,68,3,-1,0,unknown,no
5886,40,management,married,tertiary,no,16,no,yes,cellular,9,feb,47,4,-1,0,unknown,no
5887,27,management,single,tertiary,no,574,yes,no,cellular,18,may,196,3,-1,0,unknown,no
5888,45,blue-collar,single,secondary,no,615,yes,no,cellular,15,may,133,1,-1,0,unknown,no
5889,48,entrepreneur,divorced,tertiary,no,0,yes,yes,unknown,20,jun,139,1,-1,0,unknown,no
5890,31,services,married,secondary,no,395,no,no,cellular,25,jul,174,3,-1,0,unknown,no
5891,45,blue-collar,married,primary,no,678,no,no,cellular,5,aug,104,3,-1,0,unknown,no
5892,43,housemaid,married,primary,no,25,no,no,cellular,12,aug,121,2,-1,0,unknown,no
5893,31,admin.,single,secondary,no,626,yes,no,unknown,21,may,211,1,-1,0,unknown,no
5894,37,management,married,tertiary,no,165,no,no,cellular,24,aug,315,1,83,1,other,no
5895,38,self-employed,married,secondary,no,746,no,no,unknown,20,jun,256,3,-1,0,unknown,no
5896,29,services,married,secondary,no,376,no,yes,telephone,28,jan,49,3,183,4,failure,no
5897,28,blue-collar,married,primary,no,-55,yes,no,unknown,7,may,361,2,-1,0,unknown,no
5898,55,housemaid,divorced,primary,no,0,no,no,unknown,20,jun,398,2,-1,0,unknown,no
5899,27,technician,divorced,secondary,no,21,yes,no,cellular,18,may,336,1,356,1,failure,no
5900,43,self-employed,married,tertiary,no,3003,no,no,cellular,8,aug,358,3,-1,0,unknown,no
5901,29,management,single,tertiary,no,92,no,no,cellular,2,jun,101,1,92,5,success,no
5902,52,technician,divorced,secondary,no,511,no,yes,cellular,20,aug,98,4,-1,0,unknown,no
5903,33,services,married,primary,no,6904,no,no,telephone,20,nov,114,2,-1,0,unknown,no
5904,27,services,single,secondary,no,795,no,no,cellular,6,feb,101,3,-1,0,unknown,no
5905,27,technician,single,secondary,no,0,no,no,cellular,6,feb,161,1,-1,0,unknown,no
5906,31,management,married,tertiary,no,166,no,no,cellular,25,aug,392,6,-1,0,unknown,no
5907,31,self-employed,married,secondary,no,157,yes,no,unknown,19,may,285,1,-1,0,unknown,no
5908,45,technician,divorced,secondary,no,0,no,no,cellular,26,aug,64,2,-1,0,unknown,no
5909,34,technician,single,secondary,no,0,no,no,cellular,28,aug,195,6,-1,0,unknown,no
5910,48,management,divorced,tertiary,no,174,no,no,cellular,6,aug,290,2,-1,0,unknown,no
5911,47,blue-collar,married,secondary,no,1536,yes,no,cellular,17,apr,41,1,301,4,other,no
5912,49,services,married,secondary,no,1114,no,no,cellular,17,nov,283,1,-1,0,unknown,no
5913,55,retired,divorced,tertiary,no,816,no,no,cellular,18,nov,113,3,-1,0,unknown,no
5914,51,management,single,tertiary,no,1202,yes,no,cellular,18,nov,99,1,-1,0,unknown,no
5915,37,management,single,tertiary,no,600,yes,no,cellular,17,nov,116,2,196,1,failure,no
5916,33,technician,divorced,secondary,yes,6,no,no,cellular,22,aug,239,2,-1,0,unknown,no
5917,33,blue-collar,married,unknown,no,2655,yes,no,cellular,21,nov,195,1,-1,0,unknown,no
5918,29,management,single,tertiary,no,499,yes,no,cellular,15,may,338,1,-1,0,unknown,no
5919,57,housemaid,divorced,primary,no,0,no,no,unknown,9,jun,97,1,-1,0,unknown,no
5920,60,retired,married,secondary,no,197,no,no,cellular,7,oct,1386,1,-1,0,unknown,no
5921,51,housemaid,married,primary,no,289,no,no,unknown,14,may,97,5,-1,0,unknown,no
5922,45,technician,single,tertiary,no,5336,no,no,unknown,28,may,99,2,-1,0,unknown,no
5923,45,admin.,married,secondary,no,434,no,no,cellular,26,aug,76,4,-1,0,unknown,no
5924,39,management,married,tertiary,no,691,yes,yes,cellular,16,apr,517,1,255,1,failure,no
5925,25,blue-collar,single,secondary,no,-250,yes,no,unknown,13,may,456,1,-1,0,unknown,no
5926,47,blue-collar,married,secondary,no,3696,yes,no,cellular,19,nov,635,3,170,2,failure,no
5927,34,blue-collar,married,secondary,no,2595,yes,yes,cellular,17,apr,126,1,336,2,other,no
5928,40,unemployed,married,secondary,no,1077,yes,yes,cellular,17,nov,148,2,-1,0,unknown,no
5929,48,blue-collar,divorced,secondary,no,501,yes,no,cellular,15,may,12,5,-1,0,unknown,no
5930,39,technician,single,tertiary,no,21,yes,no,unknown,23,may,58,1,-1,0,unknown,no
5931,38,services,married,secondary,no,797,yes,no,cellular,20,apr,62,4,-1,0,unknown,no
5932,32,services,single,secondary,no,1659,yes,no,unknown,30,may,120,6,-1,0,unknown,no
5933,27,entrepreneur,married,secondary,no,97,yes,yes,cellular,18,may,13,3,-1,0,unknown,no
5934,47,blue-collar,married,primary,no,2,yes,yes,cellular,20,nov,661,4,190,1,failure,no
5935,40,management,married,tertiary,no,384,no,no,cellular,20,apr,200,3,327,2,failure,no
5936,41,technician,married,tertiary,no,63,no,no,cellular,25,aug,36,3,-1,0,unknown,no
5937,40,admin.,married,secondary,no,1327,yes,yes,unknown,26,may,76,2,-1,0,unknown,no
5938,39,blue-collar,married,secondary,no,284,yes,yes,cellular,17,apr,1426,2,318,6,failure,no
5939,45,technician,married,secondary,no,3395,yes,no,cellular,18,nov,92,1,188,1,failure,no
5940,31,services,single,secondary,no,2038,yes,no,unknown,20,may,148,1,-1,0,unknown,no
5941,27,admin.,single,secondary,no,15,no,yes,cellular,21,jul,177,1,-1,0,unknown,no
5942,56,blue-collar,single,secondary,no,1187,yes,no,cellular,5,feb,47,2,-1,0,unknown,no
5943,39,admin.,married,secondary,no,3047,yes,no,cellular,11,may,279,1,370,2,failure,no
5944,52,management,married,tertiary,no,11650,yes,no,cellular,17,nov,48,1,-1,0,unknown,no
5945,58,management,single,tertiary,no,1387,yes,no,unknown,5,may,174,5,-1,0,unknown,no
5946,48,technician,single,tertiary,no,0,no,no,unknown,16,jun,73,4,-1,0,unknown,no
5947,33,blue-collar,single,secondary,no,1387,no,no,cellular,5,feb,185,1,-1,0,unknown,no
5948,38,services,divorced,secondary,no,446,yes,no,unknown,18,jun,373,4,-1,0,unknown,no
5949,42,technician,single,secondary,no,275,no,no,cellular,26,aug,31,8,-1,0,unknown,no
5950,36,management,divorced,secondary,no,1655,yes,no,cellular,18,nov,155,2,-1,0,unknown,no
5951,35,technician,single,secondary,no,196,yes,no,cellular,21,nov,318,1,-1,0,unknown,no
5952,45,technician,single,tertiary,no,0,no,no,cellular,22,aug,87,4,-1,0,unknown,no
5953,51,technician,married,secondary,no,1327,no,no,cellular,7,jul,21,2,-1,0,unknown,no
5954,43,housemaid,married,primary,no,0,yes,no,cellular,25,aug,152,3,-1,0,unknown,no
5955,45,technician,divorced,tertiary,no,206,no,no,cellular,13,aug,376,4,-1,0,unknown,no
5956,30,admin.,single,secondary,no,523,no,yes,cellular,12,jun,136,3,101,1,success,no
5957,40,management,married,tertiary,no,0,no,no,cellular,22,aug,61,4,-1,0,unknown,no
5958,56,services,married,primary,no,444,yes,no,unknown,6,jun,432,1,-1,0,unknown,no
5959,48,management,divorced,tertiary,no,1401,yes,no,unknown,20,jun,72,3,-1,0,unknown,no
5960,32,admin.,married,secondary,no,205,no,no,cellular,18,jul,197,3,-1,0,unknown,no
5961,47,admin.,single,secondary,no,3957,yes,no,telephone,11,may,58,3,334,3,other,no
5962,30,technician,single,secondary,no,9645,no,yes,cellular,26,aug,130,10,-1,0,unknown,no
5963,37,management,married,tertiary,no,620,yes,no,cellular,17,nov,93,3,-1,0,unknown,no
5964,52,blue-collar,single,secondary,no,1541,yes,no,unknown,14,may,243,1,-1,0,unknown,no
5965,49,retired,married,primary,no,-37,no,no,unknown,4,jul,191,2,-1,0,unknown,no
5966,53,management,married,tertiary,no,-601,yes,no,unknown,30,may,509,2,-1,0,unknown,no
5967,53,services,married,secondary,no,197,yes,no,cellular,17,apr,307,1,-1,0,unknown,no
5968,34,technician,divorced,secondary,no,-276,yes,no,unknown,29,may,175,3,-1,0,unknown,no
5969,40,admin.,married,secondary,no,824,yes,no,cellular,17,apr,359,1,-1,0,unknown,no
5970,39,services,married,secondary,no,636,yes,no,telephone,12,may,15,1,-1,0,unknown,no
5971,33,blue-collar,married,secondary,no,19,yes,no,cellular,4,feb,56,1,271,1,other,no
5972,41,blue-collar,married,secondary,no,641,yes,no,unknown,13,may,161,1,-1,0,unknown,no
5973,31,management,single,tertiary,no,2983,yes,no,cellular,2,jul,153,1,-1,0,unknown,no
5974,45,services,divorced,secondary,no,0,yes,yes,cellular,21,nov,173,1,192,1,failure,no
5975,23,admin.,single,secondary,no,252,yes,no,cellular,15,may,56,1,-1,0,unknown,no
5976,51,management,divorced,tertiary,no,119,no,no,unknown,5,jun,112,2,-1,0,unknown,no
5977,34,management,single,tertiary,no,171,yes,no,cellular,7,may,191,1,294,1,failure,no
5978,36,management,married,tertiary,no,0,yes,no,unknown,27,may,145,2,-1,0,unknown,no
5979,42,admin.,divorced,secondary,no,-249,yes,no,cellular,14,jul,149,3,-1,0,unknown,no
5980,33,management,married,tertiary,no,455,yes,yes,unknown,29,may,122,10,-1,0,unknown,no
5981,46,management,married,secondary,no,10,yes,no,cellular,29,jul,122,7,-1,0,unknown,no
5982,37,admin.,married,secondary,no,529,yes,no,cellular,16,sep,234,1,149,2,other,no
5983,33,management,single,tertiary,no,1859,yes,no,cellular,30,jan,1169,4,-1,0,unknown,no
5984,30,admin.,single,secondary,no,613,yes,no,cellular,17,apr,180,2,302,1,failure,no
5985,53,technician,divorced,secondary,no,751,yes,no,unknown,16,may,343,4,-1,0,unknown,no
5986,46,management,married,secondary,no,0,no,no,cellular,27,aug,38,6,-1,0,unknown,no
5987,35,management,married,tertiary,no,1471,yes,yes,cellular,13,aug,236,3,-1,0,unknown,no
5988,36,technician,single,secondary,no,7503,yes,no,unknown,4,jun,25,1,-1,0,unknown,no
5989,46,technician,married,secondary,no,68,yes,yes,unknown,16,jun,87,3,-1,0,unknown,no
5990,31,blue-collar,single,secondary,no,530,no,yes,cellular,18,nov,251,2,-1,0,unknown,no
5991,52,management,married,tertiary,no,1319,yes,no,cellular,17,nov,113,1,-1,0,unknown,no
5992,48,admin.,single,secondary,no,479,yes,yes,unknown,18,jun,533,3,-1,0,unknown,no
5993,45,blue-collar,married,primary,no,360,no,no,unknown,20,jun,98,2,-1,0,unknown,no
5994,36,management,single,tertiary,no,2163,no,no,cellular,5,jun,317,1,-1,0,unknown,no
5995,53,retired,married,primary,no,136,yes,no,unknown,6,may,267,2,-1,0,unknown,no
5996,35,management,married,tertiary,no,-196,yes,no,cellular,22,jul,216,2,-1,0,unknown,no
5997,44,management,married,tertiary,no,4087,yes,no,unknown,19,may,457,5,-1,0,unknown,no
5998,38,management,married,tertiary,no,1354,yes,no,cellular,29,jan,50,2,-1,0,unknown,no
5999,44,blue-collar,married,primary,no,2,no,yes,telephone,7,jul,46,2,-1,0,unknown,no
6000,51,housemaid,married,unknown,no,2337,yes,no,cellular,27,may,133,2,41,5,success,no
6001,32,technician,single,tertiary,no,514,yes,yes,cellular,7,may,138,1,168,1,failure,no
6002,59,blue-collar,married,primary,no,6212,yes,no,cellular,5,may,574,2,-1,0,unknown,no
6003,31,management,single,tertiary,no,424,no,yes,cellular,7,aug,224,2,-1,0,unknown,no
6004,52,management,married,tertiary,no,499,no,no,cellular,6,aug,115,4,-1,0,unknown,no
6005,26,technician,married,tertiary,no,8,yes,yes,unknown,13,may,262,2,-1,0,unknown,no
6006,40,services,married,secondary,no,1305,no,no,cellular,22,jul,255,1,-1,0,unknown,no
6007,35,technician,single,secondary,no,300,yes,no,unknown,9,may,338,4,-1,0,unknown,no
6008,54,admin.,married,primary,no,976,yes,no,unknown,3,jun,137,3,-1,0,unknown,no
6009,36,entrepreneur,married,tertiary,no,2700,no,no,cellular,4,feb,99,3,-1,0,unknown,no
6010,45,self-employed,married,tertiary,no,-497,yes,yes,cellular,20,nov,260,1,-1,0,unknown,no
6011,29,unemployed,single,secondary,no,2424,no,no,cellular,6,feb,93,1,-1,0,unknown,no
6012,49,management,divorced,tertiary,no,-2049,yes,no,unknown,30,may,169,3,-1,0,unknown,no
6013,52,services,married,secondary,no,2081,yes,no,unknown,29,may,150,1,-1,0,unknown,no
6014,52,management,married,secondary,no,189,no,no,cellular,22,aug,90,2,-1,0,unknown,no
6015,47,unemployed,divorced,secondary,no,0,no,yes,cellular,30,jan,127,2,233,8,other,no
6016,33,services,divorced,secondary,no,327,yes,no,unknown,7,may,109,1,-1,0,unknown,no
6017,30,technician,single,secondary,no,426,yes,no,telephone,17,nov,127,4,111,6,failure,no
6018,52,self-employed,divorced,secondary,no,1291,yes,no,cellular,19,nov,559,1,169,2,failure,no
6019,54,management,divorced,tertiary,no,3473,yes,no,cellular,12,aug,306,2,-1,0,unknown,no
6020,59,retired,married,secondary,no,434,yes,no,unknown,12,may,63,3,-1,0,unknown,no
6021,35,management,married,tertiary,no,105,yes,no,cellular,6,may,36,1,365,3,failure,no
6022,29,blue-collar,married,secondary,no,975,yes,no,unknown,27,may,265,2,-1,0,unknown,no
6023,33,technician,single,secondary,no,-479,no,no,cellular,7,aug,235,1,-1,0,unknown,no
6024,32,technician,married,primary,no,62,yes,yes,unknown,13,may,120,1,-1,0,unknown,no
6025,50,blue-collar,married,primary,no,0,no,no,unknown,9,jun,199,4,-1,0,unknown,no
6026,54,entrepreneur,married,secondary,no,0,no,no,unknown,9,jun,96,1,-1,0,unknown,no
6027,49,technician,single,secondary,no,1202,yes,no,unknown,18,jun,122,1,-1,0,unknown,no
6028,39,admin.,single,secondary,no,2854,yes,no,unknown,2,jun,64,1,-1,0,unknown,no
6029,34,management,single,tertiary,no,9,no,no,cellular,11,jul,439,2,-1,0,unknown,no
6030,31,self-employed,single,secondary,no,203,no,yes,cellular,19,nov,177,1,-1,0,unknown,no
6031,46,technician,divorced,tertiary,no,0,yes,no,cellular,11,aug,249,5,-1,0,unknown,no
6032,59,retired,married,secondary,no,2467,no,no,cellular,20,nov,972,2,-1,0,unknown,no
6033,32,technician,married,tertiary,no,3850,yes,no,cellular,20,apr,63,4,-1,0,unknown,no
6034,39,admin.,married,secondary,no,47,yes,no,cellular,16,aug,143,2,371,6,failure,no
6035,54,blue-collar,married,primary,no,1895,yes,no,cellular,17,apr,345,1,-1,0,unknown,no
6036,33,technician,divorced,secondary,no,522,no,yes,cellular,7,jul,559,4,-1,0,unknown,no
6037,59,blue-collar,married,secondary,yes,-918,yes,no,unknown,16,jun,253,2,-1,0,unknown,no
6038,28,blue-collar,single,secondary,no,-193,no,no,cellular,18,jul,580,7,-1,0,unknown,no
6039,48,blue-collar,married,secondary,no,48,yes,yes,unknown,29,may,144,1,-1,0,unknown,no
6040,39,management,married,tertiary,no,0,yes,yes,cellular,17,jul,301,1,-1,0,unknown,no
6041,41,technician,married,secondary,no,201,no,yes,cellular,14,jul,53,8,-1,0,unknown,no
6042,33,admin.,single,secondary,no,598,yes,no,unknown,28,may,189,1,-1,0,unknown,no
6043,37,management,married,primary,no,1506,no,no,cellular,2,nov,101,3,80,3,success,no
6044,30,admin.,married,tertiary,no,26,yes,no,cellular,16,apr,62,1,323,1,failure,no
6045,36,management,married,tertiary,no,1582,no,no,telephone,3,feb,26,2,197,1,failure,no
6046,53,blue-collar,divorced,primary,no,559,no,no,telephone,9,feb,16,5,-1,0,unknown,no
6047,26,admin.,single,secondary,yes,0,yes,no,cellular,16,jul,157,2,-1,0,unknown,no
6048,59,retired,married,primary,no,-411,no,no,cellular,29,jan,225,1,-1,0,unknown,no
6049,44,blue-collar,single,secondary,no,36,yes,no,unknown,8,may,712,1,-1,0,unknown,no
6050,55,unemployed,married,secondary,no,512,no,no,cellular,28,jan,70,1,-1,0,unknown,no
6051,26,blue-collar,single,secondary,no,786,yes,yes,unknown,14,may,103,5,-1,0,unknown,no
6052,41,blue-collar,married,primary,no,3658,yes,no,cellular,9,apr,268,1,330,1,failure,no
6053,28,management,single,tertiary,no,-227,yes,no,unknown,4,jun,298,2,-1,0,unknown,no
6054,40,management,married,tertiary,no,423,yes,no,cellular,30,jul,134,24,-1,0,unknown,no
6055,47,unemployed,divorced,secondary,no,947,no,no,cellular,5,feb,124,2,-1,0,unknown,no
6056,39,services,married,primary,no,324,yes,no,cellular,8,may,340,2,312,4,failure,no
6057,38,blue-collar,married,secondary,no,0,yes,no,unknown,9,jun,254,1,-1,0,unknown,no
6058,37,services,married,secondary,no,1694,yes,yes,cellular,29,jan,404,2,251,6,failure,no
6059,36,blue-collar,married,secondary,no,2894,yes,no,cellular,17,jul,747,1,-1,0,unknown,no
6060,53,management,married,secondary,no,2693,no,no,cellular,21,nov,140,1,-1,0,unknown,no
6061,47,technician,married,secondary,no,644,no,no,telephone,28,jan,54,3,160,13,failure,no
6062,28,management,single,tertiary,no,185,no,no,cellular,30,jan,651,2,-1,0,unknown,no
6063,32,student,single,unknown,no,1583,yes,no,unknown,20,may,57,1,-1,0,unknown,no
6064,25,management,single,tertiary,no,2399,yes,no,unknown,3,jun,193,2,-1,0,unknown,no
6065,39,admin.,married,tertiary,no,1322,yes,no,cellular,24,sep,157,3,486,1,other,no
6066,60,retired,married,secondary,no,194,no,yes,cellular,30,jul,61,5,-1,0,unknown,no
6067,39,admin.,married,secondary,no,1221,no,no,unknown,12,jun,97,1,-1,0,unknown,no
6068,31,admin.,single,secondary,no,-302,yes,yes,unknown,27,may,235,5,-1,0,unknown,no
6069,45,admin.,married,secondary,no,256,no,no,cellular,21,nov,135,2,-1,0,unknown,no
6070,36,technician,single,secondary,yes,0,no,yes,cellular,26,aug,109,14,-1,0,unknown,no
6071,44,services,married,secondary,no,1335,yes,no,cellular,30,jul,94,5,-1,0,unknown,no
6072,33,unemployed,single,secondary,no,682,no,no,cellular,5,feb,251,1,-1,0,unknown,no
6073,31,management,married,tertiary,no,0,no,no,cellular,26,aug,76,2,-1,0,unknown,no
6074,38,admin.,divorced,secondary,no,3834,yes,no,cellular,13,apr,363,2,327,1,failure,no
6075,50,self-employed,married,secondary,no,5312,no,no,cellular,23,jul,106,3,-1,0,unknown,no
6076,40,management,divorced,unknown,no,4095,yes,no,cellular,20,apr,281,1,-1,0,unknown,no
6077,33,technician,married,secondary,no,0,no,no,cellular,13,aug,78,2,-1,0,unknown,no
6078,42,admin.,married,secondary,no,-1386,yes,yes,cellular,15,jul,56,4,-1,0,unknown,no
6079,42,management,single,tertiary,no,525,no,no,cellular,13,aug,127,2,-1,0,unknown,no
6080,33,blue-collar,married,secondary,yes,2,no,no,unknown,23,may,74,4,-1,0,unknown,no
6081,40,technician,married,unknown,no,0,no,yes,cellular,7,jul,161,1,-1,0,unknown,no
6082,52,blue-collar,married,secondary,no,1500,no,yes,unknown,20,jun,109,3,-1,0,unknown,no
6083,49,technician,married,secondary,no,378,no,no,unknown,9,jun,189,2,-1,0,unknown,no
6084,30,management,single,tertiary,no,552,yes,no,cellular,5,aug,648,2,-1,0,unknown,no
6085,26,blue-collar,single,secondary,no,-84,yes,yes,cellular,29,jul,63,5,-1,0,unknown,no
6086,40,management,married,secondary,no,-240,no,yes,unknown,28,may,160,3,-1,0,unknown,no
6087,30,blue-collar,married,secondary,no,501,yes,yes,unknown,27,may,514,1,-1,0,unknown,no
6088,55,unemployed,married,tertiary,no,5345,no,no,unknown,6,may,278,1,-1,0,unknown,no
6089,48,self-employed,married,secondary,no,1559,no,no,cellular,24,dec,520,3,133,3,failure,no
6090,28,technician,single,tertiary,no,0,yes,no,cellular,15,apr,217,2,-1,0,unknown,no
6091,54,admin.,married,secondary,no,0,yes,yes,cellular,23,jul,117,1,-1,0,unknown,no
6092,36,management,married,secondary,no,1989,no,no,unknown,17,jun,344,2,-1,0,unknown,no
6093,34,admin.,single,secondary,no,598,yes,no,cellular,17,apr,365,1,324,1,failure,no
6094,39,housemaid,married,tertiary,no,94,no,no,cellular,6,aug,181,2,-1,0,unknown,no
6095,66,retired,married,secondary,no,3473,no,no,cellular,14,apr,441,2,-1,0,unknown,no
6096,42,blue-collar,married,secondary,no,349,yes,no,cellular,7,apr,226,2,-1,0,unknown,no
6097,55,retired,married,primary,no,3876,no,no,cellular,21,nov,54,1,-1,0,unknown,no
6098,85,retired,married,unknown,no,1934,no,no,telephone,12,jan,140,1,-1,0,unknown,no
6099,63,housemaid,married,secondary,no,2,no,no,cellular,4,feb,45,2,93,1,success,no
6100,37,admin.,single,secondary,no,9,yes,no,cellular,14,may,165,1,-1,0,unknown,no
6101,24,services,single,secondary,no,11,yes,no,unknown,27,jun,114,4,-1,0,unknown,no
6102,34,technician,single,secondary,no,60,no,no,cellular,7,aug,274,2,-1,0,unknown,no
6103,28,management,single,tertiary,no,882,no,yes,cellular,8,jul,107,2,-1,0,unknown,no
6104,58,retired,divorced,tertiary,no,499,yes,yes,cellular,29,jan,181,1,-1,0,unknown,no
6105,49,housemaid,divorced,primary,no,198,yes,no,unknown,13,may,205,3,-1,0,unknown,no
6106,31,blue-collar,single,secondary,no,2093,no,no,cellular,7,jul,103,1,-1,0,unknown,no
6107,56,retired,married,secondary,no,74,yes,no,unknown,26,may,152,2,-1,0,unknown,no
6108,43,services,married,secondary,no,1220,no,no,cellular,28,jul,307,2,-1,0,unknown,no
6109,32,blue-collar,single,secondary,no,1342,yes,no,unknown,23,may,109,2,-1,0,unknown,no
6110,55,blue-collar,married,unknown,no,6134,no,no,cellular,6,aug,127,2,-1,0,unknown,no
6111,55,housemaid,married,primary,no,3680,no,no,unknown,16,jun,131,1,-1,0,unknown,no
6112,31,blue-collar,married,primary,no,605,yes,no,unknown,15,may,334,10,-1,0,unknown,no
6113,49,management,married,secondary,no,104,yes,no,unknown,8,may,285,1,-1,0,unknown,no
6114,41,admin.,married,secondary,no,683,no,yes,cellular,20,nov,77,1,-1,0,unknown,no
6115,56,retired,divorced,primary,no,48,yes,no,cellular,14,may,132,2,-1,0,unknown,no
6116,50,blue-collar,divorced,primary,no,15,yes,no,cellular,12,may,173,2,350,7,failure,no
6117,37,technician,single,secondary,no,6714,yes,no,unknown,23,may,90,1,-1,0,unknown,no
6118,35,blue-collar,married,primary,no,623,yes,no,cellular,6,may,97,2,-1,0,unknown,no
6119,52,housemaid,married,secondary,no,234,no,no,cellular,20,nov,208,1,-1,0,unknown,no
6120,33,technician,married,tertiary,no,599,yes,no,cellular,29,aug,461,2,-1,0,unknown,no
6121,42,management,married,tertiary,no,9916,yes,no,cellular,21,nov,306,1,-1,0,unknown,no
6122,33,admin.,single,secondary,no,3160,no,no,unknown,18,jun,719,13,-1,0,unknown,no
6123,35,admin.,single,secondary,no,0,yes,no,cellular,8,may,376,3,-1,0,unknown,no
6124,28,student,single,tertiary,no,2306,no,no,cellular,29,oct,140,2,-1,0,unknown,no
6125,41,admin.,divorced,secondary,no,2550,yes,no,cellular,15,may,894,2,347,2,failure,no
6126,44,blue-collar,married,secondary,no,701,no,yes,unknown,3,jul,269,2,-1,0,unknown,no
6127,26,technician,single,secondary,no,3244,no,no,cellular,2,feb,141,1,5,1,failure,no
6128,40,management,single,tertiary,no,402,yes,no,unknown,30,may,243,3,-1,0,unknown,no
6129,37,management,married,tertiary,no,6014,yes,no,cellular,15,jul,163,6,-1,0,unknown,no
6130,33,blue-collar,married,secondary,no,-81,yes,no,cellular,29,jan,339,2,-1,0,unknown,no
6131,36,admin.,married,secondary,no,898,no,no,cellular,15,jul,118,5,-1,0,unknown,no
6132,28,unemployed,married,secondary,no,863,yes,yes,unknown,27,may,355,1,-1,0,unknown,no
6133,37,self-employed,single,primary,no,235,yes,no,cellular,17,apr,191,4,323,9,failure,no
6134,32,technician,single,secondary,no,12,no,no,cellular,7,aug,173,2,-1,0,unknown,no
6135,49,blue-collar,married,secondary,no,298,yes,no,cellular,30,apr,264,2,86,3,failure,no
6136,36,blue-collar,married,secondary,no,3463,yes,no,telephone,21,nov,29,4,-1,0,unknown,no
6137,39,housemaid,married,primary,no,13338,no,no,cellular,11,aug,103,4,-1,0,unknown,no
6138,34,blue-collar,married,unknown,no,391,yes,yes,unknown,23,may,34,2,-1,0,unknown,no
6139,32,technician,single,tertiary,no,569,no,yes,cellular,29,jan,348,1,-1,0,unknown,no
6140,26,services,married,secondary,no,54,yes,no,unknown,13,may,116,1,-1,0,unknown,no
6141,46,admin.,divorced,secondary,no,875,yes,yes,cellular,11,may,269,3,353,2,failure,no
6142,78,retired,divorced,secondary,no,631,no,no,telephone,11,aug,95,1,-1,0,unknown,no
6143,47,admin.,married,secondary,no,3434,yes,yes,telephone,9,jul,337,1,-1,0,unknown,no
6144,80,retired,married,secondary,no,1610,no,no,cellular,12,aug,71,1,-1,0,unknown,no
6145,25,student,single,tertiary,no,505,yes,no,cellular,6,may,37,1,-1,0,unknown,no
6146,50,management,married,tertiary,no,11528,yes,no,unknown,30,may,57,1,-1,0,unknown,no
6147,36,management,divorced,tertiary,no,102,yes,no,cellular,14,apr,114,1,-1,0,unknown,no
6148,42,unemployed,married,primary,yes,-581,yes,no,cellular,13,may,224,1,370,2,failure,no
6149,54,management,married,tertiary,no,0,yes,no,cellular,24,jul,140,2,-1,0,unknown,no
6150,43,retired,married,primary,no,7298,no,no,unknown,11,jun,36,2,-1,0,unknown,no
6151,29,blue-collar,married,secondary,no,0,no,no,cellular,10,jul,45,1,-1,0,unknown,no
6152,36,management,married,tertiary,no,909,yes,yes,cellular,25,jul,250,3,-1,0,unknown,no
6153,59,blue-collar,married,unknown,no,337,no,no,unknown,18,jun,100,4,-1,0,unknown,no
6154,47,admin.,married,secondary,no,829,yes,yes,cellular,18,nov,48,1,188,1,failure,no
6155,36,technician,single,secondary,no,301,yes,yes,cellular,29,jul,367,1,-1,0,unknown,no
6156,56,technician,married,secondary,no,147,no,no,cellular,12,apr,203,1,-1,0,unknown,no
6157,55,retired,divorced,secondary,no,282,yes,no,unknown,5,jun,99,2,-1,0,unknown,no
6158,38,technician,divorced,secondary,no,1294,yes,no,unknown,29,may,565,1,-1,0,unknown,no
6159,39,blue-collar,divorced,secondary,no,0,yes,no,cellular,11,may,275,2,307,1,other,no
6160,35,management,single,tertiary,no,995,no,no,cellular,5,feb,39,1,-1,0,unknown,no
6161,54,blue-collar,married,primary,no,532,no,no,telephone,31,jul,73,2,-1,0,unknown,no
6162,32,services,single,tertiary,no,785,no,no,cellular,3,jun,273,1,-1,0,unknown,no
6163,30,technician,divorced,secondary,no,3028,yes,no,cellular,28,aug,65,5,-1,0,unknown,no
6164,51,blue-collar,married,secondary,no,1022,yes,no,cellular,8,may,311,3,-1,0,unknown,no
6165,39,management,married,primary,no,0,no,no,unknown,11,jun,308,7,-1,0,unknown,no
6166,46,technician,married,secondary,no,792,no,no,unknown,5,jun,170,2,-1,0,unknown,no
6167,33,admin.,single,tertiary,no,490,yes,no,cellular,7,may,31,1,363,2,failure,no
6168,34,management,married,tertiary,no,417,yes,no,cellular,18,nov,138,1,-1,0,unknown,no
6169,33,management,married,tertiary,no,2071,no,no,cellular,8,aug,106,2,-1,0,unknown,no
6170,55,blue-collar,single,primary,no,1187,yes,no,unknown,2,jun,193,2,-1,0,unknown,no
6171,49,services,married,secondary,no,280,yes,no,telephone,14,jul,162,3,-1,0,unknown,no
6172,37,unemployed,married,tertiary,no,1236,no,no,cellular,29,jul,300,2,-1,0,unknown,no
6173,29,technician,single,tertiary,no,910,yes,no,cellular,11,may,278,1,-1,0,unknown,no
6174,28,management,single,secondary,no,-994,yes,yes,cellular,18,jul,174,2,-1,0,unknown,no
6175,21,unemployed,single,secondary,no,1333,no,no,cellular,2,feb,120,1,-1,0,unknown,no
6176,44,services,married,secondary,no,850,no,yes,cellular,16,jul,220,5,-1,0,unknown,no
6177,30,management,single,tertiary,no,3773,yes,no,unknown,27,may,99,1,-1,0,unknown,no
6178,46,management,married,tertiary,no,460,no,no,cellular,28,jan,56,1,-1,0,unknown,no
6179,33,entrepreneur,married,secondary,no,3140,yes,yes,cellular,21,nov,7,5,-1,0,unknown,no
6180,40,blue-collar,married,secondary,no,1028,yes,yes,cellular,17,apr,319,1,-1,0,unknown,no
6181,42,management,single,tertiary,no,4264,yes,no,unknown,28,may,882,1,-1,0,unknown,no
6182,44,management,divorced,tertiary,no,3932,yes,no,unknown,8,may,40,2,-1,0,unknown,no
6183,32,admin.,married,secondary,no,-1,no,no,cellular,8,jul,228,2,-1,0,unknown,no
6184,34,blue-collar,married,secondary,no,1682,yes,yes,cellular,28,jul,123,3,-1,0,unknown,no
6185,55,entrepreneur,married,secondary,no,814,no,yes,cellular,28,jul,69,12,-1,0,unknown,no
6186,35,services,married,secondary,no,819,yes,no,telephone,14,jul,102,14,-1,0,unknown,no
6187,47,admin.,married,secondary,no,1265,no,no,cellular,7,aug,137,2,-1,0,unknown,no
6188,29,admin.,single,tertiary,no,514,no,no,cellular,2,feb,270,1,-1,0,unknown,no
6189,47,services,married,secondary,no,1764,no,yes,cellular,26,aug,119,6,-1,0,unknown,no
6190,39,blue-collar,married,primary,no,275,yes,no,unknown,16,jun,189,2,-1,0,unknown,no
6191,40,blue-collar,married,primary,no,592,yes,no,cellular,18,may,80,3,350,2,failure,no
6192,42,admin.,single,secondary,no,1143,yes,yes,telephone,17,nov,106,1,-1,0,unknown,no
6193,31,management,married,tertiary,no,546,no,no,cellular,7,aug,147,2,-1,0,unknown,no
6194,31,management,married,tertiary,no,1164,yes,yes,cellular,18,jul,238,3,-1,0,unknown,no
6195,82,housemaid,divorced,primary,no,1381,no,no,cellular,28,jan,86,3,93,1,failure,no
6196,44,management,divorced,tertiary,no,0,no,no,unknown,6,jun,373,1,-1,0,unknown,no
6197,32,services,single,secondary,no,659,yes,no,cellular,20,apr,12,6,-1,0,unknown,no
6198,40,technician,married,secondary,no,192,yes,yes,cellular,15,may,16,8,351,5,failure,no
6199,26,admin.,single,secondary,no,-12,yes,no,unknown,4,jun,98,1,-1,0,unknown,no
6200,30,admin.,single,secondary,no,186,yes,no,cellular,13,may,390,1,-1,0,unknown,no
6201,45,blue-collar,married,secondary,no,2246,yes,yes,cellular,21,nov,197,2,99,2,other,no
6202,32,management,single,tertiary,no,124,no,no,cellular,4,feb,87,2,-1,0,unknown,no
6203,56,admin.,married,secondary,no,2087,yes,no,unknown,12,may,146,1,-1,0,unknown,no
6204,58,blue-collar,married,secondary,no,1298,yes,no,unknown,29,may,516,4,-1,0,unknown,no
6205,28,management,single,unknown,yes,101,yes,no,unknown,9,may,224,3,-1,0,unknown,no
6206,43,management,married,tertiary,no,46,no,no,cellular,27,aug,63,8,-1,0,unknown,no
6207,34,entrepreneur,divorced,tertiary,no,262,no,no,cellular,20,nov,371,1,-1,0,unknown,no
6208,40,services,married,secondary,no,0,yes,no,cellular,21,nov,43,1,185,2,failure,no
6209,31,self-employed,single,tertiary,no,17924,yes,no,cellular,21,nov,608,3,-1,0,unknown,no
6210,28,admin.,married,tertiary,no,167,yes,yes,cellular,18,feb,126,2,-1,0,unknown,no
6211,45,admin.,married,secondary,no,967,no,no,unknown,9,jun,63,1,-1,0,unknown,no
6212,33,blue-collar,married,secondary,no,0,yes,no,telephone,14,jul,305,3,-1,0,unknown,no
6213,42,admin.,married,primary,no,1547,yes,yes,unknown,27,may,272,3,-1,0,unknown,no
6214,32,blue-collar,married,primary,no,388,yes,no,cellular,15,apr,171,2,-1,0,unknown,no
6215,41,self-employed,married,secondary,no,1,no,no,cellular,19,aug,55,4,-1,0,unknown,no
6216,32,admin.,married,secondary,no,0,no,no,cellular,25,jul,209,1,-1,0,unknown,no
6217,37,unemployed,married,secondary,no,80,no,no,cellular,3,feb,248,2,-1,0,unknown,no
6218,57,admin.,married,secondary,no,4168,yes,yes,unknown,16,may,47,1,-1,0,unknown,no
6219,56,management,married,tertiary,no,0,no,no,cellular,19,nov,844,2,-1,0,unknown,no
6220,37,admin.,single,secondary,no,781,no,no,cellular,20,aug,75,1,-1,0,unknown,no
6221,34,admin.,married,secondary,no,804,yes,no,cellular,23,jul,256,9,-1,0,unknown,no
6222,46,blue-collar,married,tertiary,no,993,yes,no,unknown,16,jun,78,1,-1,0,unknown,no
6223,40,blue-collar,married,primary,no,34,yes,no,cellular,6,may,350,2,344,1,failure,no
6224,32,technician,single,tertiary,no,0,no,no,cellular,20,aug,72,4,-1,0,unknown,no
6225,28,admin.,single,secondary,no,520,yes,no,cellular,15,jun,29,1,-1,0,unknown,no
6226,46,self-employed,married,secondary,no,567,no,no,cellular,18,jul,142,10,-1,0,unknown,no
6227,44,management,married,tertiary,no,7177,no,no,unknown,19,jun,89,2,-1,0,unknown,no
6228,55,management,divorced,primary,no,3629,yes,no,unknown,30,may,87,1,-1,0,unknown,no
6229,75,retired,divorced,secondary,no,2199,no,no,telephone,13,nov,137,1,-1,0,unknown,no
6230,41,management,married,tertiary,no,223,yes,no,unknown,16,may,124,1,-1,0,unknown,no
6231,30,blue-collar,single,primary,no,185,no,no,unknown,26,jun,11,1,-1,0,unknown,no
6232,33,entrepreneur,married,secondary,no,5809,yes,no,cellular,22,aug,219,4,-1,0,unknown,no
6233,43,unemployed,married,secondary,no,210,yes,no,unknown,12,may,88,5,-1,0,unknown,no
6234,49,self-employed,married,secondary,no,-199,yes,yes,cellular,29,jan,385,1,-1,0,unknown,no
6235,32,blue-collar,married,secondary,no,897,yes,no,cellular,7,apr,293,3,322,2,failure,no
6236,26,blue-collar,divorced,secondary,no,0,yes,no,unknown,19,may,48,3,-1,0,unknown,no
6237,55,blue-collar,divorced,secondary,no,7378,no,no,unknown,14,may,316,3,-1,0,unknown,no
6238,46,management,single,tertiary,no,593,yes,no,cellular,29,jan,190,3,-1,0,unknown,no
6239,31,management,married,tertiary,no,1224,yes,yes,cellular,20,nov,75,2,119,2,success,no
6240,34,management,married,tertiary,no,3031,no,no,cellular,14,aug,94,6,-1,0,unknown,no
6241,37,blue-collar,married,primary,no,708,yes,no,telephone,2,feb,51,1,-1,0,unknown,no
6242,29,technician,single,tertiary,no,542,yes,no,unknown,9,may,338,3,-1,0,unknown,no
6243,24,admin.,single,tertiary,no,1141,yes,no,unknown,23,may,230,1,-1,0,unknown,no
6244,46,admin.,married,secondary,no,-42,no,yes,telephone,28,jul,181,12,-1,0,unknown,no
6245,41,management,married,tertiary,no,-556,yes,yes,unknown,26,may,127,3,-1,0,unknown,no
6246,52,services,married,unknown,no,482,yes,yes,cellular,28,jul,83,7,-1,0,unknown,no
6247,27,services,single,tertiary,no,1501,yes,no,cellular,24,jul,187,1,-1,0,unknown,no
6248,44,management,married,tertiary,no,1850,yes,no,cellular,6,may,274,1,-1,0,unknown,no
6249,39,technician,married,secondary,no,2266,no,no,cellular,22,may,86,1,93,4,success,no
6250,52,housemaid,married,primary,no,3283,no,no,unknown,11,jun,553,1,-1,0,unknown,no
6251,77,retired,single,primary,no,300,no,no,cellular,9,sep,511,1,-1,0,unknown,no
6252,35,technician,married,secondary,no,1,yes,yes,unknown,21,may,85,1,-1,0,unknown,no
6253,49,management,divorced,tertiary,no,178,no,no,cellular,6,aug,174,2,-1,0,unknown,no
6254,37,housemaid,married,secondary,no,187,no,no,unknown,12,jun,165,1,-1,0,unknown,no
6255,46,management,married,tertiary,no,229,yes,no,unknown,5,may,197,1,-1,0,unknown,no
6256,43,entrepreneur,single,tertiary,no,42,no,no,cellular,7,jul,285,1,-1,0,unknown,no
6257,35,blue-collar,married,primary,no,-367,yes,no,cellular,11,may,77,1,350,1,failure,no
6258,29,admin.,single,tertiary,no,8,no,yes,cellular,2,mar,107,1,-1,0,unknown,no
6259,52,housemaid,married,primary,no,256,no,no,cellular,6,aug,137,1,-1,0,unknown,no
6260,55,management,married,secondary,no,2410,yes,no,cellular,17,nov,135,1,-1,0,unknown,no
6261,33,technician,married,tertiary,no,2976,yes,no,cellular,9,nov,465,2,95,12,other,no
6262,40,blue-collar,divorced,secondary,no,-426,no,yes,unknown,26,may,245,1,-1,0,unknown,no
6263,39,blue-collar,married,secondary,no,39,yes,no,unknown,18,jun,34,6,-1,0,unknown,no
6264,61,blue-collar,divorced,primary,no,1428,yes,no,unknown,5,may,82,2,-1,0,unknown,no
6265,63,retired,married,secondary,no,2030,no,no,cellular,6,apr,61,6,-1,0,unknown,no
6266,44,management,married,tertiary,no,-1636,yes,yes,cellular,11,may,257,1,-1,0,unknown,no
6267,52,services,married,secondary,no,108,yes,no,unknown,15,may,543,12,-1,0,unknown,no
6268,58,unemployed,single,tertiary,no,2094,no,no,cellular,1,jun,161,2,-1,0,unknown,no
6269,38,admin.,married,secondary,no,47,yes,yes,cellular,31,jul,50,11,-1,0,unknown,no
6270,51,housemaid,married,primary,no,618,yes,yes,cellular,4,feb,69,1,-1,0,unknown,no
6271,29,self-employed,single,tertiary,no,162,no,yes,cellular,25,jul,324,1,-1,0,unknown,no
6272,42,management,married,tertiary,no,-671,no,no,cellular,28,aug,80,2,-1,0,unknown,no
6273,56,blue-collar,married,primary,no,136,no,no,cellular,4,aug,270,1,-1,0,unknown,no
6274,55,technician,married,secondary,no,6958,yes,yes,unknown,13,may,178,2,-1,0,unknown,no
6275,43,blue-collar,married,primary,no,953,yes,no,unknown,19,may,135,1,-1,0,unknown,no
6276,27,blue-collar,married,secondary,no,821,yes,yes,unknown,16,sep,23,1,778,41,other,no
6277,54,services,married,secondary,no,131,no,no,cellular,14,aug,252,2,-1,0,unknown,no
6278,25,management,single,secondary,no,1272,yes,no,cellular,24,jul,342,2,-1,0,unknown,no
6279,33,blue-collar,married,primary,no,-306,yes,yes,unknown,13,may,851,4,-1,0,unknown,no
6280,46,admin.,divorced,secondary,no,3201,yes,no,telephone,13,may,157,3,-1,0,unknown,no
6281,26,services,single,secondary,no,1114,no,no,cellular,9,feb,44,2,-1,0,unknown,no
6282,30,admin.,married,tertiary,no,4168,no,no,cellular,3,jun,198,1,-1,0,unknown,no
6283,39,technician,married,secondary,no,0,yes,no,unknown,5,may,203,1,-1,0,unknown,no
6284,58,admin.,married,unknown,no,0,yes,no,cellular,17,nov,219,1,186,2,failure,no
6285,49,blue-collar,married,secondary,no,3309,yes,no,cellular,15,may,349,2,-1,0,unknown,no
6286,49,services,married,secondary,no,1377,yes,no,unknown,7,may,1101,1,-1,0,unknown,no
6287,43,housemaid,married,secondary,no,150,no,no,telephone,28,jul,290,7,-1,0,unknown,no
6288,60,management,married,tertiary,no,553,yes,no,cellular,2,feb,343,1,210,3,success,no
6289,57,technician,married,secondary,no,458,no,yes,cellular,15,jul,177,3,-1,0,unknown,no
6290,38,technician,married,secondary,no,565,no,no,cellular,20,aug,93,2,-1,0,unknown,no
6291,56,technician,married,secondary,no,0,yes,yes,cellular,29,apr,152,1,223,3,other,no
6292,45,self-employed,married,secondary,no,2278,no,no,unknown,17,nov,1735,2,-1,0,unknown,no
6293,45,management,married,tertiary,no,210,yes,no,cellular,21,jul,623,1,-1,0,unknown,no
6294,44,blue-collar,married,unknown,no,15578,yes,no,unknown,29,may,401,1,-1,0,unknown,no
6295,40,blue-collar,married,primary,no,236,yes,no,unknown,20,may,167,2,-1,0,unknown,no
6296,38,management,single,tertiary,no,1704,no,no,cellular,1,sep,222,1,-1,0,unknown,no
6297,55,admin.,divorced,secondary,no,1693,no,no,cellular,10,aug,247,1,102,3,success,no
6298,40,technician,married,secondary,no,372,yes,no,cellular,21,nov,365,1,100,2,failure,no
6299,35,blue-collar,single,primary,no,1147,yes,yes,telephone,7,may,29,1,-1,0,unknown,no
6300,32,blue-collar,married,secondary,no,3166,yes,no,cellular,20,nov,418,3,-1,0,unknown,no
6301,31,self-employed,married,primary,no,1074,yes,no,unknown,23,may,1438,2,-1,0,unknown,no
6302,49,blue-collar,divorced,secondary,no,23,no,no,cellular,17,nov,221,2,-1,0,unknown,no
6303,55,retired,married,secondary,no,1431,no,yes,cellular,28,jan,107,1,-1,0,unknown,no
6304,51,blue-collar,married,secondary,no,814,yes,no,cellular,14,may,17,8,-1,0,unknown,no
6305,30,unemployed,married,secondary,no,142,yes,no,unknown,20,may,350,4,-1,0,unknown,no
6306,37,admin.,single,secondary,no,810,yes,no,cellular,8,apr,376,1,295,1,failure,no
6307,36,management,married,tertiary,no,1604,yes,no,unknown,11,jun,47,3,-1,0,unknown,no
6308,51,management,divorced,tertiary,no,0,yes,no,cellular,28,jul,534,4,-1,0,unknown,no
6309,29,admin.,single,secondary,no,488,yes,no,cellular,4,jun,105,1,-1,0,unknown,no
6310,32,student,single,unknown,no,4110,no,no,cellular,6,feb,119,8,-1,0,unknown,no
6311,36,services,married,secondary,no,1746,yes,no,cellular,7,apr,15,1,316,1,failure,no
6312,32,blue-collar,married,secondary,no,-208,yes,yes,unknown,9,may,325,1,-1,0,unknown,no
6313,56,retired,married,primary,no,152,yes,yes,cellular,30,jul,65,7,-1,0,unknown,no
6314,46,services,married,secondary,no,0,no,no,cellular,18,aug,74,4,-1,0,unknown,no
6315,39,admin.,divorced,secondary,no,399,yes,yes,cellular,14,aug,133,2,-1,0,unknown,no
6316,57,retired,married,primary,no,318,no,no,cellular,22,aug,371,4,-1,0,unknown,no
6317,53,management,married,tertiary,no,9072,no,no,cellular,18,nov,117,2,-1,0,unknown,no
6318,33,technician,married,secondary,no,3071,yes,yes,cellular,21,jul,323,1,-1,0,unknown,no
6319,43,blue-collar,divorced,primary,no,177,no,no,cellular,3,feb,124,1,-1,0,unknown,no
6320,40,management,married,tertiary,no,10786,no,no,unknown,20,jun,111,3,-1,0,unknown,no
6321,44,admin.,married,secondary,yes,0,no,yes,unknown,30,jun,76,3,-1,0,unknown,no
6322,59,admin.,married,primary,no,879,yes,no,cellular,30,jan,126,5,259,7,failure,no
6323,59,retired,married,secondary,no,1887,no,no,cellular,28,aug,88,8,-1,0,unknown,no
6324,28,services,single,secondary,no,3331,yes,no,unknown,28,may,229,2,-1,0,unknown,no
6325,26,management,single,tertiary,no,3,yes,no,cellular,23,jul,106,1,-1,0,unknown,no
6326,59,management,single,tertiary,no,7668,no,no,cellular,5,aug,124,1,-1,0,unknown,no
6327,78,retired,divorced,primary,no,55,no,no,telephone,5,nov,143,3,90,1,other,no
6328,33,services,married,primary,no,0,yes,no,cellular,7,may,227,2,-1,0,unknown,no
6329,38,blue-collar,divorced,secondary,no,2998,yes,no,unknown,11,jun,91,1,-1,0,unknown,no
6330,35,self-employed,married,secondary,no,524,yes,no,cellular,21,nov,484,4,-1,0,unknown,no
6331,30,technician,single,tertiary,no,106,yes,no,cellular,13,may,119,3,-1,0,unknown,no
6332,31,services,single,secondary,no,85,no,no,cellular,16,jul,151,1,-1,0,unknown,no
6333,35,technician,married,secondary,no,249,no,no,cellular,21,aug,205,8,-1,0,unknown,no
6334,45,management,married,tertiary,no,10,no,no,cellular,26,aug,133,7,-1,0,unknown,no
6335,40,admin.,married,secondary,no,523,yes,yes,unknown,8,may,598,3,-1,0,unknown,no
6336,50,services,married,secondary,no,1321,no,no,unknown,17,jun,271,2,-1,0,unknown,no
6337,29,admin.,single,secondary,no,-194,yes,no,cellular,7,may,127,1,-1,0,unknown,no
6338,41,unemployed,single,tertiary,no,4517,yes,no,cellular,20,nov,137,1,-1,0,unknown,no
6339,44,technician,married,tertiary,no,964,no,no,cellular,29,jul,158,2,-1,0,unknown,no
6340,29,unknown,single,secondary,no,923,no,no,cellular,26,may,333,1,-1,0,unknown,no
6341,49,technician,divorced,secondary,no,2677,yes,yes,cellular,31,jul,67,3,-1,0,unknown,no
6342,30,admin.,single,secondary,no,873,no,no,cellular,7,oct,301,1,216,2,failure,no
6343,37,blue-collar,married,unknown,no,-1050,yes,no,unknown,2,jun,548,2,-1,0,unknown,no
6344,52,admin.,divorced,secondary,no,361,no,yes,cellular,20,nov,147,1,-1,0,unknown,no
6345,30,management,single,tertiary,no,1466,no,no,cellular,12,aug,111,4,-1,0,unknown,no
6346,40,admin.,single,secondary,no,782,yes,no,cellular,21,dec,94,5,202,17,failure,no
6347,33,blue-collar,married,secondary,no,3576,yes,no,cellular,2,apr,124,1,308,2,other,no
6348,34,self-employed,single,secondary,no,3,yes,no,unknown,5,may,301,1,-1,0,unknown,no
6349,33,blue-collar,married,secondary,no,-112,yes,no,unknown,28,may,132,1,-1,0,unknown,no
6350,35,unemployed,married,secondary,no,759,no,no,cellular,19,nov,556,3,-1,0,unknown,no
6351,54,management,married,tertiary,no,195,no,yes,cellular,4,feb,47,1,265,6,other,no
6352,32,services,married,secondary,no,15,yes,no,cellular,15,may,391,1,-1,0,unknown,no
6353,32,technician,married,tertiary,no,-1053,yes,no,cellular,21,jul,357,3,-1,0,unknown,no
6354,44,management,married,secondary,no,488,no,yes,cellular,29,jan,138,2,183,11,failure,no
6355,53,technician,married,secondary,no,287,no,no,telephone,6,feb,13,5,-1,0,unknown,no
6356,53,admin.,married,secondary,no,578,no,no,cellular,29,aug,59,2,-1,0,unknown,no
6357,40,management,single,tertiary,no,1509,no,no,cellular,12,may,333,1,58,3,failure,no
6358,29,admin.,single,secondary,no,3794,no,no,cellular,30,apr,249,1,-1,0,unknown,no
6359,36,housemaid,married,primary,no,4324,yes,no,cellular,14,jul,565,4,-1,0,unknown,no
6360,40,blue-collar,divorced,secondary,no,793,yes,no,unknown,15,may,109,1,-1,0,unknown,no
6361,58,services,married,primary,no,943,yes,no,unknown,3,jun,243,3,-1,0,unknown,no
6362,34,management,married,tertiary,no,0,yes,yes,cellular,10,jul,129,1,-1,0,unknown,no
6363,60,blue-collar,married,secondary,no,19447,yes,no,telephone,9,jul,196,1,-1,0,unknown,no
6364,23,student,single,unknown,no,565,no,no,cellular,28,may,162,7,-1,0,unknown,no
6365,59,unknown,married,unknown,no,1541,no,no,cellular,5,aug,790,1,-1,0,unknown,no
6366,42,technician,married,tertiary,no,1079,no,no,cellular,31,jul,61,2,-1,0,unknown,no
6367,50,management,married,tertiary,no,0,no,no,cellular,10,aug,232,3,130,3,other,no
6368,31,management,single,secondary,no,1310,yes,no,cellular,18,may,12,2,-1,0,unknown,no
6369,31,management,single,tertiary,no,98,no,no,cellular,11,aug,69,2,-1,0,unknown,no
6370,28,admin.,married,secondary,no,5,yes,no,cellular,18,jul,121,1,-1,0,unknown,no
6371,56,admin.,married,primary,no,0,yes,no,cellular,3,apr,353,2,227,4,failure,no
6372,23,student,single,secondary,no,9216,no,no,cellular,5,jun,471,2,-1,0,unknown,no
6373,30,entrepreneur,married,secondary,no,2551,yes,no,unknown,5,jun,142,2,-1,0,unknown,no
6374,54,technician,married,secondary,no,0,no,no,telephone,14,aug,159,2,106,6,success,no
6375,35,blue-collar,married,secondary,no,154,yes,no,unknown,23,may,211,4,-1,0,unknown,no
6376,29,admin.,married,secondary,no,-150,yes,no,unknown,6,may,328,1,-1,0,unknown,no
6377,48,management,married,primary,no,427,no,no,cellular,17,nov,62,1,-1,0,unknown,no
6378,43,admin.,single,tertiary,no,664,yes,no,cellular,17,apr,119,1,-1,0,unknown,no
6379,40,management,single,tertiary,no,0,no,no,cellular,26,aug,58,7,-1,0,unknown,no
6380,38,entrepreneur,married,secondary,no,680,yes,no,unknown,19,may,144,2,-1,0,unknown,no
6381,30,admin.,married,secondary,no,4,no,no,unknown,20,jun,7,2,-1,0,unknown,no
6382,60,blue-collar,married,secondary,no,196,no,no,unknown,20,jun,583,3,-1,0,unknown,no
6383,31,entrepreneur,divorced,secondary,no,290,yes,no,cellular,13,apr,230,1,-1,0,unknown,no
6384,28,student,single,tertiary,no,221,yes,no,cellular,15,may,176,1,-1,0,unknown,no
6385,31,technician,married,secondary,no,180,no,no,cellular,26,may,222,1,70,2,success,no
6386,48,services,single,primary,no,-139,no,no,cellular,13,may,75,2,-1,0,unknown,no
6387,36,blue-collar,single,primary,no,79,no,no,unknown,20,jun,9,3,-1,0,unknown,no
6388,41,management,divorced,tertiary,no,236,no,no,cellular,3,feb,159,2,-1,0,unknown,no
6389,35,management,single,tertiary,no,1120,no,no,unknown,21,sep,4,1,771,2,success,no
6390,51,management,divorced,tertiary,no,-2282,yes,yes,cellular,14,jul,301,6,-1,0,unknown,no
6391,35,blue-collar,married,secondary,no,2200,yes,no,cellular,17,apr,14,1,-1,0,unknown,no
6392,51,management,single,unknown,no,-461,yes,no,unknown,28,may,33,2,-1,0,unknown,no
6393,56,blue-collar,married,secondary,no,385,no,no,cellular,20,aug,210,3,-1,0,unknown,no
6394,59,retired,married,secondary,no,2291,no,yes,cellular,14,jul,127,3,-1,0,unknown,no
6395,27,services,married,secondary,no,54,yes,no,cellular,18,may,97,1,370,1,failure,no
6396,48,services,married,secondary,no,2850,yes,no,cellular,6,aug,107,3,-1,0,unknown,no
6397,24,admin.,single,secondary,no,1235,yes,yes,unknown,30,may,76,3,-1,0,unknown,no
6398,56,admin.,married,secondary,no,360,yes,yes,cellular,24,jul,98,2,-1,0,unknown,no
6399,34,management,married,tertiary,no,1352,no,no,cellular,8,aug,265,2,-1,0,unknown,no
6400,35,technician,married,secondary,no,905,no,yes,cellular,21,aug,114,2,-1,0,unknown,no
6401,57,retired,married,tertiary,no,138,no,no,unknown,26,may,157,5,-1,0,unknown,no
6402,30,blue-collar,single,secondary,no,0,yes,no,cellular,14,jul,768,2,-1,0,unknown,no
6403,40,admin.,divorced,secondary,no,221,yes,no,unknown,13,may,154,2,-1,0,unknown,no
6404,48,blue-collar,married,primary,no,-254,no,yes,cellular,29,aug,134,4,-1,0,unknown,no
6405,35,management,married,tertiary,no,1510,yes,no,unknown,9,may,61,1,-1,0,unknown,no
6406,46,services,married,secondary,no,1757,yes,no,unknown,14,may,380,4,-1,0,unknown,no
6407,30,blue-collar,married,primary,no,0,yes,no,cellular,6,may,239,2,-1,0,unknown,no
6408,37,services,single,secondary,no,934,yes,no,unknown,16,may,242,3,-1,0,unknown,no
6409,30,unemployed,married,tertiary,no,0,yes,no,cellular,18,nov,756,1,-1,0,unknown,no
6410,46,management,married,tertiary,no,1217,yes,no,unknown,15,may,236,1,-1,0,unknown,no
6411,43,blue-collar,divorced,primary,no,-57,yes,no,unknown,16,may,221,2,-1,0,unknown,no
6412,40,blue-collar,single,secondary,no,82,yes,no,cellular,13,may,135,6,370,5,failure,no
6413,34,unemployed,married,secondary,no,438,yes,yes,cellular,9,apr,272,1,323,1,failure,no
6414,43,admin.,divorced,secondary,no,729,yes,no,unknown,30,may,668,2,-1,0,unknown,no
6415,31,services,married,secondary,no,0,yes,no,cellular,29,jan,224,2,-1,0,unknown,no
6416,37,blue-collar,married,secondary,no,374,yes,no,unknown,7,may,944,3,-1,0,unknown,no
6417,49,self-employed,single,tertiary,no,-341,no,yes,cellular,18,nov,920,2,-1,0,unknown,no
6418,38,blue-collar,married,secondary,no,-367,yes,yes,cellular,12,may,354,1,-1,0,unknown,no
6419,27,admin.,single,secondary,no,592,yes,yes,cellular,5,feb,466,3,-1,0,unknown,no
6420,35,management,divorced,tertiary,no,457,yes,no,cellular,5,feb,114,3,-1,0,unknown,no
6421,47,unemployed,single,secondary,no,4819,no,no,cellular,18,nov,144,1,-1,0,unknown,no
6422,56,blue-collar,married,primary,no,-85,yes,yes,unknown,26,may,118,1,-1,0,unknown,no
6423,26,self-employed,single,secondary,no,467,yes,yes,unknown,4,jun,90,2,-1,0,unknown,no
6424,29,admin.,single,secondary,no,-309,yes,yes,unknown,4,jun,215,1,-1,0,unknown,no
6425,53,blue-collar,married,secondary,no,21522,no,no,unknown,24,jun,146,4,-1,0,unknown,no
6426,38,blue-collar,married,primary,no,467,yes,no,unknown,16,may,379,1,-1,0,unknown,no
6427,33,blue-collar,married,tertiary,no,870,no,yes,cellular,8,jul,545,3,-1,0,unknown,no
6428,30,blue-collar,single,secondary,no,-93,yes,no,unknown,27,may,149,2,-1,0,unknown,no
6429,36,admin.,married,secondary,no,75,yes,no,unknown,4,jul,52,4,-1,0,unknown,no
6430,37,blue-collar,single,secondary,no,292,no,no,unknown,8,sep,9,1,-1,0,unknown,no
6431,60,blue-collar,married,secondary,no,0,no,yes,unknown,5,jun,124,1,-1,0,unknown,no
6432,48,management,married,tertiary,no,263,yes,no,unknown,5,may,350,2,-1,0,unknown,no
6433,32,management,married,tertiary,no,134,no,yes,cellular,29,aug,162,2,-1,0,unknown,no
6434,31,self-employed,single,tertiary,no,91,no,no,unknown,23,may,206,1,-1,0,unknown,no
6435,54,management,married,tertiary,no,0,no,yes,cellular,19,nov,307,3,-1,0,unknown,no
6436,31,self-employed,married,tertiary,no,229,no,no,cellular,29,jan,184,1,-1,0,unknown,no
6437,31,blue-collar,married,secondary,no,892,yes,no,cellular,29,jul,25,22,-1,0,unknown,no
6438,29,services,single,secondary,no,197,yes,no,cellular,5,may,19,2,-1,0,unknown,no
6439,23,blue-collar,married,primary,no,-213,no,no,unknown,13,may,165,2,-1,0,unknown,no
6440,51,management,married,tertiary,no,-321,no,no,cellular,6,feb,470,2,9,2,other,no
6441,32,blue-collar,single,secondary,no,604,no,no,cellular,30,jan,410,2,196,2,other,no
6442,48,management,married,primary,no,606,no,no,cellular,5,mar,77,6,-1,0,unknown,no
6443,32,blue-collar,married,primary,no,1518,yes,no,telephone,6,feb,35,3,-1,0,unknown,no
6444,44,housemaid,married,secondary,no,192,no,no,unknown,11,jun,232,2,-1,0,unknown,no
6445,35,management,married,tertiary,no,0,yes,yes,cellular,25,jul,86,4,-1,0,unknown,no
6446,46,technician,married,secondary,yes,289,no,no,unknown,7,may,51,3,-1,0,unknown,no
6447,31,admin.,married,secondary,no,535,no,no,unknown,9,may,249,3,-1,0,unknown,no
6448,31,blue-collar,single,secondary,no,33,yes,no,unknown,15,may,214,4,-1,0,unknown,no
6449,36,blue-collar,married,primary,no,243,yes,yes,unknown,30,may,118,2,-1,0,unknown,no
6450,35,services,married,tertiary,no,0,yes,no,unknown,2,jun,312,2,-1,0,unknown,no
6451,35,services,married,secondary,no,1279,yes,no,unknown,16,jun,114,5,-1,0,unknown,no
6452,36,technician,married,tertiary,no,1327,no,no,cellular,29,oct,174,2,-1,0,unknown,no
6453,52,blue-collar,married,tertiary,no,297,yes,no,cellular,18,nov,62,2,195,1,failure,no
6454,27,technician,single,secondary,no,740,yes,no,cellular,5,may,294,1,-1,0,unknown,no
6455,47,services,married,secondary,no,278,yes,no,cellular,7,may,51,1,366,1,other,no
6456,43,unemployed,married,secondary,no,553,no,no,telephone,4,feb,125,1,-1,0,unknown,no
6457,41,entrepreneur,married,primary,no,406,no,no,unknown,6,jun,272,1,-1,0,unknown,no
6458,18,student,single,secondary,no,5,no,no,cellular,24,aug,143,2,-1,0,unknown,no
6459,45,blue-collar,married,secondary,no,2071,no,yes,telephone,22,jul,1148,2,-1,0,unknown,no
6460,41,technician,married,secondary,no,0,no,no,cellular,28,jan,411,2,156,8,other,no
6461,34,technician,married,tertiary,no,932,yes,no,cellular,4,jun,218,1,-1,0,unknown,no
6462,46,services,married,secondary,no,-119,yes,no,cellular,22,jul,151,3,-1,0,unknown,no
6463,38,technician,married,secondary,no,381,yes,no,unknown,29,may,126,2,-1,0,unknown,no
6464,23,services,married,secondary,no,1309,yes,no,unknown,3,jun,349,2,-1,0,unknown,no
6465,73,retired,married,primary,no,542,no,no,telephone,29,apr,107,5,-1,0,unknown,no
6466,41,technician,married,unknown,no,30,yes,no,cellular,10,jul,151,1,-1,0,unknown,no
6467,43,management,single,tertiary,no,0,no,no,cellular,11,aug,155,2,-1,0,unknown,no
6468,51,management,married,tertiary,no,-15,no,no,cellular,25,jul,212,2,-1,0,unknown,no
6469,45,services,married,unknown,no,318,no,no,cellular,16,jul,63,2,-1,0,unknown,no
6470,47,housemaid,divorced,primary,no,1405,no,no,unknown,12,jun,127,1,-1,0,unknown,no
6471,35,blue-collar,married,tertiary,no,5271,yes,no,cellular,14,apr,119,2,-1,0,unknown,no
6472,38,admin.,divorced,secondary,no,-51,no,yes,cellular,30,jan,102,1,-1,0,unknown,no
6473,31,management,married,tertiary,no,3914,no,yes,cellular,29,jan,266,1,-1,0,unknown,no
6474,49,entrepreneur,married,tertiary,no,4976,yes,no,cellular,21,nov,105,1,-1,0,unknown,no
6475,29,blue-collar,single,secondary,no,16,no,no,unknown,12,may,197,3,-1,0,unknown,no
6476,39,admin.,married,secondary,no,1595,yes,no,unknown,5,jun,102,2,-1,0,unknown,no
6477,41,entrepreneur,married,tertiary,no,306,yes,no,unknown,20,jun,102,3,-1,0,unknown,no
6478,34,blue-collar,single,secondary,no,215,no,no,cellular,5,jun,329,1,94,3,success,no
6479,39,management,single,tertiary,no,0,yes,no,cellular,12,may,561,4,369,3,failure,no
6480,78,retired,divorced,unknown,no,2628,no,no,telephone,14,apr,129,2,-1,0,unknown,no
6481,33,management,married,tertiary,no,1778,no,no,cellular,26,may,134,1,103,1,success,no
6482,59,retired,married,primary,no,1423,yes,no,unknown,15,may,584,2,-1,0,unknown,no
6483,52,management,married,tertiary,no,659,no,no,cellular,23,jul,517,4,-1,0,unknown,no
6484,35,entrepreneur,married,tertiary,no,-31,yes,no,cellular,21,nov,171,2,-1,0,unknown,no
6485,43,admin.,married,secondary,yes,-204,yes,no,unknown,26,may,163,2,-1,0,unknown,no
6486,43,technician,single,secondary,no,1462,no,no,unknown,9,jun,75,2,-1,0,unknown,no
6487,36,blue-collar,married,secondary,no,723,yes,no,cellular,31,jul,101,2,-1,0,unknown,no
6488,36,admin.,single,tertiary,no,3954,yes,no,unknown,21,may,432,1,-1,0,unknown,no
6489,45,unemployed,single,secondary,no,33,no,no,cellular,5,feb,437,1,-1,0,unknown,no
6490,47,management,married,primary,no,4151,yes,no,unknown,14,may,114,1,-1,0,unknown,no
6491,38,admin.,divorced,secondary,yes,0,no,yes,cellular,21,jul,126,3,-1,0,unknown,no
6492,45,entrepreneur,married,tertiary,no,219,yes,yes,cellular,28,jul,118,4,-1,0,unknown,no
6493,33,technician,married,tertiary,no,2728,no,no,cellular,5,aug,295,2,-1,0,unknown,no
6494,38,management,divorced,tertiary,no,76,no,no,cellular,30,jan,220,3,-1,0,unknown,no
6495,36,technician,married,tertiary,no,4388,no,no,cellular,8,aug,52,3,-1,0,unknown,no
6496,38,blue-collar,married,secondary,no,-210,yes,no,unknown,8,may,21,1,-1,0,unknown,no
6497,34,self-employed,married,tertiary,no,2427,no,no,telephone,11,aug,90,3,70,3,failure,no
6498,32,admin.,single,secondary,no,45,yes,yes,cellular,14,may,908,3,344,7,other,no
6499,49,technician,married,secondary,yes,-74,yes,no,cellular,19,nov,114,1,-1,0,unknown,no
6500,37,management,single,tertiary,no,2173,no,no,cellular,21,nov,158,3,114,1,failure,no
6501,47,technician,divorced,tertiary,no,8422,no,no,cellular,8,aug,200,4,-1,0,unknown,no
6502,28,self-employed,married,tertiary,no,120,yes,yes,unknown,8,may,130,3,-1,0,unknown,no
6503,29,admin.,divorced,secondary,no,1320,yes,yes,unknown,8,may,489,1,-1,0,unknown,no
6504,30,services,single,secondary,no,245,no,yes,cellular,8,jul,187,2,-1,0,unknown,no
6505,34,admin.,divorced,primary,no,9569,yes,no,unknown,9,may,43,2,-1,0,unknown,no
6506,39,technician,single,unknown,no,0,yes,no,unknown,7,may,130,1,-1,0,unknown,no
6507,26,blue-collar,married,secondary,no,2770,yes,no,unknown,8,may,141,1,-1,0,unknown,no
6508,38,technician,divorced,secondary,no,1221,yes,yes,cellular,18,aug,73,7,-1,0,unknown,no
6509,47,admin.,married,secondary,no,298,yes,no,cellular,11,may,183,1,-1,0,unknown,no
6510,61,management,married,secondary,no,967,no,no,cellular,20,aug,180,1,-1,0,unknown,no
6511,35,technician,married,secondary,no,0,no,no,cellular,14,jul,125,2,-1,0,unknown,no
6512,34,admin.,married,secondary,no,0,yes,no,cellular,9,feb,30,4,-1,0,unknown,no
6513,34,entrepreneur,married,secondary,no,1368,yes,no,cellular,18,nov,252,2,-1,0,unknown,no
6514,56,technician,single,secondary,no,751,yes,no,cellular,15,may,43,8,177,5,failure,no
6515,47,services,married,secondary,no,2597,yes,no,unknown,16,may,323,1,-1,0,unknown,no
6516,36,unemployed,married,secondary,no,-35,no,no,cellular,30,jan,339,3,-1,0,unknown,no
6517,43,technician,married,secondary,no,629,no,no,cellular,5,aug,196,1,-1,0,unknown,no
6518,51,admin.,married,primary,no,1330,yes,no,unknown,15,may,415,8,-1,0,unknown,no
6519,40,technician,single,secondary,no,277,yes,no,unknown,14,may,274,2,-1,0,unknown,no
6520,38,services,married,tertiary,no,1018,no,no,unknown,16,jun,325,3,-1,0,unknown,no
6521,34,management,married,tertiary,no,11,yes,no,cellular,17,jul,654,1,-1,0,unknown,no
6522,47,self-employed,married,tertiary,no,0,no,no,telephone,21,nov,28,1,-1,0,unknown,no
6523,57,entrepreneur,married,secondary,no,905,no,no,cellular,7,aug,121,1,-1,0,unknown,no
6524,35,technician,married,secondary,no,15474,no,no,cellular,21,nov,89,1,92,2,other,no
6525,45,management,married,tertiary,no,54,yes,no,telephone,13,may,107,3,-1,0,unknown,no
6526,55,unemployed,married,secondary,no,-246,no,yes,cellular,8,jul,305,2,-1,0,unknown,no
6527,54,management,married,secondary,no,0,no,no,cellular,19,nov,106,1,-1,0,unknown,no
6528,39,services,married,primary,no,1951,yes,no,unknown,23,may,208,2,-1,0,unknown,no
6529,58,services,married,primary,no,65,no,no,unknown,27,jun,162,1,-1,0,unknown,no
6530,31,admin.,married,secondary,no,368,yes,no,cellular,5,may,414,5,361,3,other,no
6531,35,blue-collar,married,primary,no,51,yes,no,unknown,28,may,593,2,-1,0,unknown,no
6532,45,technician,married,secondary,no,3492,yes,yes,unknown,20,jun,46,4,-1,0,unknown,no
6533,44,admin.,divorced,secondary,no,21,yes,no,cellular,13,apr,681,3,-1,0,unknown,no
6534,57,blue-collar,married,primary,no,8403,no,no,unknown,20,jun,11,11,-1,0,unknown,no
6535,41,technician,married,secondary,no,978,no,no,cellular,29,jul,55,2,-1,0,unknown,no
6536,42,blue-collar,married,secondary,no,165,yes,no,unknown,23,may,333,2,-1,0,unknown,no
6537,49,technician,single,unknown,no,350,no,no,cellular,28,jan,91,3,-1,0,unknown,no
6538,52,self-employed,divorced,secondary,no,385,no,yes,cellular,26,aug,96,4,-1,0,unknown,no
6539,57,blue-collar,married,secondary,no,2058,yes,no,telephone,18,may,23,2,-1,0,unknown,no
6540,29,management,single,tertiary,no,-11,yes,no,cellular,14,may,164,2,-1,0,unknown,no
6541,34,blue-collar,single,primary,no,505,yes,no,unknown,13,may,351,1,-1,0,unknown,no
6542,36,management,married,tertiary,no,-547,yes,no,cellular,30,apr,267,1,259,2,failure,no
6543,39,management,married,tertiary,no,562,no,no,cellular,13,sep,303,2,-1,0,unknown,no
6544,53,blue-collar,divorced,primary,no,4222,no,no,unknown,9,jun,112,1,-1,0,unknown,no
6545,40,services,married,secondary,no,105,yes,no,cellular,9,jul,161,1,-1,0,unknown,no
6546,38,services,single,secondary,no,0,yes,no,unknown,27,may,166,2,-1,0,unknown,no
6547,34,admin.,single,secondary,no,66,yes,no,unknown,26,may,237,1,-1,0,unknown,no
6548,40,services,married,secondary,no,0,yes,yes,cellular,2,feb,226,2,-1,0,unknown,no
6549,39,management,married,secondary,no,13578,yes,no,cellular,21,nov,185,2,-1,0,unknown,no
6550,51,technician,single,tertiary,no,11222,yes,no,cellular,21,nov,126,2,171,7,failure,no
6551,33,admin.,married,secondary,no,1737,no,no,cellular,30,apr,524,2,-1,0,unknown,no
6552,59,management,divorced,tertiary,no,59,yes,no,unknown,5,may,273,1,-1,0,unknown,no
6553,30,technician,single,secondary,no,54,no,no,cellular,11,aug,194,2,-1,0,unknown,no
6554,61,technician,married,primary,no,2282,no,no,cellular,25,nov,1092,1,-1,0,unknown,no
6555,24,admin.,married,secondary,no,299,yes,no,cellular,6,may,209,1,321,1,failure,no
6556,36,management,married,tertiary,no,396,no,no,cellular,13,aug,67,5,-1,0,unknown,no
6557,34,technician,single,tertiary,no,184,yes,no,cellular,30,jul,87,3,-1,0,unknown,no
6558,47,blue-collar,married,primary,no,475,yes,yes,cellular,29,jan,99,2,251,7,other,no
6559,40,technician,married,secondary,no,-496,no,no,telephone,28,jul,22,2,-1,0,unknown,no
6560,46,technician,divorced,secondary,no,117,no,no,cellular,29,aug,94,2,-1,0,unknown,no
6561,32,management,married,tertiary,no,713,yes,no,cellular,11,aug,76,7,-1,0,unknown,no
6562,39,management,married,tertiary,no,45,no,no,cellular,28,aug,148,4,-1,0,unknown,no
6563,35,management,single,tertiary,no,1496,yes,no,cellular,22,aug,73,4,-1,0,unknown,no
6564,37,services,single,primary,no,0,no,yes,cellular,6,feb,155,6,245,5,other,no
6565,45,technician,married,unknown,no,886,yes,no,cellular,13,oct,75,2,42,1,failure,no
6566,38,blue-collar,married,primary,no,4592,yes,no,cellular,12,may,360,1,-1,0,unknown,no
6567,52,technician,married,secondary,no,-38,no,no,unknown,6,jun,613,1,-1,0,unknown,no
6568,28,blue-collar,single,primary,no,431,yes,no,cellular,13,may,68,2,363,2,failure,no
6569,35,management,single,tertiary,no,-292,yes,no,cellular,18,may,166,2,272,6,failure,no
6570,45,technician,married,secondary,no,2571,no,no,unknown,18,jun,146,2,-1,0,unknown,no
6571,33,management,single,tertiary,no,191,no,yes,cellular,3,feb,678,4,209,1,failure,no
6572,42,technician,divorced,secondary,no,1689,yes,no,cellular,31,jul,50,2,-1,0,unknown,no
6573,23,student,single,secondary,no,8494,no,no,cellular,25,aug,158,2,-1,0,unknown,no
6574,49,entrepreneur,divorced,secondary,no,159,yes,no,unknown,13,may,95,3,-1,0,unknown,no
6575,52,technician,married,tertiary,no,7,no,yes,unknown,5,may,175,1,-1,0,unknown,no
6576,27,management,single,secondary,no,35,no,no,cellular,4,jul,255,1,-1,0,unknown,no
6577,34,management,married,secondary,no,1007,yes,no,cellular,21,jul,240,2,-1,0,unknown,no
6578,31,technician,married,secondary,no,106,yes,no,unknown,13,may,101,13,-1,0,unknown,no
6579,45,admin.,married,secondary,no,0,yes,no,cellular,18,nov,108,5,-1,0,unknown,no
6580,32,admin.,married,secondary,no,0,no,no,unknown,23,may,206,3,-1,0,unknown,no
6581,51,blue-collar,married,primary,no,216,yes,no,cellular,17,apr,666,3,274,3,failure,no
6582,56,management,married,tertiary,no,746,no,no,cellular,30,apr,193,1,-1,0,unknown,no
6583,44,admin.,married,secondary,no,764,yes,no,cellular,3,sep,232,1,213,1,failure,no
6584,41,blue-collar,married,secondary,no,193,yes,no,unknown,29,may,130,1,-1,0,unknown,no
6585,54,self-employed,married,tertiary,no,368,no,no,telephone,31,jul,7,4,-1,0,unknown,no
6586,31,technician,single,secondary,no,205,yes,no,unknown,3,jun,342,2,-1,0,unknown,no
6587,25,admin.,single,secondary,no,96,yes,no,unknown,9,may,176,2,-1,0,unknown,no
6588,50,technician,divorced,secondary,no,8016,no,no,cellular,17,jul,903,4,-1,0,unknown,no
6589,41,entrepreneur,married,tertiary,no,221,yes,no,unknown,14,may,57,2,-1,0,unknown,no
6590,33,unemployed,single,tertiary,no,157,yes,no,unknown,26,may,897,5,-1,0,unknown,no
6591,49,blue-collar,married,primary,no,4830,yes,no,unknown,6,jun,350,1,-1,0,unknown,no
6592,34,technician,single,tertiary,no,1039,no,no,cellular,11,aug,342,3,-1,0,unknown,no
6593,60,retired,married,primary,no,71,no,no,cellular,10,jul,121,3,-1,0,unknown,no
6594,45,admin.,married,secondary,no,1214,yes,no,cellular,2,feb,150,2,189,2,failure,no
6595,40,self-employed,married,secondary,no,0,no,no,unknown,19,jun,61,1,-1,0,unknown,no
6596,50,admin.,divorced,secondary,no,0,yes,no,unknown,20,jun,174,1,-1,0,unknown,no
6597,27,management,single,secondary,no,116,yes,no,cellular,6,feb,138,2,-1,0,unknown,no
6598,53,technician,married,secondary,no,100,no,no,cellular,13,aug,205,4,-1,0,unknown,no
6599,31,services,single,secondary,no,91,yes,no,cellular,18,may,111,2,-1,0,unknown,no
6600,24,blue-collar,single,secondary,no,-398,yes,no,cellular,18,may,14,3,355,4,other,no
6601,68,retired,married,tertiary,no,2820,no,no,cellular,5,mar,158,1,92,3,success,no
6602,27,services,single,secondary,no,223,yes,yes,cellular,13,may,297,2,-1,0,unknown,no
6603,46,management,single,tertiary,no,2278,no,no,cellular,12,aug,218,5,-1,0,unknown,no
6604,23,technician,single,secondary,no,-782,yes,yes,unknown,19,jun,197,10,-1,0,unknown,no
6605,76,retired,married,unknown,no,8919,no,no,cellular,28,jan,231,1,-1,0,unknown,no
6606,48,entrepreneur,married,secondary,no,104,yes,yes,cellular,18,nov,55,1,-1,0,unknown,no
6607,60,management,married,tertiary,no,3387,no,no,cellular,14,aug,636,2,-1,0,unknown,no
6608,46,entrepreneur,married,secondary,no,0,no,yes,cellular,18,jul,115,1,-1,0,unknown,no
6609,36,admin.,single,secondary,no,449,yes,no,unknown,20,jun,136,3,-1,0,unknown,no
6610,30,technician,single,secondary,no,4787,yes,no,cellular,18,nov,266,1,167,2,failure,no
6611,33,management,single,tertiary,no,1240,yes,no,cellular,4,feb,505,2,260,1,other,no
6612,36,admin.,single,secondary,no,191,yes,no,cellular,25,jul,18,7,-1,0,unknown,no
6613,44,blue-collar,married,tertiary,no,2185,yes,no,unknown,16,may,698,1,-1,0,unknown,no
6614,36,admin.,single,secondary,no,0,yes,no,cellular,21,nov,139,2,-1,0,unknown,no
6615,44,technician,married,secondary,no,2857,no,no,cellular,5,aug,318,2,-1,0,unknown,no
6616,70,retired,married,primary,no,3782,no,no,cellular,16,mar,618,1,-1,0,unknown,no
6617,48,technician,divorced,tertiary,no,83,no,yes,cellular,19,aug,243,6,-1,0,unknown,no
6618,52,management,married,tertiary,no,6,no,no,telephone,19,oct,57,1,-1,0,unknown,no
6619,34,admin.,single,secondary,no,88,yes,no,unknown,27,may,169,2,-1,0,unknown,no
6620,35,technician,married,secondary,no,294,yes,no,cellular,15,jun,238,6,98,5,success,no
6621,54,entrepreneur,married,tertiary,no,84,no,no,cellular,29,jul,34,2,-1,0,unknown,no
6622,47,technician,divorced,secondary,no,84,no,no,cellular,8,aug,49,2,-1,0,unknown,no
6623,38,blue-collar,married,secondary,no,602,yes,no,unknown,30,may,161,12,-1,0,unknown,no
6624,41,management,divorced,secondary,no,0,no,no,cellular,6,aug,438,2,-1,0,unknown,no
6625,28,blue-collar,married,secondary,no,-470,yes,no,cellular,7,may,275,2,-1,0,unknown,no
6626,58,services,married,secondary,no,-37,no,yes,telephone,6,feb,150,2,205,6,failure,no
6627,59,admin.,married,secondary,no,2145,no,no,telephone,17,nov,273,2,-1,0,unknown,no
6628,32,management,married,tertiary,no,937,no,no,cellular,26,may,61,1,190,1,failure,no
6629,55,blue-collar,married,secondary,no,2059,yes,no,cellular,11,may,149,1,259,4,failure,no
6630,38,blue-collar,married,secondary,no,3598,no,no,unknown,6,jun,154,1,-1,0,unknown,no
6631,40,blue-collar,married,primary,no,1206,no,yes,telephone,16,jul,201,5,-1,0,unknown,no
6632,45,entrepreneur,divorced,tertiary,no,1273,yes,yes,cellular,20,nov,206,2,162,3,failure,no
6633,42,entrepreneur,married,secondary,no,46,no,no,cellular,2,feb,1013,1,-1,0,unknown,no
6634,53,self-employed,married,secondary,no,534,yes,no,cellular,29,jul,115,4,-1,0,unknown,no
6635,32,technician,married,secondary,no,-300,no,no,cellular,28,aug,226,9,-1,0,unknown,no
6636,55,housemaid,married,primary,no,4,no,no,cellular,21,nov,85,3,-1,0,unknown,no
6637,54,services,married,unknown,no,386,no,yes,cellular,19,nov,74,1,152,1,success,no
6638,46,blue-collar,married,secondary,no,-396,no,yes,cellular,4,aug,115,1,-1,0,unknown,no
6639,39,management,married,tertiary,no,0,yes,no,cellular,11,may,112,1,-1,0,unknown,no
6640,36,management,divorced,tertiary,no,14930,no,no,cellular,23,jul,190,1,-1,0,unknown,no
6641,44,management,married,tertiary,no,-600,yes,no,cellular,18,aug,360,1,-1,0,unknown,no
6642,28,student,single,tertiary,no,3733,yes,no,cellular,21,aug,419,5,91,7,success,no
6643,36,admin.,married,secondary,no,465,yes,no,unknown,20,may,160,1,-1,0,unknown,no
6644,43,technician,married,secondary,no,994,yes,yes,cellular,5,may,51,1,-1,0,unknown,no
6645,25,blue-collar,married,secondary,no,758,yes,no,unknown,28,may,504,3,-1,0,unknown,no
6646,31,management,married,tertiary,no,256,yes,no,cellular,7,jul,28,24,-1,0,unknown,no
6647,60,retired,married,tertiary,no,3461,no,no,cellular,3,feb,128,2,-1,0,unknown,no
6648,29,technician,divorced,secondary,no,124,no,no,unknown,27,may,125,1,-1,0,unknown,no
6649,46,services,divorced,secondary,no,355,yes,no,cellular,8,may,122,2,338,8,other,no
6650,31,management,married,tertiary,no,1514,no,no,cellular,12,aug,284,2,-1,0,unknown,no
6651,31,management,married,tertiary,no,40,no,no,cellular,2,feb,118,2,-1,0,unknown,no
6652,45,blue-collar,married,unknown,no,-320,yes,no,unknown,28,may,204,3,-1,0,unknown,no
6653,60,retired,married,primary,no,566,no,yes,cellular,23,jul,423,1,-1,0,unknown,no
6654,50,housemaid,married,secondary,no,388,no,no,cellular,8,jun,152,2,89,2,success,no
6655,34,management,married,tertiary,no,577,yes,no,cellular,20,apr,243,2,153,1,failure,no
6656,33,admin.,married,secondary,no,17,yes,no,cellular,13,may,74,1,351,1,failure,no
6657,57,housemaid,married,primary,no,260,yes,no,unknown,16,may,38,3,-1,0,unknown,no
6658,38,self-employed,divorced,secondary,no,0,yes,no,cellular,20,apr,84,1,-1,0,unknown,no
6659,42,management,married,tertiary,no,1823,yes,no,unknown,13,may,31,1,-1,0,unknown,no
6660,54,self-employed,married,primary,no,1463,no,no,unknown,20,jun,60,1,-1,0,unknown,no
6661,46,services,divorced,unknown,no,3390,no,no,unknown,20,jun,152,3,-1,0,unknown,no
6662,59,management,married,primary,no,2769,yes,no,cellular,19,nov,104,1,131,2,failure,no
6663,38,self-employed,married,secondary,no,215,yes,no,cellular,20,nov,70,1,167,1,failure,no
6664,49,technician,married,secondary,no,12531,no,no,cellular,13,aug,77,8,-1,0,unknown,no
6665,49,technician,married,tertiary,no,80,no,no,cellular,17,jul,123,1,-1,0,unknown,no
6666,30,technician,divorced,tertiary,no,317,yes,no,cellular,25,jul,67,5,-1,0,unknown,no
6667,52,self-employed,single,primary,no,217,no,yes,cellular,15,jul,193,6,-1,0,unknown,no
6668,38,admin.,married,secondary,no,4874,no,no,unknown,6,jun,1291,3,-1,0,unknown,no
6669,44,admin.,single,secondary,no,275,yes,no,cellular,14,may,7,5,367,4,failure,no
6670,39,management,married,primary,no,738,yes,yes,cellular,18,jul,215,3,-1,0,unknown,no
6671,38,admin.,married,secondary,no,1839,no,no,unknown,23,may,63,2,-1,0,unknown,no
6672,36,technician,divorced,secondary,no,556,yes,no,cellular,18,nov,154,3,189,1,failure,no
6673,32,services,married,secondary,no,207,yes,no,unknown,23,may,360,1,-1,0,unknown,no
6674,57,admin.,divorced,secondary,no,-461,yes,yes,unknown,4,jun,145,8,-1,0,unknown,no
6675,45,blue-collar,married,primary,no,789,no,yes,cellular,29,jan,79,1,-1,0,unknown,no
6676,43,management,divorced,tertiary,no,1133,yes,no,cellular,5,may,131,1,-1,0,unknown,no
6677,42,admin.,single,secondary,no,4253,yes,no,cellular,13,may,146,1,-1,0,unknown,no
6678,58,retired,married,secondary,no,255,no,no,unknown,28,may,362,3,-1,0,unknown,no
6679,53,unemployed,married,secondary,no,582,yes,no,unknown,8,may,96,2,-1,0,unknown,no
6680,30,technician,married,secondary,no,743,no,no,cellular,29,jan,142,2,-1,0,unknown,no
6681,40,blue-collar,married,primary,no,570,yes,no,unknown,12,may,109,3,-1,0,unknown,no
6682,35,admin.,married,secondary,no,786,no,yes,cellular,25,jul,322,1,-1,0,unknown,no
6683,34,services,married,secondary,no,295,yes,yes,cellular,4,jul,64,1,-1,0,unknown,no
6684,35,management,married,tertiary,no,2583,no,no,cellular,19,nov,210,1,-1,0,unknown,no
6685,28,blue-collar,single,secondary,no,1285,no,no,telephone,30,jan,199,2,2,17,other,no
6686,39,technician,single,secondary,no,287,yes,no,cellular,14,jul,84,3,-1,0,unknown,no
6687,51,admin.,married,primary,no,658,yes,no,unknown,14,may,369,1,-1,0,unknown,no
6688,29,blue-collar,married,secondary,no,246,yes,no,cellular,28,jul,194,5,-1,0,unknown,no
6689,44,entrepreneur,married,tertiary,no,3463,yes,yes,cellular,28,aug,210,3,-1,0,unknown,no
6690,32,blue-collar,divorced,unknown,no,291,yes,yes,unknown,27,jun,120,6,-1,0,unknown,no
6691,28,admin.,single,secondary,no,19,no,no,cellular,8,jul,78,4,-1,0,unknown,no
6692,53,blue-collar,married,secondary,no,5700,yes,no,unknown,14,may,97,1,-1,0,unknown,no
6693,81,retired,divorced,unknown,no,0,no,no,telephone,16,oct,128,1,-1,0,unknown,no
6694,33,blue-collar,married,secondary,no,-346,yes,yes,unknown,23,may,29,3,-1,0,unknown,no
6695,37,entrepreneur,married,tertiary,yes,-456,yes,yes,unknown,20,jun,42,7,-1,0,unknown,no
6696,37,technician,married,secondary,no,5953,no,no,cellular,5,aug,1113,1,-1,0,unknown,no
6697,35,technician,single,secondary,no,1693,yes,no,cellular,26,may,58,1,105,1,success,no
6698,30,admin.,married,secondary,no,350,no,yes,cellular,9,jul,171,5,-1,0,unknown,no
6699,43,blue-collar,married,primary,no,-181,yes,no,cellular,17,apr,351,1,337,3,failure,no
6700,45,retired,divorced,secondary,no,1735,no,yes,unknown,17,jun,306,1,-1,0,unknown,no
6701,34,blue-collar,married,secondary,no,157,yes,no,cellular,11,jul,254,2,-1,0,unknown,no
6702,40,admin.,married,secondary,no,67,no,yes,cellular,19,nov,359,2,152,5,failure,no
6703,60,admin.,NULL,primary,no,-444,no,yes,cellular,16,jul,227,1,-1,0,unknown,no
6704,54,self-employed,married,primary,no,0,no,yes,telephone,9,jul,130,2,-1,0,unknown,no
6705,39,blue-collar,married,secondary,no,171,yes,yes,cellular,8,may,153,1,353,1,failure,no
6706,44,admin.,married,secondary,no,262,yes,no,cellular,9,jul,74,1,-1,0,unknown,no
6707,32,technician,married,tertiary,no,0,yes,no,cellular,19,nov,231,4,-1,0,unknown,no
6708,34,blue-collar,married,secondary,no,965,yes,no,cellular,20,apr,372,2,332,2,other,no
6709,44,management,married,tertiary,no,0,no,no,unknown,13,may,27,1,-1,0,unknown,no
6710,30,management,single,tertiary,no,6392,yes,no,cellular,5,may,335,1,-1,0,unknown,no
6711,47,unknown,married,unknown,no,194,no,no,cellular,4,aug,108,1,-1,0,unknown,no
6712,74,retired,divorced,primary,no,2308,no,no,telephone,16,sep,251,2,535,2,success,no
6713,27,admin.,married,secondary,no,941,yes,no,cellular,11,jul,124,1,-1,0,unknown,no
6714,34,housemaid,divorced,primary,no,46,yes,no,telephone,11,jul,31,2,-1,0,unknown,no
6715,52,housemaid,divorced,secondary,no,131,yes,yes,cellular,11,may,87,1,-1,0,unknown,no
6716,32,services,married,secondary,no,1844,yes,yes,cellular,3,feb,158,4,201,6,failure,no
6717,42,admin.,married,secondary,no,281,yes,no,unknown,15,may,118,1,-1,0,unknown,no
6718,31,technician,single,secondary,no,109,yes,no,unknown,21,may,419,1,-1,0,unknown,no
6719,31,technician,divorced,secondary,no,268,no,no,unknown,16,may,118,2,-1,0,unknown,no
6720,31,admin.,married,secondary,no,298,yes,yes,unknown,26,may,518,1,-1,0,unknown,no
6721,57,entrepreneur,married,secondary,yes,-525,no,yes,cellular,25,jul,337,1,-1,0,unknown,no
6722,40,management,married,primary,no,738,yes,yes,cellular,2,apr,399,2,258,3,failure,no
6723,23,blue-collar,married,secondary,no,94,yes,no,unknown,5,may,193,1,-1,0,unknown,no
6724,43,management,divorced,unknown,no,7702,no,no,cellular,1,sep,108,7,102,3,success,no
6725,45,admin.,divorced,unknown,no,857,no,no,telephone,8,jul,49,7,-1,0,unknown,no
6726,58,technician,divorced,secondary,no,-354,yes,yes,cellular,7,jul,98,1,-1,0,unknown,no
6727,38,blue-collar,married,unknown,no,0,yes,no,cellular,2,apr,477,2,267,1,failure,no
6728,48,admin.,married,secondary,no,112,no,no,cellular,18,aug,139,5,-1,0,unknown,no
6729,47,technician,divorced,secondary,no,5735,no,no,unknown,19,jun,282,4,-1,0,unknown,no
6730,49,technician,divorced,tertiary,no,1807,yes,no,cellular,2,jun,225,1,82,1,success,no
6731,28,blue-collar,single,primary,no,-30,yes,no,cellular,31,jul,108,5,-1,0,unknown,no
6732,31,student,single,secondary,no,216,no,no,cellular,3,jun,138,1,-1,0,unknown,no
6733,38,technician,married,tertiary,no,127,yes,no,cellular,14,oct,113,1,50,2,success,no
6734,43,blue-collar,married,secondary,no,1096,no,yes,unknown,30,may,180,1,-1,0,unknown,no
6735,52,management,married,secondary,no,5193,no,no,cellular,23,apr,477,2,-1,0,unknown,no
6736,43,admin.,single,secondary,no,6,no,no,unknown,16,may,244,1,-1,0,unknown,no
6737,29,blue-collar,married,secondary,no,339,yes,no,cellular,15,may,63,3,354,2,failure,no
6738,45,services,married,secondary,no,0,no,no,cellular,11,jul,106,2,-1,0,unknown,no
6739,59,blue-collar,married,primary,no,625,no,no,cellular,9,jul,133,1,-1,0,unknown,no
6740,48,blue-collar,married,secondary,no,3776,no,no,telephone,4,may,254,4,-1,0,unknown,no
6741,30,management,married,tertiary,no,1239,no,no,cellular,28,aug,125,5,-1,0,unknown,no
6742,23,housemaid,single,primary,no,93,yes,no,cellular,18,may,70,3,-1,0,unknown,no
6743,38,technician,divorced,tertiary,no,304,yes,no,cellular,20,apr,8,2,-1,0,unknown,no
6744,52,blue-collar,married,primary,no,1409,yes,no,unknown,19,jun,224,1,-1,0,unknown,no
6745,44,services,married,secondary,no,191,yes,yes,cellular,7,may,490,1,-1,0,unknown,no
6746,34,blue-collar,single,secondary,no,79,no,yes,cellular,20,nov,104,1,-1,0,unknown,no
6747,32,blue-collar,married,secondary,no,2263,no,no,cellular,7,may,113,2,-1,0,unknown,no
6748,41,technician,married,secondary,no,10438,yes,no,telephone,15,jul,141,4,-1,0,unknown,no
6749,31,admin.,single,secondary,no,81,yes,no,cellular,23,apr,215,2,165,11,other,no
6750,40,management,married,tertiary,no,964,yes,no,telephone,13,may,95,3,-1,0,unknown,no
6751,52,blue-collar,divorced,primary,no,0,no,no,cellular,20,nov,19,1,-1,0,unknown,no
6752,32,services,married,secondary,no,3839,yes,no,cellular,18,nov,100,2,189,1,failure,no
6753,26,admin.,single,secondary,no,586,yes,yes,unknown,12,may,215,1,-1,0,unknown,no
6754,29,management,single,tertiary,no,600,yes,no,cellular,18,oct,170,5,-1,0,unknown,no
6755,31,management,married,tertiary,no,1343,yes,yes,unknown,21,may,85,1,-1,0,unknown,no
6756,48,blue-collar,married,unknown,no,113,no,no,cellular,11,aug,104,13,-1,0,unknown,no
6757,27,blue-collar,single,secondary,no,240,yes,no,cellular,18,may,166,4,-1,0,unknown,no
6758,30,blue-collar,married,secondary,no,194,yes,no,cellular,8,may,475,3,-1,0,unknown,no
6759,28,blue-collar,married,primary,no,278,yes,yes,telephone,15,may,31,9,373,4,other,no
6760,35,blue-collar,married,secondary,no,260,yes,no,telephone,13,may,155,6,-1,0,unknown,no
6761,47,technician,divorced,secondary,no,1013,no,no,cellular,15,jun,54,3,-1,0,unknown,no
6762,35,blue-collar,married,primary,no,0,yes,no,cellular,8,may,265,1,290,2,failure,no
6763,31,technician,married,secondary,no,2363,yes,no,unknown,13,may,247,1,-1,0,unknown,no
6764,53,blue-collar,married,secondary,no,913,yes,no,cellular,23,jul,730,1,-1,0,unknown,no
6765,NULL,technician,single,tertiary,no,686,yes,no,unknown,30,may,98,2,-1,0,unknown,no
6766,35,technician,married,secondary,no,149,yes,no,cellular,29,jan,99,1,245,2,failure,no
6767,29,admin.,married,secondary,no,500,yes,no,cellular,8,may,8,8,-1,0,unknown,no
6768,39,technician,married,tertiary,no,11766,yes,no,cellular,14,aug,313,4,102,5,failure,no
6769,31,technician,single,secondary,no,137,no,no,cellular,27,aug,27,14,-1,0,unknown,no
6770,48,management,single,tertiary,no,0,no,no,unknown,18,jun,96,3,-1,0,unknown,no
6771,36,management,single,tertiary,no,335,no,no,unknown,10,oct,5,1,772,4,failure,no
6772,27,admin.,married,secondary,no,16,yes,no,cellular,3,feb,54,3,-1,0,unknown,no
6773,49,admin.,married,secondary,no,0,no,no,cellular,22,aug,115,2,-1,0,unknown,no
6774,34,technician,single,tertiary,no,9851,yes,no,cellular,20,nov,128,5,-1,0,unknown,no
6775,28,services,single,secondary,no,525,no,no,cellular,23,jul,81,1,-1,0,unknown,no
6776,49,technician,married,secondary,no,788,no,no,unknown,17,jun,162,7,-1,0,unknown,no
6777,35,blue-collar,married,tertiary,no,1016,yes,no,cellular,17,jul,294,2,-1,0,unknown,no
6778,53,housemaid,divorced,secondary,no,292,no,no,unknown,12,jun,92,2,-1,0,unknown,no
6779,58,retired,single,primary,no,999,no,no,cellular,25,jul,188,6,-1,0,unknown,no
6780,37,blue-collar,married,secondary,no,2870,yes,no,unknown,6,jun,94,2,-1,0,unknown,no
6781,27,admin.,single,tertiary,no,689,no,no,cellular,26,jan,98,1,307,1,failure,no
6782,30,services,single,secondary,no,-100,yes,yes,cellular,15,may,292,1,-1,0,unknown,no
6783,35,blue-collar,married,unknown,no,1084,yes,no,cellular,10,jul,1019,1,-1,0,unknown,no
6784,32,management,single,tertiary,no,154,no,yes,cellular,21,aug,301,3,-1,0,unknown,no
6785,53,blue-collar,married,secondary,no,1653,no,no,unknown,17,jun,88,2,-1,0,unknown,no
6786,34,admin.,married,secondary,no,2378,yes,yes,telephone,10,jul,92,1,-1,0,unknown,no
6787,38,management,single,tertiary,no,1515,yes,no,telephone,31,jul,42,5,-1,0,unknown,no
6788,34,admin.,married,tertiary,no,1636,yes,yes,cellular,6,sep,136,1,521,2,failure,no
6789,40,self-employed,married,secondary,no,1516,yes,yes,unknown,23,may,373,1,-1,0,unknown,no
6790,48,services,married,secondary,no,127,no,no,cellular,8,jul,117,1,-1,0,unknown,no
6791,30,management,single,tertiary,no,2876,no,no,cellular,6,aug,103,4,-1,0,unknown,no
6792,31,management,married,tertiary,no,1384,yes,no,cellular,30,jan,203,2,2,3,other,no
6793,37,technician,single,secondary,no,228,yes,no,cellular,20,aug,1740,2,-1,0,unknown,no
6794,32,technician,single,tertiary,no,2481,no,no,cellular,18,aug,547,11,-1,0,unknown,no
6795,40,blue-collar,married,secondary,no,475,yes,no,unknown,5,may,332,2,-1,0,unknown,no
6796,41,management,divorced,tertiary,no,1401,no,no,unknown,16,jun,110,4,-1,0,unknown,no
6797,52,technician,married,unknown,no,425,yes,no,cellular,28,jan,219,2,254,3,failure,no
6798,29,blue-collar,single,secondary,no,244,yes,no,cellular,15,may,19,2,-1,0,unknown,no
6799,49,management,married,tertiary,yes,-6847,no,yes,cellular,21,jul,206,1,-1,0,unknown,no
6800,43,management,married,tertiary,yes,0,no,no,cellular,27,aug,25,19,-1,0,unknown,no
6801,42,management,married,tertiary,no,386,yes,no,unknown,7,may,168,1,-1,0,unknown,no
6802,37,management,married,tertiary,no,332,yes,no,cellular,14,aug,190,2,84,7,failure,no
6803,57,services,divorced,primary,no,1367,no,no,unknown,9,jun,144,3,-1,0,unknown,no
6804,25,admin.,single,secondary,no,120,yes,no,unknown,3,jun,542,1,-1,0,unknown,no
6805,30,technician,single,secondary,no,19,yes,no,cellular,18,aug,16,15,-1,0,unknown,no
6806,31,admin.,married,secondary,no,3,yes,no,cellular,28,jul,37,12,-1,0,unknown,no
6807,49,blue-collar,married,primary,yes,-98,yes,no,cellular,20,nov,182,2,-1,0,unknown,no
6808,47,blue-collar,married,secondary,no,303,no,no,unknown,11,jun,261,1,-1,0,unknown,no
6809,57,services,divorced,secondary,no,-752,yes,no,unknown,28,may,102,1,-1,0,unknown,no
6810,26,student,single,tertiary,no,97,no,no,cellular,27,aug,382,1,-1,0,unknown,no
6811,40,retired,married,tertiary,no,794,no,no,unknown,9,may,138,1,-1,0,unknown,no
6812,34,admin.,single,secondary,no,1880,yes,no,unknown,23,may,297,1,-1,0,unknown,no
6813,41,blue-collar,married,unknown,no,732,yes,no,unknown,16,may,25,1,-1,0,unknown,no
6814,53,management,married,tertiary,no,5261,no,yes,cellular,25,jul,1209,3,-1,0,unknown,no
6815,26,admin.,single,secondary,no,712,yes,no,unknown,6,may,232,1,-1,0,unknown,no
6816,28,student,single,secondary,no,28,no,no,cellular,29,jan,220,2,-1,0,unknown,no
6817,54,retired,married,primary,no,0,yes,no,cellular,11,jul,159,2,-1,0,unknown,no
6818,42,technician,married,secondary,no,827,no,no,cellular,25,aug,153,3,-1,0,unknown,no
6819,29,student,single,secondary,no,110,yes,no,unknown,7,may,169,3,-1,0,unknown,no
6820,49,unemployed,married,tertiary,no,377,no,no,cellular,22,may,158,1,59,2,failure,no
6821,32,services,married,NULL,no,-344,no,yes,cellular,4,feb,44,1,-1,0,unknown,no
6822,29,admin.,single,tertiary,no,261,no,no,cellular,17,mar,136,19,-1,0,unknown,no
6823,60,blue-collar,married,unknown,no,104,yes,no,unknown,5,may,22,1,-1,0,unknown,no
6824,51,retired,married,primary,no,610,no,no,unknown,9,jun,86,2,-1,0,unknown,no
6825,40,housemaid,divorced,secondary,no,4328,no,no,cellular,20,aug,133,2,-1,0,unknown,no
6826,44,blue-collar,married,tertiary,no,1371,no,no,cellular,13,may,788,3,363,4,other,no
6827,47,blue-collar,married,primary,no,193,yes,no,cellular,29,aug,171,2,-1,0,unknown,no
6828,32,blue-collar,single,unknown,no,258,yes,no,cellular,18,may,291,2,-1,0,unknown,no
6829,43,blue-collar,married,primary,no,56,no,no,cellular,12,may,365,2,-1,0,unknown,no
6830,59,retired,married,secondary,no,136,no,no,cellular,6,aug,301,4,-1,0,unknown,no
6831,24,blue-collar,married,secondary,no,1222,yes,no,cellular,20,apr,369,1,-1,0,unknown,no
6832,26,admin.,single,tertiary,no,3672,yes,no,unknown,29,may,360,5,-1,0,unknown,no
6833,37,blue-collar,single,unknown,no,2188,no,no,unknown,16,may,193,8,-1,0,unknown,no
6834,27,management,single,secondary,no,924,yes,no,cellular,3,feb,84,1,-1,0,unknown,no
6835,32,technician,married,secondary,no,11431,no,no,cellular,12,aug,141,5,-1,0,unknown,no
6836,44,blue-collar,married,primary,no,140,yes,no,unknown,15,may,7,9,-1,0,unknown,no
6837,34,technician,divorced,secondary,no,27,yes,no,unknown,26,may,133,3,-1,0,unknown,no
6838,39,management,married,tertiary,no,-468,yes,yes,cellular,8,aug,88,2,-1,0,unknown,no
6839,30,services,single,secondary,no,438,yes,no,cellular,18,may,98,1,178,1,failure,no
6840,44,admin.,divorced,secondary,no,-43,yes,yes,cellular,20,apr,206,1,-1,0,unknown,no
6841,22,student,single,tertiary,no,1161,no,yes,cellular,16,jun,119,1,-1,0,unknown,no
6842,28,services,single,secondary,no,458,no,no,cellular,4,feb,112,4,201,3,failure,no
6843,41,blue-collar,married,primary,no,-441,yes,no,cellular,5,may,352,1,-1,0,unknown,no
6844,30,technician,married,secondary,no,2278,no,yes,telephone,19,nov,47,1,-1,0,unknown,no
6845,36,technician,single,secondary,no,0,no,no,cellular,28,aug,8,13,-1,0,unknown,no
6846,39,services,married,secondary,no,702,yes,no,cellular,8,apr,303,1,300,1,failure,no
6847,38,technician,single,tertiary,no,69,yes,no,cellular,13,may,253,3,-1,0,unknown,no
6848,31,services,married,secondary,no,182,no,no,cellular,20,aug,231,2,-1,0,unknown,no
6849,29,management,married,tertiary,no,318,yes,no,cellular,18,may,1434,2,356,4,failure,no
6850,42,blue-collar,married,primary,no,-181,yes,no,unknown,15,may,297,3,-1,0,unknown,no
6851,27,technician,single,secondary,no,261,yes,no,cellular,29,jan,236,2,247,2,failure,no
6852,55,services,married,secondary,no,244,yes,no,cellular,8,may,171,1,-1,0,unknown,no
6853,28,technician,married,secondary,no,880,yes,no,unknown,26,may,188,1,-1,0,unknown,no
6854,47,technician,married,secondary,no,2283,yes,no,cellular,21,nov,170,2,-1,0,unknown,no
6855,49,technician,married,secondary,no,550,yes,no,unknown,5,jun,412,2,-1,0,unknown,no
6856,38,entrepreneur,married,tertiary,no,7752,yes,no,cellular,15,jul,138,4,-1,0,unknown,no
6857,53,technician,married,secondary,no,6,yes,no,unknown,5,may,517,1,-1,0,unknown,no
6858,31,blue-collar,married,secondary,no,4471,yes,no,unknown,9,may,296,2,-1,0,unknown,no
6859,57,housemaid,married,primary,no,1969,no,no,cellular,14,aug,286,3,-1,0,unknown,no
6860,36,management,single,tertiary,no,219,no,no,cellular,3,feb,22,6,196,6,failure,no
6861,38,management,married,tertiary,no,76,yes,no,cellular,20,apr,167,2,287,3,failure,no
6862,30,admin.,single,secondary,no,60,no,no,cellular,29,jan,55,2,-1,0,unknown,no
6863,36,management,single,tertiary,no,8,no,no,cellular,29,jul,858,7,-1,0,unknown,no
6864,29,services,married,secondary,no,19,yes,no,cellular,29,jul,327,6,-1,0,unknown,no
6865,32,admin.,married,secondary,no,20011,no,no,cellular,20,apr,234,1,-1,0,unknown,no
6866,48,unemployed,married,primary,no,608,no,no,cellular,30,jul,362,2,-1,0,unknown,no
6867,53,retired,married,primary,no,1068,no,no,cellular,28,jan,200,1,-1,0,unknown,no
6868,35,technician,married,tertiary,no,-269,yes,yes,cellular,14,may,344,4,-1,0,unknown,no
6869,48,management,married,tertiary,no,494,no,no,cellular,29,aug,81,8,-1,0,unknown,no
6870,31,entrepreneur,single,secondary,no,159,yes,no,cellular,21,nov,66,1,182,1,failure,no
6871,30,technician,single,secondary,no,-754,yes,yes,unknown,26,may,974,1,-1,0,unknown,no
6872,28,admin.,married,secondary,no,157,yes,yes,cellular,28,jul,164,2,-1,0,unknown,no
6873,42,management,married,tertiary,no,2110,no,yes,cellular,31,jul,106,2,-1,0,unknown,no
6874,31,housemaid,married,primary,no,2603,yes,no,cellular,18,nov,224,1,-1,0,unknown,no
6875,36,management,single,secondary,no,992,no,no,unknown,6,jun,351,1,-1,0,unknown,no
6876,43,technician,single,secondary,no,593,yes,no,unknown,5,may,55,1,-1,0,unknown,no
6877,28,student,married,tertiary,no,327,yes,no,cellular,15,may,104,3,-1,0,unknown,no
6878,34,management,single,tertiary,no,6766,no,no,cellular,28,aug,210,5,-1,0,unknown,no
6879,36,technician,married,secondary,no,432,yes,yes,unknown,4,aug,94,1,-1,0,unknown,no
6880,28,admin.,single,secondary,no,25,yes,no,unknown,5,jun,109,2,-1,0,unknown,no
6881,34,blue-collar,married,primary,no,5299,yes,no,unknown,26,jun,75,5,-1,0,unknown,no
6882,53,admin.,single,secondary,no,291,no,no,unknown,23,jul,145,1,-1,0,unknown,no
6883,52,self-employed,married,secondary,no,517,no,no,cellular,26,aug,77,4,-1,0,unknown,no
6884,44,unemployed,married,primary,no,97,yes,no,unknown,5,jun,105,3,-1,0,unknown,no
6885,58,self-employed,married,tertiary,no,1636,no,no,cellular,15,apr,187,1,-1,0,unknown,no
6886,47,admin.,married,secondary,no,996,no,no,telephone,29,aug,247,2,-1,0,unknown,no
6887,40,blue-collar,single,secondary,no,0,yes,no,unknown,27,may,59,4,-1,0,unknown,no
6888,39,management,married,tertiary,no,710,yes,no,cellular,11,jul,211,2,-1,0,unknown,no
6889,33,self-employed,single,tertiary,no,1049,no,no,cellular,4,may,126,4,-1,0,unknown,no
6890,23,student,single,secondary,no,556,yes,no,cellular,15,may,170,2,-1,0,unknown,no
6891,31,services,single,secondary,no,629,yes,no,unknown,21,may,369,2,-1,0,unknown,no
6892,39,blue-collar,married,primary,no,186,yes,no,unknown,16,may,208,3,-1,0,unknown,no
6893,42,management,divorced,tertiary,no,0,no,no,unknown,19,may,131,2,-1,0,unknown,no
6894,46,admin.,married,secondary,no,1264,no,no,telephone,28,jan,100,2,-1,0,unknown,no
6895,22,student,single,secondary,no,64,no,no,cellular,4,jun,112,1,-1,0,unknown,no
6896,50,technician,married,secondary,no,2497,yes,no,cellular,21,nov,35,1,176,1,failure,no
6897,50,technician,single,secondary,no,-97,yes,no,cellular,8,apr,425,1,306,2,failure,no
6898,34,management,married,tertiary,no,161,yes,no,cellular,11,jul,378,1,-1,0,unknown,no
6899,40,admin.,married,secondary,no,732,no,no,cellular,9,sep,71,1,139,4,success,no
6900,39,blue-collar,married,secondary,no,94,yes,yes,cellular,19,nov,181,1,-1,0,unknown,no
6901,51,blue-collar,married,tertiary,no,2404,yes,no,telephone,20,nov,30,1,-1,0,unknown,no
6902,45,management,married,secondary,no,21,yes,no,unknown,3,jun,788,2,-1,0,unknown,no
6903,34,technician,single,tertiary,no,2658,yes,no,cellular,31,mar,265,1,230,2,failure,no
6904,30,self-employed,married,secondary,no,131,yes,no,unknown,8,may,306,1,-1,0,unknown,no
6905,57,unemployed,married,primary,no,0,yes,no,cellular,20,nov,231,2,-1,0,unknown,no
6906,42,blue-collar,married,secondary,no,351,yes,no,unknown,16,may,76,21,-1,0,unknown,no
6907,51,technician,married,secondary,no,564,no,yes,cellular,8,jul,187,2,-1,0,unknown,no
6908,38,blue-collar,married,primary,no,2240,yes,no,cellular,19,nov,551,1,183,1,failure,no
6909,60,self-employed,married,primary,no,46,yes,no,unknown,6,may,202,4,-1,0,unknown,no
6910,38,blue-collar,married,primary,no,132,yes,no,cellular,14,may,797,2,-1,0,unknown,no
6911,37,retired,married,secondary,no,71,no,yes,cellular,8,may,254,1,-1,0,unknown,no
6912,34,management,single,tertiary,no,0,yes,yes,cellular,26,may,197,2,98,1,other,no
6913,39,housemaid,married,primary,no,267,no,no,unknown,9,jun,1151,5,-1,0,unknown,no
6914,55,services,married,secondary,no,841,yes,no,cellular,15,may,140,9,372,4,failure,no
6915,48,blue-collar,married,primary,no,51,no,yes,telephone,9,jul,76,1,-1,0,unknown,no
6916,42,blue-collar,married,primary,no,7735,yes,no,cellular,13,apr,166,1,144,2,failure,no
6917,29,housemaid,married,primary,no,417,no,no,cellular,23,jul,108,2,-1,0,unknown,no
6918,33,blue-collar,single,secondary,no,-14,yes,no,cellular,14,may,223,2,-1,0,unknown,no
6919,35,blue-collar,married,primary,no,2490,yes,no,cellular,18,may,170,1,180,3,failure,no
6920,28,admin.,married,secondary,no,0,yes,no,cellular,7,may,47,1,-1,0,unknown,no
6921,26,blue-collar,single,secondary,no,184,no,no,cellular,3,feb,110,2,6,1,other,no
6922,40,services,single,secondary,no,19343,yes,no,cellular,21,nov,13,4,179,4,failure,no
6923,42,admin.,married,secondary,no,947,no,no,cellular,30,jul,158,2,-1,0,unknown,no
6924,49,blue-collar,married,secondary,no,90,yes,no,unknown,7,may,127,1,-1,0,unknown,no
6925,32,admin.,single,secondary,no,10218,yes,no,cellular,19,nov,149,2,-1,0,unknown,no
6926,33,technician,married,secondary,yes,72,yes,no,unknown,6,may,623,1,-1,0,unknown,no
6927,30,technician,single,secondary,no,120,yes,no,cellular,18,may,74,1,-1,0,unknown,no
6928,20,student,single,secondary,no,130,no,no,telephone,4,may,75,3,-1,0,unknown,no
6929,51,blue-collar,married,unknown,no,41,yes,no,telephone,9,jul,16,43,-1,0,unknown,no
6930,38,blue-collar,single,primary,no,0,yes,no,cellular,7,may,350,2,-1,0,unknown,no
6931,53,technician,married,tertiary,no,673,yes,no,cellular,9,jul,182,1,-1,0,unknown,no
6932,34,blue-collar,divorced,secondary,no,-131,yes,no,cellular,7,may,132,1,356,1,failure,no
6933,30,blue-collar,married,primary,no,2607,yes,no,unknown,28,may,158,10,-1,0,unknown,no
6934,36,unemployed,divorced,secondary,no,5,yes,no,cellular,8,jul,305,1,-1,0,unknown,no
6935,36,management,married,tertiary,no,23,no,no,cellular,26,aug,133,11,-1,0,unknown,no
6936,39,blue-collar,married,secondary,no,180,yes,no,cellular,16,apr,237,1,-1,0,unknown,no
6937,33,technician,single,tertiary,no,68,no,no,cellular,14,aug,96,2,-1,0,unknown,no
6938,42,management,married,tertiary,no,0,no,no,cellular,13,aug,325,2,-1,0,unknown,no
6939,30,management,single,tertiary,no,565,yes,no,cellular,26,oct,104,1,-1,0,unknown,no
6940,23,technician,single,secondary,no,598,no,no,cellular,30,apr,166,1,-1,0,unknown,no
6941,37,technician,single,tertiary,no,1609,no,yes,unknown,20,jun,10,19,-1,0,unknown,no
6942,77,retired,married,tertiary,no,1047,no,no,cellular,30,jun,108,5,-1,0,unknown,no
6943,33,technician,married,tertiary,no,5641,no,no,cellular,18,aug,168,2,-1,0,unknown,no
6944,33,blue-collar,single,primary,no,557,yes,no,cellular,17,apr,91,2,331,2,failure,no
6945,40,blue-collar,single,secondary,no,1066,yes,no,unknown,21,may,171,1,-1,0,unknown,no
6946,58,retired,married,secondary,no,35,no,no,cellular,29,jul,336,7,-1,0,unknown,no
6947,29,management,single,tertiary,no,54,yes,yes,unknown,26,may,257,3,-1,0,unknown,no
6948,43,management,single,tertiary,no,1806,yes,no,cellular,12,aug,161,2,-1,0,unknown,no
6949,34,blue-collar,single,secondary,no,39,no,no,cellular,13,may,254,2,299,3,failure,no
6950,38,admin.,divorced,secondary,no,0,yes,no,cellular,21,jul,93,1,-1,0,unknown,no
6951,38,admin.,divorced,secondary,no,930,yes,no,cellular,5,may,46,1,-1,0,unknown,no
6952,40,blue-collar,married,primary,no,0,no,no,cellular,24,jul,313,1,-1,0,unknown,no
6953,59,management,married,tertiary,no,2764,no,no,cellular,18,feb,459,1,56,3,failure,no
6954,44,admin.,single,secondary,no,4492,no,yes,cellular,31,jul,19,13,-1,0,unknown,no
6955,60,retired,divorced,tertiary,no,2166,no,no,unknown,20,jun,8,9,-1,0,unknown,no
6956,37,management,single,tertiary,no,0,no,no,cellular,20,oct,107,1,258,3,other,no
6957,50,admin.,married,secondary,no,1575,no,no,cellular,17,nov,407,1,-1,0,unknown,no
6958,50,management,divorced,tertiary,no,201,yes,no,cellular,24,jul,248,1,-1,0,unknown,no
6959,35,admin.,married,tertiary,no,318,yes,yes,cellular,1,oct,142,1,-1,0,unknown,no
6960,39,management,single,tertiary,no,1682,yes,no,cellular,19,nov,147,1,170,1,failure,no
6961,29,self-employed,married,tertiary,no,242,yes,no,cellular,18,jul,73,4,-1,0,unknown,no
6962,34,management,divorced,secondary,no,291,no,no,cellular,7,aug,91,2,-1,0,unknown,no
6963,31,technician,divorced,secondary,no,304,no,no,cellular,2,feb,133,2,-1,0,unknown,no
6964,51,housemaid,married,primary,no,108,no,no,unknown,16,jun,278,2,-1,0,unknown,no
6965,46,blue-collar,married,primary,no,1303,no,no,cellular,4,aug,174,1,-1,0,unknown,no
6966,27,admin.,single,secondary,no,292,yes,no,cellular,12,may,53,9,362,8,other,no
6967,61,retired,married,secondary,no,89,no,no,cellular,28,oct,154,1,181,2,failure,no
6968,34,admin.,married,tertiary,no,788,yes,no,cellular,5,feb,269,1,-1,0,unknown,no
6969,30,blue-collar,single,secondary,no,573,yes,no,unknown,12,may,116,2,-1,0,unknown,no
6970,58,management,married,tertiary,no,1318,no,no,cellular,16,jul,184,1,179,5,failure,no
6971,30,technician,single,secondary,no,151,no,no,cellular,3,feb,276,2,-1,0,unknown,no
6972,50,blue-collar,married,primary,no,-37,yes,no,unknown,12,may,78,3,-1,0,unknown,no
6973,30,blue-collar,single,secondary,no,522,no,no,cellular,6,feb,197,3,-1,0,unknown,no
6974,43,entrepreneur,married,primary,no,2315,yes,yes,cellular,14,may,42,1,-1,0,unknown,no
6975,35,services,divorced,secondary,no,-718,yes,no,cellular,21,nov,47,1,-1,0,unknown,no
6976,36,management,single,tertiary,no,4,yes,no,cellular,7,jul,529,1,61,3,success,no
6977,46,entrepreneur,married,tertiary,no,-43,no,no,unknown,12,may,138,8,-1,0,unknown,no
6978,46,admin.,single,secondary,no,596,yes,no,cellular,20,apr,138,3,-1,0,unknown,no
6979,29,unemployed,single,secondary,no,670,yes,no,unknown,26,sep,6,1,-1,0,unknown,no
6980,48,blue-collar,married,primary,no,430,no,no,cellular,14,may,340,3,371,8,failure,no
6981,50,management,divorced,tertiary,no,60,no,no,cellular,19,aug,255,2,-1,0,unknown,no
6982,53,admin.,divorced,secondary,no,0,yes,yes,cellular,30,apr,586,2,-1,0,unknown,no
6983,38,entrepreneur,married,tertiary,no,678,no,yes,cellular,18,nov,82,2,152,1,failure,no
6984,27,management,married,tertiary,no,159,yes,no,cellular,25,jul,295,2,-1,0,unknown,no
6985,36,technician,married,secondary,no,1345,yes,no,cellular,18,nov,82,1,172,3,failure,no
6986,48,services,married,primary,no,483,no,no,cellular,6,aug,119,2,-1,0,unknown,no
6987,59,unknown,married,unknown,no,2443,no,no,unknown,20,jun,8,8,-1,0,unknown,no
6988,21,student,single,tertiary,no,1258,no,no,cellular,7,jul,404,1,-1,0,unknown,no
6989,56,retired,divorced,secondary,no,389,yes,no,unknown,18,jun,379,5,-1,0,unknown,no
6990,57,admin.,divorced,secondary,no,0,no,no,cellular,9,sep,121,2,-1,0,unknown,no
6991,41,blue-collar,married,secondary,no,2067,yes,no,unknown,20,jun,120,4,-1,0,unknown,no
6992,36,management,married,tertiary,no,332,yes,no,cellular,22,may,566,7,-1,0,unknown,no
6993,45,management,married,tertiary,no,80,no,yes,cellular,19,nov,157,1,-1,0,unknown,no
6994,40,housemaid,married,secondary,no,84,yes,yes,unknown,12,jun,230,7,-1,0,unknown,no
6995,30,admin.,single,secondary,no,2702,yes,no,cellular,24,jul,129,2,-1,0,unknown,no
6996,75,retired,divorced,primary,no,37127,no,no,cellular,11,feb,505,1,-1,0,unknown,no
6997,35,technician,single,tertiary,no,0,yes,no,telephone,28,aug,46,2,-1,0,unknown,no
6998,58,admin.,married,secondary,no,1813,yes,no,telephone,17,jul,15,1,-1,0,unknown,no
6999,29,technician,single,secondary,no,1612,yes,no,unknown,26,may,375,2,-1,0,unknown,no
7000,54,technician,single,secondary,no,198,yes,yes,cellular,17,nov,120,1,171,2,failure,no
7001,28,blue-collar,single,secondary,no,1106,yes,no,cellular,17,apr,73,2,-1,0,unknown,no
7002,33,student,single,unknown,no,2321,no,no,cellular,15,apr,699,2,381,2,failure,no
7003,56,admin.,married,secondary,no,33,no,yes,cellular,19,nov,111,1,-1,0,unknown,no
7004,50,management,married,tertiary,no,101,yes,no,unknown,15,may,348,1,-1,0,unknown,no
7005,37,technician,single,secondary,no,-59,yes,no,cellular,22,jul,70,1,-1,0,unknown,no
7006,49,services,married,secondary,no,486,yes,yes,unknown,30,may,43,2,-1,0,unknown,no
7007,54,retired,married,primary,no,136,yes,no,cellular,3,apr,352,1,332,2,failure,no
7008,40,management,married,tertiary,no,193,no,no,cellular,18,aug,105,6,-1,0,unknown,no
7009,33,technician,married,secondary,no,5083,no,no,cellular,27,oct,161,1,96,2,other,no
7010,48,management,married,unknown,no,0,yes,no,cellular,8,may,612,1,344,1,other,no
7011,43,management,married,tertiary,no,8,no,no,cellular,11,aug,95,4,-1,0,unknown,no
7012,35,blue-collar,single,primary,no,21,yes,no,unknown,27,may,129,1,-1,0,unknown,no
7013,55,technician,married,secondary,no,570,no,no,cellular,27,aug,94,6,-1,0,unknown,no
7014,33,management,married,tertiary,no,644,yes,yes,cellular,3,feb,124,2,271,2,failure,no
7015,41,technician,single,tertiary,no,1104,no,no,unknown,9,jun,352,1,-1,0,unknown,no
7016,57,blue-collar,married,secondary,no,6004,yes,no,cellular,12,aug,157,6,-1,0,unknown,no
7017,50,self-employed,married,tertiary,no,1503,no,no,cellular,27,aug,128,12,-1,0,unknown,no
7018,63,technician,married,secondary,no,896,yes,no,cellular,28,jan,115,3,91,4,other,no
7019,33,technician,single,secondary,no,177,yes,no,unknown,23,may,293,1,-1,0,unknown,no
7020,47,blue-collar,married,secondary,no,665,no,no,cellular,18,aug,885,3,-1,0,unknown,no
7021,36,services,married,secondary,no,380,yes,no,unknown,20,may,26,1,-1,0,unknown,no
7022,23,student,single,secondary,no,151,yes,no,unknown,9,may,97,1,-1,0,unknown,no
7023,33,technician,single,tertiary,no,179,yes,no,cellular,18,nov,432,2,181,4,other,no
7024,36,management,married,tertiary,no,4,no,yes,cellular,29,jul,261,6,-1,0,unknown,no
7025,47,blue-collar,married,secondary,no,116,yes,no,unknown,8,may,376,2,-1,0,unknown,no
7026,39,management,married,tertiary,no,0,no,no,cellular,28,aug,93,25,-1,0,unknown,no
7027,44,blue-collar,divorced,primary,no,-57,yes,no,cellular,7,may,234,1,356,2,failure,no
7028,60,retired,married,primary,no,894,yes,no,unknown,15,may,65,7,-1,0,unknown,no
7029,42,management,married,tertiary,no,478,no,yes,cellular,8,jul,165,1,-1,0,unknown,no
7030,32,technician,single,secondary,no,10,no,no,cellular,19,aug,190,2,-1,0,unknown,no
7031,33,admin.,married,secondary,no,30,yes,no,telephone,5,may,125,2,-1,0,unknown,no
7032,37,management,married,tertiary,no,578,yes,no,cellular,8,aug,401,4,-1,0,unknown,no
7033,33,management,single,tertiary,no,2360,yes,no,cellular,20,nov,268,1,-1,0,unknown,no
7034,59,retired,married,primary,no,-47,yes,no,cellular,27,aug,84,4,-1,0,unknown,no
7035,42,technician,married,tertiary,no,-805,no,no,cellular,8,aug,103,6,-1,0,unknown,no
7036,59,management,married,tertiary,yes,782,no,yes,cellular,13,aug,127,2,-1,0,unknown,no
7037,31,technician,single,secondary,no,1282,no,no,cellular,12,may,144,1,460,2,failure,no
7038,50,self-employed,single,secondary,no,766,yes,no,cellular,7,may,253,2,304,4,failure,no
7039,29,blue-collar,single,secondary,no,348,yes,no,unknown,9,may,185,2,-1,0,unknown,no
7040,36,entrepreneur,single,secondary,no,296,no,no,cellular,18,nov,67,2,111,2,failure,no
7041,33,services,married,primary,no,908,yes,yes,cellular,14,jul,184,2,-1,0,unknown,no
7042,38,admin.,divorced,secondary,no,0,no,no,unknown,5,jun,56,1,-1,0,unknown,no
7043,33,management,single,tertiary,no,5276,no,no,cellular,4,nov,572,1,-1,0,unknown,no
7044,36,entrepreneur,single,tertiary,no,658,yes,no,unknown,16,jun,61,3,-1,0,unknown,no
7045,36,management,single,tertiary,no,1089,yes,no,unknown,30,may,126,1,-1,0,unknown,no
7046,44,admin.,married,secondary,no,1042,yes,no,cellular,18,may,136,1,-1,0,unknown,no
7047,29,blue-collar,married,primary,no,544,no,yes,cellular,21,jul,121,4,-1,0,unknown,no
7048,44,blue-collar,married,primary,no,134,yes,no,cellular,7,may,378,1,-1,0,unknown,no
7049,55,management,married,tertiary,no,73,yes,no,unknown,5,may,142,2,-1,0,unknown,no
7050,38,blue-collar,single,secondary,no,13156,yes,no,cellular,17,apr,291,4,331,1,failure,no
7051,39,management,divorced,tertiary,no,30,no,yes,cellular,3,feb,265,4,-1,0,unknown,no
7052,45,blue-collar,married,primary,no,-66,yes,no,unknown,6,may,263,2,-1,0,unknown,no
7053,36,management,single,tertiary,no,1373,yes,no,unknown,20,may,144,2,-1,0,unknown,no
7054,36,management,married,tertiary,no,8564,yes,no,unknown,23,may,125,1,-1,0,unknown,no
7055,59,retired,divorced,primary,no,81,yes,no,unknown,5,may,107,1,-1,0,unknown,no
7056,41,admin.,married,tertiary,no,5426,yes,no,unknown,14,may,149,2,-1,0,unknown,no
7057,29,self-employed,single,tertiary,no,16,yes,no,unknown,6,may,43,1,-1,0,unknown,no
7058,50,management,single,tertiary,no,297,yes,no,unknown,5,may,119,1,-1,0,unknown,no
7059,51,blue-collar,divorced,secondary,no,734,yes,yes,cellular,5,may,17,1,-1,0,unknown,no
7060,29,management,single,tertiary,no,1514,yes,no,telephone,5,may,363,1,333,7,other,no
7061,40,technician,single,secondary,no,153,no,no,cellular,7,aug,125,2,-1,0,unknown,no
7062,36,student,married,primary,no,3503,no,no,unknown,6,jun,31,1,-1,0,unknown,no
7063,49,technician,married,secondary,no,-849,yes,yes,unknown,27,may,197,1,-1,0,unknown,no
7064,45,technician,married,secondary,no,1441,yes,no,cellular,18,nov,93,1,113,2,other,no
7065,40,management,married,tertiary,no,2487,no,no,cellular,30,apr,126,1,-1,0,unknown,no
7066,31,management,married,tertiary,no,927,no,no,cellular,18,aug,100,4,-1,0,unknown,no
7067,32,entrepreneur,married,tertiary,no,598,no,no,cellular,18,aug,135,6,-1,0,unknown,no
7068,44,admin.,married,secondary,no,345,yes,no,telephone,16,jul,208,8,-1,0,unknown,no
7069,27,blue-collar,married,secondary,no,197,no,no,telephone,23,jul,222,1,-1,0,unknown,no
7070,25,admin.,single,tertiary,no,220,no,no,cellular,26,may,68,1,-1,0,unknown,no
7071,56,services,married,secondary,no,9,no,yes,cellular,20,aug,285,2,-1,0,unknown,no
7072,59,retired,married,secondary,no,5678,yes,no,unknown,14,may,238,2,-1,0,unknown,no
7073,31,management,single,tertiary,no,0,no,no,cellular,25,aug,9,12,-1,0,unknown,no
7074,49,admin.,divorced,secondary,no,169,yes,no,unknown,30,may,447,1,-1,0,unknown,no
7075,50,blue-collar,divorced,primary,no,388,no,no,cellular,5,feb,701,1,-1,0,unknown,no
7076,42,unknown,single,unknown,yes,61,no,no,unknown,20,jun,115,1,-1,0,unknown,no
7077,37,management,married,tertiary,no,7100,no,no,cellular,20,nov,757,2,-1,0,unknown,no
7078,36,blue-collar,single,secondary,no,219,yes,yes,cellular,11,may,270,2,347,1,failure,no
7079,53,blue-collar,married,secondary,no,-76,no,no,cellular,29,jan,173,1,164,4,other,no
7080,51,blue-collar,married,unknown,no,1432,no,no,cellular,9,jul,388,1,-1,0,unknown,no
7081,42,blue-collar,married,secondary,no,879,yes,no,cellular,18,nov,140,1,-1,0,unknown,no
7082,47,housemaid,married,primary,no,0,yes,no,telephone,24,jul,193,1,-1,0,unknown,no
7083,40,self-employed,married,tertiary,no,1498,no,no,cellular,4,feb,62,1,-1,0,unknown,no
7084,25,blue-collar,single,secondary,no,543,yes,no,cellular,15,may,302,1,-1,0,unknown,no
7085,36,blue-collar,married,secondary,no,1797,yes,yes,cellular,17,nov,166,1,181,2,failure,no
7086,80,retired,married,primary,no,2994,no,no,cellular,6,aug,320,1,-1,0,unknown,no
7087,60,self-employed,married,secondary,no,1690,no,no,cellular,28,aug,64,11,-1,0,unknown,no
7088,51,management,married,secondary,no,1573,no,no,cellular,28,aug,72,18,-1,0,unknown,no
7089,59,housemaid,married,tertiary,no,0,no,yes,cellular,29,jul,376,2,-1,0,unknown,no
7090,80,retired,married,secondary,no,173,no,no,cellular,2,aug,87,3,-1,0,unknown,no
7091,47,admin.,married,unknown,no,989,no,no,unknown,19,jun,116,1,-1,0,unknown,no
7092,36,services,married,secondary,no,335,yes,no,unknown,9,may,339,2,-1,0,unknown,no
7093,31,blue-collar,single,unknown,yes,17,yes,no,cellular,6,may,72,1,-1,0,unknown,no
7094,33,technician,married,secondary,no,-74,yes,no,cellular,25,jul,198,4,-1,0,unknown,no
7095,45,services,married,unknown,no,8319,no,no,cellular,15,jun,75,2,-1,0,unknown,no
7096,33,blue-collar,single,secondary,no,15341,no,no,cellular,20,apr,335,1,334,3,failure,no
7097,51,technician,married,secondary,no,52,no,no,cellular,13,aug,114,2,-1,0,unknown,no
7098,51,unemployed,divorced,secondary,no,-56,yes,no,cellular,19,nov,544,3,-1,0,unknown,no
7099,48,blue-collar,married,primary,no,1670,no,no,unknown,17,jun,145,1,-1,0,unknown,no
7100,34,technician,single,tertiary,no,370,no,no,cellular,11,aug,116,2,-1,0,unknown,no
7101,28,management,single,tertiary,no,466,yes,no,cellular,23,jul,170,2,-1,0,unknown,no
7102,33,technician,single,secondary,no,2583,no,no,cellular,25,may,241,1,108,1,failure,no
7103,36,services,married,secondary,no,1177,yes,yes,cellular,3,feb,50,5,-1,0,unknown,no
7104,40,self-employed,married,secondary,no,311,yes,no,unknown,20,may,723,2,-1,0,unknown,no
7105,34,entrepreneur,married,tertiary,no,842,yes,no,cellular,6,may,141,2,-1,0,unknown,no
7106,31,technician,single,tertiary,no,2744,yes,no,cellular,8,aug,309,2,-1,0,unknown,no
7107,49,technician,married,tertiary,no,503,no,no,unknown,1,jul,297,2,-1,0,unknown,no
7108,35,management,single,tertiary,no,62,yes,no,cellular,5,may,214,4,15,3,success,no
7109,38,management,single,tertiary,no,4841,no,no,cellular,22,may,580,3,-1,0,unknown,no
7110,32,technician,married,secondary,no,253,yes,no,cellular,21,nov,76,1,170,3,failure,no
7111,33,blue-collar,married,secondary,no,842,no,no,cellular,29,aug,111,4,-1,0,unknown,no
7112,39,admin.,married,unknown,no,378,no,no,unknown,20,jun,17,5,-1,0,unknown,no
7113,30,services,married,secondary,no,637,yes,no,cellular,15,may,69,5,-1,0,unknown,no
7114,53,admin.,divorced,secondary,no,-372,yes,no,unknown,26,may,104,1,-1,0,unknown,no
7115,24,technician,single,secondary,no,135,yes,yes,cellular,18,may,250,1,-1,0,unknown,no
7116,52,entrepreneur,divorced,secondary,no,7,no,no,cellular,24,jul,150,5,-1,0,unknown,no
7117,27,management,single,tertiary,no,446,no,no,cellular,23,jun,205,3,-1,0,unknown,no
7118,36,admin.,single,secondary,no,1328,no,no,cellular,30,jul,69,9,-1,0,unknown,no
7119,29,admin.,married,secondary,no,252,yes,no,cellular,15,may,1223,3,371,1,failure,no
7120,47,blue-collar,married,secondary,no,125,no,no,cellular,8,jul,210,2,-1,0,unknown,no
7121,43,blue-collar,married,secondary,no,1324,yes,no,telephone,12,may,179,5,-1,0,unknown,no
7122,48,management,divorced,tertiary,no,-244,yes,no,unknown,5,may,253,1,-1,0,unknown,no
7123,57,entrepreneur,married,NULL,no,657,no,no,unknown,12,jun,344,1,-1,0,unknown,no
7124,25,management,single,tertiary,no,2140,no,no,cellular,1,oct,81,1,-1,0,unknown,no
7125,43,services,divorced,secondary,no,5571,no,no,unknown,9,jun,149,1,-1,0,unknown,no
7126,50,technician,married,secondary,no,103,yes,no,unknown,12,may,79,6,-1,0,unknown,no
7127,54,technician,divorced,tertiary,no,2133,no,no,cellular,18,nov,176,1,-1,0,unknown,no
7128,38,services,married,secondary,no,8876,no,no,cellular,19,nov,636,1,-1,0,unknown,no
7129,41,housemaid,divorced,primary,no,22,yes,no,cellular,18,nov,238,3,126,4,other,no
7130,35,admin.,married,secondary,no,3854,yes,no,cellular,5,may,131,1,-1,0,unknown,no
7131,33,management,married,tertiary,no,32,no,no,cellular,29,aug,27,7,-1,0,unknown,no
7132,51,technician,married,secondary,no,337,yes,no,cellular,20,aug,687,4,-1,0,unknown,no
7133,29,blue-collar,single,secondary,no,228,no,no,cellular,5,feb,355,1,-1,0,unknown,no
7134,34,blue-collar,divorced,secondary,no,1125,yes,yes,cellular,19,nov,141,2,-1,0,unknown,no
7135,51,management,married,tertiary,no,1612,yes,no,cellular,18,nov,61,2,131,1,failure,no
7136,58,housemaid,married,primary,no,1310,yes,yes,cellular,22,jul,1226,2,-1,0,unknown,no
7137,50,services,divorced,secondary,yes,-210,no,yes,cellular,21,aug,153,7,-1,0,unknown,no
7138,38,housemaid,married,secondary,no,0,yes,no,cellular,23,jul,157,1,-1,0,unknown,no
7139,57,entrepreneur,married,unknown,no,975,yes,yes,cellular,22,jul,236,4,-1,0,unknown,no
7140,49,services,married,tertiary,no,306,yes,no,cellular,18,aug,285,7,-1,0,unknown,no
7141,42,blue-collar,married,primary,no,170,yes,no,unknown,19,may,51,41,-1,0,unknown,no
7142,33,technician,single,tertiary,no,154,no,no,cellular,18,mar,159,2,-1,0,unknown,no
7143,34,self-employed,married,tertiary,no,1972,yes,no,cellular,23,jul,61,2,-1,0,unknown,no
7144,36,admin.,single,tertiary,no,994,no,no,cellular,13,aug,185,2,105,3,success,no
7145,60,retired,divorced,tertiary,no,380,no,no,cellular,21,jul,219,1,-1,0,unknown,no
7146,37,services,single,secondary,no,54,yes,no,cellular,10,jul,118,1,-1,0,unknown,no
7147,41,blue-collar,married,primary,no,512,yes,no,unknown,6,may,233,2,-1,0,unknown,no
7148,36,management,single,tertiary,no,1027,yes,no,cellular,4,jun,151,1,-1,0,unknown,no
7149,56,unemployed,divorced,primary,no,1770,no,no,cellular,5,feb,916,3,-1,0,unknown,no
7150,34,management,married,tertiary,no,13,yes,no,cellular,30,jul,99,3,-1,0,unknown,no
7151,33,unemployed,married,secondary,no,438,yes,yes,unknown,21,may,129,1,-1,0,unknown,no
7152,29,blue-collar,married,secondary,no,162,yes,no,cellular,15,jul,126,3,-1,0,unknown,no
7153,43,management,married,tertiary,no,-183,no,no,cellular,24,jul,65,1,-1,0,unknown,no
7154,29,management,single,unknown,no,698,no,no,cellular,8,feb,186,1,-1,0,unknown,no
7155,36,admin.,married,secondary,no,165,yes,no,unknown,23,may,456,4,-1,0,unknown,no
7156,33,technician,single,secondary,no,3499,yes,no,cellular,11,may,143,3,356,1,other,no
7157,39,management,married,tertiary,no,378,yes,yes,unknown,5,may,127,2,-1,0,unknown,no
7158,26,technician,single,secondary,no,855,yes,no,unknown,28,may,87,2,-1,0,unknown,no
7159,41,technician,single,secondary,no,32,yes,no,cellular,7,may,162,1,-1,0,unknown,no
7160,36,unemployed,divorced,primary,no,0,no,no,telephone,4,jul,304,3,-1,0,unknown,no
7161,31,management,single,tertiary,no,0,no,no,cellular,25,aug,191,5,-1,0,unknown,no
7162,34,blue-collar,married,secondary,no,2994,yes,no,cellular,15,may,358,1,176,1,failure,no
7163,28,blue-collar,married,secondary,no,1238,yes,no,unknown,14,may,246,1,-1,0,unknown,no
7164,47,services,married,secondary,no,1717,no,no,cellular,20,aug,216,9,-1,0,unknown,no
7165,41,admin.,single,secondary,no,224,yes,no,cellular,12,may,22,8,-1,0,unknown,no
7166,39,technician,single,secondary,no,1048,yes,yes,cellular,8,apr,201,2,-1,0,unknown,no
7167,53,admin.,divorced,secondary,no,592,yes,no,unknown,13,may,151,1,-1,0,unknown,no
7168,45,self-employed,married,secondary,no,396,no,no,cellular,28,aug,238,1,-1,0,unknown,no
7169,30,services,single,secondary,no,268,no,no,unknown,24,jul,86,1,-1,0,unknown,no
7170,39,services,married,secondary,no,0,yes,no,cellular,8,may,503,1,-1,0,unknown,no
7171,30,self-employed,single,secondary,no,5223,no,no,cellular,14,oct,404,2,-1,0,unknown,no
7172,32,admin.,divorced,secondary,no,1611,yes,yes,unknown,13,may,93,1,-1,0,unknown,no
7173,66,retired,married,secondary,no,780,no,no,cellular,12,feb,388,4,-1,0,unknown,no
7174,26,blue-collar,married,primary,no,399,yes,no,cellular,22,jul,1288,2,-1,0,unknown,no
7175,30,services,single,secondary,no,1649,yes,no,unknown,23,may,206,1,-1,0,unknown,no
7176,42,services,single,unknown,no,974,no,no,cellular,30,jul,73,2,-1,0,unknown,no
7177,44,management,married,tertiary,no,22,yes,no,cellular,6,aug,265,2,-1,0,unknown,no
7178,38,services,married,secondary,no,507,yes,no,cellular,17,apr,55,1,344,1,failure,no
7179,31,technician,divorced,secondary,no,10787,yes,no,unknown,4,jun,135,2,-1,0,unknown,no
7180,34,technician,married,secondary,no,-259,yes,no,unknown,27,may,124,2,-1,0,unknown,no
7181,42,blue-collar,married,secondary,no,414,yes,no,cellular,17,apr,400,3,-1,0,unknown,no
7182,34,admin.,divorced,secondary,no,67,yes,no,unknown,6,may,90,1,-1,0,unknown,no
7183,31,blue-collar,single,tertiary,no,328,yes,no,cellular,14,may,414,1,175,1,failure,no
7184,30,technician,married,secondary,no,4,yes,no,cellular,8,may,17,5,-1,0,unknown,no
7185,31,management,single,tertiary,no,471,no,no,cellular,29,aug,153,2,-1,0,unknown,no
7186,47,blue-collar,married,primary,no,3038,yes,no,cellular,14,jul,151,2,-1,0,unknown,no
7187,52,blue-collar,married,secondary,no,2276,no,no,unknown,20,jun,83,3,-1,0,unknown,no
7188,31,blue-collar,married,primary,no,-848,yes,no,unknown,23,may,559,3,-1,0,unknown,no
7189,51,admin.,married,secondary,no,2662,no,no,telephone,28,jan,148,2,-1,0,unknown,no
7190,48,services,married,secondary,no,2597,yes,no,cellular,6,may,182,2,355,1,failure,no
7191,47,blue-collar,married,primary,no,550,yes,no,unknown,7,may,113,1,-1,0,unknown,no
7192,55,retired,married,tertiary,no,357,yes,no,cellular,30,apr,878,1,-1,0,unknown,no
7193,58,entrepreneur,married,primary,no,1153,yes,yes,telephone,12,may,206,6,337,6,failure,no
7194,74,retired,married,tertiary,no,4912,no,no,telephone,21,oct,129,3,-1,0,unknown,no
7195,30,technician,single,secondary,no,194,no,yes,cellular,27,aug,60,3,-1,0,unknown,no
7196,40,management,married,tertiary,yes,0,no,no,cellular,28,jul,165,5,-1,0,unknown,no
7197,50,blue-collar,married,primary,no,565,yes,yes,cellular,28,aug,36,3,-1,0,unknown,no
7198,36,management,divorced,tertiary,no,649,no,no,cellular,16,jul,237,2,91,1,failure,no
7199,26,admin.,divorced,secondary,no,-45,yes,no,unknown,4,jun,357,2,-1,0,unknown,no
7200,30,admin.,married,secondary,no,1310,no,no,telephone,27,oct,3284,1,-1,0,unknown,no
7201,34,blue-collar,married,secondary,no,2308,yes,no,unknown,7,may,1062,1,-1,0,unknown,no
7202,53,unemployed,single,secondary,no,4,no,no,cellular,30,jul,259,3,-1,0,unknown,no
7203,42,blue-collar,married,secondary,no,1297,yes,no,cellular,3,apr,697,2,-1,0,unknown,no
7204,33,management,married,tertiary,no,1808,yes,no,unknown,4,jun,99,4,-1,0,unknown,no
7205,35,unemployed,married,secondary,no,2080,yes,no,telephone,14,apr,266,3,-1,0,unknown,no
7206,33,services,married,secondary,no,5034,yes,no,unknown,8,may,207,3,-1,0,unknown,no
7207,41,admin.,divorced,secondary,no,322,yes,no,unknown,6,may,87,4,-1,0,unknown,no
7208,40,blue-collar,married,secondary,no,679,yes,no,cellular,17,apr,642,2,304,1,failure,no
7209,32,management,single,tertiary,no,1742,no,no,unknown,5,jun,231,2,-1,0,unknown,no
7210,54,management,married,tertiary,no,154,no,no,unknown,9,may,155,3,-1,0,unknown,no
7211,31,unemployed,single,tertiary,no,140,yes,no,telephone,7,may,11,2,-1,0,unknown,no
7212,35,services,married,secondary,no,377,no,yes,cellular,31,jul,30,13,-1,0,unknown,no
7213,47,services,single,secondary,no,3644,no,no,unknown,9,jun,83,2,-1,0,unknown,no
7214,48,blue-collar,married,primary,yes,-50,yes,no,cellular,14,may,212,6,-1,0,unknown,no
7215,50,management,married,tertiary,no,453,no,yes,unknown,4,jul,608,1,-1,0,unknown,no
7216,33,blue-collar,single,secondary,no,45,no,no,unknown,20,jun,13,12,-1,0,unknown,no
7217,40,blue-collar,married,primary,no,46,yes,no,unknown,6,may,119,1,-1,0,unknown,no
7218,60,retired,married,secondary,no,2060,no,no,cellular,29,jun,135,4,95,4,failure,no
7219,68,retired,married,secondary,no,1316,no,no,telephone,4,mar,92,5,-1,0,unknown,no
7220,54,blue-collar,married,unknown,no,-361,yes,no,unknown,26,may,227,1,-1,0,unknown,no
7221,30,management,single,tertiary,no,349,no,no,cellular,12,aug,180,3,-1,0,unknown,no
7222,42,blue-collar,single,primary,no,-68,yes,yes,unknown,26,may,167,1,-1,0,unknown,no
7223,57,retired,married,unknown,no,-157,no,no,cellular,28,aug,31,9,-1,0,unknown,no
7224,28,management,single,tertiary,no,320,yes,no,cellular,30,apr,239,1,-1,0,unknown,no
7225,55,management,married,tertiary,no,86,no,no,telephone,16,jun,64,1,-1,0,unknown,no
7226,42,blue-collar,married,secondary,no,681,yes,no,cellular,18,nov,203,1,-1,0,unknown,no
7227,49,housemaid,married,primary,no,0,yes,no,cellular,25,jul,42,3,-1,0,unknown,no
7228,41,management,divorced,tertiary,no,4567,yes,yes,cellular,16,jul,106,1,-1,0,unknown,no
7229,31,technician,single,secondary,no,40,no,no,cellular,7,aug,123,2,-1,0,unknown,no
7230,33,blue-collar,single,secondary,no,706,yes,no,cellular,7,apr,329,1,322,1,failure,no
7231,55,admin.,married,secondary,no,420,yes,no,unknown,30,may,41,3,-1,0,unknown,no
7232,34,technician,single,tertiary,no,0,yes,no,cellular,17,apr,158,2,-1,0,unknown,no
7233,38,entrepreneur,married,secondary,no,65,no,no,cellular,5,feb,173,1,-1,0,unknown,no
7234,46,blue-collar,married,secondary,no,-27,yes,no,cellular,11,may,254,1,-1,0,unknown,no
7235,49,services,single,primary,no,114,yes,no,unknown,7,may,99,2,-1,0,unknown,no
7236,44,technician,single,tertiary,no,678,no,no,cellular,3,feb,111,1,124,2,other,no
7237,57,technician,divorced,secondary,no,3105,yes,no,unknown,14,may,173,11,-1,0,unknown,no
7238,44,housemaid,married,secondary,no,281,yes,no,unknown,8,may,604,1,-1,0,unknown,no
7239,42,self-employed,married,tertiary,no,1932,yes,no,unknown,16,may,192,32,-1,0,unknown,no
7240,37,management,divorced,tertiary,no,481,yes,no,cellular,19,aug,97,6,-1,0,unknown,no
7241,42,blue-collar,single,primary,no,156,yes,no,telephone,15,may,7,4,371,5,failure,no
7242,33,blue-collar,married,secondary,no,0,yes,yes,cellular,31,jul,16,43,-1,0,unknown,no
7243,31,blue-collar,married,secondary,no,557,yes,yes,unknown,27,may,185,1,-1,0,unknown,no
7244,34,admin.,married,secondary,no,1467,yes,no,cellular,17,apr,113,1,332,2,failure,no
7245,26,blue-collar,single,secondary,no,428,no,yes,cellular,7,jul,575,1,-1,0,unknown,no
7246,42,technician,married,secondary,no,994,yes,no,cellular,25,may,365,5,-1,0,unknown,no
7247,41,technician,single,secondary,no,769,no,yes,cellular,20,nov,222,4,98,4,other,no
7248,35,technician,married,tertiary,no,108,yes,no,cellular,31,jul,65,3,-1,0,unknown,no
7249,26,student,single,unknown,no,19,no,no,telephone,30,apr,268,1,-1,0,unknown,no
7250,42,management,married,tertiary,no,199,yes,no,cellular,9,jul,497,1,-1,0,unknown,no
7251,36,blue-collar,married,primary,no,448,yes,no,unknown,5,may,286,1,-1,0,unknown,no
7252,60,admin.,single,secondary,no,473,no,no,cellular,5,feb,175,2,8,1,other,no
7253,51,entrepreneur,married,primary,no,726,yes,yes,cellular,15,apr,87,2,-1,0,unknown,no
7254,32,management,single,tertiary,no,0,no,no,cellular,22,aug,148,2,-1,0,unknown,no
7255,46,blue-collar,married,secondary,no,536,yes,no,unknown,15,may,164,2,-1,0,unknown,no
7256,31,blue-collar,single,secondary,no,2194,no,no,cellular,13,may,275,2,357,1,other,no
7257,42,housemaid,divorced,secondary,no,1406,yes,no,cellular,22,jul,178,1,-1,0,unknown,no
7258,45,technician,married,secondary,no,44,yes,no,unknown,5,may,95,4,-1,0,unknown,no
7259,31,management,divorced,tertiary,no,-6,no,yes,cellular,22,aug,119,6,-1,0,unknown,no
7260,41,technician,divorced,secondary,no,1631,yes,no,cellular,12,aug,173,2,-1,0,unknown,no
7261,28,blue-collar,single,secondary,no,4054,yes,no,cellular,11,may,133,2,-1,0,unknown,no
7262,41,technician,divorced,secondary,no,75,no,no,cellular,20,aug,351,2,-1,0,unknown,no
7263,36,student,single,unknown,no,172,no,no,unknown,12,jun,81,1,-1,0,unknown,no
7264,41,blue-collar,married,secondary,no,356,yes,no,cellular,14,may,90,5,-1,0,unknown,no
7265,40,blue-collar,married,secondary,no,1508,no,no,cellular,3,nov,177,2,85,3,failure,no
7266,40,services,divorced,secondary,no,49,no,yes,cellular,18,jul,191,1,-1,0,unknown,no
7267,58,blue-collar,married,secondary,no,544,no,no,unknown,17,jun,97,1,-1,0,unknown,no
7268,32,management,married,tertiary,no,-383,yes,no,unknown,27,may,241,1,-1,0,unknown,no
7269,30,technician,married,tertiary,no,606,yes,no,cellular,30,apr,551,1,-1,0,unknown,no
7270,43,management,divorced,tertiary,no,-410,no,yes,cellular,9,jul,189,1,-1,0,unknown,no
7271,33,technician,single,tertiary,no,469,no,no,cellular,26,aug,158,9,-1,0,unknown,no
7272,30,management,single,tertiary,no,2,no,no,cellular,23,mar,269,1,-1,0,unknown,no
7273,37,services,divorced,secondary,no,241,yes,no,cellular,14,may,189,1,371,1,failure,no
7274,40,technician,divorced,secondary,no,0,no,no,cellular,29,aug,299,3,-1,0,unknown,no
7275,39,services,single,secondary,no,322,yes,no,cellular,11,may,35,1,350,1,failure,no
7276,39,management,divorced,tertiary,no,2193,yes,yes,unknown,2,jun,550,3,-1,0,unknown,no
7277,26,entrepreneur,married,tertiary,yes,144,no,yes,cellular,25,jul,730,1,-1,0,unknown,no
7278,35,services,married,secondary,no,0,yes,no,cellular,24,jul,810,1,-1,0,unknown,no
7279,59,management,married,unknown,no,3428,yes,yes,cellular,19,nov,103,1,-1,0,unknown,no
7280,31,entrepreneur,married,secondary,no,10,yes,yes,cellular,29,jan,161,3,188,9,failure,no
7281,36,management,single,tertiary,no,1841,yes,no,cellular,25,aug,141,4,-1,0,unknown,no
7282,26,technician,single,secondary,no,84,yes,no,cellular,29,jul,70,3,-1,0,unknown,no
7283,36,housemaid,married,primary,no,622,no,no,unknown,20,jun,55,5,-1,0,unknown,no
7284,59,technician,married,primary,no,309,no,yes,cellular,29,jul,25,5,-1,0,unknown,no
7285,42,services,married,secondary,no,154,yes,no,telephone,14,may,346,5,372,1,other,no
7286,35,blue-collar,married,secondary,no,1949,yes,no,unknown,2,jun,200,3,-1,0,unknown,no
7287,59,blue-collar,married,secondary,no,2605,no,no,cellular,30,jan,85,2,-1,0,unknown,no
7288,44,technician,married,secondary,no,5163,no,no,cellular,11,aug,48,2,-1,0,unknown,no
7289,34,management,married,tertiary,no,557,yes,no,cellular,16,jul,513,1,-1,0,unknown,no
7290,36,technician,divorced,tertiary,no,119,no,no,cellular,23,jul,127,8,-1,0,unknown,no
7291,43,management,married,tertiary,no,0,yes,no,cellular,5,feb,280,2,-1,0,unknown,no
7292,45,unknown,married,unknown,no,356,no,no,cellular,11,aug,212,2,-1,0,unknown,no
7293,29,technician,single,secondary,no,1395,yes,no,unknown,26,may,61,1,-1,0,unknown,no
7294,29,services,single,secondary,no,20,yes,no,unknown,15,may,431,1,-1,0,unknown,no
7295,40,technician,married,tertiary,no,84,no,no,cellular,28,aug,715,8,-1,0,unknown,no
7296,31,blue-collar,single,secondary,no,609,yes,no,cellular,14,apr,1126,1,335,1,failure,no
7297,29,technician,single,secondary,no,1856,yes,yes,cellular,18,may,134,1,-1,0,unknown,no
7298,37,services,single,secondary,no,608,no,no,cellular,14,may,380,3,-1,0,unknown,no
7299,35,admin.,single,secondary,no,0,no,yes,cellular,7,jul,480,1,-1,0,unknown,no
7300,35,entrepreneur,married,tertiary,no,1859,yes,no,cellular,14,jul,227,2,-1,0,unknown,no
7301,39,services,divorced,secondary,no,282,yes,no,cellular,17,jul,243,1,-1,0,unknown,no
7302,28,student,single,secondary,no,154,yes,no,unknown,20,may,21,9,-1,0,unknown,no
7303,31,services,single,secondary,no,222,yes,no,cellular,13,may,168,2,-1,0,unknown,no
7304,34,housemaid,married,tertiary,no,897,no,no,cellular,12,aug,197,4,-1,0,unknown,no
7305,31,entrepreneur,single,secondary,no,131,yes,no,cellular,21,jul,157,1,-1,0,unknown,no
7306,51,blue-collar,married,primary,no,0,no,no,unknown,8,may,384,1,-1,0,unknown,no
7307,53,management,married,tertiary,no,37,no,no,cellular,28,aug,51,9,-1,0,unknown,no
7308,34,admin.,single,secondary,no,1704,yes,no,unknown,15,may,218,2,-1,0,unknown,no
7309,42,technician,married,secondary,no,314,no,no,cellular,27,aug,11,22,-1,0,unknown,no
7310,33,technician,married,secondary,no,399,yes,no,cellular,7,may,143,1,-1,0,unknown,no
7311,29,self-employed,single,tertiary,no,300,no,no,cellular,3,feb,125,1,-1,0,unknown,no
7312,25,services,single,secondary,no,382,yes,no,unknown,13,may,392,1,-1,0,unknown,no
7313,42,services,married,secondary,no,1301,yes,no,cellular,21,jul,510,6,-1,0,unknown,no
7314,46,unemployed,divorced,secondary,no,0,no,no,cellular,30,jul,638,3,-1,0,unknown,no
7315,52,technician,married,secondary,no,930,yes,no,unknown,2,jun,94,16,-1,0,unknown,no
7316,60,management,divorced,primary,no,21,no,yes,telephone,14,jul,113,3,-1,0,unknown,no
7317,25,services,single,secondary,no,111,no,yes,cellular,7,jul,316,1,-1,0,unknown,no
7318,55,technician,single,secondary,no,1199,no,yes,telephone,4,may,159,10,-1,0,unknown,no
7319,37,unemployed,divorced,tertiary,no,1085,no,no,cellular,25,aug,146,4,-1,0,unknown,no
7320,49,blue-collar,married,primary,no,230,no,yes,unknown,30,jun,176,1,-1,0,unknown,no
7321,42,entrepreneur,married,primary,no,558,yes,no,cellular,6,may,186,2,-1,0,unknown,no
7322,32,technician,single,tertiary,no,127,yes,no,cellular,27,aug,20,17,-1,0,unknown,no
7323,43,technician,married,primary,no,4844,yes,no,cellular,19,nov,434,1,-1,0,unknown,no
7324,26,student,single,unknown,no,826,no,no,cellular,29,jan,177,1,-1,0,unknown,no
7325,41,technician,single,secondary,no,30,no,no,unknown,23,may,1003,1,-1,0,unknown,no
7326,30,management,single,tertiary,no,2708,no,no,cellular,19,nov,479,1,-1,0,unknown,no
7327,42,services,married,secondary,no,108,yes,yes,cellular,13,may,225,2,365,7,failure,no
7328,34,blue-collar,married,secondary,no,577,no,no,unknown,14,may,337,1,-1,0,unknown,no
7329,20,student,single,tertiary,no,2764,yes,no,unknown,29,may,139,2,-1,0,unknown,no
7330,45,unknown,married,unknown,no,2834,no,no,cellular,4,aug,112,1,-1,0,unknown,no
7331,58,retired,married,secondary,no,-324,yes,no,cellular,7,may,229,2,-1,0,unknown,no
7332,51,management,married,tertiary,no,4,yes,no,cellular,21,nov,58,2,-1,0,unknown,no
7333,55,management,married,unknown,no,559,no,no,cellular,28,jan,271,2,-1,0,unknown,no
7334,31,technician,single,secondary,no,271,yes,no,cellular,5,may,269,1,-1,0,unknown,no
7335,42,housemaid,single,primary,no,5774,yes,no,unknown,15,may,54,2,-1,0,unknown,no
7336,48,blue-collar,married,primary,no,816,yes,no,cellular,31,jul,114,7,-1,0,unknown,no
7337,62,retired,married,secondary,no,3,no,no,cellular,4,aug,151,1,-1,0,unknown,no
7338,40,admin.,divorced,secondary,no,274,yes,yes,cellular,25,jul,53,4,-1,0,unknown,no
7339,37,management,married,tertiary,no,11265,no,no,unknown,18,jun,417,1,-1,0,unknown,no
7340,39,housemaid,divorced,secondary,no,70,no,no,cellular,4,jun,346,2,128,8,success,no
7341,34,blue-collar,married,secondary,no,405,yes,no,unknown,21,may,103,1,-1,0,unknown,no
7342,52,technician,married,secondary,no,22755,yes,no,unknown,29,may,70,2,-1,0,unknown,no
7343,35,admin.,married,secondary,no,557,yes,no,cellular,17,jun,54,4,-1,0,unknown,no
7344,56,admin.,married,secondary,no,1554,yes,yes,cellular,6,feb,15,6,190,27,other,no
7345,37,blue-collar,married,primary,no,89,no,yes,telephone,8,jul,336,4,-1,0,unknown,no
7346,35,blue-collar,married,secondary,no,444,yes,no,cellular,15,apr,244,3,-1,0,unknown,no
7347,31,student,single,tertiary,no,4951,no,no,cellular,28,jun,150,3,-1,0,unknown,no
7348,42,admin.,single,secondary,no,30,yes,no,cellular,4,feb,98,1,266,3,failure,no
7349,27,services,married,secondary,no,1,no,no,cellular,29,jan,528,3,-1,0,unknown,no
7350,33,technician,single,secondary,no,0,no,no,unknown,3,jul,1106,2,-1,0,unknown,no
7351,31,management,single,tertiary,no,0,yes,no,cellular,30,apr,97,2,87,2,other,no
7352,53,blue-collar,married,secondary,no,1093,yes,yes,unknown,16,jun,244,3,-1,0,unknown,no
7353,56,technician,divorced,secondary,no,1561,no,no,cellular,13,aug,75,1,-1,0,unknown,no
7354,80,retired,married,primary,no,1861,no,no,telephone,14,apr,563,2,-1,0,unknown,no
7355,63,housemaid,married,primary,no,333,no,no,telephone,1,oct,321,1,-1,0,unknown,no
7356,37,entrepreneur,married,tertiary,no,342,yes,no,unknown,6,jun,212,1,-1,0,unknown,no
7357,43,admin.,married,secondary,no,388,yes,no,cellular,19,nov,111,2,-1,0,unknown,no
7358,62,retired,married,primary,no,1515,yes,no,cellular,19,oct,131,1,187,2,failure,no
7359,25,admin.,single,secondary,no,654,no,no,cellular,8,apr,216,1,-1,0,unknown,no
7360,51,services,married,secondary,no,-467,no,no,unknown,9,jun,216,5,-1,0,unknown,no
7361,39,blue-collar,married,primary,no,398,yes,no,cellular,12,may,256,1,-1,0,unknown,no
7362,47,technician,married,secondary,no,0,no,no,unknown,11,nov,74,1,-1,0,unknown,no
7363,39,blue-collar,married,primary,no,12848,yes,no,unknown,5,jun,337,2,-1,0,unknown,no
7364,32,technician,single,secondary,no,5205,no,no,cellular,20,nov,352,1,-1,0,unknown,no
7365,30,management,married,tertiary,no,-181,yes,no,cellular,19,nov,621,2,-1,0,unknown,no
7366,34,management,married,tertiary,no,250,no,no,cellular,9,dec,787,1,188,8,other,no
7367,41,admin.,divorced,secondary,no,110,yes,yes,cellular,5,feb,76,2,-1,0,unknown,no
7368,44,management,married,tertiary,no,445,no,yes,telephone,6,feb,135,2,9,7,other,no
7369,43,management,married,tertiary,no,175,yes,no,cellular,17,apr,129,4,337,1,other,no
7370,30,technician,single,secondary,no,458,no,no,cellular,20,nov,51,7,-1,0,unknown,no
7371,46,management,married,secondary,no,5127,no,no,cellular,6,aug,472,1,-1,0,unknown,no
7372,36,blue-collar,married,secondary,no,928,no,no,cellular,17,apr,224,3,-1,0,unknown,no
7373,56,admin.,married,secondary,no,105,no,no,telephone,15,jul,80,2,-1,0,unknown,no
7374,44,self-employed,single,tertiary,no,18558,yes,no,cellular,20,nov,51,1,190,4,other,no
7375,37,technician,single,secondary,yes,375,no,no,unknown,9,jun,223,2,-1,0,unknown,no
7376,36,management,divorced,tertiary,no,133,yes,no,unknown,9,may,117,1,-1,0,unknown,no
7377,24,management,married,secondary,no,2278,yes,no,unknown,27,may,77,4,-1,0,unknown,no
7378,49,technician,single,unknown,no,443,no,no,unknown,20,jun,25,11,-1,0,unknown,no
7379,69,services,married,unknown,no,23592,no,no,cellular,3,jul,837,3,-1,0,unknown,no
7380,47,housemaid,divorced,primary,no,61,no,no,cellular,29,jul,69,5,-1,0,unknown,no
7381,29,services,single,secondary,no,192,no,no,cellular,30,jan,327,4,-1,0,unknown,no
7382,31,technician,single,secondary,no,628,yes,no,unknown,12,may,1083,2,-1,0,unknown,no
7383,42,management,married,secondary,no,372,yes,no,telephone,31,jul,130,8,-1,0,unknown,no
7384,30,management,single,tertiary,no,222,no,yes,cellular,4,feb,111,1,204,2,other,no
7385,26,admin.,married,secondary,no,2469,no,no,cellular,16,jul,136,8,-1,0,unknown,no
7386,37,unemployed,married,secondary,no,459,no,no,cellular,20,nov,109,4,-1,0,unknown,no
7387,28,blue-collar,married,primary,no,254,yes,no,cellular,20,apr,149,2,-1,0,unknown,no
7388,36,management,divorced,tertiary,no,563,no,no,unknown,20,jun,10,4,-1,0,unknown,no
7389,46,blue-collar,married,primary,no,-29,yes,no,unknown,12,may,322,1,-1,0,unknown,no
7390,58,blue-collar,married,primary,no,494,no,no,cellular,14,aug,171,10,-1,0,unknown,no
7391,46,blue-collar,married,secondary,no,781,no,no,unknown,13,may,152,1,-1,0,unknown,no
7392,47,management,married,primary,no,2793,yes,no,telephone,25,jul,102,4,-1,0,unknown,no
7393,50,services,married,secondary,no,1134,no,no,unknown,18,jun,53,2,-1,0,unknown,no
7394,47,technician,married,tertiary,no,4568,no,no,unknown,9,jun,100,1,-1,0,unknown,no
7395,26,student,single,secondary,no,0,yes,no,unknown,5,may,610,2,-1,0,unknown,no
7396,42,technician,married,tertiary,no,1189,no,no,unknown,5,jun,323,3,-1,0,unknown,no
7397,34,technician,single,secondary,no,692,yes,no,unknown,20,may,254,1,-1,0,unknown,no
7398,46,management,married,tertiary,no,716,yes,yes,cellular,8,may,557,1,172,1,failure,no
7399,51,admin.,divorced,secondary,no,520,no,yes,cellular,10,jul,157,1,-1,0,unknown,no
7400,52,unemployed,married,tertiary,no,2133,no,yes,cellular,18,jul,90,1,-1,0,unknown,no
7401,38,technician,single,secondary,no,0,no,no,cellular,22,aug,305,2,-1,0,unknown,no
7402,44,management,married,tertiary,no,70,no,no,cellular,20,aug,165,3,-1,0,unknown,no
7403,52,admin.,single,unknown,no,872,yes,no,telephone,18,may,82,6,335,1,other,no
7404,32,management,married,tertiary,no,2458,yes,no,cellular,4,may,77,2,-1,0,unknown,no
7405,35,self-employed,single,tertiary,no,-30,no,no,cellular,4,feb,218,2,-1,0,unknown,no
7406,36,blue-collar,married,primary,no,409,yes,no,unknown,11,jun,81,3,-1,0,unknown,no
7407,37,self-employed,divorced,tertiary,no,60,no,yes,unknown,4,jul,426,3,-1,0,unknown,no
7408,26,management,divorced,tertiary,no,667,no,no,telephone,19,jun,177,2,-1,0,unknown,no
7409,32,admin.,single,secondary,no,620,no,no,cellular,17,apr,211,2,343,3,failure,no
7410,46,admin.,divorced,secondary,no,-60,no,no,cellular,17,nov,117,1,-1,0,unknown,no
7411,50,entrepreneur,married,primary,no,237,yes,yes,unknown,30,may,184,4,-1,0,unknown,no
7412,43,management,married,secondary,no,373,yes,no,unknown,28,may,54,1,-1,0,unknown,no
7413,55,unemployed,married,primary,no,1221,no,yes,cellular,8,jul,108,1,-1,0,unknown,no
7414,35,blue-collar,married,secondary,no,0,yes,yes,cellular,8,apr,519,1,-1,0,unknown,no
7415,45,technician,married,secondary,no,999,yes,no,unknown,16,may,656,2,-1,0,unknown,no
7416,48,technician,married,unknown,no,67,yes,no,unknown,14,may,328,4,-1,0,unknown,no
7417,31,technician,married,secondary,yes,-463,yes,no,unknown,28,may,210,1,-1,0,unknown,no
7418,46,blue-collar,married,primary,no,7934,yes,no,unknown,19,may,123,1,-1,0,unknown,no
7419,50,entrepreneur,divorced,tertiary,no,816,no,no,cellular,19,nov,630,1,-1,0,unknown,no
7420,53,technician,married,tertiary,no,2557,no,no,cellular,29,jul,95,4,182,7,success,no
7421,36,entrepreneur,married,secondary,no,546,no,no,cellular,9,feb,297,3,-1,0,unknown,no
7422,50,entrepreneur,married,secondary,no,78,no,no,telephone,4,jun,143,1,-1,0,unknown,no
7423,40,management,married,tertiary,no,24450,no,no,cellular,25,aug,73,2,-1,0,unknown,no
7424,39,admin.,divorced,secondary,no,765,no,no,unknown,9,jun,155,3,-1,0,unknown,no
7425,38,management,single,tertiary,no,91,yes,no,unknown,19,may,492,9,-1,0,unknown,no
7426,32,technician,single,tertiary,no,703,yes,no,cellular,3,feb,489,2,271,2,success,no
7427,31,technician,married,secondary,no,589,yes,yes,unknown,21,may,151,1,-1,0,unknown,no
7428,41,admin.,married,secondary,no,0,no,no,unknown,20,jun,89,1,-1,0,unknown,no
7429,41,self-employed,single,tertiary,no,1755,no,no,unknown,11,jun,152,10,-1,0,unknown,no
7430,58,retired,married,primary,no,269,yes,no,unknown,16,may,38,2,-1,0,unknown,no
7431,36,technician,married,secondary,no,432,yes,no,cellular,11,may,61,3,255,2,failure,no
7432,54,self-employed,divorced,primary,no,4382,yes,no,telephone,18,may,193,4,-1,0,unknown,no
7433,32,services,married,secondary,no,109,yes,no,unknown,2,jun,364,13,-1,0,unknown,no
7434,54,retired,divorced,primary,no,52,no,no,unknown,19,jun,184,3,-1,0,unknown,no
7435,46,blue-collar,married,secondary,no,922,no,yes,cellular,14,jul,151,2,-1,0,unknown,no
7436,31,blue-collar,married,secondary,no,1779,yes,no,unknown,5,jun,85,2,-1,0,unknown,no
7437,34,technician,divorced,secondary,no,8,yes,no,cellular,6,may,569,2,-1,0,unknown,no
7438,46,blue-collar,married,primary,no,-271,yes,no,cellular,25,jul,65,2,-1,0,unknown,no
7439,45,admin.,married,secondary,no,0,no,no,cellular,19,aug,145,10,-1,0,unknown,no
7440,30,management,married,tertiary,no,14,no,no,cellular,24,jul,90,2,-1,0,unknown,no
7441,38,admin.,married,secondary,no,215,yes,yes,unknown,6,jun,173,2,-1,0,unknown,no
7442,31,student,single,tertiary,no,307,no,no,cellular,20,nov,597,2,-1,0,unknown,no
7443,30,entrepreneur,single,secondary,no,265,yes,yes,unknown,3,jun,67,10,-1,0,unknown,no
7444,43,admin.,married,secondary,no,323,yes,yes,cellular,12,may,43,3,369,2,failure,no
7445,26,management,single,tertiary,no,800,yes,no,cellular,30,jan,405,2,-1,0,unknown,no
7446,32,technician,single,tertiary,no,392,yes,no,cellular,21,nov,148,2,-1,0,unknown,no
7447,33,services,single,secondary,no,406,yes,no,cellular,5,feb,61,1,275,1,failure,no
7448,40,blue-collar,married,primary,no,104,yes,no,unknown,26,may,470,2,-1,0,unknown,no
7449,47,housemaid,divorced,secondary,no,1453,no,no,unknown,12,jun,303,1,-1,0,unknown,no
7450,34,blue-collar,single,tertiary,no,1168,no,no,cellular,6,feb,163,2,-1,0,unknown,no
7451,39,blue-collar,married,primary,no,766,yes,no,unknown,3,jun,350,3,-1,0,unknown,no
7452,49,blue-collar,married,tertiary,no,1784,no,no,unknown,12,jun,753,1,-1,0,unknown,no
7453,41,blue-collar,divorced,secondary,no,3,yes,no,cellular,31,jul,228,4,-1,0,unknown,no
7454,45,technician,married,secondary,no,1412,yes,no,cellular,11,may,764,4,-1,0,unknown,no
7455,45,technician,married,secondary,no,-312,yes,no,cellular,16,jul,268,1,-1,0,unknown,no
7456,54,housemaid,married,primary,no,167,yes,no,cellular,22,jul,106,2,-1,0,unknown,no
7457,34,services,single,secondary,no,1239,yes,no,unknown,23,may,164,1,-1,0,unknown,no
7458,44,blue-collar,married,secondary,no,776,yes,no,unknown,29,may,306,1,-1,0,unknown,no
7459,56,admin.,single,secondary,no,-13,no,no,unknown,16,jun,52,3,-1,0,unknown,no
7460,60,admin.,divorced,secondary,no,4519,no,no,cellular,2,feb,152,1,-1,0,unknown,no
7461,56,retired,married,tertiary,no,5769,no,no,unknown,20,jun,15,3,-1,0,unknown,no
7462,60,retired,married,primary,no,414,no,no,unknown,8,may,395,1,-1,0,unknown,no
7463,57,entrepreneur,married,tertiary,no,958,no,no,unknown,6,jun,250,2,-1,0,unknown,no
7464,29,blue-collar,single,secondary,no,922,yes,no,cellular,18,may,72,1,-1,0,unknown,no
7465,39,management,married,secondary,no,1585,yes,no,cellular,30,jan,82,2,-1,0,unknown,no
7466,33,blue-collar,single,primary,no,910,yes,no,cellular,20,apr,42,1,-1,0,unknown,no
7467,61,retired,married,primary,no,3738,no,no,telephone,6,feb,188,1,-1,0,unknown,no
7468,58,management,single,tertiary,no,1387,yes,no,telephone,3,feb,140,6,6,6,other,no
7469,27,blue-collar,single,secondary,yes,-3,yes,no,unknown,19,may,265,5,-1,0,unknown,no
7470,37,services,married,secondary,no,144,yes,no,cellular,20,apr,724,2,-1,0,unknown,no
7471,34,technician,single,secondary,yes,103,yes,yes,cellular,24,jul,147,1,-1,0,unknown,no
7472,35,admin.,married,secondary,no,0,yes,no,cellular,20,apr,18,5,-1,0,unknown,no
7473,35,management,married,tertiary,no,-547,yes,no,cellular,14,aug,101,2,-1,0,unknown,no
7474,49,management,divorced,tertiary,no,9326,yes,no,unknown,3,jun,166,1,-1,0,unknown,no
7475,34,services,divorced,secondary,no,1281,no,no,cellular,5,feb,237,1,-1,0,unknown,no
7476,34,blue-collar,married,primary,no,267,yes,no,unknown,7,may,362,1,-1,0,unknown,no
7477,48,management,married,tertiary,yes,0,no,yes,cellular,9,feb,18,8,-1,0,unknown,no
7478,55,admin.,married,secondary,no,512,no,no,cellular,18,aug,115,4,-1,0,unknown,no
7479,47,admin.,single,secondary,no,3531,yes,no,cellular,7,jul,49,6,-1,0,unknown,no
7480,52,management,married,tertiary,no,4358,no,no,telephone,31,jul,30,7,-1,0,unknown,no
7481,30,management,single,tertiary,no,222,yes,no,cellular,12,aug,112,4,-1,0,unknown,no
7482,54,retired,divorced,primary,no,22,no,no,unknown,20,jun,23,4,-1,0,unknown,no
7483,40,management,divorced,tertiary,no,37,yes,no,unknown,16,may,412,1,-1,0,unknown,no
7484,43,technician,married,tertiary,no,591,yes,no,cellular,8,aug,889,2,-1,0,unknown,no
7485,53,management,married,tertiary,no,12,no,no,cellular,27,aug,345,10,-1,0,unknown,no
7486,25,admin.,single,secondary,no,131,yes,yes,unknown,9,may,237,1,-1,0,unknown,no
7487,51,admin.,divorced,secondary,no,228,yes,no,unknown,6,may,136,1,-1,0,unknown,no
7488,45,blue-collar,married,primary,no,1794,yes,no,unknown,14,may,174,2,-1,0,unknown,no
7489,42,management,married,secondary,yes,-34,no,no,cellular,5,feb,176,1,-1,0,unknown,no
7490,35,technician,married,tertiary,no,416,no,no,cellular,11,aug,591,4,-1,0,unknown,no
7491,37,management,divorced,tertiary,no,1170,yes,yes,cellular,18,may,106,1,-1,0,unknown,no
7492,43,blue-collar,married,primary,no,0,yes,no,unknown,12,may,3,1,-1,0,unknown,no
7493,42,services,divorced,secondary,no,466,no,no,cellular,28,jan,48,1,-1,0,unknown,no
7494,58,technician,married,secondary,no,1463,yes,no,cellular,12,aug,110,3,-1,0,unknown,no
7495,43,technician,divorced,secondary,no,6835,no,no,cellular,19,nov,187,1,152,2,failure,no
7496,29,technician,single,secondary,yes,-397,yes,no,unknown,28,may,114,1,-1,0,unknown,no
7497,39,blue-collar,married,secondary,no,5222,yes,no,unknown,28,may,102,1,-1,0,unknown,no
7498,59,retired,married,primary,no,0,yes,no,cellular,28,jul,20,4,-1,0,unknown,no
7499,36,services,married,secondary,no,526,yes,no,cellular,17,apr,333,2,324,1,other,no
7500,44,management,divorced,tertiary,no,2422,yes,no,cellular,16,apr,399,2,269,2,failure,no
7501,34,admin.,married,secondary,no,430,yes,no,cellular,21,jul,82,4,-1,0,unknown,no
7502,49,management,married,tertiary,no,20,yes,no,cellular,4,feb,117,1,-1,0,unknown,no
7503,26,technician,single,secondary,no,-211,yes,no,unknown,23,may,164,3,-1,0,unknown,no
7504,51,housemaid,married,primary,no,1337,no,no,telephone,30,jul,74,6,-1,0,unknown,no
7505,37,entrepreneur,married,tertiary,no,4798,yes,no,unknown,20,may,156,2,-1,0,unknown,no
7506,33,admin.,married,secondary,no,1077,yes,no,cellular,18,may,432,3,374,3,other,no
7507,36,services,single,secondary,no,9713,yes,no,unknown,27,may,72,3,-1,0,unknown,no
7508,34,technician,married,tertiary,no,5547,yes,no,cellular,19,aug,73,6,-1,0,unknown,no
7509,45,blue-collar,married,primary,no,2433,no,no,cellular,6,aug,133,2,-1,0,unknown,no
7510,38,services,married,secondary,no,105,no,no,cellular,30,jul,244,2,-1,0,unknown,no
7511,40,technician,divorced,secondary,no,275,no,no,cellular,13,aug,409,4,-1,0,unknown,no
7512,54,management,married,primary,no,366,yes,no,unknown,15,may,589,1,-1,0,unknown,no
7513,34,services,married,secondary,no,-315,yes,no,unknown,8,may,56,2,-1,0,unknown,no
7514,51,management,single,tertiary,yes,-55,yes,no,cellular,11,may,281,2,266,6,failure,no
7515,46,technician,married,secondary,no,0,no,no,cellular,28,aug,63,2,-1,0,unknown,no
7516,52,services,married,secondary,no,2993,no,no,cellular,11,mar,96,6,-1,0,unknown,no
7517,38,services,single,primary,no,3715,yes,no,telephone,13,may,41,2,327,17,failure,no
7518,26,management,single,tertiary,no,-8,no,no,cellular,13,aug,402,2,-1,0,unknown,no
7519,39,admin.,married,secondary,no,1577,yes,no,unknown,4,jun,282,15,-1,0,unknown,no
7520,54,management,married,tertiary,no,588,no,no,cellular,13,aug,327,1,-1,0,unknown,no
7521,44,self-employed,married,primary,no,0,no,no,cellular,20,nov,843,3,-1,0,unknown,no
7522,52,management,divorced,secondary,no,944,no,yes,unknown,9,jun,119,1,-1,0,unknown,no
7523,43,unemployed,married,primary,no,9,yes,yes,cellular,6,may,472,1,-1,0,unknown,no
7524,45,technician,married,secondary,no,144,yes,yes,cellular,14,jul,154,4,-1,0,unknown,no
7525,38,services,single,tertiary,no,1222,yes,no,unknown,5,jun,237,2,-1,0,unknown,no
7526,59,technician,married,secondary,no,0,no,no,cellular,29,aug,62,2,-1,0,unknown,no
7527,40,blue-collar,married,secondary,no,668,yes,no,cellular,17,apr,156,2,318,1,other,no
7528,34,blue-collar,married,unknown,no,568,yes,no,cellular,25,jul,256,1,-1,0,unknown,no
7529,41,technician,married,secondary,no,0,no,no,cellular,29,aug,141,2,-1,0,unknown,no
7530,36,management,married,tertiary,no,-861,yes,yes,cellular,28,jul,53,2,-1,0,unknown,no
7531,40,admin.,single,secondary,no,877,yes,no,cellular,21,nov,12,3,177,6,failure,no
7532,39,student,single,tertiary,no,1107,yes,no,telephone,20,apr,407,4,-1,0,unknown,no
7533,34,management,single,tertiary,no,757,no,no,cellular,18,aug,37,4,-1,0,unknown,no
7534,31,management,single,tertiary,no,30,no,no,cellular,8,aug,161,2,-1,0,unknown,no
7535,32,technician,single,secondary,no,287,yes,no,unknown,21,may,59,8,-1,0,unknown,no
7536,53,blue-collar,married,secondary,no,3079,no,no,cellular,5,apr,759,1,-1,0,unknown,no
7537,28,management,single,tertiary,no,3238,yes,no,unknown,19,may,7,1,-1,0,unknown,no
7538,38,blue-collar,single,secondary,no,1012,yes,yes,telephone,17,nov,69,1,-1,0,unknown,no
7539,50,blue-collar,divorced,secondary,no,203,yes,no,telephone,19,nov,265,1,127,4,other,no
7540,36,housemaid,married,secondary,no,2880,no,no,unknown,12,jun,283,1,-1,0,unknown,no
7541,23,student,single,secondary,no,486,no,no,cellular,3,mar,87,1,-1,0,unknown,no
7542,51,management,married,unknown,no,1708,no,no,telephone,29,jan,92,3,-1,0,unknown,no
7543,51,management,married,tertiary,no,10635,yes,no,unknown,5,may,336,1,-1,0,unknown,no
7544,35,services,married,secondary,no,1728,yes,no,cellular,17,apr,865,1,-1,0,unknown,no
7545,32,self-employed,married,secondary,no,67,no,no,cellular,5,aug,153,1,-1,0,unknown,no
7546,60,housemaid,divorced,secondary,no,387,yes,no,unknown,4,jun,235,1,-1,0,unknown,no
7547,34,management,married,secondary,no,56,yes,no,cellular,20,nov,311,3,183,1,failure,no
7548,58,unemployed,married,secondary,no,18,no,no,cellular,31,jul,70,1,-1,0,unknown,no
7549,58,management,married,tertiary,no,0,no,no,unknown,20,jun,22,4,-1,0,unknown,no
7550,34,technician,single,secondary,no,174,no,no,telephone,11,may,259,4,-1,0,unknown,no
7551,38,management,divorced,tertiary,no,162,no,no,cellular,25,aug,323,4,-1,0,unknown,no
7552,34,services,married,secondary,no,-16,yes,yes,unknown,5,may,78,1,-1,0,unknown,no
7553,31,admin.,married,secondary,no,113,yes,no,cellular,18,nov,474,3,-1,0,unknown,no
7554,46,unemployed,married,secondary,no,2940,yes,no,unknown,29,may,195,2,-1,0,unknown,no
7555,36,admin.,married,secondary,no,1954,yes,yes,cellular,20,nov,158,2,174,3,failure,no
7556,35,admin.,single,secondary,no,182,yes,no,unknown,3,jun,117,1,-1,0,unknown,no
7557,42,services,single,secondary,no,247,yes,no,cellular,31,jul,114,2,-1,0,unknown,no
7558,28,technician,married,primary,no,-58,yes,no,unknown,8,may,74,1,-1,0,unknown,no
7559,39,technician,single,secondary,no,1685,yes,no,cellular,8,may,319,1,368,1,failure,no
7560,39,services,single,tertiary,no,410,no,no,unknown,19,jun,266,4,-1,0,unknown,no
7561,39,admin.,married,secondary,no,-367,yes,no,cellular,16,apr,667,2,-1,0,unknown,no
7562,43,technician,divorced,secondary,no,6835,no,no,unknown,20,jun,262,2,-1,0,unknown,no
7563,69,retired,married,primary,no,2398,no,no,cellular,12,apr,161,1,186,1,failure,no
7564,43,blue-collar,married,secondary,no,-312,yes,no,unknown,20,jun,26,11,-1,0,unknown,no
7565,36,blue-collar,married,primary,no,2079,yes,yes,unknown,19,may,403,2,-1,0,unknown,no
7566,38,technician,married,unknown,no,573,yes,no,unknown,6,may,87,1,-1,0,unknown,no
7567,38,management,single,secondary,no,399,yes,no,cellular,11,aug,367,4,-1,0,unknown,no
7568,37,management,married,tertiary,no,57,no,no,cellular,30,apr,96,2,84,1,success,no
7569,37,admin.,married,secondary,no,641,yes,no,unknown,5,jun,42,1,-1,0,unknown,no
7570,31,management,married,tertiary,no,1575,no,no,cellular,12,aug,178,4,-1,0,unknown,no
7571,31,services,single,secondary,no,-475,yes,no,telephone,12,may,232,3,-1,0,unknown,no
7572,32,management,married,tertiary,no,128,yes,no,cellular,28,jul,320,3,-1,0,unknown,no
7573,42,technician,divorced,secondary,no,305,yes,no,cellular,28,aug,82,4,-1,0,unknown,no
7574,46,self-employed,married,tertiary,no,-80,yes,no,unknown,12,may,112,2,-1,0,unknown,no
7575,35,technician,married,secondary,no,198,no,no,cellular,27,aug,282,13,-1,0,unknown,no
7576,31,management,married,tertiary,no,1170,no,no,cellular,20,aug,200,4,-1,0,unknown,no
7577,60,admin.,divorced,secondary,no,683,no,no,cellular,8,nov,507,1,-1,0,unknown,no
7578,55,retired,married,secondary,no,2312,no,no,unknown,12,jun,60,1,-1,0,unknown,no
7579,45,blue-collar,married,secondary,no,28,no,yes,cellular,4,feb,215,1,222,1,other,no
7580,33,admin.,single,secondary,no,-15,no,no,telephone,12,may,326,3,350,2,failure,no
7581,48,admin.,married,secondary,no,476,no,no,unknown,5,jun,489,3,-1,0,unknown,no
7582,36,blue-collar,divorced,primary,no,0,no,no,cellular,14,may,543,2,-1,0,unknown,no
7583,37,services,married,secondary,no,217,yes,no,cellular,11,may,152,1,-1,0,unknown,no
7584,37,technician,married,secondary,no,157,yes,no,unknown,7,may,238,2,-1,0,unknown,no
7585,54,technician,divorced,secondary,no,83,yes,no,unknown,6,may,190,3,-1,0,unknown,no
7586,40,technician,divorced,tertiary,no,1871,yes,no,cellular,17,nov,64,1,-1,0,unknown,no
7587,44,technician,married,secondary,no,11016,no,no,unknown,9,jun,252,3,-1,0,unknown,no
7588,46,technician,married,secondary,no,4023,yes,no,cellular,7,aug,131,2,-1,0,unknown,no
7589,37,management,married,tertiary,no,-57,yes,no,cellular,31,jul,37,20,-1,0,unknown,no
7590,57,retired,married,secondary,no,91,no,yes,unknown,3,jul,256,3,-1,0,unknown,no
7591,43,admin.,married,secondary,no,506,no,no,unknown,20,jun,398,1,-1,0,unknown,no
7592,33,technician,single,secondary,no,161,no,no,cellular,25,aug,66,9,-1,0,unknown,no
7593,38,management,single,tertiary,no,633,no,no,cellular,9,jul,171,3,-1,0,unknown,no
7594,31,management,single,tertiary,no,41,yes,no,cellular,18,aug,392,2,-1,0,unknown,no
7595,44,technician,married,unknown,yes,-375,yes,yes,telephone,6,may,149,4,-1,0,unknown,no
7596,28,blue-collar,single,secondary,no,-284,yes,no,unknown,12,may,162,1,-1,0,unknown,no
7597,31,management,single,tertiary,no,0,no,no,cellular,25,aug,11,16,-1,0,unknown,no
7598,42,blue-collar,married,unknown,no,0,no,no,unknown,26,may,270,2,-1,0,unknown,no
7599,41,blue-collar,married,secondary,no,2413,no,no,unknown,16,jun,64,3,-1,0,unknown,no
7600,20,student,single,primary,no,134,no,no,cellular,12,jul,273,1,277,3,other,no
7601,29,admin.,single,secondary,no,127,yes,yes,cellular,20,apr,314,1,-1,0,unknown,no
7602,33,blue-collar,married,secondary,no,-253,yes,no,cellular,12,may,89,3,-1,0,unknown,no
7603,36,management,married,tertiary,no,659,no,no,cellular,28,aug,90,13,-1,0,unknown,no
7604,42,housemaid,divorced,secondary,no,314,no,no,unknown,9,jun,249,2,-1,0,unknown,no
7605,57,technician,married,secondary,no,6362,yes,yes,cellular,18,nov,66,1,-1,0,unknown,no
7606,35,technician,single,tertiary,no,33,no,no,cellular,29,aug,300,2,-1,0,unknown,no
7607,33,services,divorced,unknown,no,392,yes,no,cellular,15,jul,753,4,-1,0,unknown,no
7608,37,blue-collar,married,secondary,no,454,yes,no,unknown,12,may,115,1,-1,0,unknown,no
7609,55,blue-collar,married,unknown,no,23,no,no,cellular,30,jan,143,1,2,3,other,no
7610,28,technician,single,secondary,no,2034,yes,no,unknown,21,may,196,1,-1,0,unknown,no
7611,38,technician,married,secondary,no,185,no,yes,cellular,29,aug,44,16,-1,0,unknown,no
7612,38,management,married,tertiary,no,0,yes,no,unknown,20,jun,211,2,-1,0,unknown,no
7613,60,admin.,married,unknown,no,738,no,no,unknown,19,may,529,3,-1,0,unknown,no
7614,55,management,married,secondary,no,0,yes,no,unknown,13,may,309,2,-1,0,unknown,no
7615,48,technician,married,secondary,no,862,no,no,cellular,30,jul,160,2,-1,0,unknown,no
7616,30,services,married,secondary,no,1256,yes,no,cellular,18,may,123,3,-1,0,unknown,no
7617,31,services,married,secondary,no,371,yes,yes,cellular,17,apr,654,1,-1,0,unknown,no
7618,25,student,single,unknown,no,2503,no,no,cellular,26,feb,100,2,-1,0,unknown,no
7619,37,management,married,tertiary,no,393,yes,no,cellular,12,aug,62,2,104,2,success,no
7620,26,blue-collar,married,secondary,no,557,yes,yes,unknown,27,may,282,2,-1,0,unknown,no
7621,45,blue-collar,married,secondary,no,61,yes,yes,unknown,23,may,208,1,-1,0,unknown,no
7622,76,retired,married,tertiary,no,2991,no,no,cellular,25,jan,195,1,95,2,success,no
7623,32,technician,married,secondary,no,557,yes,no,cellular,6,may,91,2,-1,0,unknown,no
7624,52,management,married,secondary,no,173,no,no,unknown,23,may,48,5,-1,0,unknown,no
7625,35,entrepreneur,divorced,secondary,no,80,no,no,cellular,20,aug,67,5,-1,0,unknown,no
7626,54,unemployed,single,secondary,no,3611,yes,no,cellular,5,feb,81,1,-1,0,unknown,no
7627,33,technician,married,tertiary,no,-482,yes,no,cellular,29,jul,90,3,-1,0,unknown,no
7628,44,management,married,unknown,no,2982,no,no,unknown,16,jun,55,2,-1,0,unknown,no
7629,34,admin.,single,tertiary,no,458,yes,no,unknown,20,may,211,1,-1,0,unknown,no
7630,38,technician,single,tertiary,no,11,no,no,unknown,18,jun,78,3,-1,0,unknown,no
7631,33,admin.,married,secondary,no,0,yes,no,cellular,17,nov,78,1,-1,0,unknown,no
7632,32,blue-collar,married,secondary,no,328,yes,no,unknown,20,may,132,1,-1,0,unknown,no
7633,36,blue-collar,single,secondary,no,111,yes,no,cellular,6,may,174,3,-1,0,unknown,no
7634,77,retired,married,primary,no,2223,no,no,telephone,10,aug,365,2,187,1,success,no
7635,26,services,single,secondary,no,37,no,yes,cellular,2,feb,219,5,-1,0,unknown,no
7636,33,blue-collar,single,primary,yes,-15,no,yes,cellular,7,jul,326,2,-1,0,unknown,no
7637,45,management,married,unknown,no,9051,yes,no,unknown,19,may,124,63,-1,0,unknown,no
7638,55,technician,divorced,secondary,yes,284,yes,no,cellular,7,aug,78,2,-1,0,unknown,no
7639,55,admin.,married,secondary,no,183,yes,no,unknown,6,may,150,1,-1,0,unknown,no
7640,35,management,married,tertiary,no,109,no,yes,cellular,21,aug,257,2,-1,0,unknown,no
7641,28,admin.,married,secondary,no,934,yes,no,unknown,4,jul,53,2,-1,0,unknown,no
7642,55,blue-collar,married,secondary,no,93,no,yes,cellular,28,jan,111,1,-1,0,unknown,no
7643,37,blue-collar,divorced,secondary,no,811,yes,yes,cellular,6,apr,185,3,-1,0,unknown,no
7644,35,management,married,tertiary,no,753,no,no,cellular,27,aug,111,9,-1,0,unknown,no
7645,33,technician,single,tertiary,no,538,yes,no,unknown,29,may,359,2,-1,0,unknown,no
7646,35,blue-collar,married,secondary,no,1098,yes,no,unknown,26,may,19,17,-1,0,unknown,no
7647,30,technician,single,tertiary,no,3086,yes,no,cellular,7,may,84,3,168,1,failure,no
7648,35,blue-collar,married,secondary,no,2054,yes,no,unknown,20,may,447,1,-1,0,unknown,no
7649,49,admin.,married,secondary,no,2501,yes,no,unknown,30,may,50,2,-1,0,unknown,no
7650,26,services,single,secondary,no,209,yes,no,cellular,22,jul,319,2,-1,0,unknown,no
7651,26,blue-collar,single,secondary,no,972,yes,no,unknown,20,may,177,10,-1,0,unknown,no
7652,31,unknown,married,secondary,no,3,no,no,cellular,20,jul,91,2,-1,0,unknown,no
7653,38,admin.,married,secondary,no,326,yes,no,cellular,17,apr,69,2,-1,0,unknown,no
7654,54,technician,married,secondary,no,3323,yes,yes,cellular,8,apr,59,3,-1,0,unknown,no
7655,50,blue-collar,married,primary,no,4121,yes,yes,cellular,20,nov,177,1,-1,0,unknown,no
7656,37,blue-collar,married,secondary,no,13849,yes,no,unknown,23,may,252,5,-1,0,unknown,no
7657,29,blue-collar,married,primary,no,630,yes,no,cellular,30,jul,219,5,-1,0,unknown,no
7658,35,blue-collar,married,primary,no,624,yes,no,unknown,7,may,163,1,-1,0,unknown,no
7659,36,technician,single,secondary,no,7503,yes,no,telephone,5,may,193,1,335,1,failure,no
7660,57,blue-collar,married,primary,no,0,no,no,unknown,9,jun,73,2,-1,0,unknown,no
7661,72,retired,married,secondary,no,2850,no,no,cellular,16,oct,131,2,241,1,success,no
7662,27,student,single,secondary,no,672,no,no,cellular,18,mar,236,2,-1,0,unknown,no
7663,48,blue-collar,married,primary,no,492,no,yes,cellular,21,aug,139,2,-1,0,unknown,no
7664,30,technician,single,secondary,no,778,yes,no,cellular,18,may,22,2,346,2,failure,no
7665,27,blue-collar,married,primary,no,106,yes,no,unknown,30,may,150,5,-1,0,unknown,no
7666,57,management,married,tertiary,no,4929,yes,no,telephone,31,jul,91,4,-1,0,unknown,no
7667,38,management,married,tertiary,no,0,no,no,cellular,24,sep,246,12,197,6,failure,no
7668,47,technician,married,tertiary,no,545,yes,no,cellular,12,aug,588,3,-1,0,unknown,no
7669,57,services,married,primary,no,1728,yes,no,telephone,16,jul,164,1,-1,0,unknown,no
7670,43,blue-collar,married,primary,no,1401,yes,no,unknown,12,may,195,2,-1,0,unknown,no
7671,43,unemployed,married,secondary,no,1943,yes,no,cellular,18,nov,202,2,-1,0,unknown,no
7672,32,management,single,tertiary,no,11,yes,yes,cellular,5,may,399,1,-1,0,unknown,no
7673,37,entrepreneur,married,secondary,no,-170,yes,no,unknown,28,may,39,1,-1,0,unknown,no
7674,49,blue-collar,married,primary,no,239,no,no,cellular,22,aug,90,3,-1,0,unknown,no
7675,32,admin.,single,tertiary,no,272,yes,no,cellular,7,oct,73,2,-1,0,unknown,no
7676,40,services,married,secondary,no,113,yes,no,unknown,4,jun,126,1,-1,0,unknown,no
7677,43,blue-collar,married,primary,no,-120,yes,no,unknown,3,jun,46,1,-1,0,unknown,no
7678,46,blue-collar,married,primary,no,-388,yes,yes,cellular,10,jul,207,1,-1,0,unknown,no
7679,49,blue-collar,married,unknown,no,51,yes,no,unknown,7,may,984,1,-1,0,unknown,no
7680,37,management,married,tertiary,no,1689,yes,no,unknown,29,may,645,2,-1,0,unknown,no
7681,40,housemaid,divorced,secondary,no,108,no,no,unknown,9,may,93,1,-1,0,unknown,no
7682,56,management,married,tertiary,no,25290,no,no,cellular,31,jul,81,12,-1,0,unknown,no
7683,30,blue-collar,divorced,primary,no,1,yes,no,unknown,6,jun,63,9,-1,0,unknown,no
7684,40,blue-collar,married,primary,no,-22,yes,no,unknown,19,may,84,3,-1,0,unknown,no
7685,29,admin.,married,tertiary,no,167,yes,yes,cellular,13,oct,357,2,237,2,failure,no
7686,37,blue-collar,married,primary,no,1796,yes,yes,cellular,17,apr,232,2,-1,0,unknown,no
7687,38,self-employed,single,secondary,no,677,yes,no,cellular,14,may,114,2,-1,0,unknown,no
7688,28,technician,single,secondary,no,593,yes,no,unknown,19,jun,202,1,-1,0,unknown,no
7689,40,services,single,secondary,no,316,no,no,unknown,11,jun,122,5,-1,0,unknown,no
7690,58,admin.,married,secondary,no,855,no,no,cellular,14,aug,81,2,-1,0,unknown,no
7691,41,management,married,secondary,no,3096,yes,no,cellular,24,jul,273,6,-1,0,unknown,no
7692,55,blue-collar,single,tertiary,no,325,yes,no,unknown,8,may,693,1,-1,0,unknown,no
7693,40,blue-collar,married,secondary,no,1023,yes,no,cellular,13,may,64,5,336,11,other,no
7694,40,unemployed,divorced,secondary,no,991,yes,no,unknown,12,jun,316,2,-1,0,unknown,no
7695,27,technician,married,secondary,no,876,yes,no,cellular,18,may,268,1,355,1,failure,no
7696,52,blue-collar,married,primary,no,1271,no,no,cellular,18,aug,131,3,-1,0,unknown,no
7697,31,technician,married,tertiary,no,165,no,no,cellular,15,may,218,4,-1,0,unknown,no
7698,30,self-employed,single,tertiary,no,578,yes,no,unknown,2,jun,142,4,-1,0,unknown,no
7699,59,technician,divorced,secondary,no,2595,yes,no,cellular,29,aug,398,2,-1,0,unknown,no
7700,47,management,divorced,tertiary,no,8226,yes,no,cellular,30,jul,137,2,-1,0,unknown,no
7701,57,management,married,secondary,no,657,yes,no,telephone,11,may,20,5,-1,0,unknown,no
7702,43,management,married,tertiary,no,0,yes,no,cellular,21,jul,474,1,-1,0,unknown,no
7703,38,management,married,tertiary,no,1875,no,no,cellular,17,nov,286,1,-1,0,unknown,no
7704,27,self-employed,married,secondary,yes,254,yes,yes,cellular,29,jan,194,1,188,1,failure,no
7705,46,admin.,married,secondary,no,1252,yes,yes,cellular,17,nov,59,1,-1,0,unknown,no
7706,42,blue-collar,married,secondary,no,790,yes,no,unknown,29,may,356,2,-1,0,unknown,no
7707,51,management,married,tertiary,no,656,yes,no,cellular,25,jul,268,2,-1,0,unknown,no
7708,42,admin.,married,secondary,no,329,no,no,cellular,19,aug,347,3,-1,0,unknown,no
7709,42,services,divorced,secondary,no,83,no,no,cellular,13,may,300,5,358,6,failure,no
7710,38,self-employed,married,secondary,no,138,no,no,unknown,9,may,182,3,-1,0,unknown,no
7711,43,blue-collar,married,primary,no,0,yes,no,unknown,20,may,592,1,-1,0,unknown,no
7712,34,blue-collar,single,secondary,no,39,no,no,cellular,18,jul,138,3,-1,0,unknown,no
7713,28,blue-collar,single,primary,no,426,yes,no,cellular,18,may,953,3,-1,0,unknown,no
7714,43,management,divorced,secondary,no,693,yes,no,unknown,5,may,124,3,-1,0,unknown,no
7715,55,blue-collar,married,secondary,no,2854,yes,no,cellular,7,may,312,1,-1,0,unknown,no
7716,32,management,divorced,tertiary,no,787,yes,no,cellular,11,aug,72,2,-1,0,unknown,no
7717,49,blue-collar,married,secondary,no,102,no,no,cellular,29,aug,210,2,-1,0,unknown,no
7718,48,unemployed,married,secondary,no,855,yes,no,unknown,9,may,241,2,-1,0,unknown,no
7719,30,management,single,tertiary,no,1675,no,no,cellular,4,sep,181,1,-1,0,unknown,no
7720,43,admin.,married,secondary,no,1996,no,yes,cellular,31,jul,34,3,-1,0,unknown,no
7721,42,technician,married,secondary,no,473,yes,no,cellular,7,jul,216,5,-1,0,unknown,no
7722,30,technician,single,tertiary,no,1,no,no,cellular,20,aug,88,2,-1,0,unknown,no
7723,31,management,married,secondary,no,1064,no,no,telephone,20,nov,60,1,-1,0,unknown,no
7724,33,self-employed,married,secondary,no,215,yes,no,cellular,29,jul,543,12,-1,0,unknown,no
7725,46,blue-collar,divorced,secondary,no,138,no,no,cellular,19,nov,277,1,-1,0,unknown,no
7726,38,technician,single,tertiary,no,221,no,no,cellular,20,aug,79,3,-1,0,unknown,no
7727,53,management,single,tertiary,no,720,yes,no,unknown,17,nov,99,1,-1,0,unknown,no
7728,45,management,divorced,secondary,no,51,yes,no,cellular,31,jul,67,8,-1,0,unknown,no
7729,56,blue-collar,married,primary,no,0,no,no,cellular,7,aug,152,6,-1,0,unknown,no
7730,33,entrepreneur,married,tertiary,no,606,yes,no,cellular,2,feb,194,1,-1,0,unknown,no
7731,28,technician,single,secondary,no,6551,no,no,cellular,26,may,362,1,77,1,failure,no
7732,39,blue-collar,divorced,primary,yes,-294,yes,no,unknown,5,jun,181,2,-1,0,unknown,no
7733,38,student,single,unknown,no,64,no,no,cellular,6,aug,789,1,-1,0,unknown,no
7734,32,management,married,tertiary,no,169,no,yes,cellular,20,aug,119,2,-1,0,unknown,no
7735,52,blue-collar,married,primary,no,230,yes,no,cellular,6,may,198,2,170,2,failure,no
7736,29,technician,single,tertiary,no,2485,no,no,telephone,24,jul,48,6,-1,0,unknown,no
7737,29,admin.,single,secondary,no,209,no,no,cellular,5,feb,605,2,-1,0,unknown,no
7738,33,management,married,tertiary,no,71,no,no,cellular,16,nov,136,1,287,1,failure,no
7739,46,self-employed,married,tertiary,no,137,yes,yes,unknown,5,may,246,1,-1,0,unknown,no
7740,36,management,married,tertiary,no,2547,no,no,cellular,31,jul,292,1,-1,0,unknown,no
7741,35,entrepreneur,single,tertiary,no,1800,yes,no,unknown,5,jun,53,1,-1,0,unknown,no
7742,39,admin.,single,secondary,no,6512,no,no,unknown,20,jun,16,6,-1,0,unknown,no
7743,56,technician,married,tertiary,no,1476,no,no,telephone,31,jul,40,3,-1,0,unknown,no
7744,42,technician,married,secondary,no,534,no,no,cellular,5,aug,314,1,-1,0,unknown,no
7745,44,admin.,married,secondary,no,1696,no,no,unknown,16,jun,139,3,-1,0,unknown,no
7746,50,admin.,married,secondary,no,219,yes,no,cellular,15,jul,419,7,-1,0,unknown,no
7747,46,blue-collar,married,primary,no,557,no,no,unknown,18,jun,89,1,-1,0,unknown,no
7748,50,management,single,unknown,no,1277,no,no,cellular,4,may,63,1,-1,0,unknown,no
7749,48,admin.,married,secondary,no,-30,yes,no,cellular,7,may,133,1,-1,0,unknown,no
7750,39,technician,single,secondary,no,175,no,yes,unknown,16,jun,757,2,-1,0,unknown,no
7751,26,admin.,married,secondary,no,1595,no,no,cellular,2,mar,54,1,-1,0,unknown,no
7752,32,technician,single,tertiary,no,723,no,no,cellular,28,aug,68,27,-1,0,unknown,no
7753,36,services,married,secondary,no,297,yes,yes,cellular,15,jul,157,5,-1,0,unknown,no
7754,56,management,divorced,tertiary,no,310,no,no,unknown,20,jun,75,4,-1,0,unknown,no
7755,30,blue-collar,single,secondary,no,1012,yes,no,cellular,17,apr,22,3,329,1,failure,no
7756,39,self-employed,divorced,secondary,yes,-103,no,yes,unknown,5,jun,210,3,-1,0,unknown,no
7757,33,management,married,tertiary,no,621,no,no,cellular,12,aug,913,5,-1,0,unknown,no
7758,43,blue-collar,single,primary,no,548,yes,no,unknown,7,may,98,1,-1,0,unknown,no
7759,32,services,single,secondary,no,182,yes,no,cellular,6,may,145,1,-1,0,unknown,no
7760,27,blue-collar,single,secondary,no,484,yes,no,cellular,15,apr,309,2,-1,0,unknown,no
7761,46,admin.,divorced,secondary,no,1342,yes,no,cellular,4,feb,135,1,-1,0,unknown,no
7762,42,technician,single,secondary,no,0,yes,no,unknown,6,may,293,1,-1,0,unknown,no
7763,43,self-employed,married,primary,no,66,yes,no,unknown,7,may,175,5,-1,0,unknown,no
7764,59,retired,divorced,secondary,no,21,yes,no,telephone,19,nov,121,2,-1,0,unknown,no
7765,44,services,divorced,secondary,no,608,yes,yes,unknown,18,jun,19,30,-1,0,unknown,no
7766,31,blue-collar,married,secondary,no,5345,yes,no,cellular,18,nov,260,1,-1,0,unknown,no
7767,26,unemployed,single,secondary,no,461,no,no,cellular,28,jan,214,1,-1,0,unknown,no
7768,51,services,married,unknown,no,5801,yes,no,unknown,29,may,147,2,-1,0,unknown,no
7769,24,admin.,married,secondary,no,0,yes,no,cellular,16,apr,284,1,-1,0,unknown,no
7770,26,blue-collar,single,secondary,no,78,no,no,telephone,28,jan,43,1,-1,0,unknown,no
7771,54,management,married,tertiary,no,-1415,yes,yes,cellular,17,nov,135,1,-1,0,unknown,no
7772,31,blue-collar,married,secondary,no,30,yes,no,unknown,11,jun,172,14,-1,0,unknown,no
7773,33,services,single,secondary,no,100,yes,no,cellular,14,may,11,8,297,7,other,no
7774,42,housemaid,married,primary,no,1371,no,no,unknown,18,jun,125,8,-1,0,unknown,no
7775,33,management,married,tertiary,no,62,yes,no,cellular,2,feb,102,1,264,1,failure,no
7776,40,admin.,single,tertiary,no,1005,yes,no,cellular,21,jul,449,1,-1,0,unknown,no
7777,46,admin.,married,secondary,no,517,yes,no,cellular,5,may,29,3,-1,0,unknown,no
7778,33,management,married,tertiary,no,0,no,no,cellular,29,aug,60,2,-1,0,unknown,no
7779,56,management,divorced,tertiary,no,382,no,no,cellular,19,nov,117,2,-1,0,unknown,no
7780,38,blue-collar,married,secondary,no,468,yes,no,unknown,8,may,101,2,-1,0,unknown,no
7781,35,management,married,tertiary,no,178,no,no,cellular,14,aug,76,2,-1,0,unknown,no
7782,32,technician,divorced,secondary,no,211,yes,yes,unknown,29,may,230,4,-1,0,unknown,no
7783,51,management,married,primary,yes,57,yes,yes,unknown,8,may,61,1,-1,0,unknown,no
7784,33,entrepreneur,married,tertiary,no,114,no,yes,cellular,28,jul,57,3,-1,0,unknown,no
7785,31,technician,single,secondary,no,1222,yes,no,cellular,20,apr,186,3,-1,0,unknown,no
7786,31,blue-collar,married,secondary,no,1660,yes,no,cellular,20,apr,342,1,-1,0,unknown,no
7787,49,blue-collar,divorced,primary,no,-9,yes,yes,unknown,5,may,389,1,-1,0,unknown,no
7788,43,technician,divorced,secondary,no,0,yes,no,cellular,5,may,150,2,342,2,failure,no
7789,40,management,married,tertiary,no,30,yes,no,cellular,28,jul,609,6,-1,0,unknown,no
7790,27,blue-collar,married,secondary,no,0,yes,no,cellular,17,jul,444,6,-1,0,unknown,no
7791,33,management,single,tertiary,no,369,no,no,cellular,25,aug,143,10,-1,0,unknown,no
7792,47,technician,married,secondary,no,1571,yes,no,cellular,11,may,261,1,369,2,failure,no
7793,59,housemaid,married,primary,no,-187,yes,no,telephone,21,jul,118,7,-1,0,unknown,no
7794,52,technician,married,secondary,no,0,yes,no,cellular,1,jun,144,1,83,1,failure,no
7795,35,admin.,married,secondary,no,-257,no,no,cellular,28,jan,117,3,-1,0,unknown,no
7796,32,services,single,secondary,no,2459,yes,yes,unknown,23,may,162,1,-1,0,unknown,no
7797,49,blue-collar,married,secondary,no,1219,yes,no,cellular,26,aug,168,5,-1,0,unknown,no
7798,54,entrepreneur,divorced,tertiary,no,5784,no,no,cellular,21,nov,75,5,-1,0,unknown,no
7799,30,management,single,tertiary,no,162,yes,no,unknown,20,may,186,4,-1,0,unknown,no
7800,33,management,single,tertiary,no,1909,no,no,cellular,8,aug,191,2,-1,0,unknown,no
7801,50,admin.,married,secondary,no,-195,no,no,cellular,22,aug,119,4,-1,0,unknown,no
7802,40,services,divorced,primary,no,4,yes,no,cellular,7,may,171,2,-1,0,unknown,no
7803,38,entrepreneur,married,primary,no,350,yes,no,cellular,8,may,75,1,-1,0,unknown,no
7804,34,housemaid,married,primary,no,87,yes,no,unknown,15,may,139,2,-1,0,unknown,no
7805,33,blue-collar,single,primary,no,777,no,no,cellular,7,jul,263,1,-1,0,unknown,no
7806,41,blue-collar,married,primary,no,3140,yes,no,unknown,13,may,87,9,-1,0,unknown,no
7807,30,services,single,secondary,no,1510,yes,no,cellular,18,nov,191,1,-1,0,unknown,no
7808,45,blue-collar,divorced,secondary,no,756,yes,no,unknown,6,may,179,2,-1,0,unknown,no
7809,28,management,single,tertiary,no,1086,yes,no,unknown,29,may,128,2,-1,0,unknown,no
7810,35,management,married,secondary,no,339,yes,no,unknown,23,may,317,1,-1,0,unknown,no
7811,31,services,single,secondary,no,205,yes,no,cellular,15,apr,465,1,-1,0,unknown,no
7812,41,blue-collar,married,secondary,no,2717,yes,yes,cellular,24,jul,559,2,-1,0,unknown,no
7813,32,blue-collar,single,secondary,no,138,yes,no,cellular,15,may,215,2,-1,0,unknown,no
7814,34,self-employed,single,tertiary,no,1943,yes,no,cellular,16,apr,478,2,-1,0,unknown,no
7815,26,technician,married,secondary,no,744,no,no,cellular,15,apr,609,1,-1,0,unknown,no
7816,29,blue-collar,married,primary,no,79,yes,no,unknown,27,may,22,2,-1,0,unknown,no
7817,49,technician,married,secondary,no,2400,no,no,cellular,21,oct,262,3,-1,0,unknown,no
7818,30,admin.,divorced,secondary,no,419,no,no,cellular,3,sep,72,2,-1,0,unknown,no
7819,44,self-employed,married,primary,no,414,yes,no,cellular,4,feb,138,1,272,2,other,no
7820,42,technician,married,secondary,no,27,no,no,cellular,14,aug,259,4,-1,0,unknown,no
7821,35,technician,divorced,secondary,no,2823,yes,no,cellular,2,feb,229,1,-1,0,unknown,no
7822,39,management,divorced,tertiary,no,4692,yes,no,telephone,19,nov,214,2,174,2,success,no
7823,34,self-employed,single,secondary,no,1261,yes,no,cellular,9,apr,169,2,-1,0,unknown,no
7824,58,technician,married,secondary,no,0,yes,no,cellular,15,jul,53,1,-1,0,unknown,no
7825,35,admin.,divorced,secondary,no,0,no,no,cellular,30,jul,186,6,-1,0,unknown,no
7826,32,technician,single,secondary,no,483,yes,yes,cellular,18,may,35,6,-1,0,unknown,no
7827,31,technician,married,secondary,no,7369,no,no,cellular,19,aug,204,4,-1,0,unknown,no
7828,41,services,married,secondary,no,804,yes,no,unknown,20,may,127,8,-1,0,unknown,no
7829,39,management,single,secondary,no,2644,no,no,cellular,19,aug,192,7,-1,0,unknown,no
7830,39,blue-collar,single,secondary,no,175,no,no,cellular,12,may,17,1,365,2,other,no
7831,38,blue-collar,married,secondary,no,0,no,no,unknown,20,jun,152,5,-1,0,unknown,no
7832,46,admin.,single,secondary,no,272,no,no,cellular,31,jul,149,4,-1,0,unknown,no
7833,54,unemployed,single,tertiary,no,252,yes,no,cellular,21,jul,101,1,-1,0,unknown,no
7834,34,technician,married,unknown,no,4053,yes,no,unknown,23,may,123,2,-1,0,unknown,no
7835,40,blue-collar,married,secondary,no,2158,no,no,cellular,10,jul,277,1,-1,0,unknown,no
7836,40,blue-collar,married,secondary,no,299,yes,no,cellular,15,jul,180,4,-1,0,unknown,no
7837,30,technician,single,primary,no,2731,yes,no,cellular,14,apr,314,1,-1,0,unknown,no
7838,37,services,single,secondary,no,50,no,no,cellular,19,nov,244,1,154,8,other,no
7839,34,admin.,married,secondary,no,36,no,no,cellular,22,aug,192,6,-1,0,unknown,no
7840,66,admin.,divorced,secondary,no,220,no,no,cellular,28,aug,283,1,-1,0,unknown,no
7841,30,services,single,primary,no,5746,yes,no,telephone,20,nov,125,2,-1,0,unknown,no
7842,59,housemaid,divorced,tertiary,no,0,no,no,cellular,20,apr,379,1,332,2,other,no
7843,56,management,married,secondary,no,238,yes,no,cellular,19,nov,808,1,-1,0,unknown,no
7844,25,blue-collar,single,secondary,no,76,no,yes,cellular,28,jul,50,4,-1,0,unknown,no
7845,36,blue-collar,married,primary,no,679,yes,yes,cellular,13,may,115,1,-1,0,unknown,no
7846,33,blue-collar,single,primary,no,1390,yes,no,unknown,21,may,192,1,-1,0,unknown,no
7847,30,technician,married,secondary,no,418,yes,no,unknown,3,jun,112,1,-1,0,unknown,no
7848,29,blue-collar,single,secondary,no,2891,yes,no,cellular,7,may,293,1,-1,0,unknown,no
7849,52,services,married,secondary,no,497,yes,no,telephone,15,jul,265,5,-1,0,unknown,no
7850,54,blue-collar,married,primary,no,2933,yes,no,unknown,15,may,144,2,-1,0,unknown,no
7851,28,blue-collar,married,secondary,no,948,yes,no,unknown,9,may,455,1,-1,0,unknown,no
7852,58,self-employed,married,secondary,no,0,yes,no,unknown,15,may,272,9,-1,0,unknown,no
7853,23,blue-collar,single,secondary,no,0,yes,no,cellular,8,may,6,5,350,2,failure,no
7854,49,entrepreneur,married,secondary,no,687,no,no,cellular,18,aug,65,6,-1,0,unknown,no
7855,47,management,single,tertiary,no,-230,no,no,cellular,4,feb,293,1,-1,0,unknown,no
7856,73,retired,married,tertiary,no,2575,no,no,cellular,17,aug,152,1,-1,0,unknown,no
7857,44,technician,married,secondary,no,7649,no,no,cellular,20,aug,188,6,-1,0,unknown,no
7858,29,blue-collar,married,primary,no,59,yes,yes,cellular,29,jul,665,4,-1,0,unknown,no
7859,48,technician,married,secondary,no,23495,no,no,cellular,22,aug,63,8,-1,0,unknown,no
7860,35,technician,single,secondary,no,365,yes,no,unknown,8,may,256,2,-1,0,unknown,no
7861,41,blue-collar,married,secondary,no,97,no,yes,cellular,8,jul,212,2,-1,0,unknown,no
7862,40,entrepreneur,single,secondary,no,5,no,yes,cellular,15,jul,117,3,-1,0,unknown,no
7863,57,blue-collar,single,primary,no,739,yes,no,cellular,14,may,172,2,364,1,failure,no
7864,43,housemaid,married,secondary,no,-177,yes,no,unknown,21,may,172,2,-1,0,unknown,no
7865,31,blue-collar,married,primary,no,-454,yes,yes,unknown,28,may,861,2,-1,0,unknown,no
7866,51,management,divorced,tertiary,no,1267,yes,no,unknown,30,may,254,2,-1,0,unknown,no
7867,52,unemployed,married,secondary,no,1639,no,no,cellular,8,aug,93,1,-1,0,unknown,no
7868,31,services,single,secondary,no,900,yes,no,cellular,9,apr,221,2,140,6,failure,no
7869,26,services,single,secondary,no,-481,yes,yes,cellular,6,may,595,5,-1,0,unknown,no
7870,36,services,single,secondary,no,528,no,no,cellular,3,feb,225,2,-1,0,unknown,no
7871,43,technician,single,secondary,no,34,no,no,telephone,30,jul,29,1,-1,0,unknown,no
7872,32,admin.,single,secondary,no,223,yes,yes,unknown,27,may,236,4,-1,0,unknown,no
7873,26,technician,single,secondary,no,218,yes,no,unknown,27,may,436,1,-1,0,unknown,no
7874,25,services,single,tertiary,no,130,yes,no,cellular,16,jul,49,1,-1,0,unknown,no
7875,34,blue-collar,single,secondary,no,1156,yes,no,unknown,23,may,234,2,-1,0,unknown,no
7876,30,management,married,tertiary,no,314,no,no,cellular,19,nov,364,2,175,2,success,no
7877,35,admin.,single,tertiary,no,1374,yes,no,cellular,15,may,319,1,-1,0,unknown,no
7878,42,admin.,single,unknown,no,22,no,no,unknown,19,jun,246,3,-1,0,unknown,no
7879,53,entrepreneur,married,tertiary,no,1129,no,yes,cellular,28,jul,241,8,-1,0,unknown,no
7880,52,services,divorced,primary,no,130,yes,no,unknown,29,may,103,2,-1,0,unknown,no
7881,35,management,single,secondary,yes,-202,yes,no,unknown,20,may,268,3,-1,0,unknown,no
7882,29,management,single,secondary,no,293,yes,no,unknown,28,may,188,2,-1,0,unknown,no
7883,43,management,married,unknown,no,275,no,no,cellular,9,apr,109,2,339,2,failure,no
7884,81,retired,divorced,unknown,no,9224,no,no,telephone,9,nov,235,2,-1,0,unknown,no
7885,35,technician,divorced,secondary,no,515,yes,yes,cellular,29,aug,114,3,-1,0,unknown,no
7886,36,services,single,secondary,no,760,no,no,unknown,20,jun,9,13,-1,0,unknown,no
7887,76,retired,married,secondary,no,2302,no,no,telephone,5,feb,110,1,87,2,failure,no
7888,44,services,divorced,secondary,no,-389,yes,yes,unknown,5,jun,52,1,-1,0,unknown,no
7889,38,services,married,secondary,no,133,yes,no,unknown,27,may,267,1,-1,0,unknown,no
7890,37,technician,married,secondary,no,1580,no,no,cellular,22,aug,92,12,-1,0,unknown,no
7891,41,blue-collar,married,secondary,no,1020,yes,no,unknown,29,may,276,1,-1,0,unknown,no
7892,49,blue-collar,married,secondary,no,298,yes,no,cellular,3,feb,392,3,-1,0,unknown,no
7893,53,management,married,primary,no,13901,yes,no,cellular,21,nov,59,1,-1,0,unknown,no
7894,34,technician,married,secondary,no,563,yes,yes,cellular,29,aug,32,15,-1,0,unknown,no
7895,30,management,married,tertiary,no,-27,yes,no,unknown,27,may,29,2,-1,0,unknown,no
7896,43,unknown,married,primary,no,2113,no,no,cellular,29,jul,33,2,-1,0,unknown,no
7897,36,admin.,single,tertiary,no,980,no,no,cellular,30,jul,156,3,179,4,failure,no
7898,60,housemaid,married,primary,no,352,no,yes,unknown,17,jun,81,2,-1,0,unknown,no
7899,45,management,married,tertiary,no,96,yes,no,cellular,16,jul,202,1,-1,0,unknown,no
7900,49,management,married,tertiary,no,3842,no,no,cellular,5,apr,163,1,186,3,failure,no
7901,39,services,married,secondary,no,3870,yes,no,cellular,20,apr,72,1,-1,0,unknown,no
7902,57,technician,married,secondary,no,589,yes,no,cellular,28,jan,198,1,244,1,other,no
7903,49,admin.,single,secondary,no,7426,no,no,telephone,20,nov,65,2,-1,0,unknown,no
7904,39,admin.,divorced,secondary,no,1,no,yes,cellular,7,jul,281,1,-1,0,unknown,no
7905,37,technician,single,tertiary,no,6101,no,no,cellular,4,may,60,5,87,1,success,no
7906,45,admin.,married,secondary,no,231,yes,no,unknown,18,jun,151,3,-1,0,unknown,no
7907,36,management,single,tertiary,no,876,yes,no,unknown,23,may,241,2,-1,0,unknown,no
7908,58,technician,married,secondary,no,86,no,no,cellular,30,jul,95,3,-1,0,unknown,no
7909,48,blue-collar,married,primary,no,363,yes,no,unknown,18,jun,257,6,-1,0,unknown,no
7910,52,entrepreneur,married,primary,no,8298,yes,yes,unknown,28,may,123,18,-1,0,unknown,no
7911,32,services,single,secondary,no,0,no,yes,cellular,11,jul,333,2,-1,0,unknown,no
7912,51,management,divorced,tertiary,no,93,yes,yes,cellular,6,may,221,1,-1,0,unknown,no
7913,31,management,married,tertiary,no,596,no,no,cellular,12,aug,192,4,-1,0,unknown,no
7914,30,management,single,tertiary,no,168,no,no,cellular,27,aug,35,13,-1,0,unknown,no
7915,34,management,single,tertiary,no,29,yes,no,cellular,13,may,248,2,-1,0,unknown,no
7916,53,self-employed,married,primary,no,6,yes,no,unknown,27,may,233,2,-1,0,unknown,no
7917,32,entrepreneur,divorced,secondary,no,-934,yes,no,cellular,18,nov,50,1,-1,0,unknown,no
7918,52,blue-collar,married,tertiary,no,297,yes,no,unknown,7,may,55,1,-1,0,unknown,no
7919,50,blue-collar,married,primary,no,533,no,no,cellular,21,aug,212,4,-1,0,unknown,no
7920,30,technician,single,secondary,no,175,no,no,cellular,25,aug,167,4,-1,0,unknown,no
7921,34,management,single,tertiary,no,-292,yes,no,cellular,19,aug,181,6,-1,0,unknown,no
7922,51,technician,married,secondary,no,2,yes,yes,cellular,4,feb,71,1,205,3,failure,no
7923,34,management,married,tertiary,no,39,no,no,cellular,13,aug,160,1,-1,0,unknown,no
7924,26,blue-collar,single,secondary,no,396,yes,no,unknown,28,may,302,1,-1,0,unknown,no
7925,51,admin.,divorced,secondary,no,-338,yes,no,cellular,29,jul,97,2,-1,0,unknown,no
7926,31,services,married,secondary,no,2050,yes,no,cellular,18,nov,271,5,-1,0,unknown,no
7927,29,technician,single,secondary,no,510,yes,no,unknown,16,jun,179,15,-1,0,unknown,no
7928,29,technician,divorced,secondary,no,477,yes,yes,cellular,11,may,58,1,305,1,failure,no
7929,46,technician,married,tertiary,no,4176,yes,no,unknown,12,jun,153,6,-1,0,unknown,no
7930,35,blue-collar,married,primary,no,0,no,no,cellular,31,jul,57,4,-1,0,unknown,no
7931,44,management,married,tertiary,no,0,yes,no,cellular,31,jul,49,5,-1,0,unknown,no
7932,34,management,married,tertiary,no,297,yes,no,cellular,26,aug,63,4,-1,0,unknown,no
7933,27,services,single,secondary,no,167,no,yes,cellular,8,jul,606,2,-1,0,unknown,no
7934,28,unemployed,single,secondary,yes,-353,yes,no,unknown,12,may,89,3,-1,0,unknown,no
7935,59,admin.,divorced,secondary,no,1525,no,no,telephone,29,jul,90,2,-1,0,unknown,no
7936,38,technician,single,secondary,no,211,yes,no,cellular,29,jan,236,2,-1,0,unknown,no
7937,34,management,single,tertiary,no,416,no,no,cellular,14,aug,1217,4,-1,0,unknown,no
7938,44,services,married,secondary,no,0,yes,yes,cellular,11,may,161,1,-1,0,unknown,no
7939,35,technician,single,secondary,no,1001,no,yes,cellular,24,jul,178,2,-1,0,unknown,no
7940,45,self-employed,divorced,tertiary,yes,75,yes,yes,cellular,4,feb,236,1,-1,0,unknown,no
7941,34,self-employed,married,tertiary,no,7602,no,no,cellular,20,nov,222,1,-1,0,unknown,no
7942,57,retired,married,secondary,no,0,yes,no,cellular,5,may,127,1,363,4,failure,no
7943,76,retired,married,primary,no,163,no,no,telephone,13,oct,120,1,-1,0,unknown,no
7944,30,blue-collar,married,secondary,no,673,yes,no,unknown,20,may,610,2,-1,0,unknown,no
7945,48,technician,divorced,secondary,no,-154,no,no,unknown,3,jun,342,3,-1,0,unknown,no
7946,43,technician,married,secondary,no,3723,yes,no,cellular,11,aug,134,4,-1,0,unknown,no
7947,34,technician,single,secondary,no,559,no,no,cellular,22,aug,259,2,-1,0,unknown,no
7948,30,management,single,tertiary,no,13774,no,no,cellular,14,sep,380,1,-1,0,unknown,no
7949,33,management,married,tertiary,no,403,yes,no,unknown,26,may,114,2,-1,0,unknown,no
7950,38,technician,married,secondary,no,1696,no,no,cellular,20,nov,267,2,-1,0,unknown,no
7951,52,admin.,married,secondary,no,722,no,no,cellular,26,oct,99,2,185,3,failure,no
7952,34,admin.,single,secondary,no,296,no,no,cellular,20,nov,68,1,136,4,failure,no
7953,40,management,single,tertiary,no,257,no,no,cellular,1,feb,147,1,209,1,failure,no
7954,36,services,divorced,primary,no,418,yes,no,cellular,8,may,156,2,-1,0,unknown,no
7955,56,retired,married,secondary,no,488,no,no,telephone,6,feb,146,4,-1,0,unknown,no
7956,29,admin.,single,secondary,no,900,yes,no,unknown,14,may,339,1,-1,0,unknown,no
7957,34,entrepreneur,single,tertiary,no,2945,yes,no,cellular,17,apr,266,1,-1,0,unknown,no
7958,31,services,married,secondary,no,-327,yes,no,unknown,28,may,408,1,-1,0,unknown,no
7959,36,unemployed,single,secondary,no,115,no,no,cellular,9,feb,71,2,-1,0,unknown,no
7960,30,management,single,tertiary,no,218,no,no,unknown,3,jun,75,1,-1,0,unknown,no
7961,36,admin.,married,secondary,no,286,yes,no,cellular,22,jul,167,9,-1,0,unknown,no
7962,25,student,single,secondary,no,293,yes,no,telephone,5,may,170,2,-1,0,unknown,no
7963,32,services,married,secondary,no,201,yes,no,unknown,18,jun,110,2,-1,0,unknown,no
7964,31,management,single,tertiary,no,4331,yes,no,cellular,22,jul,318,1,-1,0,unknown,no
7965,49,blue-collar,married,secondary,no,388,no,no,telephone,17,jul,265,2,-1,0,unknown,no
7966,37,services,married,secondary,no,483,yes,no,cellular,30,jan,188,1,-1,0,unknown,no
7967,26,student,single,secondary,no,502,yes,no,telephone,7,may,82,1,-1,0,unknown,no
7968,41,blue-collar,married,secondary,no,306,yes,no,telephone,11,may,86,1,369,2,failure,no
7969,47,blue-collar,married,secondary,no,-337,yes,yes,cellular,12,may,366,1,-1,0,unknown,no
7970,57,technician,married,secondary,no,950,yes,no,cellular,9,jul,1272,1,-1,0,unknown,no
7971,50,entrepreneur,married,tertiary,no,2410,no,no,cellular,21,nov,65,1,-1,0,unknown,no
7972,36,management,married,tertiary,no,-633,yes,no,cellular,17,jul,106,1,-1,0,unknown,no
7973,42,admin.,divorced,secondary,no,0,yes,no,unknown,7,may,229,2,-1,0,unknown,no
7974,30,management,married,tertiary,no,265,yes,no,unknown,26,may,45,4,-1,0,unknown,no
7975,43,unemployed,single,primary,no,698,yes,no,unknown,14,may,322,1,-1,0,unknown,no
7976,49,services,single,secondary,no,459,yes,no,unknown,19,may,58,10,-1,0,unknown,no
7977,35,technician,divorced,tertiary,no,0,yes,no,unknown,15,may,759,1,-1,0,unknown,no
7978,32,technician,single,secondary,no,1307,yes,no,unknown,28,may,267,2,-1,0,unknown,no
7979,36,admin.,single,secondary,no,8785,yes,no,cellular,20,nov,425,2,-1,0,unknown,no
7980,42,housemaid,married,unknown,no,302,yes,no,cellular,11,jul,342,2,-1,0,unknown,no
7981,34,technician,married,secondary,no,484,no,no,unknown,9,may,84,4,-1,0,unknown,no
7982,33,services,married,secondary,no,7,yes,no,unknown,20,may,217,1,-1,0,unknown,no
7983,55,services,single,secondary,no,1539,no,no,unknown,20,jun,65,2,-1,0,unknown,no
7984,46,admin.,married,secondary,no,3098,yes,no,telephone,21,nov,192,9,-1,0,unknown,no
7985,34,admin.,single,secondary,no,745,yes,yes,cellular,25,aug,76,1,-1,0,unknown,no
7986,50,management,married,tertiary,no,2050,no,no,cellular,6,aug,158,3,-1,0,unknown,no
7987,30,management,single,tertiary,no,2766,yes,yes,cellular,20,nov,244,1,-1,0,unknown,no
7988,53,blue-collar,married,primary,no,4641,no,no,unknown,16,jun,356,2,-1,0,unknown,no
7989,48,management,married,tertiary,no,1167,yes,yes,cellular,26,jan,122,4,50,4,other,no
7990,55,services,divorced,secondary,no,322,yes,no,cellular,28,jan,342,1,-1,0,unknown,no
7991,35,management,married,tertiary,no,750,yes,no,cellular,18,aug,233,12,-1,0,unknown,no
7992,48,self-employed,married,secondary,no,1559,no,no,cellular,4,feb,130,2,-1,0,unknown,no
7993,45,services,married,secondary,no,0,no,no,unknown,4,jun,153,6,-1,0,unknown,no
7994,31,blue-collar,married,primary,no,0,yes,yes,unknown,12,may,59,4,-1,0,unknown,no
7995,55,admin.,married,tertiary,no,46,no,no,cellular,29,aug,59,4,-1,0,unknown,no
7996,41,technician,married,tertiary,no,0,no,no,unknown,20,jun,95,1,-1,0,unknown,no
7997,33,self-employed,married,primary,no,1862,yes,no,unknown,12,may,65,1,-1,0,unknown,no
7998,40,blue-collar,married,primary,no,7831,yes,no,unknown,14,may,78,1,-1,0,unknown,no
7999,51,blue-collar,married,primary,no,21614,no,no,cellular,29,aug,47,20,-1,0,unknown,no
8000,31,blue-collar,single,secondary,no,2137,no,no,unknown,29,may,413,1,-1,0,unknown,no
8001,26,unknown,single,secondary,no,3247,no,no,telephone,6,feb,341,3,-1,0,unknown,no
8002,39,admin.,single,secondary,no,14,yes,yes,unknown,13,may,19,9,-1,0,unknown,no
8003,30,technician,married,secondary,no,0,yes,no,cellular,14,may,47,3,-1,0,unknown,no
8004,28,management,single,tertiary,no,637,yes,no,cellular,4,feb,324,1,-1,0,unknown,no
8005,48,technician,married,secondary,no,10655,no,no,telephone,31,jul,5,3,-1,0,unknown,no
8006,56,management,married,tertiary,no,94,no,no,cellular,23,jul,530,3,-1,0,unknown,no
8007,45,management,single,tertiary,no,997,no,yes,cellular,19,nov,152,1,-1,0,unknown,no
8008,38,self-employed,married,tertiary,no,2084,yes,no,cellular,16,apr,71,2,330,2,failure,no
8009,28,entrepreneur,single,secondary,no,1734,yes,no,unknown,3,jun,161,3,-1,0,unknown,no
8010,51,entrepreneur,married,primary,no,805,yes,no,cellular,8,aug,132,4,-1,0,unknown,no
8011,32,technician,single,unknown,no,317,yes,no,unknown,21,may,394,2,-1,0,unknown,no
8012,31,blue-collar,married,secondary,no,369,yes,yes,unknown,14,may,89,2,-1,0,unknown,no
8013,34,technician,married,tertiary,no,100,no,no,cellular,20,aug,196,2,-1,0,unknown,no
8014,46,blue-collar,married,primary,no,-44,no,yes,telephone,22,aug,16,13,-1,0,unknown,no
8015,36,technician,divorced,secondary,no,3296,yes,no,cellular,17,nov,130,1,-1,0,unknown,no
8016,39,blue-collar,married,primary,no,-50,yes,no,cellular,15,may,100,1,-1,0,unknown,no
8017,42,technician,single,tertiary,no,-411,yes,no,cellular,24,jul,212,3,-1,0,unknown,no
8018,32,student,single,tertiary,no,922,no,no,cellular,18,oct,338,2,-1,0,unknown,no
8019,35,management,married,unknown,no,1128,yes,no,unknown,4,jun,457,1,-1,0,unknown,no
8020,50,blue-collar,married,tertiary,no,5423,yes,no,cellular,21,nov,75,3,-1,0,unknown,no
8021,55,housemaid,married,primary,no,1537,no,no,unknown,19,jun,359,1,-1,0,unknown,no
8022,51,entrepreneur,married,secondary,no,0,no,no,unknown,30,may,510,3,-1,0,unknown,no
8023,43,services,married,tertiary,no,519,yes,no,cellular,18,may,715,6,-1,0,unknown,no
8024,46,admin.,married,secondary,no,186,yes,no,cellular,11,may,643,2,-1,0,unknown,no
8025,31,management,married,tertiary,no,83,no,no,cellular,29,jan,300,1,-1,0,unknown,no
8026,38,management,married,primary,no,1365,yes,no,unknown,5,jun,224,1,-1,0,unknown,no
8027,40,retired,single,secondary,no,1734,yes,no,unknown,3,jun,123,4,-1,0,unknown,no
8028,53,management,married,secondary,no,51,yes,no,cellular,17,apr,109,1,-1,0,unknown,no
8029,41,unknown,single,tertiary,no,1567,no,no,cellular,1,jul,291,2,-1,0,unknown,no
8030,46,blue-collar,single,primary,no,96,yes,no,cellular,19,nov,217,1,-1,0,unknown,no
8031,48,blue-collar,single,secondary,no,8982,yes,no,unknown,14,may,628,1,-1,0,unknown,no
8032,31,blue-collar,divorced,secondary,no,-209,yes,no,cellular,8,may,154,3,367,2,failure,no
8033,29,management,married,tertiary,no,-6,yes,no,unknown,9,may,324,1,-1,0,unknown,no
8034,37,management,married,tertiary,no,355,no,no,cellular,4,aug,340,1,-1,0,unknown,no
8035,37,self-employed,married,primary,no,0,no,no,unknown,7,may,112,4,-1,0,unknown,no
8036,56,self-employed,married,unknown,no,0,no,no,cellular,19,aug,130,1,-1,0,unknown,no
8037,60,blue-collar,divorced,secondary,no,1310,no,no,unknown,7,may,152,2,-1,0,unknown,no
8038,46,services,married,tertiary,no,2520,yes,no,cellular,19,nov,144,1,-1,0,unknown,no
8039,31,services,single,secondary,no,1629,yes,no,unknown,19,may,344,2,-1,0,unknown,no
8040,51,technician,married,unknown,no,573,yes,yes,unknown,14,may,231,1,-1,0,unknown,no
8041,38,technician,single,secondary,no,1655,no,no,cellular,29,jul,392,2,-1,0,unknown,no
8042,39,services,single,secondary,no,26,yes,no,cellular,14,may,166,3,-1,0,unknown,no
8043,30,management,single,secondary,no,186,yes,no,cellular,20,nov,235,3,-1,0,unknown,no
8044,35,technician,married,secondary,no,13658,yes,no,telephone,9,dec,220,2,-1,0,unknown,no
8045,31,technician,single,tertiary,no,23,no,no,cellular,25,aug,121,3,-1,0,unknown,no
8046,27,blue-collar,single,secondary,no,87,no,no,telephone,10,jul,245,1,-1,0,unknown,no
8047,42,technician,single,secondary,no,49,no,no,cellular,9,feb,7,10,-1,0,unknown,no
8048,67,retired,married,tertiary,no,3810,no,no,cellular,21,oct,1206,1,-1,0,unknown,no
8049,32,admin.,married,secondary,no,56,yes,no,cellular,2,feb,275,1,258,1,other,no
8050,49,entrepreneur,married,tertiary,no,384,no,no,unknown,11,jun,64,1,-1,0,unknown,no
8051,56,blue-collar,divorced,primary,no,8,yes,no,unknown,5,may,157,2,-1,0,unknown,no
8052,34,technician,single,tertiary,no,2671,no,no,cellular,19,aug,119,9,-1,0,unknown,no
8053,50,admin.,divorced,secondary,no,3240,no,no,cellular,21,nov,144,2,-1,0,unknown,no
8054,27,self-employed,single,tertiary,no,147,no,no,cellular,22,jun,111,5,-1,0,unknown,no
8055,56,retired,married,primary,no,63,no,no,cellular,19,aug,122,2,-1,0,unknown,no
8056,44,technician,married,secondary,no,7863,no,no,cellular,26,aug,59,6,-1,0,unknown,no
8057,45,admin.,single,secondary,no,946,yes,no,cellular,21,nov,56,2,175,4,failure,no
8058,45,management,married,secondary,yes,237,yes,no,cellular,21,nov,526,1,-1,0,unknown,no
8059,37,student,divorced,tertiary,no,0,no,no,telephone,30,jul,100,6,-1,0,unknown,no
8060,26,blue-collar,married,secondary,no,245,yes,no,unknown,28,may,146,2,-1,0,unknown,no
8061,32,services,married,secondary,no,315,no,no,cellular,4,aug,149,1,-1,0,unknown,no
8062,25,student,single,secondary,no,1139,yes,no,unknown,15,may,22,3,-1,0,unknown,no
8063,48,management,married,secondary,no,0,yes,no,telephone,23,jul,90,2,-1,0,unknown,no
8064,29,services,married,primary,no,-102,no,no,unknown,4,jul,134,1,-1,0,unknown,no
8065,46,management,married,tertiary,no,3984,no,no,cellular,13,aug,77,2,-1,0,unknown,no
8066,34,blue-collar,married,secondary,no,1988,yes,no,telephone,29,jan,53,1,266,2,failure,no
8067,46,management,married,tertiary,no,125,yes,no,telephone,12,may,81,5,-1,0,unknown,no
8068,31,blue-collar,married,secondary,no,505,yes,no,cellular,17,apr,218,4,329,2,other,no
8069,39,technician,married,secondary,no,834,yes,yes,cellular,20,apr,390,1,-1,0,unknown,no
8070,29,admin.,married,secondary,no,494,yes,no,unknown,26,may,341,2,-1,0,unknown,no
8071,38,blue-collar,single,primary,no,947,yes,no,cellular,12,may,361,2,-1,0,unknown,no
8072,40,unemployed,divorced,secondary,no,262,yes,no,unknown,14,may,163,5,-1,0,unknown,no
8073,39,management,married,tertiary,no,141,yes,no,cellular,13,may,788,2,331,6,other,no
8074,49,technician,divorced,secondary,no,-236,yes,no,unknown,26,may,204,2,-1,0,unknown,no
8075,34,management,single,tertiary,no,2555,yes,no,cellular,26,may,129,2,-1,0,unknown,no
8076,30,technician,single,secondary,no,298,yes,no,unknown,16,may,164,2,-1,0,unknown,no
8077,57,entrepreneur,married,secondary,no,1179,no,no,cellular,19,aug,189,2,-1,0,unknown,no
8078,34,services,married,primary,no,31,no,yes,cellular,9,jul,53,3,-1,0,unknown,no
8079,21,student,single,secondary,no,357,no,no,cellular,2,sep,115,3,-1,0,unknown,no
8080,35,self-employed,single,tertiary,no,1129,yes,no,cellular,21,nov,64,2,184,2,failure,no
8081,39,technician,single,tertiary,no,861,no,no,unknown,20,jun,32,5,-1,0,unknown,no
8082,42,housemaid,married,primary,yes,16,no,no,unknown,11,jun,79,1,-1,0,unknown,no
8083,25,services,single,secondary,no,895,yes,no,unknown,3,jun,167,1,-1,0,unknown,no
8084,27,services,single,secondary,no,504,yes,no,cellular,18,may,106,5,362,8,other,no
8085,33,management,single,secondary,no,2955,yes,no,cellular,18,may,178,2,-1,0,unknown,no
8086,51,services,married,secondary,no,122,no,yes,cellular,6,aug,499,2,-1,0,unknown,no
8087,32,management,married,tertiary,no,2204,no,no,cellular,27,aug,123,4,-1,0,unknown,no
8088,53,blue-collar,married,unknown,no,111,no,no,unknown,20,jun,39,3,-1,0,unknown,no
8089,29,management,single,tertiary,no,1566,yes,no,unknown,4,jun,233,1,-1,0,unknown,no
8090,33,admin.,divorced,secondary,no,661,yes,no,cellular,4,may,90,4,167,3,failure,no
8091,33,management,single,tertiary,no,2485,yes,no,cellular,2,nov,91,2,-1,0,unknown,no
8092,32,services,married,secondary,no,3756,yes,no,unknown,4,jun,85,3,-1,0,unknown,no
8093,31,blue-collar,married,secondary,no,43,yes,no,unknown,19,may,405,3,-1,0,unknown,no
8094,45,management,married,tertiary,no,1529,no,no,cellular,30,jun,160,1,-1,0,unknown,no
8095,57,services,married,secondary,no,84,yes,no,unknown,15,may,59,1,-1,0,unknown,no
8096,47,services,married,secondary,no,311,yes,yes,cellular,12,may,238,1,301,3,failure,no
8097,52,blue-collar,married,secondary,no,408,no,no,cellular,29,jan,338,2,-1,0,unknown,no
8098,56,housemaid,divorced,secondary,no,1866,no,yes,cellular,1,oct,760,1,-1,0,unknown,no
8099,51,blue-collar,married,primary,no,42,yes,no,cellular,12,may,51,2,342,3,failure,no
8100,40,student,married,secondary,no,260,no,no,cellular,19,nov,52,1,152,6,failure,no
8101,30,management,married,tertiary,no,2994,yes,no,cellular,26,mar,156,1,137,1,other,no
8102,39,management,married,tertiary,no,0,no,no,unknown,27,may,205,8,-1,0,unknown,no
8103,42,admin.,married,secondary,no,1133,yes,no,cellular,4,feb,161,4,212,3,failure,no
8104,25,management,single,tertiary,no,2305,no,no,cellular,3,feb,207,1,-1,0,unknown,no
8105,60,retired,married,secondary,no,143,no,no,telephone,30,jan,345,1,-1,0,unknown,no
8106,37,management,married,primary,no,4721,no,no,telephone,28,jan,46,1,-1,0,unknown,no
8107,48,blue-collar,married,primary,no,5366,yes,no,unknown,21,may,248,3,-1,0,unknown,no
8108,32,management,married,tertiary,no,71,no,no,cellular,2,feb,75,1,-1,0,unknown,no
8109,33,admin.,single,secondary,no,1437,yes,no,unknown,21,may,641,1,-1,0,unknown,no
8110,51,housemaid,married,primary,no,1093,no,yes,unknown,18,jun,18,1,-1,0,unknown,no
8111,43,admin.,married,secondary,no,817,yes,yes,cellular,21,nov,51,1,-1,0,unknown,no
8112,31,blue-collar,married,primary,no,196,no,no,cellular,7,aug,248,1,-1,0,unknown,no
8113,36,housemaid,married,secondary,no,205,yes,no,telephone,18,nov,176,4,-1,0,unknown,no
8114,58,self-employed,married,secondary,no,0,yes,no,telephone,3,feb,702,3,264,9,failure,no
8115,33,blue-collar,married,primary,no,1002,yes,no,unknown,30,may,201,4,-1,0,unknown,no
8116,31,technician,single,secondary,no,2916,no,no,cellular,14,aug,174,2,-1,0,unknown,no
8117,28,technician,single,tertiary,no,4513,yes,no,unknown,27,may,167,3,-1,0,unknown,no
8118,29,blue-collar,married,primary,no,7,yes,no,cellular,12,may,69,3,-1,0,unknown,no
8119,34,technician,married,secondary,no,0,no,no,cellular,28,aug,183,10,-1,0,unknown,no
8120,31,technician,single,secondary,no,253,no,no,cellular,13,jan,262,1,-1,0,unknown,no
8121,31,services,married,secondary,no,28,yes,no,unknown,8,may,101,1,-1,0,unknown,no
8122,37,admin.,divorced,tertiary,no,-65,no,no,cellular,21,jul,226,1,-1,0,unknown,no
8123,32,services,divorced,tertiary,no,376,yes,no,unknown,20,may,102,2,-1,0,unknown,no
8124,42,management,married,secondary,no,1018,no,no,cellular,29,jul,305,2,-1,0,unknown,no
8125,34,technician,married,secondary,no,260,yes,no,cellular,17,apr,20,2,238,2,failure,no
8126,74,retired,married,primary,no,5539,no,no,cellular,12,jul,390,2,159,3,failure,no
8127,60,services,divorced,secondary,no,758,no,no,cellular,3,feb,282,1,-1,0,unknown,no
8128,32,unemployed,married,secondary,no,262,no,no,cellular,29,jan,203,1,-1,0,unknown,no
8129,47,technician,divorced,secondary,no,236,no,no,cellular,18,aug,263,4,-1,0,unknown,no
8130,45,services,divorced,secondary,no,396,yes,yes,cellular,1,apr,251,4,329,4,failure,no
8131,50,entrepreneur,married,secondary,no,1857,no,yes,unknown,19,jun,26,2,-1,0,unknown,no
8132,39,self-employed,married,secondary,no,4722,yes,no,unknown,17,jun,483,1,-1,0,unknown,no
8133,60,retired,divorced,secondary,no,935,no,no,cellular,31,jul,8,17,-1,0,unknown,no
8134,47,management,married,unknown,no,4567,no,no,telephone,31,jul,921,4,-1,0,unknown,no
8135,40,admin.,divorced,secondary,no,220,yes,no,cellular,18,may,197,2,-1,0,unknown,no
8136,26,blue-collar,single,secondary,no,8,yes,no,cellular,13,may,167,1,-1,0,unknown,no
8137,43,management,single,secondary,no,109,yes,no,unknown,27,may,64,3,-1,0,unknown,no
8138,30,unemployed,single,secondary,no,0,yes,no,cellular,16,apr,137,1,-1,0,unknown,no
8139,34,entrepreneur,married,secondary,no,456,yes,yes,cellular,28,aug,137,8,-1,0,unknown,no
8140,35,technician,married,secondary,no,5553,yes,no,cellular,6,apr,371,3,136,7,failure,no
8141,21,student,single,unknown,no,137,yes,no,unknown,12,may,198,3,-1,0,unknown,no
8142,52,admin.,married,secondary,no,299,no,no,cellular,19,nov,310,4,-1,0,unknown,no
8143,31,admin.,single,secondary,no,162,yes,no,unknown,28,may,247,1,-1,0,unknown,no
8144,42,technician,divorced,secondary,no,1533,no,yes,cellular,5,aug,86,1,-1,0,unknown,no
8145,31,entrepreneur,single,unknown,no,301,yes,no,cellular,4,feb,371,1,-1,0,unknown,no
8146,58,management,married,tertiary,no,1697,no,no,unknown,20,jun,55,2,-1,0,unknown,no
8147,51,management,married,secondary,no,441,yes,no,cellular,7,may,189,2,167,2,other,no
8148,38,entrepreneur,married,tertiary,no,898,yes,no,unknown,6,may,132,2,-1,0,unknown,no
8149,32,technician,single,secondary,no,945,no,no,cellular,4,may,312,3,-1,0,unknown,no
8150,31,entrepreneur,divorced,tertiary,no,0,yes,no,cellular,18,nov,164,1,-1,0,unknown,no
8151,36,blue-collar,single,tertiary,no,1830,no,no,cellular,14,oct,183,1,91,11,failure,no
8152,33,blue-collar,married,tertiary,no,6138,yes,no,unknown,20,may,369,1,-1,0,unknown,no
8153,47,technician,divorced,unknown,no,442,yes,no,cellular,11,may,85,1,-1,0,unknown,no
8154,52,management,married,tertiary,no,0,no,no,cellular,12,aug,106,2,-1,0,unknown,no
8155,42,blue-collar,married,primary,no,1556,no,yes,cellular,8,jul,113,1,-1,0,unknown,no
8156,39,admin.,divorced,secondary,no,83,yes,no,cellular,30,jul,69,6,-1,0,unknown,no
8157,31,admin.,single,secondary,no,430,yes,no,cellular,15,apr,103,2,-1,0,unknown,no
8158,52,services,married,secondary,no,-336,no,yes,unknown,12,jun,111,8,-1,0,unknown,no
8159,40,blue-collar,divorced,unknown,no,528,yes,no,cellular,13,may,340,2,357,5,failure,no
8160,29,blue-collar,married,primary,no,111,yes,no,cellular,6,may,14,11,-1,0,unknown,no
8161,49,management,single,tertiary,no,1556,yes,no,cellular,28,jul,674,3,-1,0,unknown,no
8162,57,management,divorced,tertiary,no,408,yes,no,cellular,13,may,402,2,351,1,failure,no
8163,35,technician,married,secondary,no,1067,no,yes,cellular,12,aug,179,6,-1,0,unknown,no
8164,26,blue-collar,single,secondary,no,277,no,no,unknown,14,may,514,2,-1,0,unknown,no
8165,35,blue-collar,married,secondary,no,257,yes,no,cellular,14,may,186,1,-1,0,unknown,no
8166,31,management,single,tertiary,no,0,yes,yes,cellular,14,may,117,3,352,3,failure,no
8167,57,management,divorced,tertiary,no,2549,no,no,cellular,17,jul,193,2,-1,0,unknown,no
8168,32,services,divorced,secondary,no,4612,yes,no,cellular,24,jul,937,4,-1,0,unknown,no
8169,87,retired,married,secondary,no,433,no,no,telephone,15,dec,150,1,-1,0,unknown,no
8170,44,self-employed,married,unknown,no,680,yes,no,telephone,30,jul,84,4,-1,0,unknown,no
8171,41,blue-collar,single,secondary,no,3851,no,no,cellular,19,nov,130,1,-1,0,unknown,no
8172,36,management,single,tertiary,no,442,yes,yes,cellular,29,jul,102,3,-1,0,unknown,no
8173,56,services,married,secondary,no,642,yes,no,cellular,30,jan,16,1,2,3,other,no
8174,35,blue-collar,single,secondary,no,487,yes,no,unknown,15,may,117,1,-1,0,unknown,no
8175,46,admin.,married,secondary,no,171,yes,yes,cellular,11,oct,251,1,430,1,failure,no
8176,32,technician,single,tertiary,no,13711,yes,no,cellular,14,may,638,1,175,3,success,no
8177,41,entrepreneur,married,secondary,no,187,no,yes,cellular,21,jul,354,1,-1,0,unknown,no
8178,34,management,married,tertiary,no,101,yes,no,cellular,13,aug,209,5,-1,0,unknown,no
8179,48,blue-collar,married,primary,no,343,no,no,unknown,19,jun,136,1,-1,0,unknown,no
8180,31,unemployed,single,secondary,no,315,no,no,cellular,30,jan,130,1,2,1,other,no
8181,41,services,married,secondary,no,205,yes,no,unknown,8,may,91,1,-1,0,unknown,no
8182,36,blue-collar,married,primary,no,106,yes,no,cellular,29,jul,171,13,-1,0,unknown,no
8183,31,technician,married,secondary,no,477,no,no,cellular,30,apr,146,1,-1,0,unknown,no
8184,37,management,single,tertiary,no,2875,no,no,cellular,20,nov,110,2,-1,0,unknown,no
8185,48,technician,married,secondary,no,1000,no,no,cellular,21,nov,104,2,-1,0,unknown,no
8186,31,unemployed,married,secondary,no,-825,yes,no,unknown,7,may,179,2,-1,0,unknown,no
8187,42,admin.,married,secondary,no,534,yes,no,unknown,16,may,139,2,-1,0,unknown,no
8188,50,blue-collar,married,unknown,no,452,no,no,cellular,20,aug,181,2,-1,0,unknown,no
8189,47,management,married,secondary,no,623,yes,no,cellular,13,may,102,6,-1,0,unknown,no
8190,43,technician,married,secondary,no,310,yes,no,unknown,29,may,291,1,-1,0,unknown,no
8191,59,housemaid,married,secondary,no,454,no,no,cellular,21,aug,162,1,-1,0,unknown,no
8192,35,management,single,tertiary,no,2306,no,no,cellular,18,aug,86,7,-1,0,unknown,no
8193,24,technician,single,secondary,no,-126,yes,yes,unknown,13,may,382,2,-1,0,unknown,no
8194,49,blue-collar,married,primary,no,399,no,no,cellular,29,jan,679,1,-1,0,unknown,no
8195,47,services,married,secondary,no,0,yes,no,telephone,9,jul,250,1,-1,0,unknown,no
8196,57,self-employed,married,secondary,no,2109,no,no,cellular,21,aug,107,6,-1,0,unknown,no
8197,29,management,married,tertiary,no,0,yes,yes,cellular,15,jul,218,1,-1,0,unknown,no
8198,50,management,married,tertiary,no,-470,yes,no,cellular,19,nov,130,2,160,1,failure,no
8199,32,management,married,tertiary,no,81,yes,no,cellular,17,nov,120,1,-1,0,unknown,no
8200,23,admin.,single,secondary,no,1104,yes,no,unknown,12,may,120,2,-1,0,unknown,no
8201,41,technician,married,secondary,no,457,yes,yes,unknown,26,may,181,2,-1,0,unknown,no
8202,48,blue-collar,divorced,primary,no,0,no,no,unknown,6,jun,248,2,-1,0,unknown,no
8203,29,management,married,tertiary,no,941,yes,no,unknown,4,jun,570,11,-1,0,unknown,no
8204,42,admin.,married,primary,no,-466,no,yes,telephone,31,jul,94,15,-1,0,unknown,no
8205,38,admin.,single,secondary,no,2600,yes,no,cellular,19,nov,67,1,-1,0,unknown,no
8206,31,management,single,tertiary,no,3,no,no,cellular,4,feb,406,2,-1,0,unknown,no
8207,38,technician,married,unknown,no,90,yes,yes,unknown,8,may,20,2,-1,0,unknown,no
8208,50,management,married,tertiary,no,2570,no,no,cellular,18,nov,273,2,-1,0,unknown,no
8209,36,management,single,tertiary,no,181,yes,no,cellular,13,may,159,2,278,4,failure,no
8210,52,blue-collar,married,primary,no,66653,no,no,cellular,14,aug,109,3,-1,0,unknown,no
8211,50,entrepreneur,married,secondary,no,556,yes,no,unknown,16,may,130,2,-1,0,unknown,no
8212,38,housemaid,married,secondary,no,110,no,no,cellular,25,may,167,1,-1,0,unknown,no
8213,30,services,single,secondary,no,9,no,yes,cellular,29,jan,194,2,205,2,failure,no
8214,46,management,married,secondary,no,0,no,no,unknown,12,jun,155,1,-1,0,unknown,no
8215,54,management,married,secondary,yes,5249,yes,no,cellular,17,nov,108,1,-1,0,unknown,no
8216,46,blue-collar,married,primary,no,2499,yes,no,unknown,16,may,42,3,-1,0,unknown,no
8217,49,management,married,tertiary,no,276,no,no,cellular,27,aug,62,5,-1,0,unknown,no
8218,36,management,single,tertiary,no,3343,no,no,cellular,18,nov,307,1,-1,0,unknown,no
8219,58,self-employed,married,secondary,no,9994,no,no,cellular,10,jul,400,1,-1,0,unknown,no
8220,29,admin.,single,secondary,no,613,yes,no,unknown,19,jun,779,1,-1,0,unknown,no
8221,41,blue-collar,single,secondary,no,925,yes,no,telephone,13,may,43,1,-1,0,unknown,no
8222,32,management,married,tertiary,no,393,no,no,cellular,28,jan,458,2,-1,0,unknown,no
8223,33,services,divorced,secondary,yes,339,yes,no,unknown,23,may,496,4,-1,0,unknown,no
8224,31,entrepreneur,married,tertiary,no,1216,no,no,cellular,8,aug,150,4,-1,0,unknown,no
8225,44,technician,married,tertiary,no,1818,yes,yes,cellular,30,apr,247,1,-1,0,unknown,no
8226,51,entrepreneur,divorced,tertiary,no,2109,no,no,cellular,12,apr,119,1,181,2,success,no
8227,38,admin.,married,secondary,no,46,no,no,cellular,7,aug,48,2,-1,0,unknown,no
8228,38,management,married,tertiary,no,980,no,no,unknown,3,jun,662,5,-1,0,unknown,no
8229,27,unemployed,single,tertiary,no,3060,no,no,cellular,30,jan,533,1,-1,0,unknown,no
8230,41,housemaid,married,primary,no,46,no,no,cellular,22,aug,268,1,-1,0,unknown,no
8231,32,blue-collar,married,primary,no,274,yes,no,unknown,9,may,21,3,-1,0,unknown,no
8232,45,admin.,married,secondary,no,805,yes,no,unknown,15,may,186,3,-1,0,unknown,no
8233,54,housemaid,married,primary,no,3151,no,no,unknown,18,jun,350,7,-1,0,unknown,no
8234,36,technician,divorced,secondary,no,160,yes,no,unknown,26,may,142,1,-1,0,unknown,no
8235,33,management,married,tertiary,no,0,yes,no,cellular,28,jul,54,3,-1,0,unknown,no
8236,40,services,divorced,secondary,no,694,yes,no,cellular,31,jul,75,14,-1,0,unknown,no
8237,37,blue-collar,married,secondary,no,509,yes,no,cellular,20,apr,172,1,-1,0,unknown,no
8238,48,blue-collar,married,primary,no,237,yes,no,unknown,19,jun,18,18,-1,0,unknown,no
8239,36,management,married,tertiary,no,0,yes,no,cellular,29,jan,86,1,237,17,other,no
8240,46,management,married,tertiary,no,16,yes,no,cellular,6,may,304,1,-1,0,unknown,no
8241,29,admin.,divorced,secondary,no,504,yes,no,cellular,7,may,203,1,-1,0,unknown,no
8242,41,technician,married,secondary,no,-274,yes,no,unknown,27,may,182,3,-1,0,unknown,no
8243,44,management,married,tertiary,no,0,yes,no,unknown,28,may,260,1,-1,0,unknown,no
8244,40,management,married,tertiary,no,0,yes,no,cellular,2,feb,279,1,-1,0,unknown,no
8245,33,technician,single,tertiary,no,2565,yes,no,cellular,13,may,128,2,-1,0,unknown,no
8246,60,technician,married,tertiary,no,91,no,no,cellular,27,aug,105,4,-1,0,unknown,no
8247,48,blue-collar,married,secondary,no,558,yes,no,telephone,5,feb,708,8,-1,0,unknown,no
8248,37,unemployed,single,tertiary,no,1032,no,no,telephone,4,feb,63,1,-1,0,unknown,no
8249,39,management,married,tertiary,no,351,yes,no,unknown,20,may,999,3,-1,0,unknown,no
8250,28,student,single,secondary,no,231,yes,no,cellular,8,may,55,1,-1,0,unknown,no
8251,44,housemaid,married,primary,no,3706,no,no,unknown,17,jun,209,3,-1,0,unknown,no
8252,37,management,married,tertiary,no,5,no,no,cellular,29,aug,36,2,-1,0,unknown,no
8253,58,management,single,tertiary,no,342,no,yes,cellular,11,jul,564,2,-1,0,unknown,no
8254,50,unemployed,single,secondary,no,588,no,no,cellular,31,jul,649,3,-1,0,unknown,no
8255,38,services,married,secondary,no,3165,yes,no,unknown,12,may,152,2,-1,0,unknown,no
8256,31,management,single,tertiary,no,0,no,no,cellular,25,aug,101,6,-1,0,unknown,no
8257,33,technician,divorced,secondary,no,464,no,no,cellular,4,feb,207,4,-1,0,unknown,no
8258,35,management,single,tertiary,no,837,no,no,cellular,4,aug,329,1,-1,0,unknown,no
8259,53,management,married,tertiary,no,34230,yes,yes,cellular,7,may,279,1,358,9,other,no
8260,58,retired,married,secondary,no,5435,yes,no,unknown,6,may,118,1,-1,0,unknown,no
8261,26,blue-collar,single,primary,no,102,yes,no,unknown,16,may,46,1,-1,0,unknown,no
8262,34,admin.,married,secondary,no,641,yes,yes,unknown,16,may,467,1,-1,0,unknown,no
8263,50,blue-collar,married,primary,no,334,no,no,cellular,27,aug,79,3,-1,0,unknown,no
8264,42,blue-collar,married,unknown,no,149,yes,no,telephone,23,jul,329,3,-1,0,unknown,no
8265,46,admin.,married,secondary,no,179,yes,no,cellular,29,jan,194,4,436,1,other,no
8266,45,blue-collar,married,primary,no,61,no,no,cellular,17,apr,108,1,-1,0,unknown,no
8267,46,services,married,secondary,no,375,no,no,telephone,31,jul,172,6,-1,0,unknown,no
8268,31,technician,single,secondary,no,2088,no,no,cellular,9,feb,15,14,-1,0,unknown,no
8269,44,technician,single,secondary,no,29,yes,no,unknown,5,may,151,1,-1,0,unknown,no
8270,36,management,married,tertiary,no,3839,no,no,cellular,19,nov,146,1,-1,0,unknown,no
8271,50,management,married,secondary,no,2910,no,no,telephone,29,jul,790,1,-1,0,unknown,no
8272,33,management,single,tertiary,no,3770,no,no,cellular,28,jan,757,2,-1,0,unknown,no
8273,33,blue-collar,married,primary,no,141,yes,no,unknown,21,may,578,2,-1,0,unknown,no
8274,55,management,single,tertiary,no,0,no,no,cellular,30,apr,156,3,-1,0,unknown,no
8275,40,services,single,secondary,no,65,yes,no,cellular,15,may,15,3,-1,0,unknown,no
8276,30,technician,married,secondary,no,-306,yes,yes,cellular,18,nov,372,1,186,1,failure,no
8277,36,services,married,secondary,no,3740,yes,no,cellular,7,apr,254,1,-1,0,unknown,no
8278,34,services,divorced,secondary,no,0,yes,yes,unknown,20,may,203,1,-1,0,unknown,no
8279,46,entrepreneur,married,secondary,no,131,yes,no,cellular,20,apr,69,2,-1,0,unknown,no
8280,55,management,married,tertiary,no,23189,yes,no,unknown,14,may,77,1,-1,0,unknown,no
8281,56,blue-collar,divorced,primary,yes,-1,no,no,cellular,18,jul,304,3,-1,0,unknown,no
8282,34,admin.,single,secondary,no,6979,yes,no,cellular,15,may,14,5,-1,0,unknown,no
8283,42,management,married,tertiary,no,187,no,no,cellular,11,aug,64,1,-1,0,unknown,no
8284,48,blue-collar,married,primary,no,1203,no,no,cellular,6,aug,61,5,-1,0,unknown,no
8285,51,management,married,primary,no,6298,yes,no,unknown,20,jun,14,3,-1,0,unknown,no
8286,45,blue-collar,single,tertiary,no,-243,no,yes,cellular,8,jul,171,2,-1,0,unknown,no
8287,35,self-employed,single,primary,no,181,yes,no,unknown,15,may,19,8,-1,0,unknown,no
8288,63,self-employed,married,tertiary,no,661,no,no,cellular,2,mar,56,2,-1,0,unknown,no
8289,35,blue-collar,married,secondary,no,270,yes,yes,cellular,6,apr,332,2,335,1,failure,no
8290,25,student,single,secondary,no,1919,yes,no,cellular,15,may,264,1,351,4,failure,no
8291,26,self-employed,married,secondary,no,492,yes,yes,cellular,15,may,439,4,-1,0,unknown,no
8292,29,management,single,tertiary,no,91,no,no,cellular,30,apr,99,1,274,4,other,no
8293,26,management,married,tertiary,no,775,no,no,unknown,19,may,35,3,-1,0,unknown,no
8294,26,blue-collar,single,secondary,no,2669,yes,no,cellular,16,apr,242,1,-1,0,unknown,no
8295,23,management,single,tertiary,no,2605,yes,no,unknown,7,may,278,6,-1,0,unknown,no
8296,51,management,single,unknown,no,1277,no,no,cellular,22,feb,143,5,294,1,failure,no
8297,51,blue-collar,married,secondary,no,568,yes,no,unknown,4,jun,37,1,-1,0,unknown,no
8298,43,technician,married,secondary,no,2344,yes,no,unknown,27,may,111,2,-1,0,unknown,no
8299,81,retired,divorced,primary,no,4321,no,no,cellular,11,aug,163,3,-1,0,unknown,no
8300,42,management,divorced,tertiary,no,1064,no,no,cellular,18,aug,101,2,-1,0,unknown,no
8301,41,services,married,secondary,no,241,yes,yes,unknown,4,jun,144,1,-1,0,unknown,no
8302,35,technician,single,secondary,no,183,no,no,cellular,1,sep,516,2,130,2,failure,no
8303,32,management,married,tertiary,no,9214,no,yes,unknown,18,oct,71,1,-1,0,unknown,no
8304,51,services,single,secondary,no,513,yes,no,cellular,29,jul,331,2,-1,0,unknown,no
8305,33,technician,married,secondary,no,14850,yes,no,cellular,5,feb,122,5,-1,0,unknown,no
8306,38,self-employed,married,secondary,no,279,yes,no,unknown,28,may,110,5,-1,0,unknown,no
8307,48,retired,married,tertiary,no,4,no,yes,cellular,23,jul,70,5,-1,0,unknown,no
8308,50,technician,divorced,secondary,no,-298,yes,no,cellular,6,feb,68,8,-1,0,unknown,no
8309,39,blue-collar,single,secondary,no,522,yes,no,telephone,14,may,225,7,350,2,failure,no
8310,30,services,single,secondary,no,0,yes,no,cellular,7,jul,161,2,-1,0,unknown,no
8311,39,technician,married,secondary,no,8,no,yes,cellular,17,nov,333,2,96,2,failure,no
8312,35,technician,married,tertiary,no,432,no,no,cellular,12,aug,104,8,-1,0,unknown,no
8313,41,technician,married,secondary,no,-378,yes,no,cellular,5,feb,361,1,253,2,failure,no
8314,41,admin.,married,secondary,no,338,yes,no,unknown,16,may,121,1,-1,0,unknown,no
8315,35,blue-collar,married,primary,no,2878,yes,no,cellular,18,nov,140,2,-1,0,unknown,no
8316,43,management,married,primary,no,62,yes,no,cellular,14,may,133,1,300,3,failure,no
8317,27,services,married,secondary,no,1303,yes,yes,unknown,21,may,364,1,-1,0,unknown,no
8318,32,technician,married,secondary,no,255,no,yes,cellular,25,aug,63,5,-1,0,unknown,no
8319,39,technician,divorced,secondary,no,0,yes,yes,cellular,30,apr,85,1,-1,0,unknown,no
8320,37,management,married,tertiary,no,1125,yes,no,unknown,3,jun,301,1,-1,0,unknown,no
8321,40,entrepreneur,married,secondary,no,1238,yes,no,telephone,21,jul,50,2,-1,0,unknown,no
8322,33,blue-collar,married,secondary,no,370,yes,no,cellular,8,apr,249,1,-1,0,unknown,no
8323,29,management,married,tertiary,no,2417,yes,no,cellular,7,may,126,2,-1,0,unknown,no
8324,50,housemaid,married,primary,no,4,no,no,unknown,16,jun,51,1,-1,0,unknown,no
8325,39,admin.,married,primary,no,444,yes,no,cellular,8,may,374,2,-1,0,unknown,no
8326,32,technician,single,secondary,no,28,yes,no,cellular,18,nov,368,1,-1,0,unknown,no
8327,49,management,married,tertiary,no,2139,no,no,cellular,5,aug,278,1,-1,0,unknown,no
8328,37,blue-collar,married,secondary,no,194,yes,no,unknown,12,may,566,7,-1,0,unknown,no
8329,57,blue-collar,married,primary,yes,195,no,yes,telephone,30,jul,185,4,-1,0,unknown,no
8330,44,management,married,secondary,no,0,no,no,cellular,21,aug,167,2,-1,0,unknown,no
8331,36,self-employed,married,secondary,no,189,yes,no,cellular,22,jul,632,1,-1,0,unknown,no
8332,55,management,single,secondary,no,220,yes,no,unknown,6,may,328,2,-1,0,unknown,no
8333,40,admin.,married,primary,no,189,yes,no,unknown,27,may,160,2,-1,0,unknown,no
8334,40,blue-collar,married,secondary,no,746,yes,yes,cellular,2,feb,241,1,262,3,other,no
8335,44,management,married,secondary,no,13054,yes,no,cellular,11,may,471,2,174,12,other,no
8336,41,services,married,primary,no,0,yes,no,cellular,17,jul,18,11,-1,0,unknown,no
8337,65,retired,married,secondary,no,23421,no,no,cellular,2,feb,432,1,-1,0,unknown,no
8338,31,blue-collar,married,secondary,no,41,yes,no,unknown,19,may,265,1,-1,0,unknown,no
8339,48,blue-collar,married,secondary,no,7408,no,yes,cellular,4,feb,101,2,-1,0,unknown,no
8340,55,retired,married,tertiary,no,101,yes,no,cellular,9,jul,111,1,-1,0,unknown,no
8341,34,admin.,married,secondary,no,384,yes,no,cellular,14,may,551,2,-1,0,unknown,no
8342,36,admin.,single,secondary,no,2556,yes,no,cellular,13,apr,342,1,-1,0,unknown,no
8343,33,management,married,tertiary,no,808,yes,no,cellular,19,aug,12,16,-1,0,unknown,no
8344,46,management,married,tertiary,no,0,no,no,cellular,26,may,401,1,-1,0,unknown,no
8345,52,management,married,tertiary,no,1158,no,no,cellular,27,aug,57,4,-1,0,unknown,no
8346,33,management,married,tertiary,no,334,no,no,cellular,25,nov,87,1,-1,0,unknown,no
8347,29,blue-collar,married,secondary,no,296,yes,no,unknown,4,jun,153,1,-1,0,unknown,no
8348,36,technician,married,primary,no,1653,yes,yes,unknown,27,may,336,10,-1,0,unknown,no
8349,37,admin.,married,secondary,no,1283,yes,no,unknown,20,may,209,1,-1,0,unknown,no
8350,53,blue-collar,married,primary,no,2295,no,no,cellular,21,aug,65,10,-1,0,unknown,no
8351,28,unemployed,married,secondary,no,-42,yes,yes,cellular,31,jul,143,4,-1,0,unknown,no
8352,19,student,single,secondary,no,55,no,no,telephone,6,oct,89,2,193,1,other,no
8353,41,housemaid,married,primary,no,365,no,no,cellular,8,aug,203,5,-1,0,unknown,no
8354,33,services,single,secondary,no,772,yes,no,cellular,29,jan,323,2,259,3,success,no
8355,28,management,single,tertiary,no,334,yes,no,unknown,14,may,438,4,-1,0,unknown,no
8356,40,admin.,married,secondary,no,1060,yes,no,cellular,17,apr,14,3,-1,0,unknown,no
8357,78,retired,married,unknown,no,38,no,no,telephone,4,aug,156,1,1,3,other,no
8358,29,services,single,secondary,no,146,yes,no,unknown,19,may,104,2,-1,0,unknown,no
8359,36,unemployed,married,secondary,no,439,yes,no,telephone,6,feb,18,6,-1,0,unknown,no
8360,59,entrepreneur,married,primary,no,124,yes,no,cellular,18,nov,531,3,134,7,failure,no
8361,34,services,married,secondary,no,190,yes,no,cellular,15,may,121,3,-1,0,unknown,no
8362,82,retired,married,unknown,no,211,no,no,telephone,22,apr,195,3,-1,0,unknown,no
8363,36,management,married,tertiary,no,871,no,no,cellular,18,nov,170,1,-1,0,unknown,no
8364,48,management,married,primary,no,1513,no,no,cellular,29,jan,166,2,-1,0,unknown,no
8365,36,blue-collar,married,primary,no,871,yes,yes,telephone,18,nov,2,1,-1,0,unknown,no
8366,25,technician,single,secondary,no,1298,no,no,cellular,2,sep,206,7,94,2,other,no
8367,40,technician,single,secondary,no,360,yes,no,unknown,9,may,73,1,-1,0,unknown,no
8368,33,services,married,tertiary,no,597,no,no,cellular,4,feb,134,1,-1,0,unknown,no
8369,30,blue-collar,divorced,secondary,yes,457,yes,no,unknown,20,jun,115,20,-1,0,unknown,no
8370,27,services,single,secondary,no,2457,yes,no,unknown,29,may,123,4,-1,0,unknown,no
8371,34,technician,married,tertiary,no,2069,no,no,cellular,20,aug,328,2,-1,0,unknown,no
8372,28,services,single,secondary,no,47,no,no,cellular,22,jul,405,2,-1,0,unknown,no
8373,40,blue-collar,married,primary,no,13,yes,no,unknown,4,jul,178,1,-1,0,unknown,no
8374,47,retired,married,secondary,no,-71,yes,no,cellular,11,aug,293,5,-1,0,unknown,no
8375,59,unknown,divorced,unknown,no,27,no,no,unknown,5,may,347,3,-1,0,unknown,no
8376,30,services,single,secondary,no,-114,yes,no,cellular,21,jul,396,2,-1,0,unknown,no
8377,39,unemployed,single,secondary,no,2645,yes,no,unknown,21,may,339,3,-1,0,unknown,no
8378,44,blue-collar,married,secondary,no,1025,yes,no,unknown,18,jun,200,1,-1,0,unknown,no
8379,46,management,single,tertiary,no,2044,no,no,telephone,4,feb,25,1,-1,0,unknown,no
8380,32,housemaid,married,tertiary,no,10,yes,no,unknown,2,jun,658,2,-1,0,unknown,no
8381,35,admin.,divorced,secondary,no,0,no,yes,cellular,14,jul,245,2,-1,0,unknown,no
8382,35,management,single,tertiary,no,644,yes,no,unknown,30,may,120,2,-1,0,unknown,no
8383,38,management,married,tertiary,no,4293,yes,no,cellular,6,may,92,2,250,2,failure,no
8384,27,housemaid,married,primary,yes,-238,no,no,cellular,14,jul,132,4,-1,0,unknown,no
8385,32,housemaid,divorced,secondary,no,-613,yes,no,cellular,15,apr,266,2,-1,0,unknown,no
8386,37,admin.,divorced,secondary,no,1573,yes,no,cellular,12,may,639,3,326,10,failure,no
8387,59,entrepreneur,married,tertiary,no,1728,no,no,cellular,7,jul,575,2,-1,0,unknown,no
8388,32,technician,married,tertiary,no,15,no,no,cellular,14,may,226,1,346,1,failure,no
8389,31,technician,married,secondary,no,-160,yes,no,cellular,14,jul,126,6,-1,0,unknown,no
8390,55,technician,married,secondary,no,312,no,no,cellular,6,feb,13,8,9,3,other,no
8391,26,technician,single,secondary,no,33,no,no,cellular,23,jul,91,7,-1,0,unknown,no
8392,30,blue-collar,single,secondary,no,80,yes,yes,cellular,5,may,145,1,337,4,failure,no
8393,34,admin.,married,secondary,no,445,no,no,cellular,19,aug,256,2,-1,0,unknown,no
8394,83,retired,divorced,primary,no,4565,no,no,cellular,13,sep,175,2,-1,0,unknown,no
8395,46,self-employed,married,primary,no,3262,no,no,cellular,14,aug,77,8,-1,0,unknown,no
8396,48,blue-collar,married,primary,no,559,yes,no,unknown,15,may,1231,2,-1,0,unknown,no
8397,47,blue-collar,married,secondary,no,4840,no,no,unknown,16,jun,53,1,-1,0,unknown,no
8398,31,technician,married,secondary,no,-302,no,no,cellular,13,aug,195,2,-1,0,unknown,no
8399,32,entrepreneur,married,unknown,no,73,yes,no,cellular,21,nov,158,1,135,1,failure,no
8400,32,technician,married,secondary,no,4790,yes,no,cellular,22,jul,314,2,-1,0,unknown,no
8401,39,admin.,single,secondary,no,1078,no,no,unknown,3,jun,199,3,-1,0,unknown,no
8402,54,management,married,tertiary,no,284,yes,yes,telephone,15,may,65,5,-1,0,unknown,no
8403,55,retired,married,secondary,no,493,yes,no,unknown,13,may,647,7,-1,0,unknown,no
8404,28,technician,single,secondary,no,100,yes,no,cellular,13,may,70,5,-1,0,unknown,no
8405,48,housemaid,single,secondary,no,1042,no,no,telephone,18,nov,129,2,-1,0,unknown,no
8406,44,management,married,tertiary,no,3665,no,no,cellular,17,mar,325,1,-1,0,unknown,no
8407,47,technician,married,secondary,no,-9,no,no,cellular,14,aug,457,2,-1,0,unknown,no
8408,43,blue-collar,married,secondary,no,576,yes,yes,unknown,13,may,148,1,-1,0,unknown,no
8409,53,housemaid,married,primary,yes,945,no,no,cellular,29,jan,82,2,-1,0,unknown,no
8410,42,blue-collar,married,secondary,no,108,yes,no,telephone,31,jul,51,21,-1,0,unknown,no
8411,39,management,single,tertiary,no,93,yes,yes,cellular,13,may,196,2,331,3,failure,no
8412,37,blue-collar,married,secondary,no,-97,yes,no,unknown,5,jun,135,2,-1,0,unknown,no
8413,58,management,married,tertiary,no,3768,yes,no,unknown,18,jun,316,1,-1,0,unknown,no
8414,31,services,single,secondary,no,8,no,no,cellular,7,jul,340,3,-1,0,unknown,no
8415,40,technician,married,secondary,no,66,yes,no,unknown,12,may,29,8,-1,0,unknown,no
8416,38,services,married,secondary,no,0,no,yes,cellular,16,jul,1473,6,-1,0,unknown,no
8417,46,admin.,divorced,secondary,no,-637,yes,no,cellular,17,nov,153,1,-1,0,unknown,no
8418,31,technician,married,secondary,no,0,yes,yes,cellular,28,jan,71,1,223,9,other,no
8419,32,management,married,tertiary,no,26,no,no,cellular,22,aug,222,6,-1,0,unknown,no
8420,46,entrepreneur,married,tertiary,no,4726,yes,no,cellular,8,apr,405,1,-1,0,unknown,no
8421,NULL,blue-collar,married,secondary,no,1782,yes,no,unknown,19,jun,549,1,-1,0,unknown,no
8422,28,blue-collar,single,secondary,no,3430,yes,no,unknown,6,jun,72,6,-1,0,unknown,no
8423,40,blue-collar,married,primary,no,332,yes,no,cellular,12,may,339,2,369,3,failure,no
8424,31,admin.,single,secondary,no,554,yes,no,cellular,5,feb,94,1,-1,0,unknown,no
8425,39,management,married,secondary,no,0,yes,no,cellular,24,jul,21,21,-1,0,unknown,no
8426,36,admin.,married,secondary,no,542,yes,no,unknown,18,jun,604,6,-1,0,unknown,no
8427,37,services,married,secondary,no,393,yes,yes,cellular,13,may,95,1,357,1,failure,no
8428,48,blue-collar,married,primary,no,134,yes,no,unknown,28,may,315,2,-1,0,unknown,no
8429,34,technician,married,tertiary,no,178,yes,no,cellular,18,nov,85,1,-1,0,unknown,no
8430,24,student,single,primary,no,0,no,no,unknown,5,jun,25,26,-1,0,unknown,no
8431,33,management,single,tertiary,no,23,no,no,cellular,20,aug,216,3,-1,0,unknown,no
8432,54,technician,married,secondary,no,0,no,no,telephone,16,nov,986,1,94,8,failure,no
8433,56,admin.,married,primary,no,202,yes,no,unknown,9,may,178,2,-1,0,unknown,no
8434,41,management,divorced,tertiary,no,647,yes,no,unknown,16,may,270,1,-1,0,unknown,no
8435,46,blue-collar,married,primary,no,143,yes,no,unknown,7,may,279,1,-1,0,unknown,no
8436,27,services,single,secondary,no,1928,no,yes,cellular,15,jul,513,5,-1,0,unknown,no
8437,32,admin.,single,secondary,no,1630,yes,no,cellular,30,jan,122,1,-1,0,unknown,no
8438,40,retired,married,secondary,no,102,no,no,cellular,6,may,168,1,-1,0,unknown,no
8439,38,blue-collar,divorced,primary,no,0,no,no,unknown,12,jun,49,2,-1,0,unknown,no
8440,36,blue-collar,married,secondary,no,1790,yes,no,cellular,16,apr,386,2,-1,0,unknown,no
8441,33,management,single,tertiary,no,0,no,no,unknown,27,may,277,1,-1,0,unknown,no
8442,31,management,single,tertiary,no,1675,no,no,cellular,2,sep,114,2,363,1,failure,no
8443,34,blue-collar,married,secondary,yes,-745,yes,yes,cellular,11,jul,131,2,-1,0,unknown,no
8444,34,self-employed,married,secondary,no,-56,yes,no,unknown,19,may,248,3,-1,0,unknown,no
8445,45,admin.,married,secondary,no,0,no,no,cellular,14,aug,113,2,-1,0,unknown,no
8446,52,blue-collar,married,primary,no,2396,yes,no,cellular,15,may,48,7,-1,0,unknown,no
8447,37,services,single,tertiary,no,223,yes,no,unknown,28,may,25,1,-1,0,unknown,no
8448,30,blue-collar,married,primary,no,5956,yes,yes,cellular,20,nov,405,1,139,1,failure,no
8449,35,technician,single,tertiary,no,122,no,no,cellular,20,apr,49,5,328,5,failure,no
8450,31,technician,single,secondary,no,4888,yes,no,telephone,5,may,475,4,166,2,failure,no
8451,47,housemaid,married,primary,no,183,no,no,cellular,13,aug,144,1,-1,0,unknown,no
8452,32,entrepreneur,married,tertiary,no,0,yes,yes,cellular,18,nov,95,1,-1,0,unknown,no
8453,32,technician,divorced,secondary,no,-262,yes,no,telephone,28,aug,85,24,-1,0,unknown,no
8454,39,blue-collar,single,secondary,no,169,yes,no,unknown,9,may,38,1,-1,0,unknown,no
8455,31,blue-collar,married,secondary,no,3364,yes,no,cellular,20,nov,290,1,-1,0,unknown,no
8456,31,technician,married,tertiary,no,15,no,no,unknown,2,jun,389,1,-1,0,unknown,no
8457,44,management,married,tertiary,no,126,yes,no,unknown,13,may,92,1,-1,0,unknown,no
8458,40,entrepreneur,married,tertiary,no,1953,yes,no,unknown,6,jun,112,5,-1,0,unknown,no
8459,77,retired,married,primary,no,1385,no,no,telephone,8,sep,160,4,-1,0,unknown,no
8460,34,blue-collar,married,secondary,no,261,yes,no,cellular,3,feb,88,5,251,3,failure,no
8461,48,technician,married,secondary,no,178,yes,no,unknown,17,jun,320,4,-1,0,unknown,no
8462,31,technician,single,secondary,no,1819,yes,no,unknown,15,may,226,2,-1,0,unknown,no
8463,31,management,single,tertiary,no,0,no,no,cellular,19,aug,155,4,-1,0,unknown,no
8464,32,blue-collar,single,secondary,no,6337,yes,no,cellular,19,nov,126,2,-1,0,unknown,no
8465,42,admin.,married,secondary,no,214,yes,no,unknown,28,may,21,24,-1,0,unknown,no
8466,35,management,single,tertiary,no,0,no,no,cellular,25,aug,81,6,-1,0,unknown,no
8467,57,entrepreneur,married,primary,no,1153,yes,yes,unknown,9,jun,238,6,-1,0,unknown,no
8468,56,retired,married,secondary,no,415,no,no,cellular,22,aug,158,2,-1,0,unknown,no
8469,34,management,married,tertiary,no,101,no,no,cellular,8,aug,472,2,-1,0,unknown,no
8470,52,technician,married,secondary,no,1490,no,yes,unknown,17,jun,420,4,-1,0,unknown,no
8471,31,admin.,single,secondary,no,779,yes,yes,cellular,3,apr,219,2,-1,0,unknown,no
8472,42,technician,single,secondary,no,2036,yes,no,cellular,19,nov,259,2,-1,0,unknown,no
8473,46,blue-collar,married,primary,no,333,yes,no,cellular,31,jul,284,4,-1,0,unknown,no
8474,32,technician,married,secondary,no,963,no,no,cellular,28,aug,15,13,-1,0,unknown,no
8475,47,blue-collar,married,secondary,no,4709,no,no,cellular,22,aug,78,4,-1,0,unknown,no
8476,46,blue-collar,divorced,secondary,no,1074,yes,no,cellular,14,may,277,2,-1,0,unknown,no
8477,41,admin.,single,secondary,no,90,yes,no,cellular,15,may,77,2,347,4,failure,no
8478,42,admin.,single,secondary,no,243,yes,no,unknown,14,may,46,5,-1,0,unknown,no
8479,31,self-employed,married,tertiary,no,414,no,no,cellular,14,aug,169,5,-1,0,unknown,no
8480,47,admin.,single,tertiary,no,0,no,no,cellular,29,jan,137,1,-1,0,unknown,no
8481,60,retired,married,tertiary,no,2196,no,no,cellular,15,jun,318,3,-1,0,unknown,no
8482,35,entrepreneur,single,tertiary,no,1416,yes,no,cellular,6,may,100,1,169,12,other,no
8483,46,services,divorced,secondary,no,281,yes,yes,cellular,6,may,267,1,-1,0,unknown,no
8484,40,services,married,secondary,no,518,no,no,telephone,17,jul,84,1,-1,0,unknown,no
8485,48,unknown,married,unknown,no,3,no,no,cellular,19,aug,104,2,-1,0,unknown,no
8486,52,blue-collar,married,primary,no,36,no,no,cellular,13,aug,109,2,-1,0,unknown,no
8487,50,blue-collar,married,primary,no,9301,yes,no,cellular,7,jul,136,4,-1,0,unknown,no
8488,34,technician,married,secondary,no,883,no,no,telephone,3,feb,166,2,173,3,failure,no
8489,34,admin.,married,tertiary,no,21,no,yes,cellular,2,jun,269,1,92,2,failure,no
8490,44,management,married,tertiary,no,3091,yes,no,unknown,17,jun,331,4,-1,0,unknown,no
8491,44,blue-collar,married,primary,no,2791,no,no,unknown,18,jun,335,1,-1,0,unknown,no
8492,28,services,single,secondary,no,217,yes,no,cellular,9,feb,379,3,-1,0,unknown,no
8493,28,self-employed,single,tertiary,no,1579,no,no,cellular,14,oct,122,3,-1,0,unknown,no
8494,29,management,married,secondary,no,0,yes,no,unknown,2,jun,85,4,-1,0,unknown,no
8495,29,student,single,secondary,no,314,no,no,cellular,13,aug,485,3,105,1,success,no
8496,55,management,married,tertiary,no,655,no,no,cellular,28,jul,167,6,-1,0,unknown,no
8497,31,admin.,married,secondary,no,212,yes,no,cellular,18,jul,191,3,-1,0,unknown,no
8498,31,admin.,single,secondary,no,523,no,yes,cellular,2,feb,323,1,109,5,failure,no
8499,32,management,single,tertiary,no,111,yes,no,unknown,8,may,162,2,-1,0,unknown,no
8500,31,technician,single,tertiary,no,1166,yes,no,unknown,3,jun,207,1,-1,0,unknown,no
8501,47,housemaid,married,secondary,no,582,no,no,cellular,13,aug,73,1,-1,0,unknown,no
8502,34,technician,single,secondary,no,513,yes,no,cellular,5,may,165,3,169,5,other,no
8503,53,management,married,tertiary,no,75,no,no,cellular,20,aug,216,2,-1,0,unknown,no
8504,29,admin.,single,secondary,no,1992,no,no,cellular,12,apr,119,2,-1,0,unknown,no
8505,50,management,married,secondary,no,2910,no,no,telephone,19,nov,433,1,113,1,failure,no
8506,49,services,married,secondary,no,66,yes,yes,cellular,21,nov,59,4,-1,0,unknown,no
8507,32,technician,married,secondary,no,599,no,no,cellular,19,nov,79,1,-1,0,unknown,no
8508,42,technician,married,secondary,no,89,yes,no,cellular,5,may,159,1,-1,0,unknown,no
8509,37,admin.,single,secondary,no,796,yes,no,telephone,29,jan,143,3,-1,0,unknown,no
8510,36,technician,married,tertiary,no,571,yes,yes,cellular,31,jul,46,3,-1,0,unknown,no
8511,33,blue-collar,married,secondary,no,215,no,no,cellular,15,apr,166,1,-1,0,unknown,no
8512,36,blue-collar,married,secondary,no,1088,yes,no,cellular,13,may,77,2,345,2,failure,no
8513,30,services,married,secondary,no,271,yes,no,unknown,15,may,365,1,-1,0,unknown,no
8514,57,self-employed,married,secondary,no,11494,no,no,cellular,19,nov,198,1,-1,0,unknown,no
8515,37,admin.,married,tertiary,no,2741,no,no,unknown,16,jun,204,4,-1,0,unknown,no
8516,25,services,divorced,secondary,no,1694,no,no,cellular,7,jul,159,2,-1,0,unknown,no
8517,70,retired,divorced,primary,no,383,no,no,cellular,28,apr,50,2,-1,0,unknown,no
8518,41,management,married,tertiary,no,298,no,no,cellular,4,may,63,3,272,1,other,no
8519,26,management,single,tertiary,no,155,yes,no,cellular,27,may,74,4,43,5,other,no
8520,53,entrepreneur,married,primary,no,694,yes,no,unknown,14,may,157,1,-1,0,unknown,no
8521,55,management,married,unknown,no,179,no,no,unknown,19,jun,97,1,-1,0,unknown,no
8522,23,technician,single,secondary,no,356,yes,no,cellular,18,may,224,2,356,2,failure,no
8523,45,management,married,tertiary,no,0,yes,no,cellular,5,may,469,2,342,1,failure,no
8524,34,self-employed,married,secondary,no,179,yes,yes,cellular,24,jul,137,4,-1,0,unknown,no
8525,35,management,married,tertiary,no,244,yes,no,cellular,19,nov,138,1,-1,0,unknown,no
8526,30,management,divorced,tertiary,no,46,no,no,cellular,13,aug,382,3,-1,0,unknown,no
8527,36,admin.,divorced,secondary,no,246,yes,no,unknown,16,may,206,2,-1,0,unknown,no
8528,48,self-employed,married,tertiary,no,7,yes,no,unknown,5,may,286,1,-1,0,unknown,no
8529,67,retired,divorced,primary,no,1746,no,no,cellular,5,aug,134,1,-1,0,unknown,no
8530,35,technician,single,tertiary,no,992,yes,no,cellular,26,aug,79,1,114,3,failure,no
8531,38,housemaid,divorced,tertiary,no,4312,no,no,cellular,15,may,67,4,175,6,failure,no
8532,44,blue-collar,married,primary,no,103,yes,no,cellular,12,may,79,1,329,2,failure,no
8533,54,blue-collar,married,secondary,no,506,yes,no,cellular,18,nov,172,2,104,2,failure,no
8534,42,management,divorced,tertiary,no,461,yes,no,unknown,3,jun,72,1,-1,0,unknown,no
8535,36,technician,single,tertiary,no,268,no,no,cellular,29,aug,54,12,-1,0,unknown,no
8536,26,technician,single,secondary,yes,-454,no,yes,cellular,18,jul,652,2,-1,0,unknown,no
8537,35,management,married,tertiary,no,365,no,no,cellular,21,nov,168,2,-1,0,unknown,no
8538,33,technician,divorced,secondary,no,2,yes,no,cellular,7,may,600,2,330,17,failure,no
8539,58,services,married,secondary,no,1667,yes,yes,unknown,6,may,85,1,-1,0,unknown,no
8540,21,blue-collar,single,secondary,no,2265,no,no,cellular,27,may,156,4,99,2,success,no
8541,34,blue-collar,married,secondary,no,4622,yes,yes,unknown,20,may,217,1,-1,0,unknown,no
8542,38,blue-collar,single,secondary,no,0,no,no,cellular,13,aug,255,2,105,1,failure,no
8543,41,technician,married,secondary,no,188,no,yes,telephone,31,jul,15,25,-1,0,unknown,no
8544,36,management,single,secondary,no,0,no,no,cellular,13,aug,333,5,-1,0,unknown,no
8545,38,self-employed,single,secondary,no,592,no,no,cellular,6,may,275,1,-1,0,unknown,no
8546,25,technician,married,secondary,no,-276,yes,no,unknown,4,jun,105,1,-1,0,unknown,no
8547,34,technician,married,secondary,no,1254,no,no,cellular,6,may,77,3,-1,0,unknown,no
8548,34,technician,married,secondary,no,652,yes,yes,cellular,18,jul,50,4,-1,0,unknown,no
8549,45,blue-collar,married,secondary,no,192,yes,no,cellular,13,may,154,5,176,1,other,no
8550,30,technician,single,secondary,no,148,yes,yes,cellular,15,may,115,5,-1,0,unknown,no
8551,42,technician,married,secondary,no,1812,yes,no,cellular,31,jul,84,2,-1,0,unknown,no
8552,50,unemployed,married,secondary,no,3478,yes,no,unknown,13,may,342,3,-1,0,unknown,no
8553,33,technician,married,secondary,no,264,no,no,cellular,28,aug,180,4,-1,0,unknown,no
8554,35,management,married,tertiary,no,71,yes,no,cellular,30,apr,510,2,-1,0,unknown,no
8555,59,blue-collar,married,secondary,no,1376,no,yes,unknown,9,may,61,4,-1,0,unknown,no
8556,38,blue-collar,married,primary,no,668,no,no,unknown,8,may,238,1,-1,0,unknown,no
8557,33,services,married,secondary,no,703,no,no,cellular,18,nov,160,2,-1,0,unknown,no
8558,45,technician,divorced,unknown,yes,-25,no,yes,unknown,3,jul,158,3,-1,0,unknown,no
8559,37,unemployed,single,secondary,no,48,no,no,cellular,31,jul,40,10,-1,0,unknown,no
8560,35,technician,single,tertiary,no,2453,yes,no,cellular,13,aug,119,2,-1,0,unknown,no
8561,41,blue-collar,single,primary,no,0,yes,no,unknown,16,may,522,5,-1,0,unknown,no
8562,33,management,married,tertiary,no,133,yes,no,unknown,26,may,308,4,-1,0,unknown,no
8563,30,management,single,tertiary,no,277,yes,no,cellular,8,may,166,1,42,1,other,no
8564,49,housemaid,married,primary,no,78,no,no,telephone,10,jul,139,1,-1,0,unknown,no
8565,39,management,married,secondary,no,517,yes,no,cellular,18,nov,387,3,196,2,failure,no
8566,44,entrepreneur,divorced,secondary,no,1,no,no,cellular,31,jul,388,4,-1,0,unknown,no
8567,38,blue-collar,married,primary,no,7944,no,no,unknown,17,jun,116,3,-1,0,unknown,no
8568,27,admin.,single,secondary,no,3,yes,no,cellular,8,may,346,2,-1,0,unknown,no
8569,45,management,married,tertiary,no,623,no,no,cellular,9,sep,405,3,-1,0,unknown,no
8570,40,management,divorced,tertiary,no,290,yes,no,unknown,27,may,184,1,-1,0,unknown,no
8571,53,services,married,primary,no,8918,yes,no,telephone,23,jul,173,2,-1,0,unknown,no
8572,32,management,single,tertiary,no,41,yes,no,cellular,7,may,449,1,338,1,other,no
8573,34,blue-collar,married,secondary,no,199,yes,no,unknown,8,may,627,3,-1,0,unknown,no
8574,29,blue-collar,married,secondary,no,100,yes,yes,cellular,6,may,152,4,344,2,failure,no
8575,34,services,single,secondary,no,313,yes,no,cellular,14,jul,634,3,-1,0,unknown,no
8576,40,admin.,married,secondary,no,419,yes,yes,cellular,12,may,92,1,369,1,failure,no
8577,44,technician,married,secondary,no,0,yes,no,unknown,30,may,243,3,-1,0,unknown,no
8578,36,management,single,tertiary,no,0,no,yes,cellular,18,nov,300,1,96,4,failure,no
8579,39,technician,married,tertiary,no,437,no,no,telephone,27,may,186,2,-1,0,unknown,no
8580,58,blue-collar,married,primary,no,1357,yes,no,unknown,13,may,150,2,-1,0,unknown,no
8581,37,technician,married,secondary,no,1610,no,no,unknown,16,jun,140,2,-1,0,unknown,no
8582,31,management,married,tertiary,no,0,yes,no,cellular,4,may,108,2,167,1,failure,no
8583,46,blue-collar,divorced,secondary,no,709,yes,no,cellular,18,jul,100,4,-1,0,unknown,no
8584,26,student,single,tertiary,no,10086,no,no,cellular,8,jul,475,3,78,2,success,no
8585,37,services,married,secondary,no,0,yes,no,cellular,14,jul,330,4,-1,0,unknown,no
8586,39,services,married,secondary,no,-311,yes,no,cellular,6,may,55,2,345,2,other,no
8587,36,management,married,tertiary,no,9324,yes,no,cellular,30,mar,138,8,-1,0,unknown,no
8588,29,management,married,tertiary,no,7832,yes,no,unknown,27,may,304,2,-1,0,unknown,no
8589,47,technician,divorced,secondary,no,191,no,no,cellular,19,aug,228,5,-1,0,unknown,no
8590,47,management,married,tertiary,no,6637,yes,no,cellular,17,apr,174,2,-1,0,unknown,no
8591,44,services,single,secondary,no,0,yes,no,unknown,14,may,198,1,-1,0,unknown,no
8592,24,admin.,single,secondary,no,172,no,no,cellular,3,feb,114,1,-1,0,unknown,no
8593,30,blue-collar,married,secondary,no,1131,yes,yes,cellular,18,nov,189,1,144,5,failure,no
8594,55,management,single,NULL,no,797,no,no,cellular,29,jul,24,2,-1,0,unknown,no
8595,41,admin.,married,secondary,no,120,no,yes,cellular,8,jul,489,1,-1,0,unknown,no
8596,57,admin.,married,primary,no,215,yes,yes,cellular,17,jul,210,2,-1,0,unknown,no
8597,34,blue-collar,married,primary,no,425,yes,no,cellular,16,jul,1389,7,-1,0,unknown,no
8598,31,admin.,single,secondary,no,476,no,no,cellular,9,feb,284,2,-1,0,unknown,no
8599,56,entrepreneur,divorced,primary,no,29,no,no,cellular,29,jan,52,2,227,1,failure,no
8600,53,management,married,unknown,no,527,yes,no,cellular,23,jul,71,3,-1,0,unknown,no
8601,33,management,single,tertiary,no,0,no,no,cellular,27,aug,191,4,-1,0,unknown,no
8602,67,admin.,married,primary,no,1093,no,no,telephone,8,jul,64,3,-1,0,unknown,no
8603,53,housemaid,married,primary,no,70,no,no,cellular,21,aug,77,8,-1,0,unknown,no
8604,41,housemaid,married,primary,no,39,no,no,cellular,21,aug,299,4,-1,0,unknown,no
8605,46,housemaid,married,primary,no,296,yes,no,unknown,20,jun,205,4,-1,0,unknown,no
8606,58,admin.,married,secondary,no,1464,yes,yes,unknown,5,jun,53,29,-1,0,unknown,no
8607,39,blue-collar,married,primary,no,2226,yes,no,unknown,6,may,158,1,-1,0,unknown,no
8608,30,technician,single,secondary,no,1286,no,no,telephone,28,aug,44,12,-1,0,unknown,no
8609,37,blue-collar,married,primary,no,-738,yes,no,cellular,5,may,303,1,-1,0,unknown,no
8610,45,management,married,tertiary,no,3643,no,no,cellular,21,nov,162,1,-1,0,unknown,no
8611,50,housemaid,married,tertiary,no,5260,yes,no,cellular,24,jul,51,2,-1,0,unknown,no
8612,30,technician,single,secondary,no,3096,yes,no,cellular,11,aug,272,4,-1,0,unknown,no
8613,29,blue-collar,married,secondary,no,-312,yes,yes,cellular,14,may,130,2,-1,0,unknown,no
8614,32,self-employed,married,primary,no,286,yes,no,cellular,6,aug,175,1,-1,0,unknown,no
8615,37,management,married,tertiary,no,89,yes,no,unknown,19,may,162,10,-1,0,unknown,no
8616,26,services,single,secondary,no,-72,yes,no,unknown,30,jun,82,9,-1,0,unknown,no
8617,51,management,single,tertiary,no,4305,yes,no,cellular,4,may,126,1,-1,0,unknown,no
8618,38,admin.,married,primary,no,1487,no,no,unknown,9,jun,332,2,-1,0,unknown,no
8619,72,retired,divorced,primary,no,0,no,no,telephone,28,aug,359,1,-1,0,unknown,no
8620,42,technician,divorced,secondary,no,-78,yes,yes,cellular,29,jul,10,23,-1,0,unknown,no
8621,57,blue-collar,single,primary,no,3495,no,yes,cellular,19,nov,362,3,-1,0,unknown,no
8622,22,student,single,unknown,no,3317,no,no,cellular,10,aug,148,1,-1,0,unknown,no
8623,46,management,married,tertiary,no,1906,no,no,cellular,28,aug,44,6,-1,0,unknown,no
8624,32,unemployed,married,secondary,no,2996,yes,no,unknown,19,may,68,1,-1,0,unknown,no
8625,42,technician,married,tertiary,no,446,no,no,cellular,6,aug,286,3,-1,0,unknown,no
8626,37,blue-collar,married,secondary,no,1590,no,no,unknown,12,jun,305,2,-1,0,unknown,no
8627,27,self-employed,single,tertiary,no,5214,yes,no,unknown,28,may,94,1,-1,0,unknown,no
8628,30,management,married,tertiary,no,134,yes,no,unknown,19,may,70,1,-1,0,unknown,no
8629,34,management,married,tertiary,no,8,no,no,cellular,25,aug,169,4,-1,0,unknown,no
8630,56,management,married,tertiary,no,3120,yes,no,cellular,7,aug,666,2,-1,0,unknown,no
8631,54,services,married,secondary,no,171,no,yes,cellular,14,jul,673,8,-1,0,unknown,no
8632,57,management,married,secondary,no,39,yes,no,cellular,15,may,114,2,-1,0,unknown,no
8633,56,management,married,tertiary,no,171,no,yes,telephone,17,jul,610,2,-1,0,unknown,no
8634,41,services,married,secondary,no,-140,no,yes,unknown,6,jun,190,1,-1,0,unknown,no
8635,32,management,single,tertiary,no,728,yes,no,unknown,21,may,125,1,-1,0,unknown,no
8636,34,services,married,secondary,no,1637,yes,no,cellular,21,nov,107,4,-1,0,unknown,no
8637,30,services,single,secondary,no,-143,yes,no,cellular,15,may,85,1,-1,0,unknown,no
8638,42,technician,divorced,tertiary,no,802,no,no,telephone,28,jan,119,2,-1,0,unknown,no
8639,40,housemaid,married,tertiary,no,795,yes,no,unknown,29,may,725,3,-1,0,unknown,no
8640,36,technician,single,secondary,no,265,yes,yes,unknown,5,may,348,1,-1,0,unknown,no
8641,42,services,married,primary,no,2567,yes,no,unknown,19,may,401,2,-1,0,unknown,no
8642,34,management,married,tertiary,no,3402,no,no,cellular,3,jun,88,2,-1,0,unknown,no
8643,30,services,divorced,secondary,no,1336,yes,no,cellular,18,may,13,3,355,5,failure,no
8644,35,blue-collar,married,secondary,no,306,no,no,unknown,20,jun,12,8,-1,0,unknown,no
8645,44,blue-collar,single,primary,no,10984,no,no,unknown,20,jun,258,18,-1,0,unknown,no
8646,46,admin.,married,secondary,no,526,no,yes,cellular,31,jul,251,3,-1,0,unknown,no
8647,38,services,married,tertiary,no,563,yes,no,cellular,7,may,251,2,-1,0,unknown,no
8648,32,services,single,tertiary,no,0,no,no,cellular,28,aug,23,12,-1,0,unknown,no
8649,34,management,married,tertiary,no,0,no,no,cellular,29,aug,120,2,-1,0,unknown,no
8650,53,services,divorced,primary,no,3107,no,no,unknown,5,jun,152,1,-1,0,unknown,no
8651,38,services,married,primary,no,0,no,no,cellular,28,jul,33,3,-1,0,unknown,no
8652,54,management,married,tertiary,no,1146,yes,no,cellular,12,aug,205,2,-1,0,unknown,no
8653,32,blue-collar,single,secondary,no,5252,yes,no,cellular,20,nov,232,2,183,2,failure,no
8654,33,management,married,tertiary,no,1195,yes,no,telephone,13,may,355,4,-1,0,unknown,no
8655,46,technician,married,secondary,no,488,no,no,unknown,5,jun,92,1,-1,0,unknown,no
8656,49,management,married,tertiary,no,1887,no,no,cellular,18,nov,244,3,-1,0,unknown,no
8657,37,management,married,tertiary,no,49,no,yes,cellular,22,aug,132,1,-1,0,unknown,no
8658,40,blue-collar,married,secondary,no,280,yes,no,cellular,8,may,435,2,340,3,failure,no
8659,35,blue-collar,married,secondary,no,-461,no,no,unknown,23,may,339,1,-1,0,unknown,no
8660,26,services,divorced,primary,no,633,yes,no,unknown,27,may,326,2,-1,0,unknown,no
8661,27,blue-collar,single,primary,no,3955,yes,no,unknown,28,may,205,3,-1,0,unknown,no
8662,39,management,married,tertiary,no,-233,yes,no,cellular,19,nov,249,1,-1,0,unknown,no
8663,31,services,single,tertiary,no,1626,no,no,unknown,31,jul,15,1,-1,0,unknown,no
8664,53,blue-collar,married,secondary,no,1103,yes,yes,cellular,4,feb,101,2,250,4,failure,no
8665,50,entrepreneur,divorced,tertiary,no,223,no,no,cellular,7,jul,264,5,-1,0,unknown,no
8666,36,blue-collar,single,secondary,no,-175,yes,no,unknown,15,may,180,2,-1,0,unknown,no
8667,46,blue-collar,married,secondary,no,-3,yes,no,unknown,9,may,92,2,-1,0,unknown,no
8668,36,services,married,tertiary,no,0,yes,no,cellular,8,may,52,1,-1,0,unknown,no
8669,38,housemaid,married,primary,no,3918,no,no,cellular,27,aug,101,3,-1,0,unknown,no
8670,44,management,married,tertiary,no,284,yes,yes,cellular,10,jul,109,5,-1,0,unknown,no
8671,56,retired,married,secondary,no,4577,no,no,cellular,29,aug,133,2,-1,0,unknown,no
8672,37,management,single,tertiary,no,876,yes,no,cellular,15,apr,140,4,327,2,failure,no
8673,51,blue-collar,married,primary,no,3754,no,yes,cellular,13,aug,202,3,-1,0,unknown,no
8674,41,technician,married,secondary,no,128,yes,no,cellular,27,aug,100,2,-1,0,unknown,no
8675,55,technician,divorced,tertiary,no,0,yes,no,unknown,30,may,234,1,-1,0,unknown,no
8676,38,management,divorced,tertiary,no,547,yes,no,unknown,14,may,137,4,-1,0,unknown,no
8677,21,management,single,tertiary,no,243,no,yes,cellular,17,jun,181,2,-1,0,unknown,no
8678,40,entrepreneur,married,tertiary,no,3571,no,no,unknown,9,jun,222,3,-1,0,unknown,no
8679,39,technician,married,secondary,no,130,no,no,cellular,8,jul,202,2,-1,0,unknown,no
8680,30,blue-collar,married,secondary,no,-529,yes,no,cellular,12,may,416,4,-1,0,unknown,no
8681,28,services,single,secondary,no,1636,yes,no,cellular,18,may,97,1,355,2,failure,no
8682,58,services,married,secondary,no,12180,no,no,unknown,16,jun,121,5,-1,0,unknown,no
8683,50,unemployed,married,secondary,no,297,yes,no,cellular,31,jul,29,10,-1,0,unknown,no
8684,32,blue-collar,single,secondary,no,413,yes,no,cellular,19,nov,270,1,-1,0,unknown,no
8685,44,technician,single,secondary,no,285,yes,no,cellular,12,may,373,3,-1,0,unknown,no
8686,47,technician,married,secondary,no,19,yes,no,unknown,6,may,105,2,-1,0,unknown,no
8687,45,unknown,married,primary,no,44,no,no,unknown,11,jun,81,1,-1,0,unknown,no
8688,48,services,divorced,secondary,no,62,yes,no,cellular,8,may,561,1,-1,0,unknown,no
8689,60,management,married,tertiary,no,79,no,no,unknown,11,jun,48,3,-1,0,unknown,no
8690,45,blue-collar,married,secondary,no,226,no,no,telephone,4,feb,170,2,212,2,failure,no
8691,31,technician,single,secondary,no,2388,no,no,cellular,5,aug,123,1,-1,0,unknown,no
8692,30,admin.,single,secondary,no,98,yes,no,cellular,23,jul,100,5,-1,0,unknown,no
8693,52,management,married,primary,no,48,no,no,unknown,9,jun,135,2,-1,0,unknown,no
8694,31,blue-collar,married,secondary,no,255,yes,yes,cellular,18,may,295,1,-1,0,unknown,no
8695,53,blue-collar,married,secondary,no,2,yes,no,unknown,16,may,851,2,-1,0,unknown,no
8696,47,blue-collar,married,primary,no,643,yes,no,unknown,20,jun,18,6,-1,0,unknown,no
8697,42,technician,married,tertiary,no,13410,no,yes,cellular,14,aug,149,2,-1,0,unknown,no
8698,57,admin.,married,unknown,no,0,yes,no,unknown,15,may,215,2,-1,0,unknown,no
8699,35,self-employed,divorced,secondary,no,3443,no,no,cellular,30,jul,409,4,-1,0,unknown,no
8700,47,unemployed,married,primary,no,2946,no,no,unknown,5,jun,60,1,-1,0,unknown,no
8701,37,management,married,tertiary,no,21,yes,no,unknown,29,may,52,2,-1,0,unknown,no
8702,55,unemployed,married,primary,no,1212,no,no,cellular,31,aug,241,1,92,1,failure,no
8703,58,management,married,tertiary,no,2183,yes,no,cellular,22,jul,209,1,-1,0,unknown,no
8704,33,entrepreneur,married,secondary,no,135,yes,no,cellular,17,apr,114,1,345,2,failure,no
8705,29,blue-collar,married,secondary,no,5903,yes,no,unknown,8,may,194,1,-1,0,unknown,no
8706,41,unemployed,divorced,secondary,no,271,yes,no,unknown,19,jun,196,2,-1,0,unknown,no
8707,53,retired,married,secondary,no,303,yes,no,unknown,6,may,593,2,-1,0,unknown,no
8708,41,entrepreneur,single,primary,no,7264,no,yes,unknown,1,jul,125,3,-1,0,unknown,no
8709,42,unemployed,married,tertiary,no,0,no,no,cellular,8,oct,113,1,-1,0,unknown,no
8710,52,admin.,married,primary,no,204,no,no,cellular,19,aug,123,2,-1,0,unknown,no
8711,42,services,divorced,secondary,no,444,no,no,cellular,21,nov,171,1,-1,0,unknown,no
8712,33,services,single,secondary,no,-27,yes,no,unknown,26,may,165,1,-1,0,unknown,no
8713,44,blue-collar,single,primary,no,287,no,no,cellular,29,jan,301,1,-1,0,unknown,no
8714,53,management,married,tertiary,no,800,no,no,cellular,18,nov,90,1,-1,0,unknown,no
8715,35,technician,single,secondary,no,4645,yes,no,cellular,11,jan,502,3,270,40,other,no
8716,47,entrepreneur,married,unknown,no,1481,yes,no,cellular,6,may,64,2,364,3,failure,no
8717,59,admin.,married,secondary,no,1575,yes,no,cellular,12,may,301,3,263,11,success,no
8718,31,management,single,tertiary,no,5691,yes,no,cellular,21,nov,37,2,123,1,failure,no
8719,40,management,married,tertiary,no,294,yes,no,cellular,23,jul,97,5,-1,0,unknown,no
8720,55,management,married,tertiary,no,154,no,no,telephone,11,may,70,2,367,3,failure,no
8721,41,self-employed,single,tertiary,no,3950,yes,no,unknown,30,may,96,2,-1,0,unknown,no
8722,46,blue-collar,married,secondary,no,624,yes,no,cellular,16,apr,201,1,-1,0,unknown,no
8723,35,services,divorced,secondary,no,-504,no,no,cellular,10,jul,228,1,-1,0,unknown,no
8724,46,technician,divorced,secondary,no,111,yes,no,cellular,19,nov,178,3,183,2,other,no
8725,31,blue-collar,married,secondary,no,1131,yes,yes,cellular,15,apr,126,1,148,6,failure,no
8726,49,management,married,tertiary,no,322,no,no,cellular,6,aug,72,4,-1,0,unknown,no
8727,37,technician,married,secondary,no,0,yes,no,cellular,16,apr,657,4,149,1,other,no
8728,41,technician,single,tertiary,no,-89,yes,no,cellular,3,feb,195,4,251,4,failure,no
8729,42,blue-collar,married,secondary,no,3,yes,no,unknown,14,may,34,1,-1,0,unknown,no
8730,34,technician,single,secondary,no,1313,no,no,cellular,19,apr,237,4,-1,0,unknown,no
8731,55,technician,married,secondary,no,462,no,no,cellular,11,aug,116,2,-1,0,unknown,no
8732,49,unemployed,married,primary,yes,11,yes,no,telephone,31,jul,166,8,-1,0,unknown,no
8733,59,technician,married,primary,no,3163,yes,no,unknown,29,may,240,2,-1,0,unknown,no
8734,26,technician,single,secondary,no,2,yes,yes,unknown,15,may,461,1,-1,0,unknown,no
8735,43,self-employed,married,tertiary,no,3157,no,no,cellular,21,apr,381,2,330,17,other,no
8736,35,management,single,tertiary,no,4348,yes,no,cellular,2,apr,1074,3,217,8,failure,no
8737,43,management,married,tertiary,no,-391,yes,no,cellular,28,jul,193,8,-1,0,unknown,no
8738,51,blue-collar,married,tertiary,no,7816,yes,no,unknown,12,may,76,2,-1,0,unknown,no
8739,29,technician,single,secondary,no,5763,no,yes,cellular,5,jun,271,2,92,2,success,no
8740,42,self-employed,married,secondary,no,240,yes,no,cellular,4,feb,183,1,189,16,other,no
8741,73,retired,married,primary,no,508,no,no,cellular,14,jun,154,4,97,1,success,no
8742,39,services,married,secondary,no,2,yes,no,cellular,25,jul,174,10,-1,0,unknown,no
8743,39,management,married,tertiary,no,1654,no,yes,cellular,21,nov,151,1,-1,0,unknown,no
8744,44,entrepreneur,married,secondary,no,860,yes,yes,cellular,6,may,96,2,295,5,failure,no
8745,30,admin.,single,secondary,no,154,yes,no,cellular,21,nov,24,2,-1,0,unknown,no
8746,32,admin.,married,tertiary,no,281,yes,no,unknown,6,may,226,1,-1,0,unknown,no
8747,57,retired,married,secondary,no,427,no,no,cellular,29,jan,246,1,-1,0,unknown,no
8748,55,blue-collar,married,secondary,no,467,no,no,cellular,25,aug,129,5,-1,0,unknown,no
8749,24,self-employed,single,tertiary,no,91,yes,no,cellular,15,may,134,2,-1,0,unknown,no
8750,41,services,married,secondary,no,1319,yes,no,cellular,11,may,305,1,-1,0,unknown,no
8751,39,admin.,married,tertiary,no,259,yes,no,unknown,19,may,27,1,-1,0,unknown,no
8752,52,self-employed,married,secondary,no,-488,yes,no,unknown,29,may,322,1,-1,0,unknown,no
8753,28,services,single,secondary,no,60,no,yes,cellular,29,jan,248,1,-1,0,unknown,no
8754,56,management,married,primary,no,405,no,no,cellular,21,jul,251,2,-1,0,unknown,no
8755,33,technician,married,secondary,no,177,yes,yes,cellular,12,may,22,8,-1,0,unknown,no
8756,41,management,married,tertiary,no,-412,yes,no,cellular,29,jan,85,1,195,5,other,no
8757,32,management,married,tertiary,no,282,no,no,cellular,22,aug,92,2,-1,0,unknown,no
8758,50,housemaid,married,tertiary,no,6181,no,no,unknown,17,jun,1162,2,-1,0,unknown,no
8759,28,services,single,secondary,no,373,yes,no,cellular,18,may,115,2,-1,0,unknown,no
8760,36,management,married,tertiary,no,-92,no,yes,cellular,18,nov,196,3,-1,0,unknown,no
8761,36,blue-collar,married,primary,no,49,yes,no,cellular,15,may,232,2,365,5,other,no
8762,53,housemaid,married,primary,no,0,no,no,unknown,24,jun,51,8,-1,0,unknown,no
8763,40,admin.,married,secondary,no,-283,no,no,unknown,20,jun,253,2,-1,0,unknown,no
8764,34,technician,single,secondary,no,1313,no,no,cellular,12,aug,176,1,21,6,failure,no
8765,35,admin.,single,secondary,no,2452,yes,no,unknown,5,jun,91,2,-1,0,unknown,no
8766,55,technician,married,secondary,no,517,yes,yes,unknown,19,may,61,4,-1,0,unknown,no
8767,49,management,married,tertiary,no,350,no,no,cellular,12,aug,238,6,-1,0,unknown,no
8768,57,retired,married,primary,no,1623,yes,yes,cellular,18,jul,246,1,-1,0,unknown,no
8769,44,blue-collar,single,secondary,no,-435,yes,no,unknown,27,may,141,2,-1,0,unknown,no
8770,57,retired,married,primary,no,333,no,no,unknown,22,aug,336,2,-1,0,unknown,no
8771,36,management,married,tertiary,no,3770,yes,no,cellular,31,jul,150,4,-1,0,unknown,no
8772,53,services,divorced,primary,no,778,yes,no,cellular,17,apr,221,2,-1,0,unknown,no
8773,25,admin.,single,secondary,no,483,no,yes,cellular,30,apr,68,1,86,1,success,no
8774,26,unemployed,single,tertiary,no,2170,no,no,cellular,3,feb,317,1,-1,0,unknown,no
8775,33,management,single,tertiary,no,541,yes,yes,unknown,21,may,572,1,-1,0,unknown,no
8776,33,admin.,married,tertiary,no,205,no,no,unknown,1,jul,156,2,-1,0,unknown,no
8777,29,technician,single,tertiary,no,2269,yes,no,cellular,20,apr,53,1,346,1,failure,no
8778,34,admin.,divorced,secondary,no,0,yes,no,cellular,6,may,153,1,-1,0,unknown,no
8779,46,services,divorced,unknown,no,973,no,no,cellular,2,feb,297,1,-1,0,unknown,no
8780,25,admin.,married,secondary,no,894,yes,no,unknown,28,may,328,1,-1,0,unknown,no
8781,57,retired,married,primary,no,-12,no,yes,cellular,12,aug,80,8,-1,0,unknown,no
8782,50,management,married,tertiary,no,0,no,no,cellular,30,jan,199,1,205,1,failure,no
8783,48,blue-collar,married,primary,no,5154,yes,no,unknown,14,may,70,1,-1,0,unknown,no
8784,32,admin.,single,secondary,no,-32,no,no,cellular,29,jan,320,1,185,5,other,no
8785,45,blue-collar,single,primary,no,999,no,no,cellular,29,jan,182,2,-1,0,unknown,no
8786,32,services,married,secondary,no,24,yes,yes,cellular,12,may,185,1,-1,0,unknown,no
8787,34,management,married,tertiary,no,0,yes,no,unknown,20,may,150,1,-1,0,unknown,no
8788,56,blue-collar,married,secondary,no,771,yes,yes,unknown,19,jun,254,1,-1,0,unknown,no
8789,49,management,single,tertiary,no,1350,yes,yes,cellular,11,may,716,1,-1,0,unknown,no
8790,54,admin.,married,tertiary,no,19,no,no,cellular,26,aug,131,2,-1,0,unknown,no
8791,44,management,single,tertiary,no,709,yes,no,cellular,19,nov,54,1,-1,0,unknown,no
8792,35,blue-collar,single,primary,no,2040,no,no,cellular,21,nov,258,1,157,4,failure,no
8793,31,management,married,tertiary,no,303,yes,no,unknown,14,may,143,1,-1,0,unknown,no
8794,34,management,married,secondary,no,-311,yes,no,unknown,27,may,305,2,-1,0,unknown,no
8795,38,management,single,tertiary,no,690,yes,no,unknown,20,may,34,1,-1,0,unknown,no
8796,56,management,married,tertiary,no,2551,yes,no,cellular,17,nov,150,2,-1,0,unknown,no
8797,49,technician,married,secondary,no,-142,yes,yes,cellular,23,jul,73,4,-1,0,unknown,no
8798,44,blue-collar,married,secondary,no,-448,yes,no,unknown,18,jun,149,2,-1,0,unknown,no
8799,33,admin.,married,tertiary,no,99,yes,yes,cellular,18,nov,55,2,-1,0,unknown,no
8800,33,technician,single,secondary,no,18,no,no,cellular,22,aug,93,2,-1,0,unknown,no
8801,29,services,single,secondary,no,37,no,yes,cellular,17,jul,309,2,-1,0,unknown,no
8802,34,blue-collar,married,primary,no,3868,yes,no,cellular,18,may,134,1,350,1,failure,no
8803,57,blue-collar,divorced,primary,no,5041,yes,no,cellular,16,apr,284,1,336,1,failure,no
8804,34,admin.,married,secondary,no,260,no,no,cellular,28,jan,50,1,-1,0,unknown,no
8805,55,blue-collar,married,secondary,yes,67,no,no,cellular,8,jul,267,2,-1,0,unknown,no
8806,47,technician,divorced,secondary,no,157,yes,no,cellular,25,aug,163,8,-1,0,unknown,no
8807,48,blue-collar,married,secondary,no,1513,no,yes,cellular,17,jul,1171,1,-1,0,unknown,no
8808,36,technician,single,secondary,no,1044,yes,no,cellular,20,aug,15,19,-1,0,unknown,no
8809,34,blue-collar,married,secondary,no,113,yes,no,cellular,13,may,16,2,-1,0,unknown,no
8810,43,blue-collar,married,unknown,no,245,yes,no,cellular,16,apr,829,1,-1,0,unknown,no
8811,55,management,married,tertiary,no,505,yes,no,cellular,17,apr,58,1,316,1,other,no
8812,58,admin.,married,secondary,no,92,yes,no,unknown,27,may,180,1,-1,0,unknown,no
8813,62,self-employed,married,tertiary,no,3685,no,no,cellular,3,feb,181,3,-1,0,unknown,no
8814,32,management,married,tertiary,no,1636,yes,no,cellular,18,nov,124,1,-1,0,unknown,no
8815,35,management,married,tertiary,no,0,yes,no,cellular,5,may,310,1,-1,0,unknown,no
8816,33,management,single,tertiary,no,349,no,no,cellular,22,aug,182,1,-1,0,unknown,no
8817,54,technician,married,primary,no,3067,yes,no,telephone,29,jul,222,3,-1,0,unknown,no
8818,41,blue-collar,married,secondary,no,338,yes,no,unknown,14,may,87,1,-1,0,unknown,no
8819,58,retired,married,primary,no,282,yes,no,cellular,28,jul,40,4,-1,0,unknown,no
8820,34,management,single,tertiary,no,1190,no,no,cellular,3,feb,18,7,-1,0,unknown,no
8821,58,blue-collar,married,primary,no,73,no,no,unknown,17,jun,116,1,-1,0,unknown,no
8822,30,technician,married,secondary,no,384,no,no,cellular,25,aug,73,3,-1,0,unknown,no
8823,40,blue-collar,married,primary,no,-388,yes,no,cellular,4,may,195,3,340,1,failure,no
8824,35,management,married,tertiary,no,354,no,yes,cellular,9,feb,117,4,12,2,other,no
8825,37,admin.,single,secondary,no,192,yes,no,unknown,23,may,105,2,-1,0,unknown,no
8826,32,blue-collar,single,secondary,no,70,yes,no,unknown,26,may,118,6,-1,0,unknown,no
8827,33,services,married,secondary,no,22,yes,no,unknown,5,may,71,1,-1,0,unknown,no
8828,48,technician,married,secondary,no,335,no,no,unknown,17,jun,214,3,-1,0,unknown,no
8829,46,blue-collar,divorced,primary,no,2775,no,yes,cellular,8,jul,188,1,-1,0,unknown,no
8830,35,management,single,tertiary,no,592,no,yes,unknown,14,may,192,1,-1,0,unknown,no
8831,32,management,single,tertiary,no,1271,yes,no,unknown,20,may,51,1,-1,0,unknown,no
8832,30,self-employed,single,tertiary,no,48,no,no,cellular,27,may,144,2,187,1,failure,no
8833,46,technician,married,tertiary,no,0,no,no,unknown,6,jun,159,1,-1,0,unknown,no
8834,27,student,single,tertiary,no,4869,yes,no,cellular,15,may,258,2,343,4,other,no
8835,40,blue-collar,married,secondary,no,737,yes,no,unknown,30,may,135,2,-1,0,unknown,no
8836,60,entrepreneur,married,primary,no,83,yes,no,cellular,17,jul,302,2,-1,0,unknown,no
8837,28,admin.,single,tertiary,no,1104,yes,no,cellular,28,jul,73,7,-1,0,unknown,no
8838,27,admin.,single,unknown,no,5,yes,no,cellular,17,jul,225,2,-1,0,unknown,no
8839,31,blue-collar,single,secondary,no,23,no,no,cellular,21,nov,116,1,-1,0,unknown,no
8840,28,blue-collar,married,secondary,no,1137,no,no,cellular,6,feb,129,4,211,3,other,no
8841,27,blue-collar,single,secondary,no,181,no,no,unknown,13,may,147,1,-1,0,unknown,no
8842,36,unemployed,divorced,secondary,no,8267,no,no,unknown,18,jun,321,2,-1,0,unknown,no
8843,41,technician,married,secondary,no,871,yes,no,unknown,6,may,145,1,-1,0,unknown,no
8844,30,services,single,secondary,no,1824,yes,no,cellular,21,jul,153,2,-1,0,unknown,no
8845,52,management,single,tertiary,no,4,no,yes,cellular,28,jul,30,9,-1,0,unknown,no
8846,35,admin.,married,secondary,no,421,yes,no,cellular,18,nov,350,1,-1,0,unknown,no
8847,37,housemaid,single,tertiary,no,561,no,no,cellular,18,nov,188,1,165,2,failure,no
8848,37,services,married,secondary,no,1498,yes,no,cellular,20,apr,107,1,-1,0,unknown,no
8849,48,management,divorced,tertiary,no,657,no,yes,cellular,29,jan,251,2,-1,0,unknown,no
8850,38,unemployed,married,secondary,no,0,no,no,cellular,24,jul,168,2,-1,0,unknown,no
8851,44,technician,divorced,tertiary,no,9192,yes,no,unknown,6,jun,59,3,-1,0,unknown,no
8852,43,technician,married,secondary,no,7876,yes,no,cellular,11,aug,209,2,-1,0,unknown,no
8853,35,blue-collar,single,secondary,no,0,yes,no,cellular,9,feb,226,3,280,1,other,no
8854,40,technician,married,secondary,no,192,no,no,cellular,7,aug,266,2,-1,0,unknown,no
8855,42,blue-collar,married,primary,no,803,yes,no,unknown,7,may,171,2,-1,0,unknown,no
8856,51,blue-collar,married,primary,no,1694,no,no,cellular,13,aug,186,2,-1,0,unknown,no
8857,46,management,married,secondary,no,5559,no,no,unknown,17,jun,483,1,-1,0,unknown,no
8858,40,blue-collar,divorced,primary,no,737,yes,yes,unknown,12,may,102,1,-1,0,unknown,no
8859,51,housemaid,married,unknown,no,174,no,no,telephone,29,jul,308,3,-1,0,unknown,no
8860,24,self-employed,single,tertiary,no,931,yes,no,unknown,28,may,200,4,-1,0,unknown,no
8861,31,technician,married,tertiary,no,95,no,no,cellular,21,nov,48,6,-1,0,unknown,no
8862,41,entrepreneur,married,primary,no,0,no,no,unknown,16,jun,630,2,-1,0,unknown,no
8863,34,technician,single,secondary,no,4367,no,no,cellular,13,aug,121,2,-1,0,unknown,no
8864,31,blue-collar,married,primary,no,68,yes,no,unknown,8,may,226,1,-1,0,unknown,no
8865,31,management,single,tertiary,no,1308,no,no,cellular,22,aug,323,3,-1,0,unknown,no
8866,52,retired,divorced,primary,no,353,no,no,cellular,31,jul,395,4,-1,0,unknown,no
8867,38,blue-collar,married,secondary,no,-40,yes,no,unknown,23,may,227,1,-1,0,unknown,no
8868,31,blue-collar,married,secondary,no,0,yes,no,unknown,9,may,133,1,-1,0,unknown,no
8869,34,admin.,married,secondary,no,-312,yes,no,unknown,9,may,232,1,-1,0,unknown,no
8870,22,student,single,unknown,no,549,no,no,cellular,2,sep,154,1,-1,0,unknown,no
8871,60,services,married,secondary,no,8837,yes,no,unknown,16,may,144,4,-1,0,unknown,no
8872,28,blue-collar,married,secondary,no,1020,yes,no,unknown,28,may,251,1,-1,0,unknown,no
8873,31,admin.,married,secondary,no,3540,yes,no,cellular,21,nov,441,1,-1,0,unknown,no
8874,32,management,married,tertiary,no,663,no,yes,cellular,22,jul,62,3,-1,0,unknown,no
8875,77,retired,married,primary,no,2590,no,no,telephone,15,feb,112,5,94,15,success,no
8876,70,retired,married,primary,no,4982,no,no,cellular,4,may,794,2,-1,0,unknown,no
8877,29,services,married,tertiary,no,6,yes,no,unknown,28,may,143,2,-1,0,unknown,no
8878,34,management,married,tertiary,no,118,no,yes,telephone,17,jul,171,3,-1,0,unknown,no
8879,38,blue-collar,divorced,primary,no,-258,yes,no,cellular,14,may,134,2,370,4,other,no
8880,45,blue-collar,married,secondary,no,-221,yes,yes,unknown,3,jun,170,1,-1,0,unknown,no
8881,40,management,married,secondary,no,2596,no,no,unknown,12,jun,236,1,-1,0,unknown,no
8882,34,blue-collar,married,secondary,no,467,yes,no,cellular,13,may,195,2,357,2,failure,no
8883,30,technician,divorced,secondary,no,3100,yes,no,cellular,20,nov,125,1,183,4,failure,no
8884,56,management,divorced,tertiary,no,722,no,no,cellular,19,feb,134,3,94,2,failure,no
8885,50,technician,married,secondary,no,797,yes,no,unknown,6,may,354,1,-1,0,unknown,no
8886,53,technician,married,tertiary,no,476,yes,no,cellular,28,jan,160,1,-1,0,unknown,no
8887,48,unknown,married,unknown,no,558,no,no,cellular,25,aug,433,6,-1,0,unknown,no
8888,53,entrepreneur,married,secondary,no,162,yes,no,cellular,7,may,270,2,-1,0,unknown,no
8889,27,technician,single,secondary,no,1842,yes,yes,cellular,18,may,687,2,300,1,failure,no
8890,46,blue-collar,married,secondary,no,2348,no,no,cellular,17,nov,182,1,-1,0,unknown,no
8891,54,retired,married,primary,no,11,yes,yes,cellular,18,aug,48,10,-1,0,unknown,no
8892,36,blue-collar,married,secondary,no,2103,no,yes,unknown,26,jun,71,1,-1,0,unknown,no
8893,31,technician,single,tertiary,no,967,no,no,cellular,21,nov,210,3,-1,0,unknown,no
8894,58,technician,married,secondary,no,116,no,no,unknown,16,jun,580,3,-1,0,unknown,no
8895,48,services,divorced,primary,no,2805,no,yes,cellular,23,jul,212,2,-1,0,unknown,no
8896,29,services,married,secondary,no,1386,yes,no,unknown,28,may,166,1,-1,0,unknown,no
8897,57,management,divorced,unknown,no,0,no,no,cellular,27,mar,102,1,-1,0,unknown,no
8898,37,admin.,married,secondary,no,0,yes,no,cellular,22,jul,185,1,-1,0,unknown,no
8899,53,management,married,secondary,no,90,yes,no,telephone,20,apr,67,5,-1,0,unknown,no
8900,58,management,married,secondary,no,37,no,no,cellular,18,aug,84,11,-1,0,unknown,no
8901,33,admin.,married,secondary,no,7,yes,no,cellular,17,apr,612,1,148,1,failure,no
8902,38,management,married,tertiary,no,676,no,no,cellular,15,may,59,3,-1,0,unknown,no
8903,28,blue-collar,single,secondary,no,3817,yes,no,cellular,4,may,528,3,-1,0,unknown,no
8904,28,admin.,single,secondary,no,144,no,yes,cellular,8,jul,136,1,-1,0,unknown,no
8905,37,management,single,tertiary,no,230,yes,yes,cellular,2,feb,120,2,272,1,failure,no
8906,27,management,single,tertiary,yes,0,yes,no,unknown,19,may,352,1,-1,0,unknown,no
8907,36,technician,married,tertiary,no,1109,no,no,cellular,13,aug,328,2,-1,0,unknown,no
8908,53,services,married,secondary,no,2925,yes,no,unknown,15,may,1392,4,-1,0,unknown,no
8909,26,services,single,secondary,no,397,no,no,cellular,29,jan,268,1,-1,0,unknown,no
8910,59,unemployed,single,secondary,no,865,no,no,cellular,4,feb,1086,1,-1,0,unknown,no
8911,31,technician,single,secondary,no,816,no,no,cellular,9,jun,100,2,-1,0,unknown,no
8912,59,management,married,primary,no,396,yes,no,unknown,2,jun,72,3,-1,0,unknown,no
8913,40,blue-collar,divorced,secondary,no,0,yes,no,unknown,6,may,121,2,-1,0,unknown,no
8914,27,technician,married,secondary,no,241,no,yes,unknown,26,feb,889,1,-1,0,unknown,no
8915,32,services,married,secondary,no,243,yes,yes,unknown,6,may,144,1,-1,0,unknown,no
8916,42,entrepreneur,married,tertiary,no,233,no,no,cellular,5,feb,446,1,-1,0,unknown,no
8917,43,services,married,secondary,no,43,yes,no,cellular,18,may,199,1,-1,0,unknown,no
8918,53,self-employed,married,tertiary,no,290,no,yes,cellular,24,jul,303,3,-1,0,unknown,no
8919,30,services,single,secondary,no,101,yes,no,cellular,19,nov,85,2,-1,0,unknown,no
8920,53,admin.,divorced,secondary,no,1151,yes,no,unknown,5,may,412,1,-1,0,unknown,no
8921,53,technician,divorced,secondary,no,45,no,no,unknown,28,may,171,6,-1,0,unknown,no
8922,57,management,married,tertiary,no,1410,yes,no,cellular,10,jul,185,1,-1,0,unknown,no
8923,33,technician,married,secondary,no,1234,no,no,telephone,9,nov,61,1,-1,0,unknown,no
8924,38,technician,married,secondary,no,2767,yes,no,cellular,21,nov,711,2,-1,0,unknown,no
8925,33,student,single,unknown,no,5969,no,no,cellular,30,apr,110,1,83,7,failure,no
8926,42,management,divorced,secondary,no,-272,no,no,cellular,8,jul,186,1,-1,0,unknown,no
8927,32,blue-collar,single,secondary,no,1036,yes,yes,unknown,30,may,62,2,-1,0,unknown,no
8928,42,technician,married,secondary,no,9324,no,no,cellular,27,aug,67,4,-1,0,unknown,no
8929,41,technician,married,secondary,no,1043,yes,yes,unknown,14,may,225,1,-1,0,unknown,no
8930,35,technician,married,tertiary,no,1473,yes,no,unknown,12,may,84,3,-1,0,unknown,no
8931,48,entrepreneur,married,secondary,no,183,yes,no,unknown,3,jun,203,9,-1,0,unknown,no
8932,24,management,single,secondary,no,86,no,no,unknown,2,jun,1075,2,-1,0,unknown,no
8933,59,blue-collar,married,secondary,no,0,yes,no,unknown,20,may,217,4,-1,0,unknown,no
8934,45,blue-collar,married,primary,no,2388,no,no,cellular,11,aug,317,2,-1,0,unknown,no
8935,39,admin.,divorced,secondary,no,160,yes,no,cellular,5,aug,156,1,-1,0,unknown,no
8936,46,management,married,tertiary,no,385,yes,no,unknown,29,may,52,4,-1,0,unknown,no
8937,38,entrepreneur,married,tertiary,no,4,yes,no,cellular,16,jul,158,1,-1,0,unknown,no
8938,30,management,single,tertiary,no,119,no,no,cellular,28,jan,430,1,-1,0,unknown,no
8939,52,technician,married,tertiary,no,0,no,yes,cellular,5,aug,409,1,-1,0,unknown,no
8940,42,management,divorced,tertiary,no,742,yes,no,unknown,5,may,58,3,-1,0,unknown,no
8941,46,self-employed,divorced,secondary,no,0,no,no,unknown,10,aug,6,1,-1,0,unknown,no
8942,33,management,single,tertiary,no,1724,no,no,cellular,3,feb,252,6,-1,0,unknown,no
8943,52,retired,married,secondary,no,0,no,no,cellular,22,aug,351,5,-1,0,unknown,no
8944,49,self-employed,married,tertiary,no,503,yes,no,cellular,6,feb,310,4,200,1,failure,no
8945,59,management,single,tertiary,no,68,yes,no,unknown,28,may,176,2,-1,0,unknown,no
8946,58,management,divorced,primary,no,5914,no,no,unknown,17,jun,69,4,-1,0,unknown,no
8947,26,technician,single,tertiary,no,192,yes,no,unknown,15,may,477,1,-1,0,unknown,no
8948,41,management,married,tertiary,no,15,no,no,unknown,20,jun,13,5,-1,0,unknown,no
8949,41,blue-collar,married,secondary,no,2157,yes,no,unknown,14,may,154,2,-1,0,unknown,no
8950,39,technician,married,secondary,no,3494,yes,no,cellular,19,nov,139,1,92,4,failure,no
8951,27,housemaid,married,primary,no,275,yes,no,cellular,14,may,196,2,-1,0,unknown,no
8952,47,self-employed,married,secondary,no,318,no,no,cellular,21,nov,83,1,-1,0,unknown,no
8953,52,retired,married,tertiary,no,350,no,yes,cellular,9,jul,156,1,-1,0,unknown,no
8954,37,technician,married,secondary,no,588,yes,no,cellular,14,aug,65,4,-1,0,unknown,no
8955,38,blue-collar,married,secondary,no,2008,yes,no,cellular,18,nov,354,1,-1,0,unknown,no
8956,42,technician,single,tertiary,no,35,yes,yes,cellular,17,nov,38,1,115,5,other,no
8957,41,technician,married,secondary,no,2152,no,no,cellular,30,sep,134,1,121,1,other,no
8958,46,entrepreneur,married,secondary,no,122,no,no,cellular,6,feb,1047,2,1,7,failure,no
8959,40,services,divorced,secondary,no,160,no,no,cellular,14,jul,123,3,-1,0,unknown,no
8960,41,student,single,secondary,no,1934,yes,no,cellular,21,nov,162,2,-1,0,unknown,no
8961,60,retired,married,tertiary,no,0,yes,no,unknown,13,may,34,4,-1,0,unknown,no
8962,59,retired,married,unknown,no,613,no,no,cellular,19,aug,75,2,-1,0,unknown,no
8963,59,retired,married,primary,no,574,no,no,cellular,18,aug,197,6,-1,0,unknown,no
8964,28,blue-collar,single,primary,no,0,yes,yes,unknown,3,jun,380,4,-1,0,unknown,no
8965,45,admin.,single,secondary,no,341,yes,yes,cellular,5,may,77,2,-1,0,unknown,no
8966,31,blue-collar,divorced,primary,no,158,yes,no,unknown,28,may,157,1,-1,0,unknown,no
8967,31,unemployed,single,tertiary,no,1489,yes,no,cellular,3,feb,678,1,-1,0,unknown,no
8968,46,unknown,married,unknown,no,2911,no,no,telephone,7,jul,41,9,-1,0,unknown,no
8969,51,self-employed,married,secondary,no,1178,no,no,cellular,6,aug,530,2,-1,0,unknown,no
8970,37,admin.,married,secondary,no,96,no,no,cellular,5,feb,102,1,182,3,success,no
8971,40,services,married,secondary,no,4157,yes,no,unknown,15,may,735,1,-1,0,unknown,no
8972,31,blue-collar,single,secondary,yes,-575,yes,no,unknown,2,jun,153,9,-1,0,unknown,no
8973,38,blue-collar,married,primary,no,3419,yes,no,unknown,20,jun,324,5,-1,0,unknown,no
8974,39,technician,single,secondary,no,1104,no,no,cellular,20,nov,333,2,105,2,success,no
8975,29,services,married,secondary,no,57,yes,no,telephone,21,jul,342,9,-1,0,unknown,no
8976,65,retired,married,primary,no,343,no,no,telephone,5,feb,159,2,-1,0,unknown,no
8977,26,admin.,single,secondary,no,-326,yes,no,unknown,19,may,128,3,-1,0,unknown,no
8978,44,admin.,married,secondary,no,0,no,no,cellular,31,jul,209,1,-1,0,unknown,no
8979,27,management,single,tertiary,no,3104,yes,no,unknown,28,may,160,2,-1,0,unknown,no
8980,35,management,married,tertiary,no,648,no,no,cellular,30,jul,674,2,-1,0,unknown,no
8981,36,admin.,single,secondary,no,10041,yes,no,cellular,20,nov,91,2,184,1,other,no
8982,36,management,single,tertiary,yes,-508,yes,no,cellular,17,apr,832,2,-1,0,unknown,no
8983,24,blue-collar,single,secondary,no,327,yes,no,unknown,28,may,333,2,-1,0,unknown,no
8984,33,management,single,tertiary,no,1150,yes,no,telephone,12,may,109,2,-1,0,unknown,no
8985,53,management,single,tertiary,no,1074,yes,no,unknown,15,may,523,2,-1,0,unknown,no
8986,45,services,married,secondary,no,27,yes,yes,cellular,31,jul,43,2,-1,0,unknown,no
8987,37,technician,married,secondary,no,3720,yes,no,cellular,28,jan,561,1,-1,0,unknown,no
8988,60,blue-collar,divorced,primary,no,92,yes,no,unknown,6,jun,70,3,-1,0,unknown,no
8989,30,management,single,tertiary,no,7845,yes,no,unknown,3,jun,59,1,-1,0,unknown,no
8990,37,blue-collar,married,primary,no,157,yes,no,unknown,30,may,833,8,-1,0,unknown,no
8991,34,unemployed,married,secondary,no,428,yes,no,cellular,7,apr,221,2,267,3,other,no
8992,28,blue-collar,married,secondary,no,0,yes,no,cellular,15,may,6,4,-1,0,unknown,no
8993,44,technician,single,secondary,no,54,no,yes,cellular,19,aug,199,2,-1,0,unknown,no
8994,34,management,married,tertiary,no,13,yes,no,cellular,21,jul,47,1,-1,0,unknown,no
8995,70,retired,married,primary,no,3230,no,no,cellular,24,nov,112,1,-1,0,unknown,no
8996,38,management,single,tertiary,no,1637,no,yes,cellular,5,aug,231,1,-1,0,unknown,no
8997,32,admin.,single,secondary,no,6981,yes,no,cellular,2,jun,154,1,194,3,failure,no
8998,39,entrepreneur,married,tertiary,yes,1,yes,yes,unknown,29,may,102,1,-1,0,unknown,no
8999,38,technician,divorced,secondary,no,631,yes,no,cellular,25,aug,343,2,-1,0,unknown,no
9000,36,housemaid,divorced,tertiary,no,7296,yes,no,cellular,18,aug,108,6,-1,0,unknown,no
9001,32,blue-collar,single,tertiary,no,3014,yes,no,cellular,7,may,291,2,-1,0,unknown,no
9002,34,technician,single,secondary,no,920,yes,no,cellular,29,oct,250,1,342,5,failure,no
9003,49,management,married,tertiary,no,735,yes,no,unknown,13,may,50,3,-1,0,unknown,no
9004,45,management,married,tertiary,no,1300,no,no,cellular,30,jul,135,3,-1,0,unknown,no
9005,24,admin.,married,secondary,no,541,yes,no,unknown,5,jun,622,4,-1,0,unknown,no
9006,47,management,married,tertiary,no,0,no,no,cellular,19,aug,213,2,-1,0,unknown,no
9007,36,management,married,tertiary,no,1257,no,no,cellular,8,feb,108,9,101,1,other,no
9008,25,services,married,secondary,no,4522,yes,no,cellular,18,may,177,4,-1,0,unknown,no
9009,30,admin.,single,secondary,no,585,no,yes,cellular,2,feb,7,6,-1,0,unknown,no
9010,29,unemployed,single,tertiary,no,150,yes,no,cellular,5,may,165,1,-1,0,unknown,no
9011,27,services,married,secondary,no,202,yes,no,telephone,8,jul,212,2,-1,0,unknown,no
9012,57,admin.,married,secondary,no,2137,no,no,telephone,8,jul,132,7,-1,0,unknown,no
9013,38,self-employed,divorced,secondary,no,2674,yes,no,unknown,19,jun,163,2,-1,0,unknown,no
9014,43,blue-collar,married,secondary,no,625,yes,no,unknown,30,sep,175,1,-1,0,unknown,no
9015,35,management,single,secondary,no,73,yes,no,unknown,28,may,79,2,-1,0,unknown,no
9016,38,management,married,tertiary,no,2656,no,no,cellular,8,jul,230,2,-1,0,unknown,no
9017,71,retired,married,secondary,no,3,no,no,cellular,13,aug,1175,3,189,1,other,no
9018,36,blue-collar,married,secondary,no,0,no,no,cellular,15,jul,794,1,-1,0,unknown,no
9019,40,blue-collar,married,secondary,no,95,no,yes,unknown,20,jun,61,4,-1,0,unknown,no
9020,50,blue-collar,married,primary,no,106,no,no,cellular,12,aug,460,2,-1,0,unknown,no
9021,31,management,married,tertiary,no,477,yes,no,cellular,21,nov,77,5,-1,0,unknown,no
9022,33,services,divorced,secondary,no,1529,yes,no,telephone,18,nov,41,1,-1,0,unknown,no
9023,57,technician,married,secondary,no,28,yes,no,cellular,8,may,163,1,358,1,failure,no
9024,32,services,single,tertiary,no,1743,yes,no,cellular,1,apr,1156,1,261,3,other,no
9025,52,blue-collar,married,primary,no,924,no,no,cellular,21,aug,93,4,-1,0,unknown,no
9026,30,admin.,single,secondary,no,457,no,no,cellular,27,apr,90,2,-1,0,unknown,no
9027,40,admin.,married,secondary,no,0,yes,no,cellular,3,feb,561,1,201,1,failure,no
9028,50,admin.,married,secondary,no,736,yes,no,unknown,14,may,74,1,-1,0,unknown,no
9029,32,management,married,tertiary,no,0,no,no,cellular,29,aug,183,2,-1,0,unknown,no
9030,36,admin.,single,secondary,no,787,no,no,unknown,17,jun,92,1,-1,0,unknown,no
9031,60,admin.,married,secondary,no,-396,yes,no,cellular,11,may,443,1,350,1,failure,no
9032,48,services,married,secondary,no,1573,no,no,cellular,5,aug,165,1,-1,0,unknown,no
9033,72,retired,married,primary,no,0,no,no,cellular,29,dec,215,2,-1,0,unknown,no
9034,46,blue-collar,married,secondary,no,524,yes,no,telephone,5,may,15,7,-1,0,unknown,no
9035,45,blue-collar,married,primary,no,1558,yes,no,cellular,6,may,179,1,-1,0,unknown,no
9036,50,admin.,married,secondary,no,159,yes,no,unknown,7,may,216,2,-1,0,unknown,no
9037,29,management,married,tertiary,yes,53,yes,no,cellular,31,jul,27,17,-1,0,unknown,no
9038,40,management,single,unknown,no,838,yes,no,unknown,12,may,619,3,-1,0,unknown,no
9039,49,technician,married,secondary,no,3144,no,no,cellular,31,jul,349,2,-1,0,unknown,no
9040,42,services,married,secondary,no,737,yes,no,unknown,14,may,762,2,-1,0,unknown,no
9041,43,technician,married,secondary,no,4056,no,no,cellular,4,may,13,6,89,2,failure,no
9042,36,admin.,married,secondary,no,162,yes,yes,cellular,20,apr,340,2,-1,0,unknown,no
9043,37,technician,married,primary,no,0,yes,no,unknown,6,may,76,4,-1,0,unknown,no
9044,59,retired,divorced,primary,no,217,yes,no,unknown,26,may,574,3,-1,0,unknown,no
9045,75,retired,married,primary,no,3324,no,no,cellular,2,feb,149,1,-1,0,unknown,no
9046,53,management,married,secondary,no,2895,yes,no,unknown,29,may,74,1,-1,0,unknown,no
9047,53,management,married,tertiary,no,0,yes,no,cellular,14,jul,85,3,-1,0,unknown,no
9048,57,retired,married,tertiary,no,11254,no,no,cellular,30,jul,229,2,-1,0,unknown,no
9049,30,technician,married,secondary,no,-280,yes,no,cellular,17,apr,609,2,266,2,failure,no
9050,44,services,married,secondary,no,808,yes,no,unknown,2,jun,67,2,-1,0,unknown,no
9051,51,blue-collar,married,primary,no,0,no,no,unknown,9,jun,166,2,-1,0,unknown,no
9052,30,blue-collar,married,secondary,no,246,yes,no,cellular,18,nov,166,2,113,5,failure,no
9053,42,blue-collar,married,secondary,no,-972,yes,no,unknown,29,may,146,1,-1,0,unknown,no
9054,48,blue-collar,married,secondary,no,750,no,no,cellular,5,feb,85,2,8,2,other,no
9055,40,unemployed,married,tertiary,no,2430,no,no,cellular,24,aug,87,2,-1,0,unknown,no
9056,36,technician,married,secondary,no,-179,yes,no,cellular,17,jul,144,1,-1,0,unknown,no
9057,40,admin.,married,secondary,no,1412,no,no,cellular,31,jul,48,3,-1,0,unknown,no
9058,47,housemaid,married,secondary,yes,-1531,yes,no,cellular,31,jul,156,8,-1,0,unknown,no
9059,39,management,married,tertiary,no,51,no,no,cellular,20,aug,140,2,-1,0,unknown,no
9060,41,services,married,unknown,no,88,yes,no,cellular,11,may,105,1,336,2,failure,no
9061,42,housemaid,married,primary,no,-209,no,yes,cellular,11,aug,90,2,-1,0,unknown,no
9062,50,housemaid,single,secondary,no,799,no,no,telephone,28,jan,63,1,-1,0,unknown,no
9063,58,retired,married,tertiary,no,4048,no,yes,cellular,15,jul,270,5,-1,0,unknown,no
9064,70,retired,married,secondary,no,1310,no,no,cellular,15,oct,634,1,-1,0,unknown,no
9065,29,management,single,tertiary,no,573,yes,yes,unknown,16,jun,190,4,-1,0,unknown,no
9066,56,management,married,tertiary,no,6798,yes,no,cellular,17,nov,250,1,-1,0,unknown,no
9067,32,self-employed,married,tertiary,no,1214,no,no,cellular,11,aug,104,2,-1,0,unknown,no
9068,39,technician,single,unknown,no,75,no,no,unknown,6,jun,26,1,-1,0,unknown,no
9069,33,management,divorced,tertiary,no,387,no,no,cellular,6,feb,17,5,-1,0,unknown,no
9070,47,technician,married,secondary,no,2246,yes,no,cellular,10,jul,330,1,-1,0,unknown,no
9071,39,blue-collar,divorced,primary,no,3,no,yes,unknown,1,jul,625,1,-1,0,unknown,no
9072,34,technician,married,secondary,no,883,no,no,cellular,14,aug,163,3,-1,0,unknown,no
9073,36,blue-collar,married,primary,no,1503,no,no,cellular,19,nov,138,1,-1,0,unknown,no
9074,40,blue-collar,married,primary,no,-322,yes,yes,unknown,6,may,144,1,-1,0,unknown,no
9075,34,technician,married,primary,no,1301,no,no,cellular,2,feb,56,1,-1,0,unknown,no
9076,54,blue-collar,married,primary,no,950,yes,no,unknown,15,may,285,2,-1,0,unknown,no
9077,36,management,married,tertiary,no,2326,yes,no,cellular,20,nov,7,5,-1,0,unknown,no
9078,34,blue-collar,married,primary,no,-78,yes,no,unknown,9,may,198,1,-1,0,unknown,no
9079,50,admin.,divorced,secondary,yes,2405,yes,no,cellular,6,may,114,1,287,8,failure,no
9080,48,technician,divorced,tertiary,no,113,no,yes,cellular,22,jul,38,1,-1,0,unknown,no
9081,35,services,married,tertiary,no,4564,no,no,cellular,18,aug,45,6,-1,0,unknown,no
9082,33,services,married,secondary,no,387,yes,no,cellular,7,apr,327,2,138,2,failure,no
9083,42,technician,married,secondary,no,1865,yes,no,unknown,15,may,164,1,-1,0,unknown,no
9084,31,technician,single,secondary,no,4105,no,no,cellular,30,apr,264,1,-1,0,unknown,no
9085,54,blue-collar,married,primary,no,258,no,no,telephone,25,may,86,1,88,1,failure,no
9086,55,management,married,primary,no,19,yes,no,unknown,16,may,56,3,-1,0,unknown,no
9087,30,management,single,tertiary,no,3773,yes,no,cellular,9,feb,75,4,258,1,failure,no
9088,30,services,married,secondary,no,1808,yes,no,cellular,18,may,83,2,-1,0,unknown,no
9089,59,management,divorced,tertiary,no,1304,no,no,unknown,18,jun,220,1,-1,0,unknown,no
9090,50,admin.,single,secondary,no,3702,no,no,cellular,16,oct,109,5,-1,0,unknown,no
9091,59,retired,married,secondary,no,163,no,no,cellular,24,jul,464,1,-1,0,unknown,no
9092,27,services,single,secondary,no,-151,no,no,cellular,8,jul,283,2,-1,0,unknown,no
9093,25,management,single,tertiary,no,1602,yes,no,cellular,26,may,154,1,-1,0,unknown,no
9094,37,admin.,married,secondary,no,1314,yes,no,cellular,22,may,74,1,14,9,failure,no
9095,36,technician,married,secondary,no,84,yes,no,unknown,20,may,67,1,-1,0,unknown,no
9096,56,retired,married,primary,no,1906,no,yes,unknown,19,jun,45,9,-1,0,unknown,no
9097,52,management,married,tertiary,no,291,no,no,cellular,21,aug,150,3,-1,0,unknown,no
9098,36,services,divorced,secondary,no,223,yes,yes,cellular,11,may,80,1,-1,0,unknown,no
9099,30,technician,married,secondary,no,207,yes,no,unknown,23,may,72,2,-1,0,unknown,no
9100,31,management,single,tertiary,no,518,yes,no,cellular,18,may,399,1,-1,0,unknown,no
9101,55,retired,married,secondary,no,241,yes,no,unknown,20,jun,14,6,-1,0,unknown,no
9102,28,admin.,single,secondary,no,-126,no,yes,cellular,8,jul,360,4,-1,0,unknown,no
9103,44,management,single,secondary,no,421,no,yes,cellular,5,aug,307,1,-1,0,unknown,no
9104,28,blue-collar,single,secondary,no,38,yes,no,unknown,23,may,31,1,-1,0,unknown,no
9105,25,technician,single,tertiary,no,800,yes,no,unknown,13,may,151,4,-1,0,unknown,no
9106,39,admin.,divorced,secondary,no,32,no,yes,unknown,20,jun,8,10,-1,0,unknown,no
9107,32,management,married,secondary,no,1477,yes,no,cellular,18,nov,111,1,-1,0,unknown,no
9108,42,blue-collar,married,secondary,no,160,yes,yes,unknown,26,jun,190,1,-1,0,unknown,no
9109,31,blue-collar,single,secondary,no,4415,yes,no,unknown,2,jun,329,1,-1,0,unknown,no
9110,38,technician,divorced,secondary,no,-397,yes,yes,cellular,21,jul,91,9,-1,0,unknown,no
9111,30,admin.,married,secondary,no,590,no,no,cellular,11,aug,443,3,-1,0,unknown,no
9112,50,technician,married,secondary,no,778,no,no,cellular,23,jul,16,1,-1,0,unknown,no
9113,50,management,married,tertiary,no,19,no,yes,cellular,23,jul,205,1,-1,0,unknown,no
9114,47,unemployed,married,secondary,yes,0,no,no,cellular,18,nov,81,2,-1,0,unknown,no
9115,29,blue-collar,married,secondary,no,-28,yes,no,unknown,12,may,393,1,-1,0,unknown,no
9116,34,entrepreneur,married,secondary,no,3119,yes,no,unknown,21,may,250,4,-1,0,unknown,no
9117,54,management,married,tertiary,no,122,yes,no,cellular,22,jul,126,3,-1,0,unknown,no
9118,43,admin.,married,secondary,no,0,no,no,unknown,20,jun,804,12,-1,0,unknown,no
9119,47,blue-collar,married,primary,no,4157,no,no,unknown,11,jun,90,3,-1,0,unknown,no
9120,55,retired,married,secondary,no,102,yes,no,unknown,7,may,74,1,-1,0,unknown,no
9121,35,services,married,secondary,no,437,yes,no,unknown,26,may,240,1,-1,0,unknown,no
9122,32,blue-collar,married,secondary,no,1,yes,no,cellular,18,nov,77,3,-1,0,unknown,no
9123,49,blue-collar,married,primary,yes,-354,no,yes,cellular,7,jul,455,1,-1,0,unknown,no
9124,39,management,single,tertiary,no,1234,no,no,telephone,29,jul,64,4,-1,0,unknown,no
9125,32,technician,married,secondary,no,901,yes,no,unknown,21,may,102,3,-1,0,unknown,no
9126,49,blue-collar,married,primary,no,247,no,yes,cellular,22,jul,283,1,-1,0,unknown,no
9127,32,blue-collar,single,primary,no,180,yes,no,cellular,13,may,804,1,-1,0,unknown,no
9128,47,management,married,tertiary,no,274,no,yes,cellular,4,feb,313,2,-1,0,unknown,no
9129,42,blue-collar,single,primary,no,92,no,no,cellular,30,jul,86,2,-1,0,unknown,no
9130,52,admin.,married,primary,no,813,no,yes,cellular,5,aug,113,2,-1,0,unknown,no
9131,31,technician,single,secondary,no,1170,yes,no,unknown,2,jun,120,2,-1,0,unknown,no
9132,52,blue-collar,divorced,primary,yes,-183,yes,no,unknown,6,may,145,1,-1,0,unknown,no
9133,38,management,married,tertiary,no,0,no,no,cellular,28,aug,77,18,-1,0,unknown,no
9134,53,blue-collar,married,secondary,no,136,yes,no,unknown,15,may,99,1,-1,0,unknown,no
9135,40,technician,married,tertiary,no,103,yes,no,unknown,8,may,135,2,-1,0,unknown,no
9136,31,admin.,married,secondary,no,23,no,no,cellular,28,aug,322,7,-1,0,unknown,no
9137,53,technician,married,unknown,no,2242,no,no,cellular,10,jul,154,14,-1,0,unknown,no
9138,46,blue-collar,married,secondary,no,137,no,no,unknown,20,jun,252,3,-1,0,unknown,no
9139,49,admin.,married,secondary,no,1047,no,no,cellular,8,aug,133,4,-1,0,unknown,no
9140,34,technician,single,secondary,no,5731,yes,no,cellular,21,jul,101,3,-1,0,unknown,no
9141,63,entrepreneur,married,tertiary,no,2707,no,no,telephone,16,nov,57,4,-1,0,unknown,no
9142,41,technician,married,secondary,no,-329,no,no,telephone,5,feb,13,8,238,9,other,no
9143,55,blue-collar,married,primary,no,158,yes,no,unknown,15,may,176,18,-1,0,unknown,no
9144,29,entrepreneur,single,tertiary,no,219,yes,no,cellular,18,may,76,2,356,1,failure,no
9145,47,blue-collar,married,secondary,no,2775,no,no,unknown,14,may,262,1,-1,0,unknown,no
9146,37,blue-collar,married,primary,no,461,yes,no,unknown,30,may,272,2,-1,0,unknown,no
9147,38,technician,single,secondary,no,145,yes,no,unknown,27,may,109,2,-1,0,unknown,no
9148,29,technician,single,secondary,no,309,yes,no,unknown,13,may,214,1,-1,0,unknown,no
9149,41,management,married,primary,no,733,yes,no,cellular,7,may,69,1,335,7,failure,no
9150,53,technician,married,secondary,no,8417,yes,no,unknown,14,may,435,1,-1,0,unknown,no
9151,40,retired,single,secondary,no,1400,no,no,unknown,20,jun,20,7,-1,0,unknown,no
9152,56,services,divorced,secondary,no,72,yes,yes,cellular,7,may,263,1,357,4,failure,no
9153,34,management,single,tertiary,no,0,yes,no,unknown,21,may,759,1,-1,0,unknown,no
9154,28,management,single,tertiary,no,9710,no,no,cellular,14,oct,786,2,-1,0,unknown,no
9155,41,self-employed,married,unknown,no,1377,yes,no,cellular,15,may,111,4,371,2,other,no
9156,32,unemployed,married,unknown,no,881,no,no,cellular,9,feb,79,5,-1,0,unknown,no
9157,51,blue-collar,married,secondary,no,0,yes,no,unknown,5,may,173,2,-1,0,unknown,no
9158,33,blue-collar,married,secondary,no,285,no,yes,unknown,3,jul,267,1,-1,0,unknown,no
9159,34,blue-collar,single,secondary,no,550,yes,no,cellular,20,apr,90,3,346,1,failure,no
9160,26,unemployed,married,secondary,no,285,yes,no,cellular,6,may,265,2,342,2,failure,no
9161,31,technician,married,secondary,no,-360,yes,no,unknown,27,may,93,2,-1,0,unknown,no
9162,39,entrepreneur,married,secondary,no,0,no,no,cellular,21,nov,108,7,-1,0,unknown,no
9163,50,management,married,tertiary,yes,72,no,no,cellular,22,aug,171,13,-1,0,unknown,no
9164,33,services,married,secondary,no,930,no,yes,cellular,24,jul,149,2,-1,0,unknown,no
9165,44,technician,married,tertiary,no,717,no,no,cellular,3,jun,150,2,-1,0,unknown,no
9166,38,blue-collar,married,secondary,no,67,no,no,cellular,28,jan,74,1,239,2,failure,no
9167,33,blue-collar,married,secondary,no,6227,yes,no,unknown,23,may,76,2,-1,0,unknown,no
9168,32,blue-collar,single,secondary,no,5252,yes,no,unknown,21,may,1162,2,-1,0,unknown,no
9169,33,management,single,tertiary,no,561,no,no,cellular,7,apr,104,1,-1,0,unknown,no
9170,55,technician,married,unknown,no,1393,yes,yes,telephone,21,nov,55,5,-1,0,unknown,no
9171,27,blue-collar,married,secondary,no,-330,yes,yes,cellular,14,may,88,1,353,2,failure,no
9172,39,management,divorced,tertiary,no,3261,yes,no,unknown,9,jun,150,17,-1,0,unknown,no
9173,21,services,single,secondary,no,361,no,no,telephone,5,jun,329,1,95,1,other,no
9174,57,blue-collar,married,unknown,no,807,yes,no,unknown,6,may,211,2,-1,0,unknown,no
9175,29,self-employed,married,tertiary,no,2305,no,no,cellular,27,may,82,2,-1,0,unknown,no
9176,45,admin.,single,secondary,no,-11,yes,no,cellular,5,may,247,1,-1,0,unknown,no
9177,46,management,single,tertiary,no,2223,no,no,unknown,12,jun,67,3,-1,0,unknown,no
9178,47,admin.,married,secondary,no,29,no,yes,cellular,22,aug,150,8,-1,0,unknown,no
9179,44,blue-collar,single,primary,no,1308,no,yes,unknown,19,jun,161,1,-1,0,unknown,no
9180,43,self-employed,single,primary,no,1337,yes,yes,cellular,20,nov,632,2,-1,0,unknown,no
9181,44,management,married,tertiary,no,17361,no,no,unknown,18,jun,476,1,-1,0,unknown,no
9182,52,retired,married,primary,no,6,no,no,cellular,22,aug,82,2,-1,0,unknown,no
9183,33,technician,divorced,secondary,no,370,yes,no,cellular,11,aug,145,4,-1,0,unknown,no
9184,27,technician,married,tertiary,no,8,yes,yes,cellular,18,may,398,1,370,2,failure,no
9185,43,management,divorced,tertiary,no,666,no,no,cellular,13,aug,160,3,-1,0,unknown,no
9186,29,admin.,married,secondary,no,0,yes,no,unknown,9,may,121,1,-1,0,unknown,no
9187,43,management,married,tertiary,no,1336,yes,yes,cellular,27,may,82,2,309,1,failure,no
9188,34,blue-collar,married,tertiary,no,17672,no,no,cellular,20,nov,548,1,-1,0,unknown,no
9189,30,management,single,tertiary,yes,35,no,no,cellular,30,jul,185,4,-1,0,unknown,no
9190,56,management,married,tertiary,no,705,no,no,cellular,19,nov,164,2,-1,0,unknown,no
9191,46,admin.,divorced,secondary,no,2087,no,no,cellular,1,jun,111,1,119,4,other,no
9192,42,technician,married,secondary,no,4466,no,no,cellular,17,nov,158,2,-1,0,unknown,no
9193,51,blue-collar,married,primary,no,844,yes,no,unknown,29,may,184,3,-1,0,unknown,no
9194,30,blue-collar,married,secondary,no,321,yes,no,cellular,20,nov,738,2,-1,0,unknown,no
9195,41,management,married,tertiary,no,2781,yes,no,cellular,12,aug,95,2,-1,0,unknown,no
9196,57,retired,married,tertiary,no,34,no,yes,cellular,28,jan,139,1,-1,0,unknown,no
9197,36,blue-collar,married,secondary,no,29,yes,yes,cellular,31,jul,345,1,-1,0,unknown,no
9198,47,blue-collar,single,unknown,no,2443,no,no,unknown,18,jun,422,1,-1,0,unknown,no
9199,37,admin.,divorced,secondary,no,3975,yes,no,cellular,11,may,163,2,-1,0,unknown,no
9200,33,technician,married,secondary,no,256,yes,no,cellular,18,nov,76,1,-1,0,unknown,no
9201,49,management,divorced,tertiary,no,696,yes,no,unknown,2,jun,310,3,-1,0,unknown,no
9202,34,management,married,tertiary,no,63,no,no,cellular,18,nov,83,1,102,2,failure,no
9203,54,blue-collar,married,primary,no,316,yes,no,cellular,14,may,240,1,-1,0,unknown,no
9204,39,blue-collar,married,primary,no,-119,no,no,unknown,17,jun,135,6,-1,0,unknown,no
9205,58,retired,single,primary,no,6570,no,no,cellular,21,jul,106,3,-1,0,unknown,no
9206,36,blue-collar,married,secondary,no,418,yes,yes,cellular,13,may,132,2,-1,0,unknown,no
9207,46,management,married,tertiary,no,0,yes,no,cellular,14,jul,247,2,-1,0,unknown,no
9208,31,admin.,married,secondary,no,8784,yes,no,unknown,21,may,63,2,-1,0,unknown,no
9209,31,technician,single,secondary,no,1970,no,no,telephone,17,apr,284,3,-1,0,unknown,no
9210,50,blue-collar,divorced,secondary,no,204,yes,yes,unknown,14,may,421,1,-1,0,unknown,no
9211,40,management,married,secondary,no,643,yes,no,cellular,17,apr,74,2,256,1,failure,no
9212,47,blue-collar,married,primary,no,304,yes,no,unknown,12,may,185,1,-1,0,unknown,no
9213,26,management,single,tertiary,no,1177,no,no,cellular,19,oct,116,1,-1,0,unknown,no
9214,29,technician,single,secondary,no,544,yes,no,unknown,13,may,360,1,-1,0,unknown,no
9215,38,management,married,tertiary,no,-498,no,no,cellular,14,aug,85,6,-1,0,unknown,no
9216,57,services,married,secondary,no,0,yes,no,cellular,14,may,16,9,282,3,other,no
9217,47,blue-collar,married,primary,no,209,no,no,cellular,27,aug,77,6,-1,0,unknown,no
9218,56,blue-collar,married,unknown,no,665,yes,no,unknown,20,jun,109,2,-1,0,unknown,no
9219,37,entrepreneur,married,tertiary,no,310,no,no,cellular,1,sep,76,1,-1,0,unknown,no
9220,66,management,married,unknown,no,2149,yes,no,cellular,30,nov,151,6,103,4,other,no
9221,49,unemployed,married,secondary,no,13818,no,no,cellular,21,nov,201,1,113,2,failure,no
9222,31,unknown,married,tertiary,no,526,no,no,cellular,26,aug,130,13,-1,0,unknown,no
9223,30,management,single,tertiary,no,-218,yes,no,cellular,27,aug,13,15,-1,0,unknown,no
9224,42,blue-collar,divorced,primary,no,419,yes,yes,unknown,14,may,96,4,-1,0,unknown,no
9225,55,technician,married,secondary,no,517,yes,yes,cellular,6,feb,47,3,263,4,failure,no
9226,33,admin.,single,secondary,no,61,no,no,cellular,24,jul,286,4,-1,0,unknown,no
9227,33,management,married,tertiary,no,0,yes,yes,cellular,14,may,83,2,-1,0,unknown,no
9228,43,blue-collar,married,secondary,no,514,yes,yes,cellular,20,apr,34,2,-1,0,unknown,no
9229,32,unemployed,married,secondary,no,365,yes,no,cellular,30,jan,210,3,-1,0,unknown,no
9230,42,blue-collar,married,primary,no,480,yes,no,unknown,6,jun,288,12,-1,0,unknown,no
9231,53,entrepreneur,single,unknown,no,717,no,no,cellular,30,jul,594,2,-1,0,unknown,no
9232,42,management,married,tertiary,no,24780,no,no,cellular,6,aug,184,2,-1,0,unknown,no
9233,37,admin.,married,secondary,no,1396,yes,no,cellular,22,jul,199,2,-1,0,unknown,no
9234,31,services,married,secondary,no,414,yes,no,unknown,7,may,215,1,-1,0,unknown,no
9235,57,admin.,divorced,secondary,no,3100,no,yes,cellular,29,jul,165,2,-1,0,unknown,no
9236,33,admin.,married,secondary,no,0,no,yes,cellular,6,feb,214,5,-1,0,unknown,no
9237,57,management,married,tertiary,yes,1218,yes,no,cellular,18,jul,317,6,-1,0,unknown,no
9238,30,technician,divorced,secondary,no,789,yes,no,cellular,12,may,356,1,-1,0,unknown,no
9239,31,management,married,tertiary,no,859,yes,yes,cellular,4,aug,182,3,-1,0,unknown,no
9240,33,technician,married,secondary,no,0,no,no,cellular,25,aug,296,8,-1,0,unknown,no
9241,33,blue-collar,married,primary,no,3868,yes,no,unknown,2,jun,445,1,-1,0,unknown,no
9242,53,management,married,tertiary,no,232,yes,no,telephone,29,jan,32,1,-1,0,unknown,no
9243,38,blue-collar,divorced,secondary,no,1686,yes,no,unknown,19,jun,9,28,-1,0,unknown,no
9244,60,blue-collar,married,primary,no,29184,no,no,telephone,15,jun,94,2,-1,0,unknown,no
9245,36,technician,single,secondary,no,144,no,no,cellular,26,may,87,1,308,2,failure,no
9246,27,services,single,secondary,no,194,yes,no,unknown,16,may,326,1,-1,0,unknown,no
9247,32,entrepreneur,single,tertiary,no,7641,yes,yes,cellular,21,nov,39,10,-1,0,unknown,no
9248,45,blue-collar,married,primary,no,351,yes,no,unknown,19,jun,66,1,-1,0,unknown,no
9249,28,management,single,tertiary,no,150,yes,no,unknown,8,may,491,1,-1,0,unknown,no
9250,57,retired,married,primary,no,1532,no,no,telephone,6,feb,286,3,-1,0,unknown,no
9251,37,self-employed,married,secondary,no,1549,yes,no,unknown,20,jun,161,7,-1,0,unknown,no
9252,47,management,married,tertiary,no,1057,no,no,cellular,4,aug,488,2,-1,0,unknown,no
9253,35,management,married,secondary,no,839,yes,no,unknown,23,may,50,3,-1,0,unknown,no
9254,32,blue-collar,divorced,secondary,no,880,yes,yes,unknown,4,jun,112,1,-1,0,unknown,no
9255,41,admin.,single,secondary,no,4464,yes,no,telephone,21,jul,1425,2,-1,0,unknown,no
9256,35,technician,married,tertiary,no,6,yes,no,cellular,18,nov,47,1,-1,0,unknown,no
9257,26,technician,single,secondary,no,0,no,yes,cellular,30,jul,65,26,-1,0,unknown,no
9258,47,technician,divorced,tertiary,no,694,yes,no,cellular,11,may,1001,4,-1,0,unknown,no
9259,36,blue-collar,married,secondary,no,153,yes,no,cellular,8,may,263,1,171,2,failure,no
9260,46,management,married,tertiary,no,110,yes,yes,cellular,20,aug,243,5,-1,0,unknown,no
9261,30,management,single,tertiary,no,640,no,no,cellular,6,feb,124,4,213,2,failure,no
9262,44,blue-collar,married,secondary,no,3060,yes,no,cellular,20,nov,113,1,189,2,failure,no
9263,47,technician,divorced,secondary,no,2836,no,yes,cellular,14,aug,10,2,-1,0,unknown,no
9264,49,blue-collar,married,secondary,no,1127,yes,yes,cellular,17,apr,162,2,281,1,failure,no
9265,55,technician,married,tertiary,no,11,no,no,cellular,21,aug,588,2,-1,0,unknown,no
9266,56,blue-collar,married,unknown,no,982,yes,yes,cellular,7,may,135,2,-1,0,unknown,no
9267,28,services,married,secondary,no,222,yes,no,unknown,29,may,101,23,-1,0,unknown,no
9268,34,admin.,divorced,secondary,no,627,yes,no,unknown,7,may,283,2,-1,0,unknown,no
9269,55,management,married,tertiary,no,5010,no,no,cellular,18,nov,530,1,-1,0,unknown,no
9270,27,student,single,unknown,no,468,no,no,cellular,4,feb,270,2,-1,0,unknown,no
9271,38,management,divorced,tertiary,no,155,yes,no,unknown,20,jun,25,26,-1,0,unknown,no
9272,43,services,married,secondary,no,2478,yes,no,cellular,28,jan,347,1,230,1,failure,no
9273,55,management,divorced,tertiary,no,668,no,no,cellular,28,aug,25,6,-1,0,unknown,no
9274,30,blue-collar,NULL,primary,no,35,yes,no,cellular,11,jul,366,2,-1,0,unknown,no
9275,48,blue-collar,married,primary,no,3304,no,no,unknown,11,jun,409,3,-1,0,unknown,no
9276,30,blue-collar,married,secondary,no,0,yes,no,unknown,26,may,30,1,-1,0,unknown,no
9277,58,housemaid,married,primary,no,237,no,no,telephone,18,jul,200,3,-1,0,unknown,no
9278,39,unknown,single,unknown,no,0,no,no,telephone,28,jan,28,1,-1,0,unknown,no
9279,35,technician,single,secondary,no,-54,yes,no,unknown,30,may,70,2,-1,0,unknown,no
9280,41,blue-collar,married,secondary,no,0,no,no,unknown,5,jun,85,2,-1,0,unknown,no
9281,32,technician,married,tertiary,no,240,yes,yes,cellular,14,jul,86,3,-1,0,unknown,no
9282,48,technician,married,secondary,no,759,yes,no,cellular,28,jul,84,5,-1,0,unknown,no
9283,76,retired,married,unknown,no,992,no,no,cellular,27,oct,139,2,-1,0,unknown,no
9284,43,management,married,tertiary,no,1379,yes,no,unknown,27,may,383,3,-1,0,unknown,no
9285,46,unknown,married,tertiary,no,8564,no,no,cellular,2,aug,397,2,342,1,failure,no
9286,59,retired,married,unknown,no,0,no,no,cellular,25,aug,213,4,-1,0,unknown,no
9287,29,management,single,tertiary,no,119,yes,no,unknown,28,may,136,2,-1,0,unknown,no
9288,31,technician,married,secondary,no,450,no,yes,cellular,20,nov,111,2,129,4,failure,no
9289,36,admin.,married,secondary,no,746,yes,no,cellular,17,nov,581,3,-1,0,unknown,no
9290,46,self-employed,single,primary,no,2032,no,no,cellular,30,jul,424,2,-1,0,unknown,no
9291,37,management,married,tertiary,no,636,no,yes,unknown,5,jun,338,2,-1,0,unknown,no
9292,48,technician,married,secondary,no,-938,yes,no,cellular,7,may,134,1,344,2,failure,no
9293,31,management,single,tertiary,no,2007,yes,no,unknown,20,may,253,1,-1,0,unknown,no
9294,39,blue-collar,divorced,secondary,no,33,no,no,cellular,29,jan,593,4,-1,0,unknown,no
9295,39,management,single,unknown,no,2887,yes,no,unknown,7,may,42,2,-1,0,unknown,no
9296,39,housemaid,married,secondary,no,1444,no,no,cellular,19,nov,100,1,117,8,success,no
9297,55,management,married,tertiary,no,42,yes,no,telephone,11,may,386,2,-1,0,unknown,no
9298,54,retired,married,secondary,no,522,no,yes,cellular,14,jul,81,3,-1,0,unknown,no
9299,32,housemaid,married,secondary,no,0,no,no,cellular,21,aug,435,2,-1,0,unknown,no
9300,37,blue-collar,married,secondary,no,3884,yes,no,cellular,20,apr,28,5,-1,0,unknown,no
9301,36,services,married,secondary,no,472,yes,no,unknown,19,jun,1017,1,-1,0,unknown,no
9302,60,retired,married,secondary,no,2060,no,no,cellular,26,mar,454,1,88,3,other,no
9303,25,services,single,secondary,no,628,no,no,cellular,8,jul,266,1,-1,0,unknown,no
9304,50,management,married,tertiary,no,398,no,no,telephone,30,jul,1567,5,-1,0,unknown,no
9305,59,retired,married,secondary,no,417,yes,no,cellular,7,may,476,2,-1,0,unknown,no
9306,58,unemployed,married,secondary,no,610,yes,no,telephone,29,jul,246,2,-1,0,unknown,no
9307,49,technician,single,tertiary,no,2585,no,no,unknown,11,jun,64,1,-1,0,unknown,no
9308,47,technician,married,secondary,no,321,yes,yes,unknown,4,jul,111,1,-1,0,unknown,no
9309,38,services,married,primary,no,0,yes,no,cellular,17,nov,960,2,-1,0,unknown,no
9310,32,management,single,tertiary,yes,4,no,no,cellular,29,jan,181,1,-1,0,unknown,no
9311,40,blue-collar,single,unknown,no,29,no,no,telephone,7,jul,118,2,-1,0,unknown,no
9312,50,technician,married,secondary,no,892,yes,yes,unknown,15,may,234,1,-1,0,unknown,no
9313,35,management,single,tertiary,no,0,no,yes,cellular,14,aug,370,4,-1,0,unknown,no
9314,47,admin.,married,secondary,no,1387,yes,no,cellular,14,oct,158,1,826,1,failure,no
9315,27,admin.,single,secondary,no,454,no,yes,cellular,15,jul,331,2,-1,0,unknown,no
9316,48,housemaid,single,secondary,no,71,no,no,cellular,28,aug,97,3,-1,0,unknown,no
9317,40,blue-collar,married,primary,no,-35,yes,no,cellular,18,may,194,3,-1,0,unknown,no
9318,35,self-employed,married,secondary,no,2251,no,no,cellular,19,aug,151,8,-1,0,unknown,no
9319,39,housemaid,married,primary,no,2460,no,no,cellular,11,jul,194,3,-1,0,unknown,no
9320,34,blue-collar,married,secondary,no,34,no,no,cellular,30,jan,379,1,-1,0,unknown,no
9321,36,admin.,single,secondary,no,1281,no,no,telephone,24,jul,119,2,-1,0,unknown,no
9322,56,blue-collar,divorced,primary,no,3021,no,no,unknown,9,jun,419,2,-1,0,unknown,no
9323,30,technician,married,tertiary,no,141,no,no,cellular,29,jan,166,2,-1,0,unknown,no
9324,51,blue-collar,married,secondary,no,500,no,no,cellular,14,may,471,1,-1,0,unknown,no
9325,41,blue-collar,married,secondary,no,1459,no,no,unknown,5,jun,82,1,-1,0,unknown,no
9326,35,admin.,married,secondary,no,-244,yes,yes,cellular,6,may,118,1,-1,0,unknown,no
9327,53,management,married,tertiary,no,1356,yes,no,cellular,9,nov,371,2,96,4,failure,no
9328,25,blue-collar,single,primary,no,-289,yes,no,telephone,13,may,56,2,-1,0,unknown,no
9329,34,management,single,tertiary,no,1396,yes,no,cellular,17,jul,630,1,-1,0,unknown,no
9330,29,services,single,secondary,no,9,no,yes,cellular,8,jul,202,2,-1,0,unknown,no
9331,33,services,married,secondary,no,70,yes,no,cellular,21,jul,333,3,-1,0,unknown,no
9332,43,admin.,married,secondary,no,877,yes,no,cellular,2,feb,135,1,-1,0,unknown,no
9333,47,blue-collar,married,primary,no,113,yes,no,unknown,13,may,276,1,-1,0,unknown,no
9334,35,admin.,single,secondary,no,368,yes,no,unknown,16,may,218,3,-1,0,unknown,no
9335,49,entrepreneur,married,secondary,no,89,yes,no,cellular,12,may,351,1,-1,0,unknown,no
9336,41,services,married,primary,no,450,yes,no,unknown,14,may,374,2,-1,0,unknown,no
9337,49,services,married,unknown,no,463,yes,no,telephone,15,jul,541,2,-1,0,unknown,no
9338,44,blue-collar,married,secondary,no,1397,no,no,cellular,20,nov,326,1,-1,0,unknown,no
9339,32,services,single,secondary,no,310,yes,no,unknown,6,may,144,1,-1,0,unknown,no
9340,27,self-employed,single,tertiary,no,270,yes,no,unknown,27,may,470,2,-1,0,unknown,no
9341,53,technician,married,secondary,no,65,no,no,cellular,25,nov,99,1,92,2,failure,no
9342,55,admin.,married,secondary,no,865,yes,no,cellular,8,jul,105,1,82,2,failure,no
9343,60,retired,married,secondary,no,7,no,yes,cellular,18,aug,87,5,-1,0,unknown,no
9344,27,management,single,secondary,no,145,yes,no,cellular,5,may,121,4,89,3,failure,no
9345,58,self-employed,married,tertiary,no,327,no,yes,cellular,14,jul,145,2,-1,0,unknown,no
9346,42,blue-collar,married,secondary,no,429,yes,no,cellular,18,may,110,1,370,1,failure,no
9347,31,services,married,secondary,no,1167,yes,yes,cellular,20,nov,279,1,-1,0,unknown,no
9348,30,management,single,tertiary,no,2995,yes,no,cellular,18,nov,329,1,-1,0,unknown,no
9349,32,management,single,tertiary,no,974,yes,no,unknown,3,jun,228,1,-1,0,unknown,no
9350,56,self-employed,married,secondary,no,784,no,yes,cellular,30,jul,149,2,-1,0,unknown,no
9351,57,retired,divorced,secondary,no,316,no,no,cellular,28,jan,935,2,-1,0,unknown,no
9352,57,management,married,tertiary,no,0,yes,no,cellular,21,nov,67,1,-1,0,unknown,no
9353,39,technician,married,secondary,no,211,no,no,telephone,6,feb,53,2,-1,0,unknown,no
9354,37,blue-collar,married,secondary,no,342,yes,no,cellular,12,may,340,2,175,1,failure,no
9355,32,management,married,tertiary,no,628,no,no,cellular,30,apr,280,1,-1,0,unknown,no
9356,41,blue-collar,married,secondary,no,0,yes,no,cellular,1,apr,625,2,-1,0,unknown,no
9357,49,unemployed,married,secondary,no,769,yes,no,unknown,14,may,257,1,-1,0,unknown,no
9358,36,blue-collar,divorced,secondary,no,2278,yes,no,unknown,23,may,152,2,-1,0,unknown,no
9359,58,retired,married,primary,no,1351,yes,no,telephone,17,apr,392,3,-1,0,unknown,no
9360,58,technician,married,unknown,no,49,yes,no,unknown,15,may,75,2,-1,0,unknown,no
9361,33,services,married,secondary,no,1082,yes,yes,cellular,19,nov,351,1,-1,0,unknown,no
9362,31,management,single,tertiary,no,5691,yes,no,cellular,21,jul,357,1,-1,0,unknown,no
9363,46,blue-collar,divorced,primary,no,916,yes,no,cellular,11,may,472,2,-1,0,unknown,no
9364,42,unemployed,divorced,secondary,no,325,yes,no,unknown,28,may,97,4,-1,0,unknown,no
9365,46,admin.,married,secondary,no,0,yes,yes,cellular,20,apr,239,2,259,2,failure,no
9366,47,management,married,tertiary,no,2475,yes,no,cellular,20,nov,1476,4,-1,0,unknown,no
9367,42,self-employed,married,primary,no,3717,no,no,unknown,20,jun,235,1,-1,0,unknown,no
9368,53,entrepreneur,married,secondary,no,288,no,no,unknown,6,may,69,1,-1,0,unknown,no
9369,31,admin.,married,secondary,no,1130,yes,no,cellular,23,jul,236,5,-1,0,unknown,no
9370,39,blue-collar,married,primary,no,2715,yes,no,unknown,2,jun,201,3,-1,0,unknown,no
9371,57,blue-collar,married,primary,no,23,yes,no,telephone,31,jul,25,8,-1,0,unknown,no
9372,29,blue-collar,single,secondary,no,0,no,no,cellular,6,feb,437,2,-1,0,unknown,no
9373,32,blue-collar,single,secondary,no,-84,yes,no,cellular,11,may,426,1,-1,0,unknown,no
9374,38,self-employed,married,secondary,no,290,yes,no,unknown,20,may,369,1,-1,0,unknown,no
9375,34,self-employed,single,tertiary,no,36,no,no,telephone,28,jan,55,1,-1,0,unknown,no
9376,35,admin.,married,secondary,no,-488,yes,no,unknown,2,jun,97,4,-1,0,unknown,no
9377,55,blue-collar,married,secondary,no,-473,yes,no,unknown,26,may,233,1,-1,0,unknown,no
9378,42,management,married,tertiary,no,1272,yes,no,cellular,5,may,117,1,169,1,failure,no
9379,32,management,married,secondary,no,0,no,no,cellular,20,aug,162,4,-1,0,unknown,no
9380,50,management,divorced,primary,no,-6,yes,no,unknown,19,may,92,2,-1,0,unknown,no
9381,56,admin.,married,secondary,no,510,yes,no,cellular,10,jul,288,1,-1,0,unknown,no
9382,36,technician,single,secondary,no,818,yes,yes,cellular,19,aug,96,4,-1,0,unknown,no
9383,49,management,married,secondary,no,543,yes,no,unknown,20,may,213,3,-1,0,unknown,no
9384,48,management,married,tertiary,no,7867,yes,yes,unknown,30,may,306,3,-1,0,unknown,no
9385,32,technician,single,tertiary,no,1212,yes,no,unknown,23,may,463,2,-1,0,unknown,no
9386,35,management,married,secondary,no,533,no,no,cellular,6,aug,221,12,-1,0,unknown,no
9387,48,management,married,tertiary,no,291,yes,no,telephone,23,jul,350,2,-1,0,unknown,no
9388,40,services,single,secondary,no,573,yes,no,cellular,14,may,329,1,-1,0,unknown,no
9389,55,retired,married,secondary,no,1279,yes,no,cellular,13,may,446,3,357,8,other,no
9390,50,blue-collar,married,primary,no,280,yes,no,unknown,18,jun,61,23,-1,0,unknown,no
9391,55,technician,married,unknown,no,574,yes,no,cellular,29,jan,243,2,-1,0,unknown,no
9392,26,blue-collar,single,secondary,no,658,no,yes,telephone,23,jul,34,4,-1,0,unknown,no
9393,34,technician,married,secondary,no,2019,yes,yes,unknown,27,jun,102,1,-1,0,unknown,no
9394,45,management,married,tertiary,no,22815,no,no,cellular,26,aug,653,8,-1,0,unknown,no
9395,44,entrepreneur,married,secondary,no,887,yes,no,cellular,17,apr,519,1,14,2,failure,no
9396,34,management,married,tertiary,no,303,yes,no,cellular,29,jan,50,1,195,2,failure,no
9397,39,services,single,secondary,no,326,yes,no,unknown,27,may,115,1,-1,0,unknown,no
9398,31,management,single,secondary,no,453,yes,no,unknown,9,may,384,2,-1,0,unknown,no
9399,27,management,single,tertiary,yes,0,no,yes,cellular,8,jul,46,1,-1,0,unknown,no
9400,41,management,married,tertiary,no,4063,yes,no,cellular,12,may,14,5,172,2,failure,no
9401,45,technician,married,secondary,no,2403,no,no,cellular,21,nov,207,1,-1,0,unknown,no
9402,28,services,single,secondary,no,123,yes,no,cellular,6,may,115,1,359,3,failure,no
9403,39,unemployed,married,secondary,no,270,yes,no,unknown,3,jun,116,1,-1,0,unknown,no
9404,31,technician,single,tertiary,no,424,no,no,cellular,29,jan,106,1,161,2,failure,no
9405,31,management,married,tertiary,no,1230,yes,no,unknown,27,may,290,4,-1,0,unknown,no
9406,31,admin.,single,secondary,no,387,yes,no,cellular,13,may,228,2,370,1,failure,no
9407,35,technician,single,primary,no,744,yes,no,cellular,7,apr,1096,1,-1,0,unknown,no
9408,32,technician,single,NULL,no,696,no,yes,cellular,13,aug,101,4,105,4,failure,no
9409,49,management,married,tertiary,no,4594,no,no,cellular,11,aug,157,3,-1,0,unknown,no
9410,42,entrepreneur,married,secondary,no,1002,no,no,unknown,20,jun,109,3,-1,0,unknown,no
9411,31,management,single,tertiary,no,-173,yes,no,unknown,6,may,396,2,-1,0,unknown,no
9412,35,services,single,secondary,no,1239,yes,no,cellular,5,may,60,2,347,1,failure,no
9413,31,technician,single,secondary,no,354,no,yes,cellular,22,aug,186,2,-1,0,unknown,no
9414,45,admin.,single,secondary,no,375,no,yes,unknown,22,sep,10,1,594,6,failure,no
9415,24,blue-collar,single,secondary,no,3,yes,no,cellular,15,may,311,1,-1,0,unknown,no
9416,49,self-employed,divorced,secondary,no,6116,yes,no,cellular,21,nov,43,1,-1,0,unknown,no
9417,36,self-employed,married,tertiary,no,4515,yes,no,unknown,17,jun,408,2,-1,0,unknown,no
9418,28,blue-collar,single,tertiary,no,727,yes,no,unknown,6,jun,144,4,-1,0,unknown,no
9419,54,retired,married,secondary,no,3846,yes,yes,unknown,19,jun,216,2,-1,0,unknown,no
9420,27,blue-collar,single,primary,no,1128,yes,no,unknown,30,jun,88,4,-1,0,unknown,no
9421,34,management,divorced,tertiary,no,1173,no,yes,cellular,18,jul,93,1,-1,0,unknown,no
9422,40,management,single,tertiary,no,27,no,no,cellular,27,aug,165,6,-1,0,unknown,no
9423,32,admin.,single,tertiary,no,328,yes,yes,unknown,26,jun,271,1,-1,0,unknown,no
9424,41,admin.,married,secondary,no,0,yes,no,cellular,17,nov,595,2,-1,0,unknown,no
9425,38,services,single,primary,no,-87,yes,no,cellular,13,may,531,1,-1,0,unknown,no
9426,35,admin.,single,secondary,no,2830,no,no,unknown,20,jun,22,12,-1,0,unknown,no
9427,31,technician,married,secondary,no,4,no,no,unknown,20,may,199,4,-1,0,unknown,no
9428,47,entrepreneur,married,secondary,no,0,no,no,unknown,19,jun,563,2,-1,0,unknown,no
9429,41,admin.,married,secondary,no,80,no,no,cellular,19,nov,202,1,-1,0,unknown,no
9430,29,admin.,single,secondary,no,2768,yes,no,unknown,2,jun,121,4,-1,0,unknown,no
9431,33,management,married,tertiary,no,5,yes,no,unknown,7,aug,12,1,-1,0,unknown,no
9432,89,retired,married,tertiary,no,553,no,no,telephone,19,aug,2027,5,-1,0,unknown,no
9433,54,blue-collar,married,secondary,no,-102,yes,no,cellular,27,aug,164,7,-1,0,unknown,no
9434,72,retired,married,primary,no,2079,no,no,cellular,13,aug,100,1,191,3,other,no
9435,29,blue-collar,married,secondary,no,1,yes,no,unknown,6,may,215,1,-1,0,unknown,no
9436,41,blue-collar,married,secondary,no,598,yes,no,cellular,12,may,69,3,364,11,failure,no
9437,39,housemaid,married,primary,no,34,yes,no,cellular,14,jul,377,3,-1,0,unknown,no
9438,41,services,divorced,secondary,no,-19,yes,no,unknown,19,may,201,1,-1,0,unknown,no
9439,31,blue-collar,married,primary,no,292,yes,yes,unknown,30,may,30,18,-1,0,unknown,no
9440,32,services,married,secondary,no,144,yes,no,unknown,19,may,260,11,-1,0,unknown,no
9441,52,admin.,married,secondary,no,1113,no,yes,cellular,8,jul,83,1,-1,0,unknown,no
9442,41,entrepreneur,married,tertiary,no,121,yes,no,cellular,5,may,456,1,287,1,failure,no
9443,45,management,married,tertiary,no,904,yes,yes,unknown,20,jun,14,9,-1,0,unknown,no
9444,29,admin.,single,secondary,no,-498,yes,no,cellular,2,feb,99,3,227,14,failure,no
9445,32,admin.,married,tertiary,no,0,yes,no,unknown,5,may,138,1,-1,0,unknown,no
9446,35,blue-collar,married,secondary,no,67,no,no,unknown,20,may,60,6,-1,0,unknown,no
9447,54,technician,married,secondary,no,3967,no,yes,cellular,29,jul,90,3,-1,0,unknown,no
9448,41,self-employed,married,secondary,no,305,yes,no,cellular,13,may,174,2,-1,0,unknown,no
9449,42,blue-collar,married,primary,no,260,yes,no,telephone,31,jul,175,2,-1,0,unknown,no
9450,59,management,divorced,tertiary,no,258,yes,no,cellular,20,apr,33,1,173,1,success,no
9451,58,retired,married,primary,no,0,no,no,cellular,4,aug,506,1,-1,0,unknown,no
9452,32,services,single,secondary,no,72,no,no,cellular,28,jul,88,9,-1,0,unknown,no
9453,56,technician,single,primary,no,145,yes,no,telephone,6,feb,124,2,9,2,other,no
9454,50,management,divorced,tertiary,no,2564,yes,no,cellular,21,nov,124,4,113,8,failure,no
9455,45,services,married,primary,no,7811,no,no,unknown,16,jun,143,2,-1,0,unknown,no
9456,59,retired,married,secondary,no,5744,no,no,unknown,18,jun,632,1,-1,0,unknown,no
9457,47,blue-collar,married,primary,no,673,yes,yes,unknown,6,jun,118,4,-1,0,unknown,no
9458,54,management,single,secondary,no,602,no,no,cellular,30,jul,101,2,-1,0,unknown,no
9459,40,services,married,secondary,no,9374,yes,no,cellular,21,nov,7,8,185,1,failure,no
9460,37,management,married,tertiary,no,5016,no,no,cellular,8,aug,119,1,-1,0,unknown,no
9461,29,blue-collar,married,secondary,no,508,yes,yes,unknown,19,jun,262,5,-1,0,unknown,no
9462,36,blue-collar,married,primary,no,156,yes,no,cellular,21,nov,219,2,-1,0,unknown,no
9463,33,management,married,tertiary,no,0,yes,no,cellular,9,jul,310,1,-1,0,unknown,no
9464,32,management,divorced,tertiary,no,12,no,no,cellular,17,jul,321,1,-1,0,unknown,no
9465,53,technician,married,secondary,no,7984,yes,no,cellular,2,feb,151,1,-1,0,unknown,no
9466,33,services,married,secondary,no,255,yes,yes,cellular,21,nov,588,2,184,2,failure,no
9467,36,admin.,married,tertiary,no,211,yes,no,unknown,5,may,146,2,-1,0,unknown,no
9468,43,unemployed,divorced,secondary,no,1854,no,no,cellular,13,nov,131,2,197,1,success,no
9469,45,self-employed,married,tertiary,no,-497,yes,yes,cellular,15,may,217,1,176,1,failure,no
9470,52,services,married,secondary,no,431,no,no,cellular,26,aug,73,17,-1,0,unknown,no
9471,48,blue-collar,divorced,secondary,no,-314,yes,no,cellular,18,may,7,5,-1,0,unknown,no
9472,NULL,management,married,tertiary,no,552,no,no,cellular,28,jul,761,8,-1,0,unknown,no
9473,31,technician,married,secondary,no,465,yes,no,cellular,12,may,259,3,-1,0,unknown,no
9474,34,services,single,secondary,no,544,yes,no,unknown,27,may,257,2,-1,0,unknown,no
9475,54,blue-collar,married,primary,no,-636,yes,no,unknown,30,may,324,3,-1,0,unknown,no
9476,40,management,married,tertiary,no,7780,no,no,telephone,4,may,364,1,355,1,other,no
9477,55,unemployed,single,primary,no,274,no,no,cellular,9,feb,7,5,-1,0,unknown,no
9478,33,management,married,tertiary,no,1148,no,no,cellular,19,nov,299,1,-1,0,unknown,no
9479,50,management,married,tertiary,no,67,no,yes,unknown,20,jun,156,3,-1,0,unknown,no
9480,59,retired,divorced,secondary,no,914,no,no,cellular,28,jan,192,1,-1,0,unknown,no
9481,40,services,married,secondary,no,1293,yes,no,cellular,13,apr,128,3,-1,0,unknown,no
9482,45,admin.,married,secondary,no,111,yes,no,cellular,11,aug,173,1,-1,0,unknown,no
9483,32,management,married,tertiary,no,937,no,no,cellular,28,aug,90,1,94,2,failure,no
9484,50,blue-collar,married,unknown,no,605,yes,no,unknown,15,may,200,1,-1,0,unknown,no
9485,58,blue-collar,married,secondary,no,1457,yes,no,cellular,8,jul,144,4,-1,0,unknown,no
9486,38,management,married,tertiary,no,1617,yes,no,cellular,16,apr,691,1,-1,0,unknown,no
9487,57,technician,married,secondary,no,29207,yes,no,telephone,21,nov,232,2,-1,0,unknown,no
9488,31,blue-collar,married,secondary,no,812,yes,no,cellular,23,sep,245,1,-1,0,unknown,no
9489,69,retired,married,primary,no,324,no,no,cellular,12,aug,875,1,189,4,success,no
9490,26,admin.,single,secondary,no,1327,no,no,cellular,30,mar,171,4,-1,0,unknown,no
9491,30,admin.,married,secondary,no,482,no,no,cellular,23,apr,86,1,-1,0,unknown,no
9492,49,blue-collar,married,secondary,no,134,yes,yes,unknown,27,may,265,2,-1,0,unknown,no
9493,36,blue-collar,married,primary,no,347,no,no,cellular,4,feb,167,2,-1,0,unknown,no
9494,37,technician,married,secondary,no,1824,yes,no,cellular,3,jul,112,2,324,2,other,no
9495,55,blue-collar,divorced,primary,no,410,no,yes,cellular,11,jul,221,2,-1,0,unknown,no
9496,36,management,single,tertiary,no,-38,yes,no,unknown,14,may,784,1,-1,0,unknown,no
9497,31,self-employed,married,secondary,no,581,yes,no,cellular,13,oct,845,1,152,6,failure,no
9498,30,technician,divorced,secondary,no,3100,yes,no,unknown,21,may,154,4,-1,0,unknown,no
9499,36,services,married,secondary,no,0,yes,yes,cellular,15,jul,201,4,-1,0,unknown,no
9500,50,self-employed,married,secondary,no,1138,no,no,cellular,14,aug,219,10,-1,0,unknown,no
9501,53,unknown,married,unknown,no,0,no,no,cellular,25,aug,209,5,-1,0,unknown,no
9502,39,services,married,secondary,no,304,yes,yes,unknown,9,may,323,1,-1,0,unknown,no
9503,31,technician,married,tertiary,no,313,yes,no,cellular,27,aug,114,2,-1,0,unknown,no
9504,49,blue-collar,married,primary,no,1898,no,no,cellular,21,aug,159,1,-1,0,unknown,no
9505,35,services,married,secondary,no,142,yes,no,cellular,20,nov,315,2,196,4,failure,no
9506,45,blue-collar,married,primary,no,4696,no,no,unknown,17,jun,99,1,-1,0,unknown,no
9507,30,management,single,secondary,no,135,no,no,cellular,14,aug,112,2,-1,0,unknown,no
9508,47,self-employed,married,primary,no,574,yes,no,cellular,20,nov,137,5,-1,0,unknown,no
9509,37,blue-collar,married,primary,no,1322,yes,no,cellular,21,nov,14,8,185,1,other,no
9510,35,technician,married,tertiary,no,703,no,no,cellular,20,apr,169,1,-1,0,unknown,no
9511,41,management,single,tertiary,no,0,no,no,cellular,7,aug,91,2,-1,0,unknown,no
9512,35,unemployed,married,secondary,no,1,yes,no,cellular,28,jul,173,8,-1,0,unknown,no
9513,60,retired,married,primary,no,55,no,no,cellular,4,jun,207,1,-1,0,unknown,no
9514,58,technician,married,secondary,no,786,yes,no,unknown,7,may,165,3,-1,0,unknown,no
9515,28,management,married,tertiary,no,22,yes,no,cellular,31,jul,59,3,-1,0,unknown,no
9516,57,unemployed,married,secondary,no,890,no,no,cellular,5,feb,343,4,-1,0,unknown,no
9517,35,management,married,tertiary,no,451,yes,no,cellular,17,apr,220,6,-1,0,unknown,no
9518,54,admin.,married,tertiary,no,59,yes,no,cellular,10,jul,268,1,-1,0,unknown,no
9519,31,management,single,tertiary,no,15,no,no,cellular,11,aug,119,2,-1,0,unknown,no
9520,32,blue-collar,single,secondary,no,15341,no,no,unknown,21,may,738,3,-1,0,unknown,no
9521,56,admin.,single,secondary,no,-273,no,no,cellular,8,jul,119,2,-1,0,unknown,no
9522,35,self-employed,married,tertiary,yes,28,no,yes,cellular,8,jul,259,1,-1,0,unknown,no
9523,33,blue-collar,married,secondary,no,58,no,no,unknown,16,may,144,2,-1,0,unknown,no
9524,50,technician,married,secondary,no,103,yes,no,cellular,3,feb,109,4,267,6,failure,no
9525,46,management,single,secondary,no,244,yes,no,unknown,15,may,244,1,-1,0,unknown,no
9526,35,services,married,secondary,no,0,no,no,unknown,9,jun,115,4,-1,0,unknown,no
9527,49,admin.,married,secondary,no,880,yes,yes,cellular,18,may,22,3,-1,0,unknown,no
9528,56,management,divorced,tertiary,no,-141,no,no,cellular,28,jul,101,4,-1,0,unknown,no
9529,33,blue-collar,single,primary,no,447,yes,no,unknown,9,may,180,2,-1,0,unknown,no
9530,37,entrepreneur,married,primary,no,62,no,no,cellular,31,jul,404,2,-1,0,unknown,no
9531,30,blue-collar,single,secondary,no,148,no,no,cellular,2,apr,206,1,-1,0,unknown,no
9532,34,admin.,single,secondary,no,79,yes,no,cellular,28,jul,219,3,-1,0,unknown,no
9533,29,blue-collar,single,secondary,no,9,yes,no,cellular,11,may,262,3,-1,0,unknown,no
9534,32,management,married,tertiary,no,578,no,yes,cellular,22,jul,29,2,-1,0,unknown,no
9535,29,blue-collar,married,primary,no,-382,yes,no,cellular,28,jul,35,2,-1,0,unknown,no
9536,50,blue-collar,married,primary,no,888,no,yes,telephone,10,jul,160,3,-1,0,unknown,no
9537,58,technician,single,secondary,no,382,no,no,cellular,13,aug,460,2,-1,0,unknown,no
9538,30,management,married,tertiary,no,1390,no,no,cellular,20,aug,552,4,-1,0,unknown,no
9539,52,entrepreneur,married,primary,no,-104,no,yes,cellular,10,jul,124,1,-1,0,unknown,no
9540,39,management,married,tertiary,no,22,yes,no,unknown,2,jun,493,1,-1,0,unknown,no
9541,43,technician,divorced,secondary,no,-36,yes,no,cellular,17,nov,190,1,104,1,failure,no
9542,51,technician,married,secondary,no,130,no,no,cellular,22,aug,547,3,-1,0,unknown,no
9543,38,admin.,single,secondary,no,77,no,no,cellular,20,nov,441,4,-1,0,unknown,no
9544,30,self-employed,single,secondary,no,1031,no,no,unknown,20,oct,7,1,-1,0,unknown,no
9545,52,management,divorced,primary,no,92,no,yes,cellular,16,jul,469,7,-1,0,unknown,no
9546,40,technician,married,tertiary,no,1063,yes,yes,cellular,19,aug,264,2,-1,0,unknown,no
9547,37,technician,married,secondary,no,0,yes,yes,cellular,15,jul,101,3,-1,0,unknown,no
9548,30,blue-collar,married,secondary,no,282,yes,yes,unknown,23,may,148,2,-1,0,unknown,no
9549,51,management,married,tertiary,no,1394,yes,no,cellular,5,aug,115,1,-1,0,unknown,no
9550,27,technician,single,secondary,no,16,no,no,unknown,19,may,193,1,-1,0,unknown,no
9551,35,blue-collar,married,secondary,no,975,yes,no,cellular,16,jul,102,1,-1,0,unknown,no
9552,47,admin.,married,tertiary,no,12276,no,no,unknown,20,jun,77,5,-1,0,unknown,no
9553,29,blue-collar,married,secondary,no,313,yes,no,cellular,20,apr,172,2,343,3,other,no
9554,NULL,admin.,married,secondary,no,1648,yes,no,cellular,19,nov,172,3,-1,0,unknown,no
9555,43,admin.,single,secondary,no,6,no,no,cellular,4,feb,58,1,264,1,failure,no
9556,31,blue-collar,married,primary,no,1127,yes,no,telephone,13,may,43,1,349,1,failure,no
9557,54,blue-collar,married,secondary,no,1070,no,no,cellular,18,nov,373,4,-1,0,unknown,no
9558,59,housemaid,married,secondary,no,1040,no,no,cellular,5,aug,123,2,-1,0,unknown,no
9559,51,blue-collar,married,secondary,no,50,yes,yes,unknown,6,may,121,1,-1,0,unknown,no
9560,32,management,married,tertiary,no,62,yes,no,telephone,13,nov,45,1,-1,0,unknown,no
9561,42,blue-collar,married,secondary,no,-755,yes,yes,unknown,2,jun,312,1,-1,0,unknown,no
9562,46,blue-collar,married,secondary,no,4707,yes,no,unknown,23,may,93,8,-1,0,unknown,no
9563,30,technician,single,secondary,no,925,no,no,cellular,20,nov,240,1,-1,0,unknown,no
9564,42,management,divorced,primary,no,0,yes,no,cellular,19,nov,73,5,-1,0,unknown,no
9565,39,blue-collar,married,primary,no,867,yes,no,unknown,7,may,481,1,-1,0,unknown,no
9566,31,management,single,tertiary,no,-201,yes,no,cellular,22,aug,81,4,-1,0,unknown,no
9567,35,blue-collar,married,secondary,no,120,yes,no,unknown,28,may,245,2,-1,0,unknown,no
9568,34,admin.,married,secondary,no,61,no,yes,unknown,5,may,21,1,-1,0,unknown,no
9569,42,technician,divorced,secondary,no,0,yes,no,unknown,28,may,471,2,-1,0,unknown,no
9570,57,management,married,primary,no,687,yes,yes,telephone,21,jul,107,3,-1,0,unknown,no
9571,38,management,single,tertiary,no,38,no,no,cellular,20,aug,105,2,-1,0,unknown,no
9572,29,blue-collar,single,secondary,no,2806,no,no,cellular,15,oct,294,1,93,5,other,no
9573,46,management,married,secondary,no,-27,yes,no,cellular,6,may,289,1,-1,0,unknown,no
9574,48,management,married,tertiary,no,2498,no,no,cellular,14,aug,98,2,-1,0,unknown,no
9575,33,technician,married,secondary,no,390,no,no,cellular,13,aug,460,2,-1,0,unknown,no
9576,59,admin.,single,secondary,no,-423,yes,yes,cellular,20,apr,84,1,-1,0,unknown,no
9577,23,technician,single,secondary,no,1587,yes,yes,cellular,14,may,502,2,-1,0,unknown,no
9578,37,blue-collar,married,secondary,no,288,yes,no,cellular,5,may,159,6,-1,0,unknown,no
9579,40,technician,single,secondary,no,822,yes,yes,cellular,29,jan,155,2,245,3,failure,no
9580,44,blue-collar,divorced,secondary,no,-222,yes,no,unknown,27,may,112,3,-1,0,unknown,no
9581,37,blue-collar,single,secondary,no,197,yes,no,unknown,16,may,251,3,-1,0,unknown,no
9582,28,services,single,secondary,no,159,yes,no,telephone,12,may,345,2,-1,0,unknown,no
9583,39,technician,single,secondary,no,681,yes,no,unknown,5,jun,170,1,-1,0,unknown,no
9584,57,retired,divorced,primary,yes,0,no,yes,cellular,24,jul,125,2,-1,0,unknown,no
9585,38,blue-collar,single,unknown,no,495,yes,no,unknown,8,may,297,1,-1,0,unknown,no
9586,60,blue-collar,married,secondary,no,414,no,no,cellular,4,feb,147,1,-1,0,unknown,no
9587,38,management,divorced,tertiary,no,151,yes,no,cellular,17,jul,50,1,-1,0,unknown,no
9588,26,student,single,secondary,no,2572,yes,no,cellular,5,may,620,1,-1,0,unknown,no
9589,32,blue-collar,married,secondary,no,320,yes,no,unknown,6,may,198,2,-1,0,unknown,no
9590,35,management,single,tertiary,no,304,yes,no,cellular,19,nov,274,2,-1,0,unknown,no
9591,30,management,single,secondary,no,1299,no,no,cellular,14,aug,515,2,-1,0,unknown,no
9592,37,blue-collar,married,secondary,no,740,yes,no,cellular,7,may,434,3,342,2,failure,no
9593,36,blue-collar,married,secondary,no,537,no,yes,cellular,7,jul,206,6,-1,0,unknown,no
9594,34,admin.,single,secondary,no,1581,yes,yes,unknown,20,may,52,11,-1,0,unknown,no
9595,28,blue-collar,married,secondary,no,708,yes,no,unknown,6,jun,339,5,-1,0,unknown,no
9596,37,blue-collar,married,primary,no,178,yes,yes,unknown,9,jun,72,1,-1,0,unknown,no
9597,31,services,single,secondary,no,671,yes,no,unknown,7,may,193,3,-1,0,unknown,no
9598,34,blue-collar,married,primary,no,3,yes,no,telephone,8,may,26,1,-1,0,unknown,no
9599,28,technician,single,secondary,no,981,yes,no,cellular,24,jul,225,1,-1,0,unknown,no
9600,38,technician,married,tertiary,no,1042,yes,no,cellular,4,feb,419,2,-1,0,unknown,no
9601,80,retired,married,primary,no,1021,no,no,telephone,26,feb,37,1,-1,0,unknown,no
9602,59,retired,married,secondary,no,1035,yes,yes,cellular,5,aug,223,1,-1,0,unknown,no
9603,54,management,married,tertiary,no,1114,yes,no,cellular,21,nov,1195,2,175,1,other,no
9604,29,blue-collar,single,tertiary,no,98,no,no,cellular,10,aug,170,2,-1,0,unknown,no
9605,39,technician,married,secondary,no,24,yes,no,cellular,28,jan,79,4,-1,0,unknown,no
9606,30,technician,single,secondary,no,486,no,no,cellular,28,jan,335,3,-1,0,unknown,no
9607,41,services,divorced,secondary,no,727,yes,no,cellular,11,may,246,1,-1,0,unknown,no
9608,48,technician,married,secondary,no,-205,yes,yes,cellular,9,jul,112,1,-1,0,unknown,no
9609,26,blue-collar,married,secondary,no,895,yes,no,cellular,4,feb,820,3,-1,0,unknown,no
9610,55,admin.,married,primary,no,319,no,no,cellular,21,nov,124,3,-1,0,unknown,no
9611,36,admin.,single,secondary,no,206,yes,no,unknown,8,may,183,1,-1,0,unknown,no
9612,31,services,married,secondary,no,-414,yes,no,cellular,6,may,1369,3,-1,0,unknown,no
9613,35,blue-collar,married,primary,yes,-1489,yes,yes,unknown,29,may,177,1,-1,0,unknown,no
9614,30,management,married,tertiary,no,0,no,no,cellular,7,aug,74,1,-1,0,unknown,no
9615,26,blue-collar,single,secondary,no,249,yes,no,cellular,29,jan,235,3,262,5,failure,no
9616,32,management,married,tertiary,no,927,no,no,cellular,8,oct,282,1,-1,0,unknown,no
9617,43,blue-collar,divorced,primary,no,515,yes,no,cellular,18,nov,182,1,-1,0,unknown,no
9618,48,admin.,married,secondary,no,1060,yes,no,cellular,20,apr,87,2,318,3,failure,no
9619,49,technician,married,secondary,no,308,no,no,cellular,27,jul,266,5,-1,0,unknown,no
9620,34,blue-collar,married,secondary,no,808,yes,yes,cellular,17,jul,20,3,-1,0,unknown,no
9621,27,blue-collar,single,primary,no,431,yes,no,unknown,15,may,286,2,-1,0,unknown,no
9622,31,admin.,single,secondary,no,396,yes,no,unknown,19,may,104,1,-1,0,unknown,no
9623,35,technician,single,secondary,no,-89,yes,no,cellular,15,may,75,1,368,1,failure,no
9624,40,admin.,married,secondary,no,-253,yes,no,cellular,9,jul,177,1,-1,0,unknown,no
9625,39,services,married,secondary,no,0,yes,no,unknown,20,may,793,2,-1,0,unknown,no
9626,19,student,single,unknown,no,60,no,no,cellular,14,aug,253,1,-1,0,unknown,no
9627,40,services,married,secondary,no,695,yes,no,cellular,11,may,270,1,348,10,failure,no
9628,25,admin.,single,tertiary,no,1141,yes,no,cellular,5,may,718,1,347,1,failure,no
9629,38,technician,divorced,tertiary,no,791,yes,no,unknown,26,may,89,2,-1,0,unknown,no
9630,62,blue-collar,married,primary,no,1381,no,no,cellular,19,oct,1020,1,-1,0,unknown,no
9631,27,services,married,secondary,no,0,yes,no,cellular,23,jul,198,13,-1,0,unknown,no
9632,40,technician,married,secondary,no,-28,yes,yes,unknown,30,may,289,2,-1,0,unknown,no
9633,56,management,married,tertiary,no,412,no,no,telephone,20,nov,179,6,-1,0,unknown,no
9634,33,management,married,tertiary,no,310,no,no,cellular,29,aug,179,2,-1,0,unknown,no
9635,52,blue-collar,married,secondary,no,1319,no,no,telephone,30,apr,37,2,-1,0,unknown,no
9636,33,blue-collar,married,secondary,no,0,yes,yes,cellular,28,jul,83,12,-1,0,unknown,no
9637,38,services,married,secondary,no,-314,yes,no,unknown,28,may,66,2,-1,0,unknown,no
9638,27,services,married,secondary,no,511,yes,no,unknown,30,jun,85,5,-1,0,unknown,no
9639,54,retired,married,secondary,no,-152,yes,yes,unknown,26,may,14,11,-1,0,unknown,no
9640,35,admin.,married,secondary,no,907,no,yes,unknown,2,jul,97,4,-1,0,unknown,no
9641,41,blue-collar,single,primary,no,22,yes,no,unknown,14,may,152,1,-1,0,unknown,no
9642,28,blue-collar,single,secondary,no,0,no,yes,cellular,31,jul,11,21,-1,0,unknown,no
9643,55,management,divorced,tertiary,no,8044,yes,no,cellular,11,may,175,5,333,19,other,no
9644,56,admin.,single,secondary,no,1854,yes,no,telephone,7,may,45,1,342,2,failure,no
9645,33,blue-collar,single,secondary,no,1794,yes,no,cellular,12,may,360,1,173,1,other,no
9646,42,technician,married,secondary,no,2,no,no,unknown,29,may,249,2,-1,0,unknown,no
9647,34,student,single,unknown,no,2321,no,no,cellular,9,nov,600,2,99,5,failure,no
9648,35,technician,single,secondary,no,144,no,no,cellular,22,jul,163,2,-1,0,unknown,no
9649,46,technician,divorced,secondary,no,1,yes,yes,unknown,26,may,200,3,-1,0,unknown,no
9650,31,self-employed,single,secondary,no,762,no,no,cellular,11,aug,312,3,-1,0,unknown,no
9651,48,self-employed,married,tertiary,no,16,yes,yes,cellular,18,nov,214,1,-1,0,unknown,no
9652,38,technician,married,secondary,no,20,no,no,cellular,2,feb,147,1,-1,0,unknown,no
9653,47,services,married,secondary,no,2070,yes,yes,unknown,26,may,136,1,-1,0,unknown,no
9654,48,management,married,tertiary,no,308,yes,no,cellular,14,jul,125,5,-1,0,unknown,no
9655,57,technician,married,unknown,no,1617,yes,no,unknown,7,may,96,2,-1,0,unknown,no
9656,30,admin.,married,secondary,no,39,yes,no,cellular,28,jul,101,3,-1,0,unknown,no
9657,39,blue-collar,married,primary,no,332,yes,no,unknown,8,may,277,3,-1,0,unknown,no
9658,31,management,single,tertiary,no,713,no,no,cellular,28,aug,162,1,-1,0,unknown,no
9659,44,blue-collar,married,secondary,no,2885,yes,no,unknown,30,may,63,3,-1,0,unknown,no
9660,38,services,married,secondary,no,968,yes,no,cellular,6,apr,272,1,-1,0,unknown,no
9661,58,unknown,married,tertiary,no,4150,no,no,unknown,6,jun,363,1,-1,0,unknown,no
9662,42,management,married,tertiary,no,687,no,no,cellular,11,aug,667,2,-1,0,unknown,no
9663,33,management,married,secondary,no,333,no,no,cellular,28,aug,80,6,-1,0,unknown,no
9664,55,retired,married,primary,no,1821,no,no,cellular,8,aug,224,2,-1,0,unknown,no
9665,34,blue-collar,married,secondary,no,-436,yes,no,unknown,26,may,317,1,-1,0,unknown,no
9666,30,unknown,single,unknown,no,6929,no,no,cellular,19,nov,341,1,-1,0,unknown,no
9667,35,technician,single,secondary,no,126,no,no,cellular,22,aug,112,2,-1,0,unknown,no
9668,35,technician,married,secondary,no,2019,yes,yes,cellular,18,nov,83,2,144,1,failure,no
9669,56,retired,married,secondary,no,878,no,no,unknown,20,jun,123,3,-1,0,unknown,no
9670,27,management,single,tertiary,no,6791,no,no,telephone,22,mar,174,2,229,28,success,no
9671,39,self-employed,divorced,secondary,no,0,yes,no,unknown,23,may,210,2,-1,0,unknown,no
9672,36,admin.,married,secondary,no,110,yes,no,telephone,4,feb,185,1,-1,0,unknown,no
9673,35,self-employed,married,secondary,no,28,no,yes,unknown,2,jul,159,3,-1,0,unknown,no
9674,34,housemaid,single,primary,no,443,no,no,cellular,30,jan,10,1,2,1,other,no
9675,28,unemployed,single,primary,no,236,no,no,cellular,6,feb,460,3,-1,0,unknown,no
9676,37,technician,married,secondary,no,2707,yes,no,telephone,16,jul,109,1,-1,0,unknown,no
9677,57,technician,married,secondary,no,1753,yes,no,cellular,7,may,539,1,-1,0,unknown,no
9678,34,services,married,secondary,no,1182,yes,no,unknown,28,may,124,1,-1,0,unknown,no
9679,38,management,single,tertiary,no,427,yes,no,cellular,18,nov,253,1,182,1,failure,no
9680,48,technician,married,primary,no,788,no,no,telephone,9,jul,36,2,-1,0,unknown,no
9681,35,admin.,married,secondary,no,0,no,no,cellular,7,jul,78,11,-1,0,unknown,no
9682,40,blue-collar,married,primary,yes,-509,yes,no,unknown,23,may,298,1,-1,0,unknown,no
9683,48,services,divorced,primary,no,-110,no,yes,unknown,19,jun,164,2,-1,0,unknown,no
9684,54,blue-collar,married,primary,no,244,yes,no,cellular,29,jul,337,2,-1,0,unknown,no
9685,49,services,divorced,secondary,no,933,no,yes,cellular,29,jul,92,33,-1,0,unknown,no
9686,38,technician,married,tertiary,no,940,no,no,cellular,12,aug,191,7,-1,0,unknown,no
9687,44,entrepreneur,married,tertiary,no,1631,yes,no,cellular,17,nov,81,1,195,2,failure,no
9688,44,unemployed,married,secondary,yes,-505,yes,no,unknown,3,jun,113,11,-1,0,unknown,no
9689,60,admin.,married,secondary,no,7336,no,no,cellular,31,mar,494,1,-1,0,unknown,no
9690,55,services,single,secondary,no,-40,yes,no,unknown,12,may,178,2,-1,0,unknown,no
9691,27,student,single,primary,yes,25,no,no,unknown,28,aug,8,1,-1,0,unknown,no
9692,33,management,single,secondary,no,0,no,no,unknown,20,may,190,2,-1,0,unknown,no
9693,32,technician,married,secondary,no,5,yes,no,cellular,17,nov,114,1,-1,0,unknown,no
9694,51,blue-collar,married,secondary,no,-92,yes,no,unknown,4,jun,28,4,-1,0,unknown,no
9695,44,admin.,married,secondary,no,497,yes,no,cellular,3,feb,321,3,270,2,other,no
9696,49,blue-collar,married,primary,no,2356,no,yes,telephone,14,jul,236,2,-1,0,unknown,no
9697,42,blue-collar,married,secondary,no,3,yes,no,cellular,12,may,118,1,-1,0,unknown,no
9698,35,services,married,secondary,no,128,yes,no,cellular,12,may,136,1,-1,0,unknown,no
9699,32,admin.,married,tertiary,no,390,yes,yes,cellular,5,may,100,1,243,1,other,no
9700,39,technician,single,secondary,no,300,no,no,cellular,10,sep,315,6,394,1,failure,no
9701,54,technician,married,secondary,no,827,no,yes,unknown,20,jun,294,2,-1,0,unknown,no
9702,35,technician,married,tertiary,no,25,no,no,cellular,27,aug,219,2,-1,0,unknown,no
9703,41,technician,single,primary,no,340,yes,no,cellular,13,may,262,1,349,1,failure,no
9704,35,management,married,tertiary,no,867,yes,no,cellular,20,nov,298,2,171,3,success,no
9705,41,blue-collar,married,secondary,no,140,yes,no,cellular,29,jan,636,2,-1,0,unknown,no
9706,36,technician,married,secondary,no,3,no,no,cellular,20,aug,100,4,-1,0,unknown,no
9707,51,self-employed,married,secondary,no,4920,no,no,telephone,2,jun,392,2,-1,0,unknown,no
9708,59,unknown,single,secondary,no,3237,no,no,unknown,6,jun,100,3,-1,0,unknown,no
9709,44,blue-collar,married,primary,no,0,yes,yes,cellular,21,nov,32,2,116,3,other,no
9710,49,admin.,married,secondary,no,1096,yes,no,cellular,17,apr,609,1,303,5,failure,no
9711,37,admin.,single,tertiary,no,869,no,no,cellular,30,jul,60,8,-1,0,unknown,no
9712,60,technician,divorced,tertiary,no,1900,yes,no,unknown,29,may,77,3,-1,0,unknown,no
9713,40,management,married,tertiary,no,413,yes,no,unknown,14,may,150,1,-1,0,unknown,no
9714,27,blue-collar,married,primary,yes,-588,no,no,unknown,13,may,531,2,-1,0,unknown,no
9715,34,housemaid,married,secondary,yes,0,no,no,cellular,21,aug,398,2,-1,0,unknown,no
9716,41,technician,married,secondary,no,2490,yes,no,unknown,21,may,115,2,-1,0,unknown,no
9717,39,services,married,secondary,no,20928,no,no,cellular,14,may,1166,1,352,1,other,no
9718,34,admin.,married,secondary,no,560,yes,no,unknown,5,may,198,3,-1,0,unknown,no
9719,38,blue-collar,divorced,secondary,no,0,yes,no,cellular,11,may,580,1,173,1,failure,no
9720,56,blue-collar,married,primary,no,826,yes,no,cellular,21,jul,853,1,-1,0,unknown,no
9721,42,services,married,secondary,no,115,yes,yes,cellular,17,apr,161,1,149,2,failure,no
9722,47,student,single,unknown,no,107,no,no,telephone,15,jul,119,8,-1,0,unknown,no
9723,32,blue-collar,married,secondary,no,320,yes,yes,cellular,3,feb,22,4,-1,0,unknown,no
9724,37,blue-collar,married,secondary,yes,-399,yes,yes,unknown,3,jun,21,3,-1,0,unknown,no
9725,25,student,single,secondary,no,703,no,no,cellular,5,may,1100,3,-1,0,unknown,no
9726,29,technician,divorced,secondary,no,328,yes,yes,cellular,4,feb,25,1,-1,0,unknown,no
9727,48,management,divorced,tertiary,no,148,no,no,cellular,12,aug,152,2,-1,0,unknown,no
9728,39,self-employed,single,tertiary,no,2298,yes,yes,cellular,20,apr,13,2,319,18,other,no
9729,31,blue-collar,married,secondary,no,64,yes,no,cellular,18,jul,302,3,-1,0,unknown,no
9730,28,management,single,tertiary,no,4013,yes,no,unknown,4,jun,386,1,-1,0,unknown,no
9731,32,management,married,tertiary,no,0,no,no,unknown,9,may,280,1,-1,0,unknown,no
9732,35,technician,married,tertiary,no,633,yes,yes,cellular,2,feb,76,3,5,3,other,no
9733,51,admin.,married,unknown,no,-1137,yes,yes,telephone,11,may,567,3,325,1,failure,no
9734,32,blue-collar,married,primary,no,902,yes,no,unknown,27,may,106,2,-1,0,unknown,no
9735,30,blue-collar,married,secondary,no,2850,no,no,unknown,8,may,181,2,-1,0,unknown,no
9736,54,management,married,tertiary,no,313,yes,no,unknown,5,may,83,2,-1,0,unknown,no
9737,41,blue-collar,married,secondary,no,923,yes,no,unknown,14,may,249,2,-1,0,unknown,no
9738,35,admin.,single,primary,no,8,yes,no,unknown,16,may,148,18,-1,0,unknown,no
9739,44,technician,married,secondary,no,945,yes,no,cellular,4,aug,190,1,-1,0,unknown,no
9740,58,management,married,tertiary,no,2261,yes,no,cellular,3,jun,1361,1,391,1,failure,no
9741,43,blue-collar,married,primary,no,18,yes,no,cellular,14,may,131,2,370,3,other,no
9742,52,blue-collar,married,secondary,no,5828,yes,no,telephone,13,may,276,2,-1,0,unknown,no
9743,60,retired,married,primary,no,6307,yes,no,unknown,11,jun,362,1,-1,0,unknown,no
9744,32,management,single,tertiary,no,537,no,no,unknown,29,may,187,3,-1,0,unknown,no
9745,41,blue-collar,married,secondary,no,393,yes,yes,cellular,10,jul,122,1,-1,0,unknown,no
9746,54,blue-collar,divorced,primary,no,215,yes,no,unknown,4,jun,71,5,-1,0,unknown,no
9747,30,blue-collar,single,secondary,no,132,yes,no,unknown,16,may,329,1,-1,0,unknown,no
9748,36,technician,single,secondary,no,35,no,no,cellular,29,aug,493,2,-1,0,unknown,no
9749,27,admin.,single,secondary,no,125,no,no,cellular,21,jul,104,1,288,8,failure,no
9750,32,technician,single,secondary,no,129,yes,no,cellular,7,may,213,1,-1,0,unknown,no
9751,34,management,married,tertiary,no,0,no,no,cellular,6,aug,139,2,-1,0,unknown,no
9752,43,admin.,married,secondary,no,315,no,no,cellular,23,jul,129,2,-1,0,unknown,no
9753,NULL,services,married,primary,no,2567,yes,no,cellular,14,may,109,1,360,2,failure,no
9754,31,management,divorced,tertiary,no,883,yes,no,cellular,19,nov,168,1,-1,0,unknown,no
9755,37,technician,married,secondary,no,1120,yes,no,unknown,30,may,103,5,-1,0,unknown,no
9756,51,technician,divorced,secondary,no,0,yes,no,unknown,28,may,463,2,-1,0,unknown,no
9757,52,blue-collar,married,secondary,no,1117,yes,no,cellular,13,may,365,1,-1,0,unknown,no
9758,57,blue-collar,married,secondary,no,773,yes,yes,unknown,18,jun,97,8,-1,0,unknown,no
9759,32,technician,single,tertiary,no,390,yes,no,unknown,23,may,85,1,-1,0,unknown,no
9760,47,admin.,married,secondary,no,1358,yes,no,cellular,14,may,80,4,-1,0,unknown,no
9761,31,management,married,tertiary,no,216,no,no,cellular,22,jul,47,1,-1,0,unknown,no
9762,27,blue-collar,single,secondary,no,317,yes,no,unknown,20,may,16,10,-1,0,unknown,no
9763,31,blue-collar,single,primary,no,2369,yes,no,cellular,18,may,87,1,-1,0,unknown,no
9764,36,admin.,divorced,tertiary,no,125,yes,no,unknown,26,may,172,1,-1,0,unknown,no
9765,44,blue-collar,married,primary,no,6,no,no,cellular,10,jul,338,9,-1,0,unknown,no
9766,34,blue-collar,married,primary,no,15841,yes,no,cellular,20,apr,423,5,-1,0,unknown,no
9767,32,housemaid,married,primary,no,51,yes,no,cellular,12,may,324,1,-1,0,unknown,no
9768,52,management,married,secondary,no,0,yes,yes,unknown,27,may,62,13,-1,0,unknown,no
9769,60,retired,divorced,primary,no,-79,yes,yes,cellular,29,jan,192,1,-1,0,unknown,no
9770,30,services,single,secondary,no,1881,no,yes,unknown,26,jun,29,1,-1,0,unknown,no
9771,48,blue-collar,married,primary,no,456,yes,yes,unknown,19,may,289,1,-1,0,unknown,no
9772,39,management,married,primary,no,1873,no,no,unknown,9,jun,161,2,-1,0,unknown,no
9773,59,management,divorced,tertiary,no,0,yes,no,cellular,31,jul,52,8,-1,0,unknown,no
9774,42,admin.,married,secondary,no,445,yes,no,unknown,7,may,202,2,-1,0,unknown,no
9775,77,retired,married,secondary,no,2123,no,no,telephone,4,feb,141,4,-1,0,unknown,no
9776,29,technician,married,secondary,no,767,yes,no,cellular,5,feb,253,1,-1,0,unknown,no
9777,49,technician,divorced,secondary,no,229,no,no,cellular,8,aug,219,2,-1,0,unknown,no
9778,57,retired,married,secondary,no,3783,yes,no,unknown,6,jun,198,3,-1,0,unknown,no
9779,37,blue-collar,married,secondary,no,140,yes,yes,cellular,7,may,490,1,-1,0,unknown,no
9780,35,technician,married,secondary,no,6,yes,no,cellular,11,may,204,2,348,2,failure,no
9781,63,retired,divorced,secondary,no,859,no,no,cellular,13,feb,92,1,-1,0,unknown,no
9782,37,technician,married,secondary,no,261,no,no,cellular,29,aug,301,4,-1,0,unknown,no
9783,37,services,married,secondary,no,50,yes,no,unknown,8,may,352,3,-1,0,unknown,no
9784,52,admin.,married,secondary,no,-462,yes,no,cellular,9,feb,172,5,-1,0,unknown,no
9785,60,retired,married,secondary,no,0,no,no,cellular,5,aug,143,3,-1,0,unknown,no
9786,36,technician,married,secondary,no,283,yes,yes,unknown,27,jun,56,2,-1,0,unknown,no
9787,48,self-employed,married,secondary,no,91,no,no,cellular,21,aug,136,8,-1,0,unknown,no
9788,47,entrepreneur,married,tertiary,no,0,no,no,telephone,18,nov,103,2,-1,0,unknown,no
9789,56,management,divorced,tertiary,no,442,no,no,unknown,28,may,77,3,-1,0,unknown,no
9790,45,blue-collar,married,secondary,no,0,no,no,cellular,30,jul,25,2,-1,0,unknown,no
9791,53,housemaid,married,secondary,no,1182,yes,no,cellular,7,sep,82,1,293,1,failure,no
9792,56,blue-collar,married,secondary,no,316,yes,no,unknown,19,may,27,1,-1,0,unknown,no
9793,59,technician,married,secondary,no,316,no,no,cellular,14,aug,200,4,-1,0,unknown,no
9794,34,management,married,tertiary,no,402,no,no,cellular,26,may,147,1,-1,0,unknown,no
9795,45,unemployed,single,primary,no,8725,no,no,cellular,8,jul,286,2,-1,0,unknown,no
9796,32,technician,married,unknown,no,102,yes,no,unknown,21,may,12,11,-1,0,unknown,no
9797,60,self-employed,married,secondary,no,0,no,no,unknown,6,jun,97,1,-1,0,unknown,no
9798,54,blue-collar,divorced,secondary,no,615,no,yes,cellular,20,nov,230,1,-1,0,unknown,no
9799,41,services,married,secondary,no,0,yes,no,unknown,5,may,114,2,-1,0,unknown,no
9800,44,blue-collar,married,secondary,no,3060,yes,no,cellular,20,apr,87,2,151,3,failure,no
9801,40,technician,married,secondary,no,990,yes,no,cellular,6,feb,252,3,-1,0,unknown,no
9802,40,services,divorced,primary,no,1937,yes,no,unknown,2,jun,86,1,-1,0,unknown,no
9803,29,technician,married,secondary,no,428,no,no,cellular,14,jul,131,4,-1,0,unknown,no
9804,28,technician,married,secondary,no,655,yes,no,unknown,9,may,179,2,-1,0,unknown,no
9805,35,management,married,tertiary,no,16,no,no,cellular,19,nov,185,1,-1,0,unknown,no
9806,33,management,married,tertiary,no,2044,yes,no,cellular,15,may,102,3,177,1,failure,no
9807,33,management,single,tertiary,no,20,no,no,cellular,21,aug,329,2,-1,0,unknown,no
9808,50,retired,married,primary,no,29,no,no,unknown,20,jun,135,5,-1,0,unknown,no
9809,56,management,married,primary,no,-155,yes,no,cellular,17,nov,282,1,-1,0,unknown,no
9810,37,management,single,tertiary,no,340,no,no,cellular,11,aug,90,4,-1,0,unknown,no
9811,53,technician,married,secondary,no,1776,no,no,unknown,18,jun,443,7,-1,0,unknown,no
9812,27,blue-collar,single,secondary,no,23,no,no,cellular,26,feb,590,2,-1,0,unknown,no
9813,46,technician,married,secondary,no,863,yes,no,cellular,3,feb,67,3,-1,0,unknown,no
9814,36,blue-collar,divorced,secondary,no,7051,no,yes,cellular,15,jul,106,13,-1,0,unknown,no
9815,37,admin.,married,secondary,no,1049,no,no,cellular,31,jul,126,5,-1,0,unknown,no
9816,28,admin.,married,tertiary,no,174,yes,yes,cellular,11,feb,56,1,184,2,failure,no
9817,40,blue-collar,married,primary,no,137,no,yes,cellular,10,jul,214,1,-1,0,unknown,no
9818,48,blue-collar,married,primary,no,783,no,yes,cellular,6,aug,90,2,-1,0,unknown,no
9819,46,services,married,primary,no,116,yes,no,cellular,18,may,267,4,341,3,failure,no
9820,39,technician,married,primary,no,2118,yes,no,cellular,17,apr,266,2,-1,0,unknown,no
9821,37,management,single,tertiary,no,10269,yes,no,cellular,18,may,28,2,-1,0,unknown,no
9822,26,admin.,single,secondary,no,141,yes,no,cellular,18,may,19,4,349,6,other,no
9823,35,blue-collar,divorced,primary,no,13,no,yes,cellular,9,jul,364,1,-1,0,unknown,no
9824,37,management,single,tertiary,no,0,no,no,cellular,7,jul,643,3,-1,0,unknown,no
9825,32,entrepreneur,married,secondary,no,1996,yes,no,cellular,18,nov,271,1,-1,0,unknown,no
9826,31,admin.,single,secondary,no,1129,yes,no,cellular,18,may,145,3,-1,0,unknown,no
9827,36,housemaid,single,tertiary,no,561,no,no,unknown,6,jun,274,2,-1,0,unknown,no
9828,36,management,married,tertiary,no,539,no,no,cellular,11,aug,176,1,-1,0,unknown,no
9829,38,services,married,secondary,no,-349,yes,no,cellular,20,apr,111,2,328,5,failure,no
9830,45,admin.,married,secondary,no,6971,no,no,cellular,22,may,119,1,-1,0,unknown,no
9831,58,housemaid,married,tertiary,no,497,no,no,unknown,11,jun,138,5,-1,0,unknown,no
9832,34,management,married,tertiary,no,362,yes,no,unknown,30,may,38,3,-1,0,unknown,no
9833,51,blue-collar,married,primary,no,4497,yes,no,unknown,15,may,276,3,-1,0,unknown,no
9834,38,technician,single,tertiary,no,2496,no,no,unknown,17,jun,193,1,-1,0,unknown,no
9835,73,retired,married,secondary,no,2850,no,no,cellular,8,oct,512,1,144,7,failure,no
9836,57,technician,married,primary,no,0,no,no,unknown,5,jun,58,8,-1,0,unknown,no
9837,45,management,married,tertiary,no,1199,no,no,telephone,3,feb,221,2,-1,0,unknown,no
9838,34,technician,divorced,tertiary,no,66,no,yes,cellular,5,feb,102,1,170,2,failure,no
9839,48,admin.,married,unknown,no,3756,no,no,cellular,14,aug,65,10,-1,0,unknown,no
9840,39,blue-collar,single,secondary,no,1170,no,no,unknown,6,jun,383,1,-1,0,unknown,no
9841,35,technician,married,tertiary,no,944,no,no,cellular,8,aug,351,2,-1,0,unknown,no
9842,58,management,divorced,tertiary,no,50,yes,no,unknown,3,jun,109,4,-1,0,unknown,no
9843,36,management,single,tertiary,no,171,no,no,unknown,17,jun,398,4,-1,0,unknown,no
9844,43,services,married,secondary,no,122,yes,no,cellular,5,may,355,2,-1,0,unknown,no
9845,34,blue-collar,divorced,secondary,no,1780,yes,no,unknown,2,jun,187,9,-1,0,unknown,no
9846,52,technician,married,secondary,no,136,no,no,cellular,28,aug,88,5,-1,0,unknown,no
9847,36,unknown,married,secondary,no,179,no,no,cellular,8,aug,14,8,-1,0,unknown,no
9848,32,blue-collar,single,secondary,no,232,no,no,unknown,13,dec,232,1,-1,0,unknown,no
9849,23,student,single,tertiary,no,82,no,no,cellular,4,may,289,4,-1,0,unknown,no
9850,57,blue-collar,married,primary,no,630,yes,no,unknown,29,may,52,1,-1,0,unknown,no
9851,43,blue-collar,married,primary,yes,1202,no,no,unknown,30,may,295,1,-1,0,unknown,no
9852,33,admin.,single,tertiary,no,867,yes,no,cellular,14,apr,247,1,-1,0,unknown,no
9853,45,management,divorced,tertiary,no,6200,no,no,cellular,29,jul,103,2,-1,0,unknown,no
9854,31,admin.,single,secondary,no,-422,yes,no,cellular,18,may,64,2,329,15,other,no
9855,41,self-employed,single,unknown,no,426,yes,no,unknown,19,jun,75,1,-1,0,unknown,no
9856,47,management,divorced,tertiary,no,107,no,no,unknown,15,may,246,1,-1,0,unknown,no
9857,39,services,divorced,secondary,yes,-96,yes,yes,telephone,12,may,38,6,-1,0,unknown,no
9858,47,blue-collar,married,secondary,no,581,yes,no,cellular,26,aug,79,6,-1,0,unknown,no
9859,57,technician,married,secondary,no,402,yes,no,unknown,6,may,153,3,-1,0,unknown,no
9860,52,blue-collar,married,secondary,no,555,yes,no,cellular,12,may,314,2,-1,0,unknown,no
9861,45,admin.,married,secondary,no,67,no,no,cellular,5,feb,326,2,-1,0,unknown,no
9862,42,management,married,tertiary,no,72,yes,no,cellular,20,apr,124,2,348,3,failure,no
9863,32,self-employed,married,secondary,no,1942,yes,no,unknown,30,may,84,9,-1,0,unknown,no
9864,31,technician,single,secondary,no,373,no,no,cellular,22,aug,346,5,-1,0,unknown,no
9865,25,blue-collar,single,secondary,no,84,yes,no,cellular,18,may,6,2,-1,0,unknown,no
9866,30,technician,married,secondary,no,394,no,no,cellular,22,aug,216,13,-1,0,unknown,no
9867,33,blue-collar,married,primary,no,925,no,no,cellular,20,nov,884,3,-1,0,unknown,no
9868,29,blue-collar,married,secondary,no,0,yes,no,cellular,11,may,116,6,-1,0,unknown,no
9869,55,retired,married,secondary,no,6690,no,no,cellular,30,apr,534,1,-1,0,unknown,no
9870,51,admin.,married,secondary,no,4178,yes,no,unknown,30,may,556,1,-1,0,unknown,no
9871,68,retired,married,secondary,no,20723,yes,no,cellular,28,apr,318,2,-1,0,unknown,no
9872,29,services,single,secondary,no,887,no,no,cellular,4,feb,343,1,-1,0,unknown,no
9873,35,self-employed,married,secondary,no,598,yes,no,cellular,20,apr,245,1,-1,0,unknown,no
9874,38,technician,married,secondary,no,1,yes,no,cellular,21,nov,57,5,199,1,success,no
9875,39,management,divorced,secondary,no,4314,yes,no,cellular,20,nov,141,4,-1,0,unknown,no
9876,47,technician,married,tertiary,no,2155,no,no,unknown,20,jun,178,3,-1,0,unknown,no
9877,22,management,single,tertiary,no,760,no,no,telephone,7,dec,6,1,-1,0,unknown,no
9878,44,admin.,married,secondary,no,1248,yes,yes,cellular,8,may,428,3,-1,0,unknown,no
9879,38,technician,single,tertiary,no,5122,yes,no,cellular,20,nov,370,1,184,1,failure,no
9880,56,services,divorced,secondary,no,191,no,no,cellular,23,jul,335,3,-1,0,unknown,no
9881,56,management,married,secondary,no,230,no,no,unknown,9,may,73,4,-1,0,unknown,no
9882,54,management,divorced,tertiary,no,7010,no,no,cellular,11,mar,275,2,-1,0,unknown,no
9883,39,services,married,secondary,no,1970,yes,no,unknown,8,jun,30,1,404,2,success,no
9884,36,blue-collar,married,secondary,no,3935,yes,yes,unknown,27,may,220,6,-1,0,unknown,no
9885,42,admin.,married,secondary,no,437,yes,no,cellular,11,aug,120,3,190,1,failure,no
9886,51,technician,divorced,secondary,no,2323,yes,yes,cellular,18,aug,151,10,-1,0,unknown,no
9887,32,management,married,tertiary,no,2213,no,no,cellular,29,jan,125,2,154,7,failure,no
9888,31,management,married,tertiary,no,84,no,yes,unknown,1,jul,143,1,-1,0,unknown,no
9889,23,technician,single,secondary,no,4545,no,no,cellular,3,jun,200,1,-1,0,unknown,no
9890,21,student,single,unknown,no,200,no,no,unknown,1,jun,8,1,-1,0,unknown,no
9891,45,admin.,single,secondary,no,206,yes,no,unknown,5,may,193,1,-1,0,unknown,no
9892,51,technician,married,secondary,no,2937,no,no,telephone,21,nov,30,3,-1,0,unknown,no
9893,36,unemployed,single,tertiary,no,221,no,no,cellular,3,feb,225,4,-1,0,unknown,no
9894,56,blue-collar,married,secondary,no,1521,yes,yes,cellular,21,nov,19,2,179,3,other,no
9895,41,technician,married,secondary,no,102,yes,yes,unknown,14,may,387,9,-1,0,unknown,no
9896,57,retired,married,secondary,no,519,yes,no,unknown,3,jun,393,3,-1,0,unknown,no
9897,55,blue-collar,married,secondary,no,660,no,no,unknown,5,jun,348,1,-1,0,unknown,no
9898,34,management,divorced,tertiary,no,500,yes,no,unknown,29,may,399,1,-1,0,unknown,no
9899,32,admin.,married,secondary,no,1661,yes,no,cellular,5,feb,76,1,209,2,failure,no
9900,41,blue-collar,single,unknown,no,961,yes,no,unknown,29,may,117,1,-1,0,unknown,no
9901,32,admin.,divorced,secondary,no,-273,yes,no,cellular,5,may,64,1,-1,0,unknown,no
9902,53,management,married,tertiary,no,7067,no,no,unknown,6,jun,82,3,-1,0,unknown,no
9903,43,blue-collar,married,unknown,no,285,yes,no,cellular,15,may,22,6,-1,0,unknown,no
9904,27,services,married,secondary,no,221,no,yes,cellular,7,jul,554,1,-1,0,unknown,no
9905,48,technician,single,secondary,no,479,no,no,unknown,20,may,148,5,-1,0,unknown,no
9906,33,services,single,tertiary,no,1595,yes,no,unknown,26,may,296,1,-1,0,unknown,no
9907,41,management,married,tertiary,no,65,yes,no,unknown,6,may,524,2,-1,0,unknown,no
9908,33,admin.,married,tertiary,no,640,no,no,cellular,24,jul,318,1,-1,0,unknown,no
9909,25,management,single,tertiary,no,490,no,no,cellular,7,sep,394,1,-1,0,unknown,no
9910,38,management,married,tertiary,no,1440,no,no,cellular,11,aug,111,2,-1,0,unknown,no
9911,43,self-employed,married,secondary,no,918,yes,no,unknown,6,may,193,1,-1,0,unknown,no
9912,56,management,single,tertiary,no,6507,yes,yes,cellular,29,jan,134,1,196,1,failure,no
9913,28,services,married,secondary,no,4,yes,no,unknown,27,jun,133,5,-1,0,unknown,no
9914,52,self-employed,married,tertiary,no,2289,yes,yes,cellular,21,nov,81,1,-1,0,unknown,no
9915,32,management,single,tertiary,no,131,no,no,unknown,3,jun,267,3,-1,0,unknown,no
9916,33,services,single,secondary,no,1852,no,no,telephone,25,feb,371,1,204,3,other,no
9917,31,technician,single,tertiary,no,-749,yes,yes,cellular,29,jul,82,4,-1,0,unknown,no
9918,54,technician,married,secondary,no,719,yes,no,cellular,2,feb,242,1,264,1,failure,no
9919,36,technician,married,secondary,no,4613,no,no,cellular,2,apr,320,1,134,2,failure,no
9920,40,admin.,single,secondary,no,664,no,no,cellular,19,nov,188,2,121,2,success,no
9921,32,admin.,single,tertiary,no,291,no,no,telephone,28,jan,223,6,275,5,other,no
9922,27,student,single,tertiary,no,24,yes,no,cellular,2,feb,344,2,-1,0,unknown,no
9923,42,technician,single,secondary,no,823,yes,no,cellular,28,jan,137,1,-1,0,unknown,no
9924,30,management,married,tertiary,no,1235,yes,no,cellular,28,jul,104,3,-1,0,unknown,no
9925,43,technician,single,secondary,no,1195,yes,no,unknown,15,may,516,9,-1,0,unknown,no
9926,44,management,married,unknown,no,21,no,no,cellular,24,aug,323,2,-1,0,unknown,no
9927,46,technician,married,secondary,no,363,yes,no,cellular,6,aug,209,3,-1,0,unknown,no
9928,36,blue-collar,single,secondary,no,0,no,no,unknown,19,jun,238,1,-1,0,unknown,no
9929,44,blue-collar,single,primary,no,0,yes,no,cellular,24,jul,184,1,-1,0,unknown,no
9930,30,management,single,tertiary,no,136,yes,no,unknown,23,may,152,1,-1,0,unknown,no
9931,34,admin.,single,secondary,no,846,yes,no,cellular,17,apr,758,2,-1,0,unknown,no
9932,20,student,single,primary,no,0,no,no,cellular,1,feb,143,5,91,8,failure,no
9933,31,services,married,secondary,no,505,no,no,cellular,11,jul,773,3,-1,0,unknown,no
9934,34,blue-collar,married,primary,no,3986,yes,no,cellular,17,apr,345,2,-1,0,unknown,no
9935,27,technician,single,tertiary,no,11862,no,no,telephone,25,may,281,5,101,1,success,no
9936,47,management,married,primary,yes,145,no,yes,unknown,1,jul,163,1,-1,0,unknown,no
9937,56,management,divorced,tertiary,no,2037,no,no,cellular,6,may,160,1,91,5,success,no
9938,45,technician,divorced,secondary,no,441,yes,no,cellular,2,feb,535,1,-1,0,unknown,no
9939,35,blue-collar,married,primary,no,105,yes,no,unknown,8,may,369,2,-1,0,unknown,no
9940,32,technician,married,secondary,no,465,yes,no,cellular,12,may,210,2,-1,0,unknown,no
9941,44,entrepreneur,married,secondary,no,320,yes,yes,cellular,5,feb,269,3,234,2,other,no
9942,38,services,married,secondary,no,-762,yes,yes,unknown,30,may,408,2,-1,0,unknown,no
9943,32,management,single,tertiary,no,316,yes,no,cellular,29,jan,215,3,-1,0,unknown,no
9944,58,admin.,married,unknown,no,903,no,no,cellular,28,jan,56,1,-1,0,unknown,no
9945,35,management,single,tertiary,no,123,yes,no,unknown,9,may,83,3,-1,0,unknown,no
9946,40,blue-collar,married,secondary,no,273,yes,no,unknown,19,jun,1082,1,-1,0,unknown,no
9947,36,technician,married,secondary,no,1345,yes,no,unknown,30,may,231,3,-1,0,unknown,no
9948,52,blue-collar,married,secondary,no,1027,no,no,cellular,23,jul,59,1,-1,0,unknown,no
9949,35,technician,single,secondary,no,1855,yes,no,unknown,7,may,138,1,-1,0,unknown,no
9950,38,services,single,secondary,no,1315,no,no,unknown,20,jun,23,12,-1,0,unknown,no
9951,43,admin.,married,secondary,no,59,yes,no,cellular,15,jul,60,3,-1,0,unknown,no
9952,43,admin.,married,secondary,no,2682,no,no,cellular,30,jul,103,8,-1,0,unknown,no
9953,35,management,married,tertiary,no,2682,yes,no,cellular,9,jul,156,1,-1,0,unknown,no
9954,40,services,married,secondary,no,3164,yes,no,cellular,3,apr,329,2,-1,0,unknown,no
9955,49,technician,divorced,secondary,no,342,no,yes,cellular,19,nov,58,3,-1,0,unknown,no
9956,35,services,single,secondary,no,1742,yes,no,cellular,31,jul,39,2,-1,0,unknown,no
9957,42,technician,divorced,secondary,no,-106,yes,no,unknown,29,may,95,1,-1,0,unknown,no
9958,29,unemployed,single,unknown,no,67,no,no,cellular,28,jan,330,2,-1,0,unknown,no
9959,26,technician,single,secondary,no,430,no,no,cellular,5,feb,450,2,-1,0,unknown,no
9960,44,blue-collar,single,primary,no,-234,yes,yes,cellular,15,may,71,3,347,1,failure,no
9961,29,management,single,tertiary,no,0,yes,no,cellular,13,may,155,1,351,1,failure,no
9962,36,blue-collar,married,secondary,no,-206,yes,no,unknown,8,may,177,2,-1,0,unknown,no
9963,30,technician,single,secondary,no,656,no,yes,unknown,4,jul,523,1,-1,0,unknown,no
9964,52,retired,married,secondary,no,603,no,yes,unknown,9,jun,79,1,-1,0,unknown,no
9965,55,admin.,married,secondary,no,1102,yes,no,unknown,15,may,126,2,-1,0,unknown,no
9966,30,services,single,secondary,no,117,no,no,cellular,28,jan,135,1,-1,0,unknown,no
9967,29,technician,single,secondary,no,-13,yes,no,cellular,14,may,512,3,-1,0,unknown,no
9968,27,admin.,single,tertiary,no,1993,yes,no,cellular,5,may,102,5,-1,0,unknown,no
9969,58,retired,divorced,unknown,no,5920,yes,no,cellular,21,nov,96,1,121,1,failure,no
9970,33,services,married,secondary,no,881,yes,no,unknown,21,may,67,5,-1,0,unknown,no
9971,48,admin.,married,secondary,no,0,yes,no,cellular,17,jul,109,4,-1,0,unknown,no
9972,39,housemaid,married,secondary,no,953,no,no,cellular,30,jan,23,6,232,3,other,no
9973,55,blue-collar,married,primary,no,781,yes,no,cellular,3,feb,112,3,270,2,failure,no
9974,40,blue-collar,single,primary,no,1530,yes,no,cellular,20,apr,8,3,315,1,failure,no
9975,33,management,single,tertiary,no,2667,yes,no,cellular,18,may,57,1,180,3,failure,no
9976,56,admin.,married,secondary,no,5310,no,no,unknown,19,jun,74,1,-1,0,unknown,no
9977,42,blue-collar,married,secondary,no,1468,yes,no,unknown,28,may,136,1,-1,0,unknown,no
9978,43,unknown,married,primary,no,0,yes,no,cellular,9,jul,132,1,-1,0,unknown,no
9979,41,management,married,tertiary,no,144,no,no,cellular,27,feb,123,3,-1,0,unknown,no
9980,58,admin.,single,secondary,no,247,no,yes,unknown,20,jun,66,6,-1,0,unknown,no
9981,29,blue-collar,married,primary,no,258,yes,no,unknown,26,may,130,1,-1,0,unknown,no
9982,38,management,married,tertiary,no,595,yes,no,cellular,18,nov,70,1,-1,0,unknown,no
9983,49,blue-collar,divorced,secondary,yes,259,no,no,unknown,16,may,283,2,-1,0,unknown,no
9984,55,self-employed,married,secondary,no,2408,no,no,telephone,9,apr,327,2,140,1,failure,no
9985,53,management,married,tertiary,no,1356,yes,no,cellular,5,aug,397,2,93,2,failure,no
9986,56,admin.,married,secondary,no,292,yes,no,unknown,28,may,228,9,-1,0,unknown,no
9987,31,management,single,tertiary,no,2384,yes,no,cellular,14,apr,608,2,-1,0,unknown,no
9988,29,technician,single,secondary,no,307,yes,no,cellular,3,feb,216,1,-1,0,unknown,no
9989,48,admin.,married,secondary,no,292,yes,yes,cellular,29,jul,164,6,-1,0,unknown,no
9990,43,blue-collar,married,primary,no,3131,yes,no,unknown,3,jun,441,3,-1,0,unknown,no
9991,29,technician,married,secondary,no,0,no,no,unknown,12,may,33,2,-1,0,unknown,no
9992,39,management,single,tertiary,no,2258,yes,no,cellular,31,jul,255,2,-1,0,unknown,no
9993,53,management,married,tertiary,no,1348,no,yes,cellular,17,jul,120,3,-1,0,unknown,no
9994,48,blue-collar,married,secondary,no,741,yes,no,cellular,16,apr,227,1,-1,0,unknown,no
9995,34,management,married,tertiary,no,0,no,no,cellular,22,apr,176,1,-1,0,unknown,no
9996,52,management,single,tertiary,no,741,no,no,cellular,7,aug,63,2,-1,0,unknown,no
9997,30,admin.,married,secondary,no,521,yes,no,cellular,19,nov,648,1,-1,0,unknown,no
9998,45,entrepreneur,married,primary,no,5315,yes,yes,cellular,15,may,262,2,-1,0,unknown,no
9999,54,management,married,secondary,no,1660,no,no,cellular,20,nov,337,3,-1,0,unknown,no
10000,44,self-employed,married,unknown,no,163,yes,no,cellular,12,aug,44,1,100,3,success,no
10001,35,entrepreneur,married,secondary,no,1163,yes,no,unknown,20,may,284,1,-1,0,unknown,no
10002,34,technician,single,tertiary,no,122,no,no,unknown,27,may,73,5,-1,0,unknown,no
10003,22,student,single,unknown,no,1,no,no,telephone,15,jun,263,4,-1,0,unknown,no
10004,65,retired,married,primary,no,493,no,no,cellular,16,oct,622,1,182,1,failure,no
10005,49,management,married,unknown,no,0,no,no,cellular,19,nov,99,2,-1,0,unknown,no
10006,38,management,single,unknown,no,715,yes,no,cellular,2,apr,951,1,132,3,failure,no
10007,28,technician,single,tertiary,no,558,yes,no,cellular,15,may,300,1,-1,0,unknown,no
10008,33,technician,married,tertiary,no,16992,yes,no,unknown,29,may,58,1,-1,0,unknown,no
10009,34,management,married,tertiary,no,179,yes,no,cellular,20,nov,184,1,-1,0,unknown,no
10010,26,student,single,unknown,no,198,no,no,cellular,5,feb,161,1,-1,0,unknown,no
10011,37,blue-collar,married,primary,no,152,yes,no,cellular,17,apr,252,2,-1,0,unknown,no
10012,40,blue-collar,married,primary,no,2805,yes,no,cellular,14,may,173,6,353,23,failure,no
10013,28,services,single,secondary,no,6332,yes,no,telephone,7,may,149,1,343,4,failure,no
10014,31,technician,married,secondary,no,2420,yes,no,cellular,19,nov,166,1,-1,0,unknown,no
10015,42,management,married,secondary,no,580,no,no,cellular,22,aug,67,2,-1,0,unknown,no
10016,34,technician,divorced,secondary,no,259,no,no,cellular,11,aug,316,2,-1,0,unknown,no
10017,34,services,married,secondary,no,-451,yes,yes,cellular,23,jul,498,1,-1,0,unknown,no
10018,53,management,married,tertiary,no,261,no,no,cellular,19,aug,100,2,-1,0,unknown,no
10019,55,entrepreneur,married,tertiary,no,323,yes,yes,cellular,13,may,200,1,-1,0,unknown,no
10020,51,entrepreneur,single,tertiary,no,0,no,no,cellular,30,jan,643,1,-1,0,unknown,no
10021,58,retired,married,secondary,no,235,no,no,cellular,27,aug,88,4,-1,0,unknown,no
10022,35,blue-collar,married,primary,no,526,yes,no,cellular,2,feb,914,2,-1,0,unknown,no
10023,35,blue-collar,married,primary,no,4366,yes,no,unknown,28,may,173,3,-1,0,unknown,no
10024,31,technician,married,tertiary,no,0,yes,yes,unknown,13,may,164,2,-1,0,unknown,no
10025,32,student,married,secondary,no,833,yes,no,telephone,2,nov,227,5,164,3,other,no
10026,59,retired,married,primary,yes,-13,no,no,cellular,11,aug,77,1,-1,0,unknown,no
10027,50,management,divorced,tertiary,no,405,no,no,cellular,2,apr,82,6,-1,0,unknown,no
10028,37,blue-collar,married,primary,no,3517,yes,no,unknown,23,may,445,1,-1,0,unknown,no
10029,30,services,married,secondary,no,699,yes,no,unknown,29,may,544,1,-1,0,unknown,no
10030,41,blue-collar,married,primary,no,943,yes,no,unknown,29,may,242,3,-1,0,unknown,no
10031,43,blue-collar,married,primary,no,794,yes,no,cellular,13,may,38,3,-1,0,unknown,no
10032,34,blue-collar,married,primary,no,503,yes,no,unknown,26,may,120,2,-1,0,unknown,no
10033,42,management,married,tertiary,no,-700,yes,no,unknown,14,may,110,1,-1,0,unknown,no
10034,33,management,married,tertiary,no,644,no,no,cellular,11,aug,99,2,-1,0,unknown,no
10035,26,services,single,secondary,no,335,no,no,telephone,29,jan,393,2,-1,0,unknown,no
10036,32,technician,single,secondary,no,719,yes,no,unknown,28,may,79,6,-1,0,unknown,no
10037,41,management,married,tertiary,no,-195,no,yes,cellular,20,nov,112,1,-1,0,unknown,no
10038,49,technician,divorced,secondary,no,972,no,no,cellular,16,nov,104,3,175,2,failure,no
10039,51,blue-collar,married,primary,no,5050,no,yes,unknown,16,jun,75,7,-1,0,unknown,no
10040,43,blue-collar,married,primary,no,232,no,yes,cellular,15,may,45,1,-1,0,unknown,no
10041,45,services,married,primary,no,2406,yes,yes,cellular,20,apr,108,2,-1,0,unknown,no
10042,42,entrepreneur,married,secondary,no,324,yes,no,cellular,15,jul,528,3,-1,0,unknown,no
10043,37,blue-collar,married,secondary,no,168,yes,no,cellular,17,apr,266,2,-1,0,unknown,no
10044,59,retired,married,secondary,no,374,no,no,cellular,29,aug,272,2,-1,0,unknown,no
10045,31,services,single,secondary,no,658,no,no,cellular,22,may,100,1,-1,0,unknown,no
10046,22,admin.,single,secondary,no,-1,yes,no,unknown,9,may,136,1,-1,0,unknown,no
10047,30,self-employed,single,secondary,no,280,no,no,telephone,5,may,92,3,-1,0,unknown,no
10048,52,admin.,divorced,unknown,no,0,no,no,cellular,26,aug,168,4,-1,0,unknown,no
10049,50,self-employed,married,primary,no,0,no,no,cellular,22,aug,125,4,-1,0,unknown,no
10050,34,admin.,married,secondary,no,2064,yes,no,unknown,26,may,165,2,-1,0,unknown,no
10051,30,blue-collar,married,secondary,no,128,yes,no,unknown,14,may,273,1,-1,0,unknown,no
10052,56,blue-collar,married,primary,no,0,yes,no,cellular,17,jul,82,1,-1,0,unknown,no
10053,31,technician,single,secondary,no,863,yes,no,cellular,3,feb,146,1,263,5,success,no
10054,51,admin.,married,secondary,no,50,no,no,cellular,26,aug,178,2,-1,0,unknown,no
10055,33,services,single,secondary,no,187,yes,no,cellular,20,apr,168,3,326,1,failure,no
10056,47,blue-collar,married,secondary,yes,-614,yes,no,unknown,26,may,118,2,-1,0,unknown,no
10057,46,technician,married,tertiary,no,841,yes,no,unknown,6,may,158,1,-1,0,unknown,no
10058,44,services,divorced,secondary,no,206,yes,no,cellular,14,may,78,1,365,1,failure,no
10059,51,blue-collar,married,secondary,no,984,yes,no,telephone,7,apr,353,4,-1,0,unknown,no
10060,39,technician,single,secondary,no,201,no,yes,unknown,6,jun,148,4,-1,0,unknown,no
10061,41,technician,married,tertiary,no,585,yes,no,telephone,20,apr,60,1,-1,0,unknown,no
10062,33,management,single,tertiary,no,8514,no,no,cellular,20,aug,131,1,-1,0,unknown,no
10063,31,admin.,married,secondary,no,728,yes,yes,cellular,15,may,152,1,352,4,failure,no
10064,60,entrepreneur,divorced,secondary,no,80,yes,no,unknown,15,may,397,1,-1,0,unknown,no
10065,34,technician,married,secondary,no,1246,no,no,unknown,28,may,88,3,-1,0,unknown,no
10066,58,services,married,secondary,no,818,no,no,cellular,22,aug,283,1,-1,0,unknown,no
10067,36,admin.,single,unknown,no,1815,no,no,unknown,5,jun,387,1,-1,0,unknown,no
10068,42,technician,married,secondary,no,0,no,no,cellular,30,jul,351,2,-1,0,unknown,no
10069,44,services,divorced,secondary,no,210,no,yes,unknown,12,may,111,2,-1,0,unknown,no
10070,31,services,married,secondary,no,71,yes,no,cellular,17,jul,740,2,-1,0,unknown,no
10071,51,blue-collar,married,primary,no,1869,no,no,unknown,17,jun,30,3,-1,0,unknown,no
10072,59,admin.,married,primary,no,1040,no,no,telephone,31,jul,733,1,-1,0,unknown,no
10073,33,admin.,married,secondary,no,920,no,no,cellular,13,aug,111,1,105,1,success,no
10074,47,blue-collar,married,secondary,no,668,yes,no,cellular,4,may,230,6,354,2,success,no
10075,43,management,divorced,tertiary,no,36,no,no,cellular,13,feb,61,1,193,1,failure,no
10076,44,housemaid,married,primary,yes,-972,yes,yes,unknown,16,may,114,2,-1,0,unknown,no
10077,29,admin.,single,secondary,no,382,yes,no,unknown,12,may,460,1,-1,0,unknown,no
10078,30,admin.,married,secondary,no,-170,yes,yes,unknown,26,may,130,1,-1,0,unknown,no
10079,43,management,married,unknown,no,5172,yes,no,unknown,29,may,57,3,-1,0,unknown,no
10080,53,technician,single,tertiary,no,1,no,no,cellular,21,aug,190,1,-1,0,unknown,no
10081,46,blue-collar,married,secondary,no,922,yes,no,telephone,18,nov,296,2,-1,0,unknown,no
10082,41,management,married,tertiary,no,3016,yes,no,cellular,14,jul,80,3,-1,0,unknown,no
10083,44,blue-collar,married,primary,no,0,yes,no,cellular,30,jul,83,2,-1,0,unknown,no
10084,38,management,married,tertiary,no,1101,yes,no,telephone,9,nov,43,1,-1,0,unknown,no
10085,43,management,divorced,tertiary,no,3578,no,no,cellular,29,jan,376,2,-1,0,unknown,no
10086,41,blue-collar,married,primary,no,0,yes,yes,unknown,6,may,238,1,-1,0,unknown,no
10087,44,blue-collar,married,secondary,no,0,yes,no,cellular,21,jul,90,1,-1,0,unknown,no
10088,31,blue-collar,married,secondary,no,-190,yes,yes,cellular,8,may,299,3,-1,0,unknown,no
10089,59,self-employed,married,tertiary,no,185,no,no,cellular,4,feb,283,1,-1,0,unknown,no
10090,30,management,single,tertiary,no,156,yes,no,unknown,9,jun,174,9,-1,0,unknown,no
10091,35,blue-collar,married,secondary,no,503,yes,yes,unknown,9,may,57,2,-1,0,unknown,no
10092,57,retired,married,secondary,no,485,no,no,cellular,2,feb,79,2,187,2,failure,no
10093,53,technician,divorced,secondary,no,392,yes,no,cellular,28,jan,70,1,245,1,failure,no
10094,35,blue-collar,married,secondary,no,625,no,no,cellular,13,may,267,1,-1,0,unknown,no
10095,49,services,married,primary,no,468,no,no,cellular,5,aug,608,2,-1,0,unknown,no
10096,41,management,married,secondary,no,280,yes,no,cellular,2,jun,88,1,95,2,success,no
10097,40,services,married,secondary,no,181,yes,no,unknown,16,may,370,1,-1,0,unknown,no
10098,57,admin.,married,unknown,no,1401,no,no,cellular,21,aug,91,22,-1,0,unknown,no
10099,38,management,married,unknown,no,1349,yes,no,unknown,6,may,100,1,-1,0,unknown,no
10100,49,services,married,primary,no,5737,yes,no,unknown,29,may,417,2,-1,0,unknown,no
10101,38,management,married,tertiary,no,1187,yes,yes,cellular,2,feb,157,1,-1,0,unknown,no
10102,26,admin.,married,secondary,no,5231,no,yes,cellular,17,jul,222,2,-1,0,unknown,no
10103,34,admin.,married,secondary,no,3185,yes,no,unknown,13,may,520,1,-1,0,unknown,no
10104,58,management,married,tertiary,no,3228,no,no,cellular,19,aug,58,2,-1,0,unknown,no
10105,30,services,married,secondary,no,80,yes,no,unknown,8,may,185,2,-1,0,unknown,no
10106,52,blue-collar,divorced,primary,no,2800,no,no,unknown,19,jun,149,1,-1,0,unknown,no
10107,30,technician,single,tertiary,no,10,no,no,cellular,26,aug,276,8,-1,0,unknown,no
10108,52,blue-collar,married,secondary,no,331,no,no,cellular,8,aug,84,4,-1,0,unknown,no
10109,34,entrepreneur,married,secondary,no,223,no,yes,cellular,11,aug,103,6,-1,0,unknown,no
10110,33,blue-collar,married,primary,no,0,no,no,cellular,8,may,174,1,-1,0,unknown,no
10111,34,admin.,married,tertiary,no,35,yes,no,cellular,15,oct,76,1,69,2,failure,no
10112,23,admin.,married,secondary,no,299,yes,no,unknown,19,jun,104,1,-1,0,unknown,no
10113,37,blue-collar,married,primary,no,240,yes,no,cellular,11,may,259,1,370,2,other,no
10114,59,management,married,unknown,no,3534,no,no,cellular,21,nov,216,4,-1,0,unknown,no
10115,42,management,married,tertiary,no,223,no,no,cellular,6,aug,92,6,-1,0,unknown,no
10116,50,admin.,divorced,secondary,no,-194,yes,no,cellular,13,apr,238,2,-1,0,unknown,no
10117,41,technician,divorced,secondary,no,1545,no,yes,cellular,13,aug,183,2,-1,0,unknown,no
10118,34,technician,single,secondary,no,440,yes,no,cellular,6,may,445,2,345,2,failure,no
10119,57,management,married,primary,no,2538,no,yes,telephone,17,jul,485,2,-1,0,unknown,no
10120,52,services,married,unknown,no,337,yes,no,unknown,19,may,85,3,-1,0,unknown,no
10121,61,retired,married,unknown,no,-492,no,yes,unknown,4,jul,333,1,-1,0,unknown,no
10122,31,technician,single,tertiary,no,53,no,no,cellular,28,jan,97,2,-1,0,unknown,no
10123,27,student,single,secondary,no,91,no,no,telephone,4,dec,157,6,95,37,other,no
10124,48,blue-collar,single,primary,no,316,no,no,unknown,5,jun,560,2,-1,0,unknown,no
10125,27,management,single,unknown,no,3196,no,no,cellular,9,feb,10,2,-1,0,unknown,no
10126,37,blue-collar,married,secondary,no,2697,yes,no,cellular,20,apr,430,1,-1,0,unknown,no
10127,28,student,single,tertiary,no,3,no,no,cellular,11,nov,135,2,148,1,other,no
10128,34,services,married,secondary,no,244,no,no,cellular,4,feb,696,2,-1,0,unknown,no
10129,42,services,single,unknown,no,410,no,no,cellular,21,nov,34,2,-1,0,unknown,no
10130,39,admin.,married,secondary,no,159,no,no,cellular,19,nov,177,1,-1,0,unknown,no
10131,30,management,married,tertiary,no,6432,yes,no,cellular,21,nov,206,2,119,3,other,no
10132,35,blue-collar,married,secondary,no,-701,yes,yes,cellular,7,may,531,3,-1,0,unknown,no
10133,43,housemaid,single,primary,no,24,no,no,cellular,31,jul,35,2,-1,0,unknown,no
10134,33,management,married,tertiary,no,296,no,no,cellular,16,jul,90,2,-1,0,unknown,no
10135,24,blue-collar,single,secondary,no,1,yes,no,cellular,11,may,79,2,-1,0,unknown,no
10136,39,technician,married,secondary,no,1965,yes,no,unknown,2,jun,65,1,-1,0,unknown,no
10137,27,technician,single,tertiary,no,501,no,yes,telephone,30,jan,370,4,-1,0,unknown,no
10138,50,blue-collar,married,secondary,no,3558,no,no,cellular,26,aug,84,10,-1,0,unknown,no
10139,30,blue-collar,married,secondary,no,177,yes,no,cellular,9,apr,62,2,332,3,failure,no
10140,52,technician,divorced,secondary,no,204,no,no,cellular,7,aug,134,2,-1,0,unknown,no
10141,30,admin.,married,secondary,no,46,yes,no,unknown,6,may,114,2,-1,0,unknown,no
10142,35,technician,divorced,secondary,no,2047,yes,no,cellular,1,oct,66,1,-1,0,unknown,no
10143,36,admin.,single,secondary,no,810,yes,no,unknown,17,jun,296,1,-1,0,unknown,no
10144,39,management,single,tertiary,no,1914,no,no,cellular,18,aug,94,4,-1,0,unknown,no
10145,43,admin.,single,secondary,no,56831,no,no,unknown,15,may,243,1,-1,0,unknown,no
10146,43,admin.,single,secondary,no,386,no,no,cellular,12,oct,242,1,92,4,success,no
10147,46,admin.,married,primary,no,469,yes,no,cellular,2,feb,75,1,264,10,other,no
10148,33,admin.,married,tertiary,no,69,no,yes,cellular,4,may,77,2,-1,0,unknown,no
10149,56,entrepreneur,married,tertiary,no,-124,yes,no,unknown,15,may,374,5,-1,0,unknown,no
10150,60,retired,married,primary,no,600,no,no,cellular,19,aug,99,6,-1,0,unknown,no
10151,48,management,married,tertiary,no,3842,no,no,cellular,1,oct,168,1,122,2,success,no
10152,31,blue-collar,married,secondary,no,-720,yes,yes,unknown,15,may,112,2,-1,0,unknown,no
10153,36,blue-collar,single,secondary,no,1127,yes,no,cellular,10,jul,455,1,-1,0,unknown,no
10154,24,student,single,secondary,no,423,yes,no,unknown,5,may,226,3,-1,0,unknown,no
10155,27,blue-collar,married,secondary,no,-59,no,yes,cellular,8,jul,154,3,-1,0,unknown,no
10156,36,admin.,married,secondary,no,0,yes,yes,cellular,11,may,94,1,-1,0,unknown,no
10157,29,technician,married,tertiary,no,1489,yes,no,unknown,28,may,430,1,-1,0,unknown,no
10158,42,self-employed,married,secondary,no,0,no,no,cellular,14,aug,277,4,-1,0,unknown,no
10159,44,management,married,tertiary,no,1451,yes,no,cellular,5,feb,80,7,80,15,failure,no
10160,42,blue-collar,married,unknown,no,452,yes,no,cellular,17,nov,359,2,-1,0,unknown,no
10161,39,entrepreneur,married,secondary,no,283,yes,no,unknown,26,may,126,2,-1,0,unknown,no
10162,45,management,single,tertiary,no,16,no,no,cellular,31,jul,59,2,-1,0,unknown,no
10163,36,blue-collar,married,primary,no,973,yes,yes,unknown,23,may,293,1,-1,0,unknown,no
10164,34,blue-collar,married,secondary,no,1257,yes,no,unknown,26,may,109,7,-1,0,unknown,no
10165,43,technician,married,secondary,no,-1701,yes,no,unknown,26,may,285,1,-1,0,unknown,no
10166,32,blue-collar,single,secondary,no,567,yes,no,cellular,7,may,275,2,342,4,other,no
10167,38,technician,married,tertiary,no,-1,no,no,cellular,8,aug,188,4,-1,0,unknown,no
10168,29,blue-collar,married,secondary,no,3310,no,no,cellular,1,sep,367,1,91,4,failure,no
10169,28,blue-collar,married,primary,no,115,yes,no,unknown,28,may,78,4,-1,0,unknown,no
10170,33,management,single,tertiary,no,321,no,no,cellular,22,aug,227,2,-1,0,unknown,no
10171,43,admin.,married,secondary,no,71,no,no,unknown,7,may,180,5,-1,0,unknown,no
10172,42,unemployed,divorced,secondary,no,759,no,no,cellular,28,jan,97,1,169,3,failure,no
10173,33,management,married,tertiary,no,23,yes,yes,cellular,6,feb,150,1,-1,0,unknown,no
10174,32,technician,single,secondary,no,3297,no,no,cellular,11,aug,99,2,-1,0,unknown,no
10175,42,housemaid,single,secondary,no,578,no,no,telephone,28,jan,44,1,-1,0,unknown,no
10176,42,housemaid,married,primary,no,4279,yes,no,cellular,22,jul,98,1,-1,0,unknown,no
10177,29,blue-collar,single,secondary,no,234,yes,no,cellular,8,may,139,1,345,1,other,no
10178,27,management,single,tertiary,no,1137,yes,no,cellular,8,may,26,1,-1,0,unknown,no
10179,38,management,single,tertiary,no,8669,yes,no,telephone,20,apr,5,3,150,6,failure,no
10180,45,entrepreneur,married,primary,no,488,yes,no,telephone,28,jul,90,11,-1,0,unknown,no
10181,32,management,single,tertiary,no,1077,no,no,cellular,5,aug,200,1,717,4,failure,no
10182,33,technician,married,secondary,no,4790,yes,no,cellular,20,apr,137,1,272,2,failure,no
10183,48,technician,married,secondary,no,256,yes,no,unknown,29,may,150,4,-1,0,unknown,no
10184,53,blue-collar,married,secondary,no,974,yes,no,unknown,26,may,197,2,-1,0,unknown,no
10185,23,technician,single,unknown,no,231,yes,no,cellular,7,may,560,3,367,1,other,no
10186,41,blue-collar,married,secondary,no,196,yes,no,unknown,13,may,488,1,-1,0,unknown,no
10187,41,admin.,single,secondary,no,2002,yes,no,cellular,15,may,172,2,350,1,failure,no
10188,50,services,married,tertiary,no,218,yes,no,unknown,9,may,388,2,-1,0,unknown,no
10189,28,blue-collar,single,secondary,no,1011,yes,no,cellular,20,apr,204,3,-1,0,unknown,no
10190,54,retired,divorced,secondary,no,2761,no,no,cellular,16,jul,771,1,-1,0,unknown,no
10191,38,services,divorced,primary,no,92,yes,yes,unknown,29,may,118,3,-1,0,unknown,no
10192,27,self-employed,married,tertiary,no,10005,yes,no,cellular,14,apr,163,3,271,2,failure,no
10193,54,management,married,tertiary,no,1168,no,no,telephone,4,may,150,5,-1,0,unknown,no
10194,28,services,single,secondary,no,168,yes,no,cellular,7,may,128,1,-1,0,unknown,no
10195,32,technician,single,tertiary,no,1710,yes,no,cellular,15,may,439,1,175,3,other,no
10196,39,services,married,secondary,no,207,no,no,unknown,6,jun,78,2,-1,0,unknown,no
10197,29,technician,single,secondary,no,18,no,no,cellular,3,feb,206,3,-1,0,unknown,no
10198,46,admin.,single,unknown,no,306,yes,no,cellular,11,may,289,5,-1,0,unknown,no
10199,37,entrepreneur,married,primary,no,8,yes,yes,cellular,16,jul,46,1,-1,0,unknown,no
10200,30,management,married,tertiary,no,-250,yes,no,unknown,20,jun,11,6,-1,0,unknown,no
10201,41,blue-collar,married,secondary,no,449,yes,yes,cellular,12,may,313,2,-1,0,unknown,no
10202,39,unemployed,married,secondary,no,1654,no,no,unknown,20,jun,264,6,-1,0,unknown,no
10203,38,blue-collar,married,primary,no,714,yes,no,unknown,29,may,225,3,-1,0,unknown,no
10204,55,management,single,tertiary,no,1498,no,no,cellular,25,aug,340,5,-1,0,unknown,no
10205,29,services,single,secondary,no,695,no,no,unknown,3,jul,97,1,-1,0,unknown,no
10206,36,technician,single,secondary,no,-15,yes,no,unknown,6,may,341,3,-1,0,unknown,no
10207,60,blue-collar,married,primary,no,14,yes,yes,cellular,15,may,781,4,178,3,failure,no
10208,43,services,divorced,secondary,no,-287,yes,no,cellular,20,apr,580,4,-1,0,unknown,no
10209,45,blue-collar,married,primary,no,0,yes,no,cellular,24,jul,137,1,-1,0,unknown,no
10210,36,management,divorced,tertiary,no,-978,yes,no,cellular,13,may,62,3,-1,0,unknown,no
10211,53,blue-collar,married,secondary,no,0,yes,no,cellular,7,may,407,2,-1,0,unknown,no
10212,41,self-employed,married,secondary,no,20,no,no,unknown,5,jun,333,1,-1,0,unknown,no
10213,51,blue-collar,married,secondary,no,700,no,no,cellular,8,aug,237,4,-1,0,unknown,no
10214,34,blue-collar,married,secondary,no,-58,yes,yes,unknown,28,may,157,2,-1,0,unknown,no
10215,29,management,single,tertiary,no,841,no,no,cellular,5,feb,217,1,-1,0,unknown,no
10216,35,self-employed,single,secondary,no,951,yes,no,cellular,19,nov,220,2,-1,0,unknown,no
10217,40,management,married,tertiary,no,-63,no,yes,cellular,2,jul,196,1,-1,0,unknown,no
10218,26,student,single,tertiary,no,641,yes,no,cellular,15,may,55,1,368,1,failure,no
10219,32,technician,single,tertiary,no,195,yes,no,cellular,22,aug,239,2,-1,0,unknown,no
10220,31,technician,married,tertiary,no,11,no,no,cellular,27,aug,651,2,-1,0,unknown,no
10221,39,management,single,secondary,no,120,no,no,unknown,12,jun,66,1,-1,0,unknown,no
10222,30,technician,married,secondary,no,450,no,yes,cellular,14,jul,72,4,-1,0,unknown,no
10223,40,technician,married,secondary,no,8379,no,no,unknown,12,jun,52,6,-1,0,unknown,no
10224,32,blue-collar,married,primary,no,206,yes,no,unknown,20,may,205,2,-1,0,unknown,no
10225,46,admin.,single,secondary,no,1544,yes,no,unknown,29,may,609,1,-1,0,unknown,no
10226,41,technician,married,secondary,no,2990,yes,no,unknown,30,may,62,3,-1,0,unknown,no
10227,35,entrepreneur,single,secondary,no,866,yes,no,cellular,19,nov,147,1,-1,0,unknown,no
10228,40,unemployed,single,secondary,no,1744,yes,no,unknown,21,may,465,11,-1,0,unknown,no
10229,58,management,married,secondary,no,-382,no,no,telephone,5,feb,398,4,189,12,success,no
10230,48,blue-collar,married,primary,no,214,yes,yes,cellular,18,nov,246,1,162,1,failure,no
10231,37,technician,single,tertiary,no,147,no,no,unknown,7,may,416,2,-1,0,unknown,no
10232,59,management,divorced,tertiary,no,81,no,no,cellular,26,may,140,1,-1,0,unknown,no
10233,33,blue-collar,married,secondary,no,202,yes,no,cellular,17,apr,377,1,-1,0,unknown,no
10234,36,admin.,married,secondary,no,1314,yes,no,cellular,17,jul,330,3,-1,0,unknown,no
10235,40,blue-collar,married,secondary,no,-60,yes,no,cellular,21,jul,250,1,-1,0,unknown,no
10236,53,admin.,single,primary,no,0,yes,no,cellular,7,may,176,1,322,5,other,no
10237,32,admin.,divorced,secondary,no,-331,yes,yes,unknown,26,may,130,3,-1,0,unknown,no
10238,32,blue-collar,married,primary,no,1504,yes,no,cellular,17,apr,131,2,-1,0,unknown,no
10239,43,services,divorced,unknown,no,2363,yes,no,cellular,17,nov,229,1,-1,0,unknown,no
10240,30,services,single,secondary,no,773,yes,yes,unknown,4,jun,29,1,-1,0,unknown,no
10241,31,admin.,married,secondary,no,941,yes,no,cellular,8,apr,213,4,-1,0,unknown,no
10242,35,unemployed,single,secondary,no,2116,yes,no,cellular,13,may,409,2,-1,0,unknown,no
10243,39,services,married,secondary,no,-971,yes,yes,unknown,28,may,104,2,-1,0,unknown,no
10244,57,management,married,tertiary,no,5,yes,no,cellular,8,jul,96,1,-1,0,unknown,no
10245,33,self-employed,divorced,tertiary,no,454,no,yes,cellular,18,nov,134,1,-1,0,unknown,no
10246,35,management,married,secondary,no,53,yes,no,cellular,18,nov,378,1,-1,0,unknown,no
10247,53,management,married,tertiary,no,2578,no,no,cellular,19,nov,299,4,107,2,failure,no
10248,50,entrepreneur,married,secondary,no,854,no,no,cellular,16,apr,198,1,-1,0,unknown,no
10249,46,unemployed,married,secondary,no,16397,no,no,cellular,18,nov,641,1,-1,0,unknown,no
10250,35,management,single,tertiary,no,687,yes,no,unknown,30,may,166,2,-1,0,unknown,no
10251,56,retired,married,secondary,no,1894,yes,no,unknown,15,may,189,1,-1,0,unknown,no
10252,54,admin.,divorced,secondary,no,0,yes,yes,cellular,4,feb,330,1,182,3,success,no
10253,56,services,married,secondary,no,1150,no,yes,cellular,17,nov,107,1,117,3,failure,no
10254,43,management,married,tertiary,no,136,no,no,cellular,6,aug,120,2,-1,0,unknown,no
10255,40,technician,married,secondary,no,7313,yes,no,cellular,18,nov,241,2,182,1,failure,no
10256,38,management,married,tertiary,no,-239,yes,no,unknown,2,jun,221,2,-1,0,unknown,no
10257,43,management,married,tertiary,no,182,no,no,cellular,28,jan,152,1,-1,0,unknown,no
10258,46,technician,married,secondary,no,1590,yes,no,cellular,15,jul,59,2,-1,0,unknown,no
10259,29,blue-collar,married,secondary,no,-565,yes,no,unknown,18,jun,164,3,-1,0,unknown,no
10260,33,technician,single,secondary,no,930,yes,no,cellular,15,may,163,5,359,1,failure,no
10261,49,technician,married,secondary,no,1091,no,no,telephone,30,jul,47,2,-1,0,unknown,no
10262,53,blue-collar,divorced,secondary,no,640,yes,no,cellular,11,may,321,2,-1,0,unknown,no
10263,54,retired,single,primary,no,767,no,no,unknown,9,jun,42,2,-1,0,unknown,no
10264,33,technician,married,secondary,no,480,yes,no,cellular,30,jan,272,1,270,1,other,no
10265,39,management,married,tertiary,no,1363,no,no,cellular,21,aug,294,3,-1,0,unknown,no
10266,38,admin.,single,unknown,no,446,yes,no,unknown,13,may,386,1,-1,0,unknown,no
10267,49,admin.,married,secondary,no,167,no,yes,cellular,9,jul,51,1,-1,0,unknown,no
10268,33,technician,married,secondary,no,0,no,no,cellular,19,aug,78,3,-1,0,unknown,no
10269,59,admin.,married,secondary,no,4196,no,no,telephone,31,jul,10,2,-1,0,unknown,no
10270,35,admin.,married,secondary,no,725,yes,no,cellular,20,nov,219,7,133,1,failure,no
10271,40,technician,married,secondary,no,1716,yes,no,cellular,12,aug,226,8,-1,0,unknown,no
10272,31,services,single,secondary,no,-45,no,no,unknown,7,may,246,2,-1,0,unknown,no
10273,35,technician,married,secondary,no,410,yes,no,cellular,20,nov,67,2,-1,0,unknown,no
10274,42,blue-collar,married,primary,no,-97,yes,no,cellular,3,feb,216,4,271,5,failure,no
10275,55,self-employed,married,secondary,no,12159,yes,no,cellular,20,nov,142,2,174,2,failure,no
10276,33,blue-collar,married,secondary,no,395,yes,no,unknown,2,jun,122,1,-1,0,unknown,no
10277,31,technician,single,tertiary,no,969,no,no,cellular,15,jun,95,1,-1,0,unknown,no
10278,30,technician,single,secondary,no,86,no,no,unknown,20,aug,45,1,-1,0,unknown,no
10279,30,blue-collar,single,primary,no,395,no,no,cellular,21,nov,429,1,-1,0,unknown,no
10280,37,blue-collar,married,secondary,no,0,yes,no,cellular,2,apr,473,1,-1,0,unknown,no
10281,30,technician,single,tertiary,no,0,no,no,cellular,22,aug,34,2,-1,0,unknown,no
10282,47,admin.,married,secondary,no,829,yes,yes,unknown,14,may,339,1,-1,0,unknown,no
10283,41,technician,married,tertiary,no,-15,yes,no,cellular,6,may,33,1,-1,0,unknown,no
10284,44,technician,married,secondary,no,135,yes,no,cellular,8,may,262,3,-1,0,unknown,no
10285,59,management,married,tertiary,no,1585,no,no,telephone,28,aug,91,5,-1,0,unknown,no
10286,29,technician,married,secondary,no,-910,yes,no,cellular,21,jul,260,1,-1,0,unknown,no
10287,51,services,married,primary,no,8806,yes,no,unknown,19,may,131,1,-1,0,unknown,no
10288,32,blue-collar,married,secondary,no,43,yes,no,unknown,21,may,173,2,-1,0,unknown,no
10289,36,blue-collar,married,secondary,no,136,yes,no,unknown,4,jun,38,2,-1,0,unknown,no
10290,30,management,married,tertiary,no,1195,no,no,cellular,18,jul,146,2,-1,0,unknown,no
10291,34,housemaid,married,tertiary,no,11219,no,no,cellular,25,may,112,1,-1,0,unknown,no
10292,42,blue-collar,married,primary,no,2003,yes,no,cellular,17,apr,177,3,-1,0,unknown,no
10293,37,technician,married,secondary,no,494,yes,no,cellular,2,feb,247,2,269,3,failure,no
10294,42,blue-collar,single,secondary,no,419,no,no,cellular,7,jul,88,3,-1,0,unknown,no
10295,31,services,married,unknown,no,-82,yes,no,cellular,31,jul,543,31,-1,0,unknown,no
10296,34,admin.,single,tertiary,no,64,yes,no,cellular,28,jul,76,2,-1,0,unknown,no
10297,32,self-employed,married,tertiary,no,14522,no,no,cellular,21,nov,221,7,-1,0,unknown,no
10298,46,technician,divorced,secondary,no,3455,yes,no,unknown,14,may,566,2,-1,0,unknown,no
10299,32,blue-collar,married,primary,no,1076,yes,no,unknown,19,may,67,1,-1,0,unknown,no
10300,37,admin.,single,secondary,no,-261,no,yes,cellular,10,jul,259,1,-1,0,unknown,no
10301,39,management,married,tertiary,no,309,no,no,cellular,26,aug,94,14,-1,0,unknown,no
10302,37,management,single,secondary,no,655,no,yes,cellular,4,feb,258,6,-1,0,unknown,no
10303,32,self-employed,married,tertiary,no,102,no,no,cellular,22,aug,398,5,-1,0,unknown,no
10304,41,blue-collar,married,secondary,no,213,yes,no,unknown,8,may,10,2,-1,0,unknown,no
10305,50,self-employed,married,tertiary,no,202,yes,no,cellular,15,apr,107,1,148,4,failure,no
10306,57,management,married,unknown,no,0,no,no,cellular,30,sep,585,1,-1,0,unknown,no
10307,37,admin.,single,secondary,no,22,yes,no,cellular,7,may,28,2,289,5,failure,no
10308,56,entrepreneur,divorced,secondary,no,179,no,no,cellular,14,aug,47,2,-1,0,unknown,no
10309,37,unemployed,married,secondary,no,4769,no,no,cellular,29,jan,124,1,-1,0,unknown,no
10310,32,blue-collar,married,primary,no,-6,yes,no,cellular,6,may,169,2,-1,0,unknown,no
10311,30,management,single,tertiary,no,19358,no,no,cellular,19,nov,258,2,-1,0,unknown,no
10312,27,blue-collar,single,secondary,no,5563,yes,no,unknown,30,may,435,2,-1,0,unknown,no
10313,36,management,married,tertiary,no,6641,no,no,cellular,30,jul,105,4,-1,0,unknown,no
10314,34,management,single,tertiary,no,747,no,no,cellular,31,aug,72,2,98,1,failure,no
10315,53,services,married,primary,no,49,no,no,unknown,28,may,152,1,-1,0,unknown,no
10316,58,management,married,tertiary,no,287,yes,no,cellular,21,aug,676,8,-1,0,unknown,no
10317,31,admin.,single,secondary,no,437,yes,yes,unknown,4,jun,173,14,-1,0,unknown,no
10318,38,services,married,secondary,no,1313,no,no,unknown,17,jun,33,2,-1,0,unknown,no
10319,32,management,single,tertiary,no,597,no,yes,cellular,24,jul,869,1,-1,0,unknown,no
10320,31,services,married,secondary,no,418,yes,yes,cellular,9,jul,219,1,-1,0,unknown,no
10321,59,admin.,divorced,secondary,no,-41,yes,yes,unknown,20,may,171,1,-1,0,unknown,no
10322,41,blue-collar,married,primary,no,449,yes,no,cellular,20,apr,10,6,-1,0,unknown,no
10323,33,technician,married,secondary,no,3572,yes,no,cellular,18,nov,85,2,-1,0,unknown,no
10324,52,management,married,tertiary,no,2428,yes,no,cellular,21,nov,294,1,116,3,failure,no
10325,36,entrepreneur,married,primary,no,177,yes,no,unknown,12,may,63,5,-1,0,unknown,no
10326,37,management,married,secondary,no,80,no,no,cellular,27,aug,155,3,-1,0,unknown,no
10327,39,services,single,secondary,no,1048,yes,no,cellular,14,may,149,1,-1,0,unknown,no
10328,36,management,married,tertiary,no,3874,no,no,cellular,25,aug,425,6,-1,0,unknown,no
10329,30,management,married,tertiary,no,5381,no,no,cellular,17,nov,375,1,-1,0,unknown,no
10330,32,management,single,tertiary,no,17,no,no,cellular,22,aug,72,4,-1,0,unknown,no
10331,47,blue-collar,married,primary,no,4040,no,no,cellular,11,aug,53,5,-1,0,unknown,no
10332,38,management,single,tertiary,no,427,yes,no,cellular,6,may,17,3,169,2,failure,no
10333,51,management,married,tertiary,no,385,no,no,cellular,11,aug,39,2,-1,0,unknown,no
10334,27,services,single,secondary,no,266,no,yes,cellular,7,jul,232,1,-1,0,unknown,no
10335,58,retired,single,tertiary,no,1411,yes,no,cellular,13,may,425,2,-1,0,unknown,no
10336,56,management,married,primary,no,7747,no,no,unknown,5,jun,103,2,-1,0,unknown,no
10337,40,blue-collar,married,primary,no,2129,yes,no,cellular,20,apr,1156,3,-1,0,unknown,no
10338,47,entrepreneur,married,secondary,no,318,no,no,cellular,4,aug,299,2,-1,0,unknown,no
10339,23,blue-collar,single,secondary,no,105,yes,no,unknown,16,may,498,2,-1,0,unknown,no
10340,46,blue-collar,married,secondary,no,2603,yes,yes,cellular,11,may,50,3,277,2,failure,no
10341,57,services,married,primary,no,443,no,no,telephone,17,jul,167,1,-1,0,unknown,no
10342,40,services,married,secondary,no,-116,yes,no,unknown,29,may,176,3,-1,0,unknown,no
10343,30,admin.,married,tertiary,no,285,no,no,cellular,5,feb,693,2,-1,0,unknown,no
10344,58,retired,married,primary,no,5092,no,no,unknown,11,jun,199,6,-1,0,unknown,no
10345,36,blue-collar,divorced,secondary,no,719,yes,no,unknown,13,may,1052,1,-1,0,unknown,no
10346,37,blue-collar,married,primary,no,0,yes,no,unknown,26,may,24,1,-1,0,unknown,no
10347,51,blue-collar,married,primary,no,2095,yes,yes,cellular,2,feb,438,4,-1,0,unknown,no
10348,30,blue-collar,single,secondary,no,-390,yes,no,cellular,5,may,275,1,-1,0,unknown,no
10349,39,technician,married,tertiary,no,108,no,no,cellular,28,may,589,3,28,2,other,no
10350,33,blue-collar,married,secondary,no,1134,yes,no,unknown,23,may,304,2,-1,0,unknown,no
10351,60,blue-collar,married,primary,no,228,yes,no,unknown,28,may,249,11,-1,0,unknown,no
10352,29,self-employed,married,tertiary,no,1,no,no,cellular,18,jul,167,3,-1,0,unknown,no
10353,31,admin.,married,secondary,no,0,yes,yes,cellular,18,nov,79,3,-1,0,unknown,no
10354,52,management,married,tertiary,no,1453,no,no,telephone,29,jul,254,21,-1,0,unknown,no
10355,30,admin.,single,secondary,no,28,no,no,unknown,20,aug,107,1,-1,0,unknown,no
10356,47,blue-collar,married,secondary,no,1388,yes,no,cellular,17,apr,119,2,-1,0,unknown,no
10357,46,management,divorced,tertiary,no,0,no,yes,cellular,29,aug,38,6,-1,0,unknown,no
10358,31,technician,married,tertiary,no,0,no,no,cellular,29,aug,70,2,-1,0,unknown,no
10359,29,blue-collar,married,secondary,no,15,no,no,cellular,3,jun,136,1,-1,0,unknown,no
10360,34,services,married,secondary,no,22,yes,no,unknown,6,may,344,1,-1,0,unknown,no
10361,44,services,married,secondary,no,983,no,no,cellular,28,jan,123,1,-1,0,unknown,no
10362,60,blue-collar,married,secondary,no,2879,yes,no,cellular,5,aug,122,1,-1,0,unknown,no
10363,51,services,married,primary,no,-553,yes,no,unknown,4,jun,149,8,-1,0,unknown,no
10364,31,housemaid,single,tertiary,no,596,no,no,telephone,28,jan,30,1,-1,0,unknown,no
10365,33,blue-collar,married,secondary,no,1402,no,no,cellular,20,nov,63,5,-1,0,unknown,no
10366,53,admin.,divorced,secondary,no,223,yes,yes,cellular,22,jul,534,1,-1,0,unknown,no
10367,45,admin.,married,secondary,no,46,yes,no,cellular,5,may,234,1,-1,0,unknown,no
10368,51,management,married,tertiary,no,0,yes,yes,unknown,29,may,410,5,-1,0,unknown,no
10369,30,management,single,tertiary,no,1636,no,no,unknown,6,jun,301,2,-1,0,unknown,no
10370,58,blue-collar,married,primary,no,96,no,no,unknown,16,jun,76,3,-1,0,unknown,no
10371,26,blue-collar,single,primary,no,-295,yes,no,cellular,6,may,138,1,-1,0,unknown,no
10372,37,services,married,secondary,no,1,no,no,unknown,15,may,395,2,-1,0,unknown,no
10373,47,management,married,tertiary,no,60,no,no,unknown,2,jun,282,7,-1,0,unknown,no
10374,28,management,married,tertiary,yes,84,no,yes,cellular,28,jul,48,21,-1,0,unknown,no
10375,28,blue-collar,married,secondary,no,4287,no,no,cellular,30,apr,171,1,-1,0,unknown,no
10376,43,management,divorced,tertiary,no,1,yes,yes,unknown,2,jun,28,8,-1,0,unknown,no
10377,43,services,married,secondary,no,192,yes,yes,unknown,30,may,273,2,-1,0,unknown,no
10378,57,management,married,tertiary,no,1172,yes,no,cellular,20,nov,72,1,-1,0,unknown,no
10379,34,entrepreneur,married,tertiary,no,105,yes,no,unknown,28,may,249,2,-1,0,unknown,no
10380,36,admin.,divorced,tertiary,no,4708,no,no,cellular,15,jun,104,1,-1,0,unknown,no
10381,32,technician,single,secondary,no,-1,yes,no,cellular,12,may,37,1,-1,0,unknown,no
10382,46,management,married,unknown,no,802,yes,no,telephone,25,jul,417,1,-1,0,unknown,no
10383,36,technician,married,secondary,no,22,no,no,unknown,6,jun,464,1,-1,0,unknown,no
10384,33,management,married,tertiary,no,3301,yes,no,cellular,2,nov,131,2,171,2,failure,no
10385,48,blue-collar,married,primary,no,2227,no,no,cellular,18,aug,98,12,-1,0,unknown,no
10386,58,entrepreneur,married,secondary,no,2,no,no,unknown,16,jun,684,1,-1,0,unknown,no
10387,56,housemaid,married,primary,no,445,no,no,cellular,21,nov,13,6,-1,0,unknown,no
10388,53,management,married,tertiary,no,241,yes,no,cellular,19,nov,137,1,-1,0,unknown,no
10389,41,blue-collar,married,secondary,no,429,yes,no,unknown,13,may,244,1,-1,0,unknown,no
10390,35,admin.,married,secondary,no,11,yes,no,cellular,23,jul,103,4,-1,0,unknown,no
10391,31,management,married,tertiary,no,50,no,no,cellular,19,aug,37,5,-1,0,unknown,no
10392,51,admin.,divorced,secondary,no,2195,yes,no,unknown,13,may,59,1,-1,0,unknown,no
10393,40,technician,married,secondary,no,1270,no,no,cellular,17,apr,342,2,-1,0,unknown,no
10394,40,technician,divorced,secondary,no,2394,no,no,unknown,9,jun,75,4,-1,0,unknown,no
10395,44,services,married,secondary,no,3536,no,no,cellular,31,jul,106,6,-1,0,unknown,no
10396,37,blue-collar,married,secondary,no,-4,yes,yes,unknown,29,may,381,1,-1,0,unknown,no
10397,49,entrepreneur,married,secondary,no,-1965,no,yes,telephone,10,jul,317,2,-1,0,unknown,no
10398,56,retired,married,secondary,no,5879,no,no,unknown,20,jun,237,3,-1,0,unknown,no
10399,25,student,single,secondary,no,469,no,no,cellular,24,feb,524,1,187,2,success,no
10400,29,management,single,tertiary,no,502,no,no,cellular,12,apr,366,2,199,3,other,no
10401,35,admin.,single,tertiary,no,777,no,yes,cellular,28,may,85,1,-1,0,unknown,no
10402,41,entrepreneur,divorced,secondary,no,1588,yes,yes,unknown,20,jun,10,8,-1,0,unknown,no
10403,38,blue-collar,married,secondary,no,376,yes,no,unknown,7,may,1521,1,-1,0,unknown,no
10404,61,housemaid,married,primary,no,848,no,no,cellular,27,apr,605,1,187,1,other,no
10405,36,technician,married,secondary,no,-393,no,no,telephone,14,aug,119,4,-1,0,unknown,no
10406,52,blue-collar,married,primary,no,4660,no,no,cellular,18,aug,82,3,-1,0,unknown,no
10407,31,technician,single,tertiary,no,176,no,no,cellular,21,aug,241,4,-1,0,unknown,no
10408,33,unemployed,married,tertiary,no,3335,no,no,cellular,15,jun,92,1,301,6,failure,no
10409,49,blue-collar,married,primary,no,-167,no,no,cellular,7,jul,51,1,-1,0,unknown,no
10410,45,technician,single,tertiary,no,1591,no,no,cellular,15,jul,392,4,-1,0,unknown,no
10411,71,retired,married,secondary,no,2064,no,no,cellular,9,nov,379,2,92,3,failure,no
10412,34,management,single,tertiary,no,1310,no,yes,cellular,20,nov,90,3,-1,0,unknown,no
10413,33,admin.,single,secondary,no,1221,yes,no,unknown,23,may,245,1,-1,0,unknown,no
10414,28,blue-collar,married,secondary,no,-26,no,yes,cellular,30,jan,81,1,-1,0,unknown,no
10415,52,technician,married,secondary,no,337,yes,no,cellular,8,may,247,1,261,4,failure,no
10416,54,blue-collar,married,primary,no,2440,no,yes,cellular,17,nov,334,1,-1,0,unknown,no
10417,51,blue-collar,married,unknown,no,0,yes,no,telephone,7,may,10,4,-1,0,unknown,no
10418,59,retired,married,secondary,no,25947,no,no,cellular,13,aug,292,2,-1,0,unknown,no
10419,25,admin.,single,tertiary,no,1734,no,no,cellular,19,oct,366,1,-1,0,unknown,no
10420,35,technician,married,tertiary,no,4,yes,no,cellular,14,may,88,1,-1,0,unknown,no
10421,49,blue-collar,married,primary,no,1032,yes,no,unknown,2,jun,41,5,-1,0,unknown,no
10422,33,technician,married,secondary,no,8,no,no,cellular,29,aug,462,2,-1,0,unknown,no
10423,30,self-employed,single,tertiary,no,3137,yes,no,cellular,31,jul,368,7,-1,0,unknown,no
10424,46,services,married,secondary,no,-522,yes,no,cellular,31,jul,61,2,-1,0,unknown,no
10425,43,services,single,secondary,no,21,no,no,cellular,3,feb,203,3,-1,0,unknown,no
10426,28,blue-collar,single,secondary,no,455,yes,no,cellular,11,jul,166,1,-1,0,unknown,no
10427,41,blue-collar,married,primary,no,4,no,no,cellular,23,jul,74,5,-1,0,unknown,no
10428,60,housemaid,divorced,primary,no,1412,no,no,cellular,22,jul,127,4,-1,0,unknown,no
10429,49,blue-collar,married,secondary,no,141,no,no,cellular,6,aug,275,1,-1,0,unknown,no
10430,30,technician,single,tertiary,no,6619,yes,no,cellular,21,aug,239,8,-1,0,unknown,no
10431,45,unemployed,married,primary,no,0,yes,no,cellular,2,feb,570,2,-1,0,unknown,no
10432,47,management,single,tertiary,no,0,no,no,cellular,21,aug,136,2,-1,0,unknown,no
10433,29,blue-collar,single,secondary,no,202,no,no,cellular,30,jan,128,2,-1,0,unknown,no
10434,59,admin.,married,secondary,no,2552,no,yes,cellular,5,aug,125,3,-1,0,unknown,no
10435,27,technician,married,tertiary,no,276,no,no,unknown,16,may,218,2,-1,0,unknown,no
10436,37,technician,married,secondary,yes,0,no,no,unknown,18,jun,236,1,-1,0,unknown,no
10437,25,technician,divorced,secondary,no,86,no,yes,cellular,8,jul,483,2,-1,0,unknown,no
10438,39,technician,divorced,secondary,no,507,no,no,cellular,20,aug,173,4,-1,0,unknown,no
10439,35,blue-collar,married,primary,no,602,yes,no,cellular,14,may,467,6,-1,0,unknown,no
10440,77,retired,married,primary,no,1492,no,no,telephone,1,sep,663,1,208,2,other,no
10441,58,retired,divorced,secondary,no,0,no,no,unknown,17,jun,436,5,-1,0,unknown,no
10442,38,management,single,tertiary,no,2117,no,no,cellular,14,aug,81,2,-1,0,unknown,no
10443,50,blue-collar,married,primary,no,71,yes,no,unknown,6,may,678,1,-1,0,unknown,no
10444,27,management,single,secondary,no,843,no,no,cellular,12,jul,123,2,185,1,success,no
10445,46,blue-collar,married,secondary,no,229,yes,no,cellular,17,apr,191,1,-1,0,unknown,no
10446,51,admin.,married,secondary,no,176,no,no,cellular,28,jan,214,1,183,2,failure,no
10447,58,retired,married,secondary,no,13,no,no,cellular,7,aug,92,4,-1,0,unknown,no
10448,42,entrepreneur,married,secondary,no,169,yes,no,telephone,15,may,87,4,-1,0,unknown,no
10449,27,technician,married,secondary,no,58,yes,no,unknown,28,may,82,1,-1,0,unknown,no
10450,34,technician,single,secondary,no,179,no,no,cellular,19,aug,294,3,-1,0,unknown,no
10451,31,admin.,single,secondary,no,50,no,no,cellular,29,jan,395,1,-1,0,unknown,no
10452,39,blue-collar,married,secondary,no,11854,yes,no,cellular,15,may,15,9,-1,0,unknown,no
10453,42,admin.,single,secondary,no,1022,yes,no,unknown,5,may,146,2,-1,0,unknown,no
10454,44,entrepreneur,married,secondary,no,692,no,no,unknown,18,jun,73,4,-1,0,unknown,no
10455,51,management,divorced,tertiary,no,1937,yes,no,cellular,18,nov,185,4,152,11,other,no
10456,50,admin.,single,secondary,no,26,no,yes,telephone,24,jul,179,4,-1,0,unknown,no
10457,32,blue-collar,married,primary,no,0,yes,yes,cellular,8,may,82,2,361,4,failure,no
10458,45,blue-collar,married,primary,no,900,yes,no,unknown,9,jun,213,1,-1,0,unknown,no
10459,29,admin.,single,secondary,no,260,yes,no,cellular,4,feb,453,2,273,2,failure,no
10460,53,blue-collar,married,secondary,yes,-634,no,no,cellular,19,aug,695,3,-1,0,unknown,no
10461,29,services,married,secondary,no,30,yes,no,cellular,23,jul,74,3,-1,0,unknown,no
10462,57,admin.,married,primary,no,1694,yes,no,telephone,17,nov,378,1,-1,0,unknown,no
10463,41,blue-collar,married,secondary,no,167,no,no,unknown,20,jun,48,1,-1,0,unknown,no
10464,58,technician,married,secondary,no,4299,yes,no,unknown,29,may,348,3,-1,0,unknown,no
10465,52,housemaid,married,primary,no,135,no,no,cellular,8,aug,172,9,-1,0,unknown,no
10466,44,admin.,married,unknown,no,40,no,yes,unknown,6,may,160,2,-1,0,unknown,no
10467,34,blue-collar,married,primary,no,479,no,no,cellular,11,jul,772,1,-1,0,unknown,no
10468,44,management,married,tertiary,no,1945,no,no,unknown,14,may,191,1,-1,0,unknown,no
10469,56,technician,married,tertiary,no,1062,no,no,unknown,20,jun,37,2,-1,0,unknown,no
10470,36,entrepreneur,married,tertiary,no,0,no,no,unknown,2,jun,87,3,-1,0,unknown,no
10471,45,management,divorced,tertiary,no,2406,no,no,cellular,8,aug,248,2,-1,0,unknown,no
10472,57,management,married,tertiary,no,337,no,no,cellular,5,feb,59,2,-1,0,unknown,no
10473,49,management,married,tertiary,no,413,no,yes,cellular,31,jul,196,4,-1,0,unknown,no
10474,37,blue-collar,married,secondary,no,362,yes,no,unknown,20,may,277,2,-1,0,unknown,no
10475,44,blue-collar,divorced,unknown,no,284,no,no,cellular,3,feb,167,4,187,5,other,no
10476,40,blue-collar,married,primary,no,-66,yes,no,unknown,6,may,288,1,-1,0,unknown,no
10477,28,technician,single,secondary,no,922,yes,no,cellular,7,apr,304,1,-1,0,unknown,no
10478,39,services,married,secondary,no,93,yes,no,cellular,11,may,72,4,-1,0,unknown,no
10479,40,technician,single,tertiary,no,693,no,no,cellular,30,jan,427,1,-1,0,unknown,no
10480,33,management,single,tertiary,no,307,no,no,cellular,23,jul,113,6,179,4,failure,no
10481,37,management,single,tertiary,no,427,yes,no,unknown,20,may,121,1,-1,0,unknown,no
10482,36,services,married,secondary,no,5024,no,no,unknown,21,may,139,1,-1,0,unknown,no
10483,39,blue-collar,divorced,unknown,no,463,yes,no,cellular,18,may,169,1,-1,0,unknown,no
10484,26,technician,single,tertiary,no,4130,no,no,cellular,28,jan,104,2,-1,0,unknown,no
10485,48,management,married,tertiary,no,190,no,no,cellular,25,aug,14,22,-1,0,unknown,no
10486,51,technician,married,secondary,no,2682,no,no,unknown,18,jun,56,1,-1,0,unknown,no
10487,35,technician,single,tertiary,no,144,yes,yes,cellular,4,feb,202,4,113,20,failure,no
10488,40,blue-collar,married,secondary,no,1938,yes,no,cellular,7,may,228,1,-1,0,unknown,no
10489,40,admin.,single,secondary,no,90,yes,no,unknown,2,jun,252,4,-1,0,unknown,no
10490,37,admin.,married,secondary,no,10465,no,no,unknown,17,jun,144,6,-1,0,unknown,no
10491,43,blue-collar,married,secondary,no,917,yes,no,cellular,8,may,87,2,-1,0,unknown,no
10492,48,management,married,primary,no,1744,no,no,unknown,9,jun,181,1,-1,0,unknown,no
10493,46,admin.,divorced,secondary,no,1198,yes,yes,cellular,7,apr,837,1,307,1,other,no
10494,34,services,single,tertiary,no,371,no,no,unknown,20,may,77,1,-1,0,unknown,no
10495,52,management,married,tertiary,no,575,no,no,unknown,3,jun,315,1,-1,0,unknown,no
10496,57,management,married,secondary,no,123,no,no,cellular,2,feb,154,2,-1,0,unknown,no
10497,36,services,married,secondary,no,145,yes,no,cellular,2,feb,109,1,252,2,other,no
10498,33,blue-collar,married,secondary,no,312,yes,no,unknown,4,jun,151,2,-1,0,unknown,no
10499,30,technician,single,secondary,no,893,no,no,cellular,26,aug,45,3,-1,0,unknown,no
10500,34,management,married,tertiary,no,105,yes,no,unknown,6,may,314,3,-1,0,unknown,no
10501,35,management,single,tertiary,no,0,yes,no,unknown,2,jun,184,1,-1,0,unknown,no
10502,34,blue-collar,single,secondary,no,186,no,no,cellular,2,feb,342,1,-1,0,unknown,no
10503,32,technician,single,secondary,no,-114,no,no,cellular,12,aug,155,2,-1,0,unknown,no
10504,30,blue-collar,single,secondary,no,228,no,no,cellular,5,feb,232,1,365,1,failure,no
10505,33,housemaid,married,primary,no,0,no,no,cellular,11,aug,237,2,-1,0,unknown,no
10506,31,technician,single,tertiary,no,279,yes,no,unknown,13,may,198,1,-1,0,unknown,no
10507,33,admin.,single,secondary,no,241,no,no,cellular,22,jul,490,1,-1,0,unknown,no
10508,48,technician,divorced,tertiary,no,2328,no,no,cellular,27,aug,129,7,-1,0,unknown,no
10509,38,technician,married,secondary,no,728,yes,no,cellular,18,nov,286,1,181,2,other,no
10510,53,blue-collar,married,secondary,no,4380,no,no,telephone,19,aug,223,7,-1,0,unknown,no
10511,36,blue-collar,married,secondary,no,0,no,no,cellular,4,feb,235,1,244,1,failure,no
10512,37,management,married,tertiary,no,5432,yes,yes,unknown,20,may,774,1,-1,0,unknown,no
10513,36,blue-collar,married,secondary,no,222,yes,no,unknown,23,may,188,1,-1,0,unknown,no
10514,39,blue-collar,married,secondary,no,3832,yes,no,unknown,20,jun,14,13,-1,0,unknown,no
10515,50,admin.,married,secondary,no,715,no,no,cellular,28,aug,131,13,-1,0,unknown,no
10516,49,blue-collar,married,primary,no,6215,yes,no,cellular,11,may,549,1,-1,0,unknown,no
10517,41,services,married,secondary,no,2085,yes,no,unknown,26,may,125,4,-1,0,unknown,no
10518,32,services,married,secondary,no,1398,yes,yes,cellular,15,may,233,1,-1,0,unknown,no
10519,30,unemployed,single,tertiary,no,463,no,no,cellular,22,aug,374,4,-1,0,unknown,no
10520,46,management,married,tertiary,yes,-337,no,yes,cellular,21,aug,120,2,-1,0,unknown,no
10521,25,self-employed,married,tertiary,no,1182,yes,no,unknown,26,may,141,2,-1,0,unknown,no
10522,27,services,married,secondary,no,94,yes,no,unknown,15,may,352,2,-1,0,unknown,no
10523,28,student,single,secondary,no,5916,no,no,cellular,22,may,259,1,63,5,failure,no
10524,47,management,divorced,tertiary,no,4556,yes,no,unknown,14,may,146,1,-1,0,unknown,no
10525,39,management,divorced,tertiary,no,373,no,no,cellular,26,aug,148,4,-1,0,unknown,no
10526,28,admin.,married,secondary,no,170,yes,yes,unknown,21,may,492,1,-1,0,unknown,no
10527,45,technician,divorced,secondary,no,146,no,no,cellular,8,jul,216,1,-1,0,unknown,no
10528,30,management,married,tertiary,no,1384,yes,no,telephone,14,aug,60,2,-1,0,unknown,no
10529,48,blue-collar,married,primary,no,595,no,no,cellular,24,jul,464,1,-1,0,unknown,no
10530,60,blue-collar,married,primary,no,4903,no,yes,unknown,9,jun,290,1,-1,0,unknown,no
10531,48,entrepreneur,married,secondary,no,4037,no,no,unknown,6,jun,23,1,-1,0,unknown,no
10532,38,management,single,tertiary,no,1746,yes,no,unknown,21,may,139,1,-1,0,unknown,no
10533,31,management,single,tertiary,no,18,no,no,cellular,8,aug,82,2,-1,0,unknown,no
10534,52,unemployed,married,primary,no,1724,no,no,cellular,29,jan,73,1,-1,0,unknown,no
10535,28,blue-collar,single,secondary,no,1735,yes,no,cellular,20,apr,89,1,-1,0,unknown,no
10536,51,blue-collar,married,unknown,no,0,no,no,unknown,2,jun,61,7,-1,0,unknown,no
10537,32,technician,married,secondary,no,367,yes,no,cellular,11,may,214,2,276,3,failure,no
10538,52,entrepreneur,divorced,secondary,no,105,no,yes,telephone,22,jul,275,4,-1,0,unknown,no
10539,23,blue-collar,single,secondary,no,537,yes,no,cellular,7,may,172,1,353,2,other,no
10540,51,management,married,tertiary,yes,0,no,yes,cellular,29,jul,204,6,-1,0,unknown,no
10541,49,services,married,secondary,no,653,no,no,cellular,11,aug,317,2,-1,0,unknown,no
10542,37,self-employed,married,secondary,no,487,no,yes,cellular,27,aug,155,15,-1,0,unknown,no
10543,32,management,single,tertiary,no,1434,no,no,cellular,11,aug,1144,3,-1,0,unknown,no
10544,32,management,married,tertiary,no,1683,yes,yes,cellular,20,apr,72,2,-1,0,unknown,no
10545,56,services,married,secondary,no,530,yes,no,unknown,20,may,51,7,-1,0,unknown,no
10546,49,technician,married,unknown,no,-287,yes,no,unknown,26,may,49,1,-1,0,unknown,no
10547,49,management,married,tertiary,no,271,yes,no,cellular,5,feb,18,6,-1,0,unknown,no
10548,53,management,married,tertiary,no,1945,no,no,telephone,7,aug,262,7,-1,0,unknown,no
10549,32,admin.,married,secondary,no,57,no,yes,cellular,22,jul,50,2,-1,0,unknown,no
10550,60,retired,married,secondary,no,5632,yes,no,cellular,30,jul,380,7,-1,0,unknown,no
10551,40,blue-collar,married,secondary,no,750,yes,yes,cellular,16,apr,340,1,281,1,failure,no
10552,41,services,married,secondary,no,3992,yes,no,telephone,20,nov,281,2,-1,0,unknown,no
10553,55,blue-collar,married,primary,no,11,no,no,unknown,17,jun,150,2,-1,0,unknown,no
10554,33,management,single,tertiary,no,383,yes,no,cellular,9,jul,125,1,-1,0,unknown,no
10555,49,blue-collar,married,secondary,no,598,yes,no,cellular,15,may,219,6,-1,0,unknown,no
10556,26,management,single,tertiary,no,3178,no,no,cellular,2,jun,64,1,-1,0,unknown,no
10557,56,management,divorced,tertiary,no,505,no,no,cellular,9,feb,108,2,199,3,other,no
10558,27,admin.,single,tertiary,no,73,no,no,cellular,29,jan,242,1,-1,0,unknown,no
10559,55,unemployed,married,secondary,no,1436,yes,no,cellular,4,feb,969,2,-1,0,unknown,no
10560,55,technician,divorced,tertiary,no,264,yes,no,unknown,30,may,34,2,-1,0,unknown,no
10561,26,management,single,tertiary,no,1720,no,no,cellular,3,feb,383,1,-1,0,unknown,no
10562,34,technician,married,secondary,no,-25,no,no,cellular,15,may,207,1,-1,0,unknown,no
10563,38,housemaid,married,secondary,no,634,no,no,unknown,11,jun,105,4,-1,0,unknown,no
10564,88,retired,married,primary,no,648,no,no,telephone,3,sep,318,1,-1,0,unknown,no
10565,38,admin.,married,secondary,no,0,yes,no,telephone,16,jul,284,8,-1,0,unknown,no
10566,44,technician,divorced,secondary,no,314,yes,no,unknown,12,aug,18,1,651,1,success,no
10567,43,admin.,married,secondary,no,2,yes,yes,cellular,22,jul,254,1,-1,0,unknown,no
10568,48,blue-collar,divorced,primary,no,2677,no,no,unknown,20,jun,23,3,-1,0,unknown,no
10569,35,admin.,single,secondary,no,855,yes,no,unknown,12,may,241,3,-1,0,unknown,no
10570,49,services,married,tertiary,no,411,no,no,telephone,14,may,9,6,-1,0,unknown,no
10571,33,unemployed,single,tertiary,no,4874,no,no,telephone,22,feb,363,2,-1,0,unknown,no
10572,77,unknown,married,unknown,no,397,no,no,telephone,8,nov,207,1,185,3,success,no
10573,56,housemaid,divorced,primary,no,61,no,no,cellular,2,jun,144,1,-1,0,unknown,no
10574,33,admin.,married,secondary,no,177,yes,no,cellular,11,may,100,1,-1,0,unknown,no
10575,44,admin.,single,secondary,no,985,yes,yes,cellular,11,may,9,7,325,19,failure,no
10576,40,admin.,married,secondary,no,767,yes,no,cellular,6,feb,168,1,-1,0,unknown,no
10577,55,blue-collar,divorced,secondary,no,496,no,yes,cellular,28,jul,93,4,-1,0,unknown,no
10578,31,management,married,tertiary,no,459,no,no,cellular,28,aug,13,14,-1,0,unknown,no
10579,42,services,married,unknown,no,1340,no,yes,cellular,30,jul,88,5,-1,0,unknown,no
10580,45,entrepreneur,divorced,secondary,no,1187,no,yes,cellular,20,nov,157,1,-1,0,unknown,no
10581,38,admin.,single,secondary,no,4023,no,no,unknown,11,jun,339,2,-1,0,unknown,no
10582,32,admin.,single,secondary,no,184,yes,no,unknown,8,may,230,4,-1,0,unknown,no
10583,35,management,single,tertiary,no,688,no,no,cellular,2,feb,504,1,-1,0,unknown,no
10584,70,retired,married,secondary,no,2064,no,no,cellular,22,oct,334,1,-1,0,unknown,no
10585,41,technician,married,secondary,no,862,no,no,cellular,18,nov,474,2,-1,0,unknown,no
10586,27,blue-collar,single,secondary,no,137,no,yes,cellular,25,jul,359,1,-1,0,unknown,no
10587,56,entrepreneur,married,tertiary,no,51439,no,yes,cellular,8,jul,325,1,-1,0,unknown,no
10588,59,management,divorced,tertiary,no,893,yes,no,cellular,16,apr,206,4,-1,0,unknown,no
10589,31,management,married,tertiary,no,607,no,no,cellular,27,aug,200,5,-1,0,unknown,no
10590,59,retired,married,primary,no,5521,yes,yes,unknown,13,may,94,1,-1,0,unknown,no
10591,32,management,single,tertiary,no,1966,no,no,cellular,18,aug,176,3,-1,0,unknown,no
10592,37,technician,single,secondary,no,363,yes,no,cellular,21,nov,39,4,182,3,failure,no
10593,59,retired,divorced,unknown,no,-49,yes,no,unknown,13,may,248,2,-1,0,unknown,no
10594,51,technician,married,tertiary,no,1533,no,no,unknown,18,jun,242,2,-1,0,unknown,no
10595,42,blue-collar,married,primary,no,250,yes,no,unknown,4,jun,46,16,-1,0,unknown,no
10596,38,admin.,divorced,secondary,no,407,yes,yes,cellular,19,aug,89,1,-1,0,unknown,no
10597,35,technician,divorced,secondary,no,3549,yes,no,cellular,13,aug,250,4,-1,0,unknown,no
10598,42,blue-collar,married,primary,no,0,yes,yes,cellular,7,may,209,2,-1,0,unknown,no
10599,43,technician,single,tertiary,no,1017,yes,no,unknown,19,may,257,2,-1,0,unknown,no
10600,31,management,married,tertiary,no,2652,no,no,cellular,25,aug,9,9,-1,0,unknown,no
10601,56,blue-collar,married,primary,no,2442,no,yes,cellular,18,aug,111,7,-1,0,unknown,no
10602,43,management,married,tertiary,no,0,yes,no,cellular,7,may,240,3,293,5,failure,no
10603,39,management,married,tertiary,no,0,no,no,cellular,29,aug,94,2,-1,0,unknown,no
10604,52,blue-collar,married,secondary,no,665,yes,no,unknown,15,may,57,4,-1,0,unknown,no
10605,32,services,single,secondary,no,-1139,yes,no,cellular,7,jul,201,1,-1,0,unknown,no
10606,37,self-employed,married,secondary,no,3396,no,no,cellular,18,aug,69,6,-1,0,unknown,no
10607,35,entrepreneur,married,tertiary,no,542,yes,yes,unknown,27,may,591,5,-1,0,unknown,no
10608,39,services,divorced,secondary,no,1957,yes,yes,cellular,20,nov,47,1,-1,0,unknown,no
10609,44,self-employed,married,secondary,no,304,yes,no,telephone,9,feb,15,5,-1,0,unknown,no
10610,41,entrepreneur,married,secondary,no,353,no,no,cellular,19,nov,90,2,-1,0,unknown,no
10611,26,student,single,tertiary,no,13107,yes,no,cellular,27,may,112,2,-1,0,unknown,no
10612,50,admin.,married,secondary,no,1138,yes,yes,cellular,31,jul,73,8,-1,0,unknown,no
10613,33,technician,married,secondary,no,0,yes,yes,cellular,19,nov,163,2,-1,0,unknown,no
10614,26,services,married,secondary,no,199,no,no,cellular,24,jul,139,6,-1,0,unknown,no
10615,31,admin.,single,tertiary,no,383,no,yes,cellular,6,feb,119,1,214,1,failure,no
10616,56,admin.,divorced,primary,no,0,no,yes,cellular,10,jul,542,1,-1,0,unknown,no
10617,40,blue-collar,married,secondary,no,1844,yes,no,cellular,11,may,231,1,-1,0,unknown,no
10618,27,technician,single,secondary,no,42,no,no,cellular,28,jan,251,1,-1,0,unknown,no
10619,41,technician,married,secondary,no,1788,no,no,cellular,28,aug,222,1,-1,0,unknown,no
10620,78,retired,married,primary,no,680,no,no,telephone,24,may,838,1,89,9,failure,no
10621,60,housemaid,married,primary,no,517,no,no,unknown,12,jun,1178,3,-1,0,unknown,no
10622,46,management,married,tertiary,no,3,no,no,cellular,18,aug,92,4,-1,0,unknown,no
10623,25,blue-collar,single,primary,no,17,yes,no,unknown,13,may,97,2,-1,0,unknown,no
10624,30,management,married,tertiary,no,-328,yes,no,unknown,14,may,242,5,-1,0,unknown,no
10625,37,self-employed,divorced,tertiary,no,1513,no,no,unknown,30,may,510,1,-1,0,unknown,no
10626,45,blue-collar,married,secondary,no,603,no,no,cellular,22,may,204,1,-1,0,unknown,no
10627,31,management,single,tertiary,no,307,no,no,cellular,21,nov,86,2,-1,0,unknown,no
10628,35,technician,married,tertiary,no,22,no,no,cellular,11,aug,109,1,-1,0,unknown,no
10629,47,management,married,tertiary,no,0,no,no,unknown,5,jun,265,2,-1,0,unknown,no
10630,55,services,married,secondary,no,283,yes,no,unknown,19,may,156,1,-1,0,unknown,no
10631,28,self-employed,single,tertiary,no,5215,no,no,cellular,2,jun,673,1,-1,0,unknown,no
10632,37,blue-collar,single,secondary,no,847,no,no,unknown,20,jun,54,1,-1,0,unknown,no
10633,34,student,single,unknown,no,5827,no,no,cellular,17,nov,97,2,-1,0,unknown,no
10634,45,blue-collar,single,secondary,no,0,yes,no,cellular,16,oct,283,1,165,3,failure,no
10635,35,blue-collar,single,primary,no,-759,yes,no,cellular,31,jul,142,2,-1,0,unknown,no
10636,32,technician,divorced,tertiary,no,267,no,no,cellular,26,may,128,1,-1,0,unknown,no
10637,26,student,single,unknown,no,2503,no,no,cellular,30,apr,121,1,63,2,failure,no
10638,47,blue-collar,married,secondary,no,3630,yes,no,unknown,14,may,133,4,-1,0,unknown,no
10639,33,technician,married,secondary,no,218,yes,yes,telephone,2,mar,169,4,-1,0,unknown,no
10640,42,management,single,tertiary,no,1146,yes,no,unknown,15,may,98,2,-1,0,unknown,no
10641,31,unemployed,single,unknown,no,167,no,no,cellular,20,nov,316,1,-1,0,unknown,no
10642,30,blue-collar,single,secondary,yes,447,no,no,cellular,19,nov,426,2,189,6,failure,no
10643,40,management,single,secondary,no,10378,yes,no,cellular,17,nov,523,3,-1,0,unknown,no
10644,52,management,married,tertiary,no,-2712,yes,yes,cellular,2,apr,253,1,-1,0,unknown,no
10645,48,admin.,married,secondary,no,191,yes,no,cellular,5,feb,238,3,-1,0,unknown,no
10646,36,blue-collar,divorced,primary,no,17,yes,no,cellular,16,jul,329,1,-1,0,unknown,no
10647,36,blue-collar,single,secondary,no,2235,yes,no,cellular,20,nov,287,2,-1,0,unknown,no
10648,47,blue-collar,married,primary,no,292,no,yes,telephone,28,jul,210,3,-1,0,unknown,no
10649,31,technician,single,secondary,no,433,no,no,cellular,11,aug,1504,2,-1,0,unknown,no
10650,60,retired,married,primary,no,364,yes,no,unknown,6,may,631,2,-1,0,unknown,no
10651,49,blue-collar,married,secondary,no,30,yes,no,unknown,5,may,135,4,-1,0,unknown,no
10652,41,technician,married,secondary,no,335,no,no,cellular,18,aug,169,3,-1,0,unknown,no
10653,67,management,married,secondary,no,1287,no,no,cellular,2,feb,511,1,-1,0,unknown,no
10654,35,technician,married,secondary,no,128,no,yes,cellular,29,jan,456,1,205,2,other,no
10655,34,management,married,tertiary,no,133,yes,no,unknown,8,may,65,1,-1,0,unknown,no
10656,49,technician,married,tertiary,no,-888,no,yes,cellular,21,jul,298,1,-1,0,unknown,no
10657,33,management,divorced,tertiary,yes,280,no,yes,cellular,18,nov,155,1,-1,0,unknown,no
10658,37,blue-collar,divorced,secondary,no,719,yes,no,cellular,13,may,118,1,365,1,failure,no
10659,29,admin.,single,secondary,no,1261,no,no,cellular,5,feb,605,1,-1,0,unknown,no
10660,53,housemaid,married,primary,no,1903,no,no,unknown,5,jun,827,1,-1,0,unknown,no
10661,36,technician,married,tertiary,no,202,no,no,cellular,1,jun,206,1,192,1,failure,no
10662,54,unknown,married,unknown,no,390,no,no,cellular,20,aug,68,5,-1,0,unknown,no
10663,55,blue-collar,divorced,unknown,no,103,yes,no,cellular,21,jul,769,3,-1,0,unknown,no
10664,38,blue-collar,married,primary,no,362,yes,no,unknown,8,may,100,5,-1,0,unknown,no
10665,50,blue-collar,married,secondary,no,907,no,yes,cellular,16,jul,68,1,-1,0,unknown,no
10666,50,entrepreneur,married,primary,no,199,no,no,cellular,11,may,228,2,363,2,failure,no
10667,35,management,married,tertiary,no,4943,yes,no,cellular,18,nov,295,1,124,2,failure,no
10668,35,management,single,tertiary,no,6659,yes,no,unknown,21,may,83,1,-1,0,unknown,no
10669,51,retired,single,tertiary,no,730,yes,no,unknown,18,nov,287,2,-1,0,unknown,no
10670,34,technician,single,secondary,no,664,yes,yes,cellular,11,may,88,2,343,2,other,no
10671,28,blue-collar,single,primary,no,442,no,no,cellular,30,jan,157,2,-1,0,unknown,no
10672,57,management,married,secondary,no,7162,no,no,cellular,17,nov,83,1,-1,0,unknown,no
10673,38,entrepreneur,married,secondary,no,61,yes,yes,unknown,28,may,170,5,-1,0,unknown,no
10674,41,retired,single,primary,no,2579,no,no,cellular,13,oct,213,1,-1,0,unknown,no
10675,38,blue-collar,single,primary,no,1583,yes,no,cellular,15,may,386,1,-1,0,unknown,no
10676,54,technician,single,secondary,no,224,no,no,cellular,5,aug,134,2,-1,0,unknown,no
10677,52,technician,married,secondary,no,851,no,no,unknown,17,jun,87,2,-1,0,unknown,no
10678,35,housemaid,married,tertiary,no,2880,no,no,cellular,29,jan,42,1,-1,0,unknown,no
10679,40,admin.,married,secondary,no,1597,yes,no,unknown,30,may,633,1,-1,0,unknown,no
10680,NULL,technician,divorced,tertiary,no,0,yes,no,cellular,2,jun,72,1,-1,0,unknown,no
10681,35,management,divorced,tertiary,no,771,yes,yes,cellular,18,aug,221,5,-1,0,unknown,no
10682,41,management,married,tertiary,no,30,no,no,cellular,19,aug,171,7,-1,0,unknown,no
10683,33,technician,married,secondary,no,346,yes,yes,cellular,24,jul,379,1,-1,0,unknown,no
10684,25,admin.,single,secondary,no,184,no,yes,telephone,11,jul,437,7,-1,0,unknown,no
10685,34,management,married,tertiary,no,580,yes,no,cellular,10,jul,380,1,-1,0,unknown,no
10686,28,blue-collar,single,unknown,no,913,yes,no,unknown,27,may,580,2,-1,0,unknown,no
10687,41,admin.,divorced,secondary,no,1967,yes,no,cellular,18,may,115,1,341,1,failure,no
10688,29,student,single,unknown,no,2929,no,no,cellular,11,aug,91,1,-1,0,unknown,no
10689,38,technician,single,secondary,no,103,yes,no,cellular,2,feb,159,1,187,3,failure,no
10690,39,blue-collar,married,secondary,no,661,yes,no,cellular,3,feb,84,4,267,4,failure,no
10691,58,retired,married,secondary,no,19,no,yes,cellular,15,jul,106,3,-1,0,unknown,no
10692,36,self-employed,single,tertiary,no,258,no,no,cellular,5,feb,230,1,-1,0,unknown,no
10693,46,management,divorced,secondary,no,361,yes,no,unknown,19,may,86,7,-1,0,unknown,no
10694,36,management,married,secondary,no,1898,yes,yes,unknown,30,may,233,1,-1,0,unknown,no
10695,59,management,divorced,tertiary,no,0,no,no,telephone,30,jul,196,3,-1,0,unknown,no
10696,36,technician,married,secondary,no,3579,no,no,cellular,14,aug,308,2,-1,0,unknown,no
10697,34,housemaid,married,tertiary,no,1265,yes,no,unknown,6,jun,397,3,-1,0,unknown,no
10698,29,technician,single,tertiary,no,940,yes,no,cellular,15,may,757,1,330,1,failure,no
10699,39,blue-collar,married,secondary,no,854,yes,yes,cellular,6,may,181,1,-1,0,unknown,no
10700,32,self-employed,married,tertiary,no,1464,no,no,telephone,14,aug,133,2,-1,0,unknown,no
10701,29,services,married,secondary,no,3748,no,no,cellular,28,may,322,3,-1,0,unknown,no
10702,53,technician,married,primary,no,6839,yes,no,cellular,19,nov,77,1,-1,0,unknown,no
10703,29,blue-collar,married,primary,no,-235,yes,no,cellular,22,jul,189,1,-1,0,unknown,no
10704,44,management,single,tertiary,yes,12,yes,no,cellular,19,nov,126,2,-1,0,unknown,no
10705,28,student,single,tertiary,no,61,yes,no,cellular,16,jul,401,8,-1,0,unknown,no
10706,37,technician,married,tertiary,no,0,no,no,cellular,28,aug,76,1,-1,0,unknown,no
10707,45,management,divorced,tertiary,no,6269,yes,no,cellular,29,jul,20,2,-1,0,unknown,no
10708,39,blue-collar,married,secondary,no,142,no,yes,cellular,14,jul,424,4,-1,0,unknown,no
10709,34,services,married,secondary,no,24,yes,no,unknown,28,may,124,1,-1,0,unknown,no
10710,32,blue-collar,married,unknown,no,1267,yes,no,cellular,18,may,66,2,-1,0,unknown,no
10711,40,services,married,secondary,no,2346,no,no,unknown,16,jun,182,3,-1,0,unknown,no
10712,30,technician,single,secondary,no,133,yes,no,cellular,29,jan,113,2,-1,0,unknown,no
10713,55,management,married,tertiary,no,16786,no,no,cellular,18,nov,90,1,-1,0,unknown,no
10714,50,management,married,tertiary,no,400,no,no,cellular,13,aug,343,2,-1,0,unknown,no
10715,45,admin.,married,unknown,no,2033,no,no,cellular,28,may,48,4,-1,0,unknown,no
10716,54,management,married,tertiary,no,1938,yes,no,telephone,31,jul,81,7,-1,0,unknown,no
10717,37,admin.,married,secondary,yes,0,no,no,unknown,9,jun,89,1,-1,0,unknown,no
10718,40,entrepreneur,married,tertiary,no,-164,no,no,cellular,7,may,87,1,-1,0,unknown,no
10719,39,management,married,tertiary,no,1241,yes,no,cellular,5,jun,138,2,-1,0,unknown,no
10720,59,entrepreneur,married,primary,no,0,no,no,unknown,19,jun,239,1,-1,0,unknown,no
10721,40,technician,married,secondary,no,214,no,no,cellular,25,aug,59,6,-1,0,unknown,no
10722,48,management,single,tertiary,no,399,no,yes,cellular,7,aug,126,1,-1,0,unknown,no
10723,73,retired,married,primary,no,1388,no,no,cellular,20,jul,146,3,190,3,success,no
10724,28,self-employed,single,tertiary,no,805,no,no,cellular,12,nov,116,5,170,2,failure,no
10725,50,services,single,secondary,no,1716,yes,no,cellular,7,apr,272,1,-1,0,unknown,no
10726,35,unemployed,married,secondary,no,2228,no,no,unknown,19,jun,461,2,-1,0,unknown,no
10727,45,services,single,secondary,no,1515,no,no,unknown,20,jun,14,4,-1,0,unknown,no
10728,51,self-employed,married,secondary,no,44,yes,yes,telephone,21,jul,79,1,-1,0,unknown,no
10729,47,admin.,single,primary,no,683,no,no,cellular,20,nov,101,1,-1,0,unknown,no
10730,54,blue-collar,divorced,unknown,no,-473,yes,no,cellular,14,may,239,1,351,2,failure,no
10731,54,services,married,secondary,no,4482,yes,no,unknown,20,may,97,2,-1,0,unknown,no
10732,35,blue-collar,married,secondary,no,911,yes,no,cellular,20,nov,434,2,181,5,other,no
10733,74,retired,married,secondary,no,3771,no,no,telephone,16,apr,159,1,-1,0,unknown,no
10734,32,technician,married,secondary,no,1119,no,no,cellular,19,nov,371,2,-1,0,unknown,no
10735,56,management,married,tertiary,no,-6,no,no,telephone,31,jul,29,16,-1,0,unknown,no
10736,57,retired,divorced,secondary,no,-663,yes,no,cellular,13,may,210,1,351,2,failure,no
10737,33,blue-collar,married,secondary,no,686,yes,yes,telephone,14,may,30,6,343,12,other,no
10738,44,blue-collar,married,primary,no,112,yes,no,unknown,14,may,225,2,-1,0,unknown,no
10739,30,admin.,divorced,secondary,no,83,yes,yes,unknown,6,may,310,1,-1,0,unknown,no
10740,48,blue-collar,married,primary,no,418,yes,no,unknown,9,may,102,3,-1,0,unknown,no
10741,38,management,married,secondary,no,3840,yes,yes,cellular,17,nov,62,1,-1,0,unknown,no
10742,26,management,single,tertiary,no,7628,no,no,cellular,1,apr,263,1,-1,0,unknown,no
10743,24,blue-collar,single,secondary,no,-10,yes,no,unknown,13,may,106,1,-1,0,unknown,no
10744,28,management,married,secondary,no,3,yes,no,cellular,14,sep,112,2,24,2,other,no
10745,55,management,married,tertiary,no,1433,no,no,unknown,12,jun,298,3,-1,0,unknown,no
10746,40,technician,married,secondary,no,0,yes,yes,cellular,26,jul,105,2,172,1,failure,no
10747,39,management,married,tertiary,no,756,yes,no,unknown,2,jun,268,1,-1,0,unknown,no
10748,43,services,divorced,secondary,no,313,yes,no,cellular,8,may,155,2,-1,0,unknown,no
10749,32,blue-collar,married,secondary,no,4996,yes,no,unknown,20,may,205,2,-1,0,unknown,no
10750,35,blue-collar,married,secondary,no,74,no,no,cellular,23,jul,248,2,-1,0,unknown,no
10751,53,technician,married,tertiary,no,431,yes,no,cellular,5,may,55,1,328,1,failure,no
10752,44,unemployed,divorced,secondary,no,522,no,no,cellular,7,apr,411,1,-1,0,unknown,no
10753,42,housemaid,married,primary,no,0,no,yes,cellular,11,jul,83,2,-1,0,unknown,no
10754,59,retired,married,tertiary,no,1296,no,no,cellular,11,aug,862,11,-1,0,unknown,no
10755,32,blue-collar,single,secondary,no,435,yes,no,unknown,21,may,373,2,-1,0,unknown,no
10756,47,blue-collar,married,secondary,no,2128,yes,no,telephone,17,apr,98,1,-1,0,unknown,no
10757,30,management,single,secondary,no,-383,yes,no,cellular,18,may,170,1,-1,0,unknown,no
10758,38,technician,single,secondary,no,1019,yes,no,cellular,6,may,249,1,-1,0,unknown,no
10759,40,blue-collar,single,primary,no,1780,no,yes,unknown,11,jun,114,1,-1,0,unknown,no
10760,34,management,single,tertiary,no,431,no,no,cellular,16,jul,401,1,-1,0,unknown,no
10761,33,technician,single,tertiary,no,8097,no,yes,cellular,21,aug,500,2,-1,0,unknown,no
10762,27,unemployed,single,secondary,no,0,yes,no,cellular,21,jul,53,6,-1,0,unknown,no
10763,39,blue-collar,married,secondary,no,138,no,no,unknown,9,jun,61,2,-1,0,unknown,no
10764,38,blue-collar,married,secondary,no,292,yes,yes,unknown,6,jun,84,2,-1,0,unknown,no
10765,55,services,married,tertiary,no,606,no,yes,cellular,18,nov,114,2,-1,0,unknown,no
10766,59,blue-collar,married,secondary,no,0,yes,no,unknown,5,may,226,1,-1,0,unknown,no
10767,37,management,married,tertiary,no,26,no,no,cellular,17,jun,151,7,62,4,failure,no
10768,38,services,single,secondary,no,322,yes,no,unknown,26,may,61,1,-1,0,unknown,no
10769,20,admin.,single,secondary,no,336,no,yes,cellular,5,jun,133,1,-1,0,unknown,no
10770,51,entrepreneur,married,tertiary,no,36935,yes,no,cellular,21,nov,41,1,-1,0,unknown,no
10771,48,admin.,married,unknown,no,0,yes,no,cellular,8,may,85,1,168,2,failure,no
10772,36,management,married,tertiary,no,928,yes,no,cellular,20,apr,239,1,-1,0,unknown,no
10773,30,management,single,tertiary,no,2,no,no,cellular,27,aug,19,21,-1,0,unknown,no
10774,45,management,married,tertiary,no,2220,yes,no,cellular,11,jul,128,2,-1,0,unknown,no
10775,31,blue-collar,divorced,secondary,no,1125,no,yes,unknown,15,may,548,1,-1,0,unknown,no
10776,40,technician,married,secondary,no,503,yes,no,unknown,14,may,127,3,-1,0,unknown,no
10777,58,entrepreneur,married,tertiary,no,2920,yes,no,unknown,9,jun,136,1,-1,0,unknown,no
10778,35,blue-collar,married,primary,no,4319,no,no,cellular,16,apr,266,1,-1,0,unknown,no
10779,42,management,married,tertiary,no,0,no,no,cellular,6,aug,81,3,-1,0,unknown,no
10780,48,blue-collar,married,primary,no,1080,yes,no,cellular,11,may,197,2,-1,0,unknown,no
10781,52,technician,single,secondary,no,36,yes,no,unknown,16,may,335,1,-1,0,unknown,no
10782,30,services,single,tertiary,no,803,no,no,cellular,30,apr,243,1,-1,0,unknown,no
10783,43,blue-collar,married,primary,no,8,no,no,telephone,7,jul,245,5,-1,0,unknown,no
10784,43,blue-collar,married,secondary,no,833,no,no,cellular,17,jul,156,1,-1,0,unknown,no
10785,30,management,single,tertiary,no,3410,yes,no,cellular,18,may,140,1,-1,0,unknown,no
10786,46,technician,married,unknown,no,605,yes,no,cellular,20,apr,780,2,-1,0,unknown,no
10787,43,entrepreneur,married,tertiary,no,13342,yes,no,cellular,18,nov,465,1,-1,0,unknown,no
10788,36,admin.,married,tertiary,no,586,yes,no,cellular,28,jan,126,1,-1,0,unknown,no
10789,42,management,married,tertiary,no,559,no,no,cellular,19,aug,88,1,-1,0,unknown,no
10790,41,blue-collar,married,secondary,no,4910,yes,no,cellular,3,apr,1090,1,-1,0,unknown,no
10791,50,management,single,secondary,no,4527,yes,no,cellular,14,may,140,1,-1,0,unknown,no
10792,25,blue-collar,single,primary,no,-221,yes,no,unknown,23,may,250,1,-1,0,unknown,no
10793,36,management,married,tertiary,no,242,yes,no,cellular,14,may,20,1,-1,0,unknown,no
10794,59,retired,divorced,primary,no,20,no,no,cellular,10,jul,298,1,-1,0,unknown,no
10795,50,admin.,divorced,secondary,no,797,yes,no,telephone,25,jul,72,8,-1,0,unknown,no
10796,45,management,married,primary,no,321,yes,no,cellular,30,jul,918,4,-1,0,unknown,no
10797,49,entrepreneur,married,tertiary,no,313,yes,no,cellular,17,nov,42,2,188,2,failure,no
10798,54,technician,divorced,secondary,no,136,no,yes,cellular,10,jul,151,4,-1,0,unknown,no
10799,33,admin.,married,secondary,no,0,yes,yes,cellular,9,jul,160,1,-1,0,unknown,no
10800,67,technician,married,secondary,no,0,no,no,cellular,13,aug,1152,2,188,1,success,no
10801,31,admin.,married,secondary,no,54,yes,no,cellular,21,nov,226,1,-1,0,unknown,no
10802,59,blue-collar,divorced,secondary,no,0,no,yes,cellular,15,jul,237,4,-1,0,unknown,no
10803,28,admin.,single,tertiary,no,373,yes,no,cellular,4,feb,126,1,-1,0,unknown,no
10804,58,management,divorced,tertiary,no,577,no,no,unknown,15,may,1244,3,-1,0,unknown,no
10805,30,services,divorced,secondary,no,0,no,no,cellular,29,jan,89,1,-1,0,unknown,no
10806,53,retired,married,secondary,no,1296,yes,no,unknown,17,jun,115,1,-1,0,unknown,no
10807,51,unknown,married,unknown,no,2642,no,no,cellular,29,jul,52,6,-1,0,unknown,no
10808,47,blue-collar,married,secondary,no,3237,yes,no,unknown,15,may,198,3,-1,0,unknown,no
10809,30,management,single,tertiary,no,1191,no,no,cellular,11,aug,381,4,-1,0,unknown,no
10810,38,management,married,tertiary,no,2278,yes,yes,cellular,13,may,244,1,-1,0,unknown,no
10811,53,technician,single,secondary,no,-165,yes,no,cellular,9,jul,89,1,-1,0,unknown,no
10812,59,retired,married,unknown,no,178,yes,no,telephone,11,jul,330,2,-1,0,unknown,no
10813,57,unemployed,married,tertiary,no,209,no,no,unknown,19,jun,453,1,-1,0,unknown,no
10814,36,self-employed,single,tertiary,no,3560,no,no,unknown,2,jun,409,2,-1,0,unknown,no
10815,42,blue-collar,married,secondary,no,490,yes,no,unknown,5,may,386,2,-1,0,unknown,no
10816,56,technician,single,secondary,no,3499,yes,no,unknown,29,may,248,3,-1,0,unknown,no
10817,38,unemployed,married,secondary,no,995,no,no,unknown,26,jul,84,1,-1,0,unknown,no
10818,47,management,married,unknown,no,1128,no,no,cellular,28,jan,65,2,-1,0,unknown,no
10819,30,self-employed,married,tertiary,no,163,yes,no,cellular,18,may,149,1,362,8,other,no
10820,42,entrepreneur,single,primary,no,103,yes,no,unknown,19,may,156,5,-1,0,unknown,no
10821,34,management,divorced,tertiary,no,70,yes,no,unknown,22,jul,5,1,701,6,other,no
10822,29,services,married,secondary,no,191,yes,no,cellular,17,apr,87,1,-1,0,unknown,no
10823,49,management,married,secondary,no,1601,no,no,cellular,29,jul,47,5,-1,0,unknown,no
10824,59,management,married,tertiary,no,287,yes,no,cellular,20,apr,818,2,242,8,failure,no
10825,30,management,single,tertiary,no,199,no,yes,cellular,28,jul,131,7,-1,0,unknown,no
10826,37,technician,married,secondary,no,177,yes,no,cellular,16,jul,464,3,-1,0,unknown,no
10827,27,admin.,single,tertiary,no,832,no,no,cellular,21,apr,336,1,-1,0,unknown,no
10828,24,student,single,secondary,no,493,yes,no,cellular,13,may,85,4,358,1,other,no
10829,55,management,married,tertiary,no,13578,no,no,cellular,29,oct,247,2,-1,0,unknown,no
10830,60,technician,divorced,secondary,no,-50,no,no,cellular,28,aug,433,12,-1,0,unknown,no
10831,30,services,married,secondary,no,292,yes,yes,cellular,15,apr,651,4,-1,0,unknown,no
10832,34,blue-collar,divorced,secondary,no,0,yes,no,cellular,5,may,150,1,-1,0,unknown,no
10833,36,admin.,married,secondary,no,0,no,yes,cellular,29,jul,113,8,-1,0,unknown,no
10834,44,blue-collar,married,secondary,no,294,yes,no,unknown,19,may,66,2,-1,0,unknown,no
10835,38,management,married,tertiary,no,-558,yes,no,cellular,21,jul,533,1,-1,0,unknown,no
10836,60,management,married,tertiary,yes,-311,no,no,cellular,25,aug,151,6,-1,0,unknown,no
10837,58,services,married,secondary,no,688,no,no,cellular,6,aug,152,2,-1,0,unknown,no
10838,30,admin.,single,secondary,no,-548,yes,yes,cellular,28,jul,70,2,-1,0,unknown,no
10839,39,technician,married,tertiary,no,94,no,no,cellular,7,aug,70,2,-1,0,unknown,no
10840,44,housemaid,single,secondary,no,299,no,no,cellular,20,nov,186,1,-1,0,unknown,no
10841,32,management,married,secondary,no,6217,yes,yes,cellular,18,nov,486,2,181,2,failure,no
10842,32,blue-collar,married,primary,no,494,yes,no,unknown,26,may,252,2,-1,0,unknown,no
10843,47,admin.,single,secondary,no,594,yes,no,unknown,7,may,161,1,-1,0,unknown,no
10844,37,technician,married,tertiary,yes,0,yes,no,unknown,14,may,93,14,-1,0,unknown,no
10845,86,retired,divorced,unknown,no,157,no,no,telephone,7,sep,147,1,-1,0,unknown,no
10846,38,technician,married,secondary,no,183,yes,no,cellular,16,apr,256,3,339,2,failure,no
10847,31,management,married,tertiary,no,22867,yes,no,unknown,27,may,241,2,-1,0,unknown,no
10848,49,services,single,secondary,no,1884,yes,no,cellular,8,may,43,1,-1,0,unknown,no
10849,53,retired,married,primary,no,0,no,yes,unknown,27,jun,747,1,-1,0,unknown,no
10850,55,management,divorced,tertiary,no,446,no,no,cellular,2,feb,159,1,-1,0,unknown,no
10851,30,management,single,tertiary,no,114,no,no,cellular,14,aug,65,4,-1,0,unknown,no
10852,41,management,married,tertiary,no,217,no,no,cellular,19,nov,328,1,-1,0,unknown,no
10853,31,services,married,secondary,no,1783,yes,yes,cellular,6,may,219,1,-1,0,unknown,no
10854,39,services,married,secondary,no,208,no,yes,cellular,9,feb,122,2,-1,0,unknown,no
10855,43,blue-collar,married,secondary,no,1311,yes,no,unknown,14,may,746,1,-1,0,unknown,no
10856,45,management,divorced,tertiary,no,2813,yes,no,cellular,13,may,43,1,-1,0,unknown,no
10857,42,management,married,tertiary,no,783,yes,no,cellular,19,nov,77,2,128,3,failure,no
10858,35,management,single,tertiary,no,243,yes,no,unknown,12,may,102,3,-1,0,unknown,no
10859,43,self-employed,married,secondary,no,5704,yes,no,cellular,6,aug,139,2,-1,0,unknown,no
10860,54,management,married,secondary,no,2895,yes,no,cellular,9,feb,20,2,256,1,failure,no
10861,43,blue-collar,married,primary,no,377,no,yes,unknown,20,jun,11,5,-1,0,unknown,no
10862,33,admin.,married,secondary,no,2,yes,no,unknown,20,may,201,1,-1,0,unknown,no
10863,31,management,single,tertiary,no,153,no,no,cellular,9,feb,65,3,-1,0,unknown,no
10864,42,unemployed,married,secondary,no,-165,yes,yes,unknown,27,may,179,3,-1,0,unknown,no
10865,34,blue-collar,single,secondary,no,2764,yes,no,cellular,13,may,158,1,357,1,failure,no
10866,36,blue-collar,married,secondary,no,6699,yes,no,cellular,20,apr,201,3,-1,0,unknown,no
10867,51,services,married,secondary,no,7,yes,no,cellular,31,jul,8,30,-1,0,unknown,no
10868,50,blue-collar,married,primary,no,2590,yes,no,unknown,9,may,257,6,-1,0,unknown,no
10869,32,student,single,secondary,no,14,no,no,cellular,19,aug,144,3,136,1,other,no
10870,37,management,married,tertiary,no,2672,yes,no,cellular,11,aug,549,1,-1,0,unknown,no
10871,50,blue-collar,divorced,secondary,no,881,yes,yes,cellular,20,apr,162,1,-1,0,unknown,no
10872,52,blue-collar,married,primary,no,4793,yes,no,unknown,6,jun,176,2,-1,0,unknown,no
10873,30,admin.,divorced,secondary,no,370,yes,no,unknown,15,may,160,1,-1,0,unknown,no
10874,38,management,single,tertiary,no,6836,yes,no,unknown,29,may,374,4,-1,0,unknown,no
10875,50,blue-collar,married,primary,no,859,yes,yes,telephone,9,feb,56,5,196,7,failure,no
10876,32,blue-collar,single,secondary,no,1940,yes,yes,unknown,13,may,299,3,-1,0,unknown,no
10877,24,blue-collar,single,primary,no,1033,yes,no,cellular,24,nov,283,1,-1,0,unknown,no
10878,36,management,married,tertiary,no,532,yes,no,cellular,14,may,603,1,-1,0,unknown,no
10879,42,technician,single,secondary,no,-321,no,no,cellular,28,jan,230,2,-1,0,unknown,no
10880,50,blue-collar,married,primary,no,383,no,no,telephone,2,oct,382,2,-1,0,unknown,no
10881,41,blue-collar,married,primary,no,865,no,yes,unknown,19,may,19,5,-1,0,unknown,no
10882,34,admin.,single,secondary,no,1352,yes,no,cellular,20,apr,126,1,334,3,other,no
10883,29,technician,married,tertiary,no,-722,no,yes,unknown,27,jun,121,4,-1,0,unknown,no
10884,47,management,married,secondary,no,1144,no,yes,cellular,29,jan,324,1,-1,0,unknown,no
10885,44,blue-collar,married,secondary,no,794,yes,no,cellular,5,feb,342,1,252,1,other,no
10886,49,self-employed,married,secondary,no,2061,yes,yes,unknown,30,may,137,3,-1,0,unknown,no
10887,39,blue-collar,divorced,secondary,no,36,yes,no,unknown,12,may,109,2,-1,0,unknown,no
10888,31,entrepreneur,single,tertiary,no,734,yes,no,cellular,7,may,295,1,168,4,other,no
10889,36,services,single,secondary,no,99,no,no,unknown,17,jun,256,9,-1,0,unknown,no
10890,44,blue-collar,married,secondary,no,879,yes,no,cellular,3,apr,383,1,-1,0,unknown,no
10891,29,management,married,tertiary,no,0,yes,no,telephone,15,jul,91,2,-1,0,unknown,no
10892,33,management,single,tertiary,no,4128,yes,no,unknown,12,may,456,6,-1,0,unknown,no
10893,40,admin.,married,secondary,no,0,yes,no,unknown,23,may,193,2,-1,0,unknown,no
10894,33,management,single,tertiary,no,275,no,no,cellular,18,nov,348,1,-1,0,unknown,no
10895,54,management,married,tertiary,no,6525,yes,no,cellular,19,nov,133,1,170,3,failure,no
10896,32,management,single,tertiary,no,9317,no,no,cellular,2,nov,92,3,-1,0,unknown,no
10897,57,management,married,tertiary,no,350,no,no,telephone,4,may,87,3,-1,0,unknown,no
10898,46,management,married,tertiary,no,699,no,no,cellular,2,feb,241,1,-1,0,unknown,no
10899,30,blue-collar,single,secondary,no,906,yes,yes,unknown,21,may,218,7,-1,0,unknown,no
10900,35,management,married,secondary,no,97,yes,no,unknown,29,may,135,4,-1,0,unknown,no
10901,36,admin.,single,secondary,no,115,no,no,cellular,4,may,134,3,91,1,failure,no
10902,37,admin.,married,secondary,no,36,yes,no,unknown,13,may,428,1,-1,0,unknown,no
10903,41,admin.,divorced,secondary,no,1076,yes,no,cellular,3,jun,77,2,391,2,other,no
10904,38,blue-collar,single,secondary,no,-56,yes,yes,unknown,6,jun,247,2,-1,0,unknown,no
10905,34,admin.,single,secondary,no,1504,yes,no,unknown,12,may,395,3,-1,0,unknown,no
10906,45,services,single,secondary,no,482,yes,yes,unknown,30,may,637,2,-1,0,unknown,no
10907,53,blue-collar,married,secondary,no,208,no,no,unknown,20,jun,333,15,-1,0,unknown,no
10908,42,management,married,tertiary,no,441,no,no,cellular,7,aug,296,9,-1,0,unknown,no
10909,55,admin.,married,secondary,no,-2,no,no,cellular,28,aug,76,1,-1,0,unknown,no
10910,57,housemaid,divorced,primary,no,8278,no,no,cellular,17,nov,408,3,-1,0,unknown,no
10911,58,management,married,secondary,no,407,yes,no,cellular,29,jul,145,2,-1,0,unknown,no
10912,48,technician,married,secondary,no,197,no,yes,cellular,3,feb,47,2,222,3,other,no
10913,33,technician,married,secondary,no,348,yes,no,cellular,7,may,263,2,294,1,success,no
10914,43,technician,divorced,tertiary,no,101,no,no,cellular,19,aug,173,3,-1,0,unknown,no
10915,29,blue-collar,married,secondary,no,294,yes,no,unknown,14,may,594,2,-1,0,unknown,no
10916,26,admin.,single,tertiary,no,3730,yes,no,cellular,11,mar,93,1,98,4,other,no
10917,56,management,divorced,tertiary,no,3885,yes,no,cellular,10,jul,51,1,-1,0,unknown,no
10918,54,technician,married,tertiary,no,4582,yes,no,unknown,15,may,165,1,-1,0,unknown,no
10919,33,services,married,secondary,no,403,yes,no,unknown,20,may,274,2,-1,0,unknown,no
10920,36,entrepreneur,single,tertiary,no,145,yes,no,cellular,18,may,450,2,304,2,success,no
10921,46,technician,single,secondary,no,834,yes,no,cellular,11,jul,196,2,-1,0,unknown,no
10922,40,services,married,secondary,no,664,yes,yes,cellular,18,may,29,5,-1,0,unknown,no
10923,50,management,divorced,tertiary,no,299,no,no,cellular,17,nov,666,3,-1,0,unknown,no
10924,55,entrepreneur,divorced,primary,no,29,no,no,unknown,16,jun,500,1,-1,0,unknown,no
10925,41,admin.,married,secondary,no,124,yes,no,cellular,12,may,191,3,-1,0,unknown,no
10926,26,technician,single,secondary,no,124,yes,no,unknown,12,may,57,8,-1,0,unknown,no
10927,35,management,single,tertiary,no,0,no,no,cellular,29,aug,131,2,-1,0,unknown,no
10928,53,self-employed,married,tertiary,no,20,yes,no,cellular,7,aug,218,2,-1,0,unknown,no
10929,31,technician,single,secondary,no,31868,no,no,telephone,14,aug,34,6,-1,0,unknown,no
10930,59,retired,married,secondary,no,599,yes,no,cellular,7,may,31,1,-1,0,unknown,no
10931,42,technician,divorced,secondary,no,248,no,no,cellular,19,aug,163,4,-1,0,unknown,no
10932,45,technician,married,secondary,no,0,no,no,telephone,13,aug,99,1,-1,0,unknown,no
10933,58,admin.,married,primary,no,879,yes,no,unknown,16,may,242,7,-1,0,unknown,no
10934,33,technician,single,tertiary,no,34,no,no,cellular,28,aug,13,30,-1,0,unknown,no
10935,47,blue-collar,married,secondary,no,2548,yes,no,cellular,11,may,577,1,368,1,other,no
10936,31,services,single,secondary,no,3,yes,no,cellular,5,may,41,1,-1,0,unknown,no
10937,40,admin.,married,secondary,no,1395,yes,yes,cellular,7,jul,122,2,-1,0,unknown,no
10938,28,blue-collar,married,primary,no,-196,no,no,cellular,7,jul,209,1,-1,0,unknown,no
10939,42,blue-collar,married,primary,no,205,yes,no,cellular,17,apr,582,1,-1,0,unknown,no
10940,53,blue-collar,single,secondary,no,1442,no,no,telephone,9,dec,137,8,188,2,other,no
10941,33,admin.,married,secondary,no,393,yes,no,unknown,28,may,383,1,-1,0,unknown,no
10942,28,blue-collar,married,secondary,no,-185,yes,yes,unknown,13,may,170,1,-1,0,unknown,no
10943,50,housemaid,single,primary,no,1158,yes,no,cellular,3,feb,116,3,265,3,failure,no
10944,30,blue-collar,single,secondary,no,1165,yes,no,cellular,18,may,365,2,-1,0,unknown,no
10945,37,blue-collar,married,secondary,no,10721,yes,no,unknown,18,jun,394,3,-1,0,unknown,no
10946,39,technician,divorced,secondary,no,1270,yes,no,unknown,29,may,245,4,-1,0,unknown,no
10947,29,management,married,tertiary,no,16,yes,no,cellular,16,jul,605,6,-1,0,unknown,no
10948,32,technician,single,secondary,no,930,yes,no,unknown,21,may,122,1,-1,0,unknown,no
10949,38,technician,single,tertiary,no,0,no,no,cellular,28,aug,247,2,-1,0,unknown,no
10950,55,technician,married,secondary,no,0,no,no,cellular,27,jul,506,2,-1,0,unknown,no
10951,38,admin.,married,primary,no,-175,yes,no,telephone,21,jul,86,9,-1,0,unknown,no
10952,47,blue-collar,married,primary,no,328,yes,no,cellular,7,may,58,1,-1,0,unknown,no
10953,57,management,married,secondary,no,0,no,no,cellular,28,jan,132,1,-1,0,unknown,no
10954,32,technician,married,secondary,no,2556,no,no,cellular,6,aug,269,3,-1,0,unknown,no
10955,37,unemployed,married,secondary,no,4969,yes,no,cellular,6,may,169,1,-1,0,unknown,no
10956,30,management,single,tertiary,no,726,yes,no,cellular,16,apr,39,1,342,3,failure,no
10957,39,technician,married,secondary,no,-1451,yes,yes,cellular,30,jul,65,5,-1,0,unknown,no
10958,45,housemaid,divorced,primary,no,221,no,no,cellular,2,feb,93,1,235,1,failure,no
10959,25,student,single,secondary,no,3090,no,no,cellular,21,aug,139,1,-1,0,unknown,no
10960,53,services,married,unknown,no,257,yes,no,unknown,5,may,209,2,-1,0,unknown,no
10961,39,management,single,tertiary,no,139,no,no,cellular,22,aug,109,2,-1,0,unknown,no
10962,35,management,married,tertiary,no,3168,no,no,cellular,22,aug,24,30,-1,0,unknown,no
10963,58,housemaid,married,primary,no,260,yes,no,telephone,15,may,71,5,364,3,failure,no
10964,27,self-employed,single,tertiary,no,4574,no,no,cellular,12,aug,187,2,-1,0,unknown,no
10965,39,housemaid,single,primary,no,109,yes,no,unknown,6,may,699,3,-1,0,unknown,no
10966,41,blue-collar,married,secondary,no,140,yes,no,cellular,3,jun,96,1,125,2,failure,no
10967,56,management,married,tertiary,no,-45,yes,no,unknown,30,may,116,6,-1,0,unknown,no
10968,54,technician,married,tertiary,no,6507,no,no,cellular,26,may,145,1,-1,0,unknown,no
10969,46,blue-collar,married,primary,no,1291,yes,no,cellular,14,may,142,3,259,17,failure,no
10970,35,management,married,tertiary,yes,-10,yes,no,cellular,15,may,168,2,364,1,other,no
10971,41,admin.,single,secondary,no,0,no,no,telephone,25,jul,286,2,-1,0,unknown,no
10972,36,blue-collar,married,primary,no,-20,yes,no,unknown,7,may,353,3,-1,0,unknown,no
10973,37,admin.,single,secondary,no,309,yes,no,cellular,15,may,58,3,-1,0,unknown,no
10974,28,technician,single,secondary,no,250,no,yes,cellular,29,jan,133,1,-1,0,unknown,no
10975,49,management,single,tertiary,no,370,no,no,cellular,19,aug,386,3,-1,0,unknown,no
10976,41,unemployed,married,primary,no,183,yes,no,cellular,29,jul,271,1,-1,0,unknown,no
10977,60,retired,married,secondary,no,8590,no,no,unknown,5,jun,85,1,-1,0,unknown,no
10978,30,technician,married,secondary,no,1011,yes,no,unknown,16,may,109,1,-1,0,unknown,no
10979,48,services,married,secondary,no,1355,no,no,cellular,12,aug,409,7,-1,0,unknown,no
10980,35,technician,single,secondary,no,1609,yes,no,unknown,30,may,288,3,-1,0,unknown,no
10981,28,blue-collar,single,secondary,no,75,no,no,unknown,1,jun,7,1,-1,0,unknown,no
10982,42,admin.,married,secondary,no,12,yes,no,cellular,16,apr,466,4,-1,0,unknown,no
10983,32,admin.,married,secondary,no,3540,yes,no,cellular,18,may,213,1,178,1,failure,no
10984,40,management,married,secondary,no,8486,no,no,unknown,6,may,260,3,-1,0,unknown,no
10985,53,management,married,tertiary,no,20772,no,no,cellular,4,feb,715,1,-1,0,unknown,no
10986,55,blue-collar,married,primary,no,3297,yes,yes,telephone,30,apr,96,1,-1,0,unknown,no
10987,41,management,married,tertiary,no,9,yes,no,cellular,22,jul,82,3,-1,0,unknown,no
10988,33,management,married,tertiary,no,-139,no,no,cellular,8,jul,290,1,-1,0,unknown,no
8824,35,management,married,tertiary,no,354,no,yes,cellular,9,feb,117,4,12,2,other,no
3509,33,services,married,secondary,no,386,no,no,cellular,12,may,317,1,181,5,success,yes
9554,NULL,admin.,married,secondary,no,1648,yes,no,cellular,19,nov,172,3,-1,0,unknown,no
10941,33,admin.,married,secondary,no,393,yes,no,unknown,28,may,383,1,-1,0,unknown,no
10046,22,admin.,single,secondary,no,-1,yes,no,unknown,9,may,136,1,-1,0,unknown,no
2970,29,admin.,single,secondary,no,265,yes,no,cellular,25,nov,414,1,184,1,failure,yes
7092,36,services,married,secondary,no,335,yes,no,unknown,9,may,339,2,-1,0,unknown,no
9495,55,blue-collar,divorced,primary,no,410,no,yes,cellular,11,jul,221,2,-1,0,unknown,no
445,34,entrepreneur,married,tertiary,no,146,yes,no,cellular,14,jul,788,2,-1,0,unknown,yes
5534,35,blue-collar,married,secondary,no,0,yes,no,cellular,9,jul,277,1,-1,0,unknown,no
